lr-AdamW,step,DeviceStatsMonitor.on_train_batch_start/active.all.allocated,DeviceStatsMonitor.on_train_batch_start/active.all.current,DeviceStatsMonitor.on_train_batch_start/active.all.freed,DeviceStatsMonitor.on_train_batch_start/active.all.peak,DeviceStatsMonitor.on_train_batch_start/active.large_pool.allocated,DeviceStatsMonitor.on_train_batch_start/active.large_pool.current,DeviceStatsMonitor.on_train_batch_start/active.large_pool.freed,DeviceStatsMonitor.on_train_batch_start/active.large_pool.peak,DeviceStatsMonitor.on_train_batch_start/active.small_pool.allocated,DeviceStatsMonitor.on_train_batch_start/active.small_pool.current,DeviceStatsMonitor.on_train_batch_start/active.small_pool.freed,DeviceStatsMonitor.on_train_batch_start/active.small_pool.peak,DeviceStatsMonitor.on_train_batch_start/active_bytes.all.allocated,DeviceStatsMonitor.on_train_batch_start/active_bytes.all.current,DeviceStatsMonitor.on_train_batch_start/active_bytes.all.freed,DeviceStatsMonitor.on_train_batch_start/active_bytes.all.peak,DeviceStatsMonitor.on_train_batch_start/active_bytes.large_pool.allocated,DeviceStatsMonitor.on_train_batch_start/active_bytes.large_pool.current,DeviceStatsMonitor.on_train_batch_start/active_bytes.large_pool.freed,DeviceStatsMonitor.on_train_batch_start/active_bytes.large_pool.peak,DeviceStatsMonitor.on_train_batch_start/active_bytes.small_pool.allocated,DeviceStatsMonitor.on_train_batch_start/active_bytes.small_pool.current,DeviceStatsMonitor.on_train_batch_start/active_bytes.small_pool.freed,DeviceStatsMonitor.on_train_batch_start/active_bytes.small_pool.peak,DeviceStatsMonitor.on_train_batch_start/allocated_bytes.all.allocated,DeviceStatsMonitor.on_train_batch_start/allocated_bytes.all.current,DeviceStatsMonitor.on_train_batch_start/allocated_bytes.all.freed,DeviceStatsMonitor.on_train_batch_start/allocated_bytes.all.peak,DeviceStatsMonitor.on_train_batch_start/allocated_bytes.large_pool.allocated,DeviceStatsMonitor.on_train_batch_start/allocated_bytes.large_pool.current,DeviceStatsMonitor.on_train_batch_start/allocated_bytes.large_pool.freed,DeviceStatsMonitor.on_train_batch_start/allocated_bytes.large_pool.peak,DeviceStatsMonitor.on_train_batch_start/allocated_bytes.small_pool.allocated,DeviceStatsMonitor.on_train_batch_start/allocated_bytes.small_pool.current,DeviceStatsMonitor.on_train_batch_start/allocated_bytes.small_pool.freed,DeviceStatsMonitor.on_train_batch_start/allocated_bytes.small_pool.peak,DeviceStatsMonitor.on_train_batch_start/allocation.all.allocated,DeviceStatsMonitor.on_train_batch_start/allocation.all.current,DeviceStatsMonitor.on_train_batch_start/allocation.all.freed,DeviceStatsMonitor.on_train_batch_start/allocation.all.peak,DeviceStatsMonitor.on_train_batch_start/allocation.large_pool.allocated,DeviceStatsMonitor.on_train_batch_start/allocation.large_pool.current,DeviceStatsMonitor.on_train_batch_start/allocation.large_pool.freed,DeviceStatsMonitor.on_train_batch_start/allocation.large_pool.peak,DeviceStatsMonitor.on_train_batch_start/allocation.small_pool.allocated,DeviceStatsMonitor.on_train_batch_start/allocation.small_pool.current,DeviceStatsMonitor.on_train_batch_start/allocation.small_pool.freed,DeviceStatsMonitor.on_train_batch_start/allocation.small_pool.peak,DeviceStatsMonitor.on_train_batch_start/inactive_split.all.allocated,DeviceStatsMonitor.on_train_batch_start/inactive_split.all.current,DeviceStatsMonitor.on_train_batch_start/inactive_split.all.freed,DeviceStatsMonitor.on_train_batch_start/inactive_split.all.peak,DeviceStatsMonitor.on_train_batch_start/inactive_split.large_pool.allocated,DeviceStatsMonitor.on_train_batch_start/inactive_split.large_pool.current,DeviceStatsMonitor.on_train_batch_start/inactive_split.large_pool.freed,DeviceStatsMonitor.on_train_batch_start/inactive_split.large_pool.peak,DeviceStatsMonitor.on_train_batch_start/inactive_split.small_pool.allocated,DeviceStatsMonitor.on_train_batch_start/inactive_split.small_pool.current,DeviceStatsMonitor.on_train_batch_start/inactive_split.small_pool.freed,DeviceStatsMonitor.on_train_batch_start/inactive_split.small_pool.peak,DeviceStatsMonitor.on_train_batch_start/inactive_split_bytes.all.allocated,DeviceStatsMonitor.on_train_batch_start/inactive_split_bytes.all.current,DeviceStatsMonitor.on_train_batch_start/inactive_split_bytes.all.freed,DeviceStatsMonitor.on_train_batch_start/inactive_split_bytes.all.peak,DeviceStatsMonitor.on_train_batch_start/inactive_split_bytes.large_pool.allocated,DeviceStatsMonitor.on_train_batch_start/inactive_split_bytes.large_pool.current,DeviceStatsMonitor.on_train_batch_start/inactive_split_bytes.large_pool.freed,DeviceStatsMonitor.on_train_batch_start/inactive_split_bytes.large_pool.peak,DeviceStatsMonitor.on_train_batch_start/inactive_split_bytes.small_pool.allocated,DeviceStatsMonitor.on_train_batch_start/inactive_split_bytes.small_pool.current,DeviceStatsMonitor.on_train_batch_start/inactive_split_bytes.small_pool.freed,DeviceStatsMonitor.on_train_batch_start/inactive_split_bytes.small_pool.peak,DeviceStatsMonitor.on_train_batch_start/max_split_size,DeviceStatsMonitor.on_train_batch_start/num_alloc_retries,DeviceStatsMonitor.on_train_batch_start/num_device_alloc,DeviceStatsMonitor.on_train_batch_start/num_device_free,DeviceStatsMonitor.on_train_batch_start/num_ooms,DeviceStatsMonitor.on_train_batch_start/num_sync_all_streams,DeviceStatsMonitor.on_train_batch_start/oversize_allocations.allocated,DeviceStatsMonitor.on_train_batch_start/oversize_allocations.current,DeviceStatsMonitor.on_train_batch_start/oversize_allocations.freed,DeviceStatsMonitor.on_train_batch_start/oversize_allocations.peak,DeviceStatsMonitor.on_train_batch_start/oversize_segments.allocated,DeviceStatsMonitor.on_train_batch_start/oversize_segments.current,DeviceStatsMonitor.on_train_batch_start/oversize_segments.freed,DeviceStatsMonitor.on_train_batch_start/oversize_segments.peak,DeviceStatsMonitor.on_train_batch_start/requested_bytes.all.allocated,DeviceStatsMonitor.on_train_batch_start/requested_bytes.all.current,DeviceStatsMonitor.on_train_batch_start/requested_bytes.all.freed,DeviceStatsMonitor.on_train_batch_start/requested_bytes.all.peak,DeviceStatsMonitor.on_train_batch_start/requested_bytes.large_pool.allocated,DeviceStatsMonitor.on_train_batch_start/requested_bytes.large_pool.current,DeviceStatsMonitor.on_train_batch_start/requested_bytes.large_pool.freed,DeviceStatsMonitor.on_train_batch_start/requested_bytes.large_pool.peak,DeviceStatsMonitor.on_train_batch_start/requested_bytes.small_pool.allocated,DeviceStatsMonitor.on_train_batch_start/requested_bytes.small_pool.current,DeviceStatsMonitor.on_train_batch_start/requested_bytes.small_pool.freed,DeviceStatsMonitor.on_train_batch_start/requested_bytes.small_pool.peak,DeviceStatsMonitor.on_train_batch_start/reserved_bytes.all.allocated,DeviceStatsMonitor.on_train_batch_start/reserved_bytes.all.current,DeviceStatsMonitor.on_train_batch_start/reserved_bytes.all.freed,DeviceStatsMonitor.on_train_batch_start/reserved_bytes.all.peak,DeviceStatsMonitor.on_train_batch_start/reserved_bytes.large_pool.allocated,DeviceStatsMonitor.on_train_batch_start/reserved_bytes.large_pool.current,DeviceStatsMonitor.on_train_batch_start/reserved_bytes.large_pool.freed,DeviceStatsMonitor.on_train_batch_start/reserved_bytes.large_pool.peak,DeviceStatsMonitor.on_train_batch_start/reserved_bytes.small_pool.allocated,DeviceStatsMonitor.on_train_batch_start/reserved_bytes.small_pool.current,DeviceStatsMonitor.on_train_batch_start/reserved_bytes.small_pool.freed,DeviceStatsMonitor.on_train_batch_start/reserved_bytes.small_pool.peak,DeviceStatsMonitor.on_train_batch_start/segment.all.allocated,DeviceStatsMonitor.on_train_batch_start/segment.all.current,DeviceStatsMonitor.on_train_batch_start/segment.all.freed,DeviceStatsMonitor.on_train_batch_start/segment.all.peak,DeviceStatsMonitor.on_train_batch_start/segment.large_pool.allocated,DeviceStatsMonitor.on_train_batch_start/segment.large_pool.current,DeviceStatsMonitor.on_train_batch_start/segment.large_pool.freed,DeviceStatsMonitor.on_train_batch_start/segment.large_pool.peak,DeviceStatsMonitor.on_train_batch_start/segment.small_pool.allocated,DeviceStatsMonitor.on_train_batch_start/segment.small_pool.current,DeviceStatsMonitor.on_train_batch_start/segment.small_pool.freed,DeviceStatsMonitor.on_train_batch_start/segment.small_pool.peak,DeviceStatsMonitor.on_train_batch_end/active.all.allocated,DeviceStatsMonitor.on_train_batch_end/active.all.current,DeviceStatsMonitor.on_train_batch_end/active.all.freed,DeviceStatsMonitor.on_train_batch_end/active.all.peak,DeviceStatsMonitor.on_train_batch_end/active.large_pool.allocated,DeviceStatsMonitor.on_train_batch_end/active.large_pool.current,DeviceStatsMonitor.on_train_batch_end/active.large_pool.freed,DeviceStatsMonitor.on_train_batch_end/active.large_pool.peak,DeviceStatsMonitor.on_train_batch_end/active.small_pool.allocated,DeviceStatsMonitor.on_train_batch_end/active.small_pool.current,DeviceStatsMonitor.on_train_batch_end/active.small_pool.freed,DeviceStatsMonitor.on_train_batch_end/active.small_pool.peak,DeviceStatsMonitor.on_train_batch_end/active_bytes.all.allocated,DeviceStatsMonitor.on_train_batch_end/active_bytes.all.current,DeviceStatsMonitor.on_train_batch_end/active_bytes.all.freed,DeviceStatsMonitor.on_train_batch_end/active_bytes.all.peak,DeviceStatsMonitor.on_train_batch_end/active_bytes.large_pool.allocated,DeviceStatsMonitor.on_train_batch_end/active_bytes.large_pool.current,DeviceStatsMonitor.on_train_batch_end/active_bytes.large_pool.freed,DeviceStatsMonitor.on_train_batch_end/active_bytes.large_pool.peak,DeviceStatsMonitor.on_train_batch_end/active_bytes.small_pool.allocated,DeviceStatsMonitor.on_train_batch_end/active_bytes.small_pool.current,DeviceStatsMonitor.on_train_batch_end/active_bytes.small_pool.freed,DeviceStatsMonitor.on_train_batch_end/active_bytes.small_pool.peak,DeviceStatsMonitor.on_train_batch_end/allocated_bytes.all.allocated,DeviceStatsMonitor.on_train_batch_end/allocated_bytes.all.current,DeviceStatsMonitor.on_train_batch_end/allocated_bytes.all.freed,DeviceStatsMonitor.on_train_batch_end/allocated_bytes.all.peak,DeviceStatsMonitor.on_train_batch_end/allocated_bytes.large_pool.allocated,DeviceStatsMonitor.on_train_batch_end/allocated_bytes.large_pool.current,DeviceStatsMonitor.on_train_batch_end/allocated_bytes.large_pool.freed,DeviceStatsMonitor.on_train_batch_end/allocated_bytes.large_pool.peak,DeviceStatsMonitor.on_train_batch_end/allocated_bytes.small_pool.allocated,DeviceStatsMonitor.on_train_batch_end/allocated_bytes.small_pool.current,DeviceStatsMonitor.on_train_batch_end/allocated_bytes.small_pool.freed,DeviceStatsMonitor.on_train_batch_end/allocated_bytes.small_pool.peak,DeviceStatsMonitor.on_train_batch_end/allocation.all.allocated,DeviceStatsMonitor.on_train_batch_end/allocation.all.current,DeviceStatsMonitor.on_train_batch_end/allocation.all.freed,DeviceStatsMonitor.on_train_batch_end/allocation.all.peak,DeviceStatsMonitor.on_train_batch_end/allocation.large_pool.allocated,DeviceStatsMonitor.on_train_batch_end/allocation.large_pool.current,DeviceStatsMonitor.on_train_batch_end/allocation.large_pool.freed,DeviceStatsMonitor.on_train_batch_end/allocation.large_pool.peak,DeviceStatsMonitor.on_train_batch_end/allocation.small_pool.allocated,DeviceStatsMonitor.on_train_batch_end/allocation.small_pool.current,DeviceStatsMonitor.on_train_batch_end/allocation.small_pool.freed,DeviceStatsMonitor.on_train_batch_end/allocation.small_pool.peak,DeviceStatsMonitor.on_train_batch_end/inactive_split.all.allocated,DeviceStatsMonitor.on_train_batch_end/inactive_split.all.current,DeviceStatsMonitor.on_train_batch_end/inactive_split.all.freed,DeviceStatsMonitor.on_train_batch_end/inactive_split.all.peak,DeviceStatsMonitor.on_train_batch_end/inactive_split.large_pool.allocated,DeviceStatsMonitor.on_train_batch_end/inactive_split.large_pool.current,DeviceStatsMonitor.on_train_batch_end/inactive_split.large_pool.freed,DeviceStatsMonitor.on_train_batch_end/inactive_split.large_pool.peak,DeviceStatsMonitor.on_train_batch_end/inactive_split.small_pool.allocated,DeviceStatsMonitor.on_train_batch_end/inactive_split.small_pool.current,DeviceStatsMonitor.on_train_batch_end/inactive_split.small_pool.freed,DeviceStatsMonitor.on_train_batch_end/inactive_split.small_pool.peak,DeviceStatsMonitor.on_train_batch_end/inactive_split_bytes.all.allocated,DeviceStatsMonitor.on_train_batch_end/inactive_split_bytes.all.current,DeviceStatsMonitor.on_train_batch_end/inactive_split_bytes.all.freed,DeviceStatsMonitor.on_train_batch_end/inactive_split_bytes.all.peak,DeviceStatsMonitor.on_train_batch_end/inactive_split_bytes.large_pool.allocated,DeviceStatsMonitor.on_train_batch_end/inactive_split_bytes.large_pool.current,DeviceStatsMonitor.on_train_batch_end/inactive_split_bytes.large_pool.freed,DeviceStatsMonitor.on_train_batch_end/inactive_split_bytes.large_pool.peak,DeviceStatsMonitor.on_train_batch_end/inactive_split_bytes.small_pool.allocated,DeviceStatsMonitor.on_train_batch_end/inactive_split_bytes.small_pool.current,DeviceStatsMonitor.on_train_batch_end/inactive_split_bytes.small_pool.freed,DeviceStatsMonitor.on_train_batch_end/inactive_split_bytes.small_pool.peak,DeviceStatsMonitor.on_train_batch_end/max_split_size,DeviceStatsMonitor.on_train_batch_end/num_alloc_retries,DeviceStatsMonitor.on_train_batch_end/num_device_alloc,DeviceStatsMonitor.on_train_batch_end/num_device_free,DeviceStatsMonitor.on_train_batch_end/num_ooms,DeviceStatsMonitor.on_train_batch_end/num_sync_all_streams,DeviceStatsMonitor.on_train_batch_end/oversize_allocations.allocated,DeviceStatsMonitor.on_train_batch_end/oversize_allocations.current,DeviceStatsMonitor.on_train_batch_end/oversize_allocations.freed,DeviceStatsMonitor.on_train_batch_end/oversize_allocations.peak,DeviceStatsMonitor.on_train_batch_end/oversize_segments.allocated,DeviceStatsMonitor.on_train_batch_end/oversize_segments.current,DeviceStatsMonitor.on_train_batch_end/oversize_segments.freed,DeviceStatsMonitor.on_train_batch_end/oversize_segments.peak,DeviceStatsMonitor.on_train_batch_end/requested_bytes.all.allocated,DeviceStatsMonitor.on_train_batch_end/requested_bytes.all.current,DeviceStatsMonitor.on_train_batch_end/requested_bytes.all.freed,DeviceStatsMonitor.on_train_batch_end/requested_bytes.all.peak,DeviceStatsMonitor.on_train_batch_end/requested_bytes.large_pool.allocated,DeviceStatsMonitor.on_train_batch_end/requested_bytes.large_pool.current,DeviceStatsMonitor.on_train_batch_end/requested_bytes.large_pool.freed,DeviceStatsMonitor.on_train_batch_end/requested_bytes.large_pool.peak,DeviceStatsMonitor.on_train_batch_end/requested_bytes.small_pool.allocated,DeviceStatsMonitor.on_train_batch_end/requested_bytes.small_pool.current,DeviceStatsMonitor.on_train_batch_end/requested_bytes.small_pool.freed,DeviceStatsMonitor.on_train_batch_end/requested_bytes.small_pool.peak,DeviceStatsMonitor.on_train_batch_end/reserved_bytes.all.allocated,DeviceStatsMonitor.on_train_batch_end/reserved_bytes.all.current,DeviceStatsMonitor.on_train_batch_end/reserved_bytes.all.freed,DeviceStatsMonitor.on_train_batch_end/reserved_bytes.all.peak,DeviceStatsMonitor.on_train_batch_end/reserved_bytes.large_pool.allocated,DeviceStatsMonitor.on_train_batch_end/reserved_bytes.large_pool.current,DeviceStatsMonitor.on_train_batch_end/reserved_bytes.large_pool.freed,DeviceStatsMonitor.on_train_batch_end/reserved_bytes.large_pool.peak,DeviceStatsMonitor.on_train_batch_end/reserved_bytes.small_pool.allocated,DeviceStatsMonitor.on_train_batch_end/reserved_bytes.small_pool.current,DeviceStatsMonitor.on_train_batch_end/reserved_bytes.small_pool.freed,DeviceStatsMonitor.on_train_batch_end/reserved_bytes.small_pool.peak,DeviceStatsMonitor.on_train_batch_end/segment.all.allocated,DeviceStatsMonitor.on_train_batch_end/segment.all.current,DeviceStatsMonitor.on_train_batch_end/segment.all.freed,DeviceStatsMonitor.on_train_batch_end/segment.all.peak,DeviceStatsMonitor.on_train_batch_end/segment.large_pool.allocated,DeviceStatsMonitor.on_train_batch_end/segment.large_pool.current,DeviceStatsMonitor.on_train_batch_end/segment.large_pool.freed,DeviceStatsMonitor.on_train_batch_end/segment.large_pool.peak,DeviceStatsMonitor.on_train_batch_end/segment.small_pool.allocated,DeviceStatsMonitor.on_train_batch_end/segment.small_pool.current,DeviceStatsMonitor.on_train_batch_end/segment.small_pool.freed,DeviceStatsMonitor.on_train_batch_end/segment.small_pool.peak,label_loss,rationale_loss,loss,epoch,train_label_accuracy,train_abstract_label_only_precision,train_abstract_label_only_recall,train_abstract_label_only_f1,train_abstract_rationalized_precision,train_abstract_rationalized_recall,train_abstract_rationalized_f1,train_sentence_nei_precision,train_sentence_nei_recall,train_sentence_nei_f1,train_sentence_selection_precision,train_sentence_selection_recall,train_sentence_selection_f1,train_sentence_label_precision,train_sentence_label_recall,train_sentence_label_f1,valid_label_accuracy,valid_abstract_label_only_precision,valid_abstract_label_only_recall,valid_abstract_label_only_f1,valid_abstract_rationalized_precision,valid_abstract_rationalized_recall,valid_abstract_rationalized_f1,valid_sentence_nei_precision,valid_sentence_nei_recall,valid_sentence_nei_f1,valid_sentence_selection_precision,valid_sentence_selection_recall,valid_sentence_selection_f1,valid_sentence_label_precision,valid_sentence_label_recall,valid_sentence_label_f1
1.3165491775763678e-06,1349,,,,,,,,,,,,,,,,,,,,,,,,,,,,,,,,,,,,,,,,,,,,,,,,,,,,,,,,,,,,,,,,,,,,,,,,,,,,,,,,,,,,,,,,,,,,,,,,,,,,,,,,,,,,,,,,,,,,,,,,,,,,,,,,,,,,,,,,,,,,,,,,,,,,,,,,,,,,,,,,,,,,,,,,,,,,,,,,,,,,,,,,,,,,,,,,,,,,,,,,,,,,,,,,,,,,,,,,,,,,,,,,,,,,,,,,,,,,,,,,,,,,,,,,,,,,,,,,,,,,,,,,,,,,,,,,,,,,,,,,
,1349,2507791,2429,2505362,2967,879975,886,879089,1137,1627816,1543,1626273,1837,6194335344128,7028617728,6187306726400,8134971904,5657887040512,7022018560,5650865021952,8127705088,536448303616,6599168,536441704448,24903168,6194335344128,7028617728,6187306726400,8134971904,5657887040512,7022018560,5650865021952,8127705088,536448303616,6599168,536441704448,24903168,2507791,2429,2505362,2967,879975,886,879089,1137,1627816,1543,1626273,1837,1538715,108,1538607,230,519181,70,519111,133,1019534,38,1019496,106,6395299985920,179293696,6395120692224,1193872384,5849656056832,175407104,5849480649728,1187483648,545643929088,3886592,545640042496,14887936,-1,0,355,0,0,3,0,0,0,0,0,0,0,0,6133847275989,7021261116,6126826014873,8056283808,5597576220672,7014793216,5590561427456,8049150976,536271055317,6467900,536264587417,24767248,8292139008,8292139008,0,8292139008,8262778880,8262778880,0,8262778880,29360128,29360128,0,29360128,355,355,0,355,341,341,0,341,14,14,0,14,,,,,,,,,,,,,,,,,,,,,,,,,,,,,,,,,,,,,,,,,,,,,,,,,,,,,,,,,,,,,,,,,,,,,,,,,,,,,,,,,,,,,,,,,,,,,,,,,,,,,,,,,,,,,,,,,,,,,,,,,,,,,,,,,,,,,,,,,,,,,,,,,,,,,,,,,,,,,,
,1349,,,,,,,,,,,,,,,,,,,,,,,,,,,,,,,,,,,,,,,,,,,,,,,,,,,,,,,,,,,,,,,,,,,,,,,,,,,,,,,,,,,,,,,,,,,,,,,,,,,,,,,,,,,,,,,,,,,,,,,,,,,2520153,2433,2517720,2967,884058,886,883172,1137,1636095,1547,1634548,1837,6222065710592,7034599936,6215031110656,8134971904,5682546873344,7027998720,5675518874624,8127705088,539518837248,6601216,539512236032,24903168,6222065710592,7034599936,6215031110656,8134971904,5682546873344,7027998720,5675518874624,8127705088,539518837248,6601216,539512236032,24903168,2520153,2433,2517720,2967,884058,886,883172,1137,1636095,1547,1634548,1837,1546774,114,1546660,230,521509,68,521441,133,1025265,46,1025219,106,6423152798208,213157376,6422939640832,1193872384,5874393394176,205078528,5874188315648,1187483648,548759404032,8078848,548751325184,14887936,-1,0,355,0,0,3,0,0,0,0,0,0,0,0,6161278622742,7021261084,6154257361658,8056283808,5621937799936,7014793216,5614923006720,8049150976,539340822806,6467868,539334354938,24767248,8292139008,8292139008,0,8292139008,8262778880,8262778880,0,8262778880,29360128,29360128,0,29360128,355,355,0,355,341,341,0,341,14,14,0,14,,,,,,,,,,,,,,,,,,,,,,,,,,,,,,,,,,,,
1.3165491775763678e-06,1349,,,,,,,,,,,,,,,,,,,,,,,,,,,,,,,,,,,,,,,,,,,,,,,,,,,,,,,,,,,,,,,,,,,,,,,,,,,,,,,,,,,,,,,,,,,,,,,,,,,,,,,,,,,,,,,,,,,,,,,,,,,,,,,,,,,,,,,,,,,,,,,,,,,,,,,,,,,,,,,,,,,,,,,,,,,,,,,,,,,,,,,,,,,,,,,,,,,,,,,,,,,,,,,,,,,,,,,,,,,,,,,,,,,,,,,,,,,,,,,,,,,,,,,,,,,,,,,,,,,,,,,,,,,,,,,,,,,,,,,,
,1349,2520166,2429,2517737,2967,884058,886,883172,1137,1636108,1543,1634565,1837,6222065729536,7034600960,6215031128576,8134971904,5682546873344,7027998720,5675518874624,8127705088,539518856192,6602240,539512253952,24903168,6222065729536,7034600960,6215031128576,8134971904,5682546873344,7027998720,5675518874624,8127705088,539518856192,6602240,539512253952,24903168,2520166,2429,2517737,2967,884058,886,883172,1137,1636108,1543,1634565,1837,1546784,112,1546672,230,521509,68,521441,133,1025275,44,1025231,106,6423152816128,213156352,6422939659776,1193872384,5874393394176,205078528,5874188315648,1187483648,548759421952,8077824,548751344128,14887936,-1,0,355,0,0,3,0,0,0,0,0,0,0,0,6161278636154,7021263660,6154257372494,8056283808,5621937799936,7014793216,5614923006720,8049150976,539340836218,6470444,539334365774,24767248,8292139008,8292139008,0,8292139008,8262778880,8262778880,0,8262778880,29360128,29360128,0,29360128,355,355,0,355,341,341,0,341,14,14,0,14,,,,,,,,,,,,,,,,,,,,,,,,,,,,,,,,,,,,,,,,,,,,,,,,,,,,,,,,,,,,,,,,,,,,,,,,,,,,,,,,,,,,,,,,,,,,,,,,,,,,,,,,,,,,,,,,,,,,,,,,,,,,,,,,,,,,,,,,,,,,,,,,,,,,,,,,,,,,,,
,1349,,,,,,,,,,,,,,,,,,,,,,,,,,,,,,,,,,,,,,,,,,,,,,,,,,,,,,,,,,,,,,,,,,,,,,,,,,,,,,,,,,,,,,,,,,,,,,,,,,,,,,,,,,,,,,,,,,,,,,,,,,,2533089,2433,2530656,2967,890997,886,890111,1137,1642092,1547,1640545,1837,6279566279680,7034603008,6272531676672,8134971904,5739187905536,7027998720,5732159906816,8127705088,540378374144,6604288,540371769856,24903168,6279566279680,7034603008,6272531676672,8134971904,5739187905536,7027998720,5732159906816,8127705088,540378374144,6604288,540371769856,24903168,2533089,2433,2530656,2967,890997,886,890111,1137,1642092,1547,1640545,1837,1554778,122,1554656,230,526133,68,526065,133,1028645,54,1028591,106,6478120553472,213154304,6477907399168,1193872384,5928501615616,205078528,5928296537088,1187483648,549618937856,8075776,549610862080,14887936,-1,0,355,0,0,3,0,0,0,0,0,0,0,0,6218170164011,7021263664,6211148900347,8056283808,5677970765312,7014793216,5670955972096,8049150976,540199398699,6470448,540192928251,24767248,8292139008,8292139008,0,8292139008,8262778880,8262778880,0,8262778880,29360128,29360128,0,29360128,355,355,0,355,341,341,0,341,14,14,0,14,,,,,,,,,,,,,,,,,,,,,,,,,,,,,,,,,,,,
1.3165491775763678e-06,1349,,,,,,,,,,,,,,,,,,,,,,,,,,,,,,,,,,,,,,,,,,,,,,,,,,,,,,,,,,,,,,,,,,,,,,,,,,,,,,,,,,,,,,,,,,,,,,,,,,,,,,,,,,,,,,,,,,,,,,,,,,,,,,,,,,,,,,,,,,,,,,,,,,,,,,,,,,,,,,,,,,,,,,,,,,,,,,,,,,,,,,,,,,,,,,,,,,,,,,,,,,,,,,,,,,,,,,,,,,,,,,,,,,,,,,,,,,,,,,,,,,,,,,,,,,,,,,,,,,,,,,,,,,,,,,,,,,,,,,,,
,1349,2533102,2429,2530673,2967,890997,886,890111,1137,1642105,1543,1640562,1837,6279566292480,7034594816,6272531697664,8134971904,5739187905536,7027998720,5732159906816,8127705088,540378386944,6596096,540371790848,24903168,6279566292480,7034594816,6272531697664,8134971904,5739187905536,7027998720,5732159906816,8127705088,540378386944,6596096,540371790848,24903168,2533102,2429,2530673,2967,890997,886,890111,1137,1642105,1543,1640562,1837,1554789,118,1554671,230,526133,68,526065,133,1028656,50,1028606,106,6478120574464,213162496,6477907411968,1193872384,5928501615616,205078528,5928296537088,1187483648,549618958848,8083968,549610874880,14887936,-1,0,355,0,0,3,0,0,0,0,0,0,0,0,6218170170823,7021257048,6211148913775,8056283808,5677970765312,7014793216,5670955972096,8049150976,540199405511,6463832,540192941679,24767248,8292139008,8292139008,0,8292139008,8262778880,8262778880,0,8262778880,29360128,29360128,0,29360128,355,355,0,355,341,341,0,341,14,14,0,14,,,,,,,,,,,,,,,,,,,,,,,,,,,,,,,,,,,,,,,,,,,,,,,,,,,,,,,,,,,,,,,,,,,,,,,,,,,,,,,,,,,,,,,,,,,,,,,,,,,,,,,,,,,,,,,,,,,,,,,,,,,,,,,,,,,,,,,,,,,,,,,,,,,,,,,,,,,,,,
,1349,,,,,,,,,,,,,,,,,,,,,,,,,,,,,,,,,,,,,,,,,,,,,,,,,,,,,,,,,,,,,,,,,,,,,,,,,,,,,,,,,,,,,,,,,,,,,,,,,,,,,,,,,,,,,,,,,,,,,,,,,,,2545424,2433,2542991,2967,895080,886,894194,1137,1650344,1547,1648797,1837,6306826065408,7034596864,6299791468544,8134971904,5763564868608,7027998720,5756536869888,8127705088,543261196800,6598144,543254598656,24903168,6306826065408,7034596864,6299791468544,8134971904,5763564868608,7027998720,5756536869888,8127705088,543261196800,6598144,543254598656,24903168,2545424,2433,2542991,2967,895080,886,894194,1137,1650344,1547,1648797,1837,1561803,118,1561685,230,528057,68,527989,133,1033746,50,1033696,106,6506075788800,213160448,6505862628352,1193872384,5953529064448,205078528,5953323985920,1187483648,552546724352,8081920,552538642432,14887936,-1,0,355,0,0,3,0,0,0,0,0,0,0,0,6245215761206,7021257124,6238194504082,8056283808,5702134405376,7014793216,5695119612160,8049150976,543081355830,6463908,543074891922,24767248,8292139008,8292139008,0,8292139008,8262778880,8262778880,0,8262778880,29360128,29360128,0,29360128,355,355,0,355,341,341,0,341,14,14,0,14,,,,,,,,,,,,,,,,,,,,,,,,,,,,,,,,,,,,
1.3165491775763678e-06,1349,,,,,,,,,,,,,,,,,,,,,,,,,,,,,,,,,,,,,,,,,,,,,,,,,,,,,,,,,,,,,,,,,,,,,,,,,,,,,,,,,,,,,,,,,,,,,,,,,,,,,,,,,,,,,,,,,,,,,,,,,,,,,,,,,,,,,,,,,,,,,,,,,,,,,,,,,,,,,,,,,,,,,,,,,,,,,,,,,,,,,,,,,,,,,,,,,,,,,,,,,,,,,,,,,,,,,,,,,,,,,,,,,,,,,,,,,,,,,,,,,,,,,,,,,,,,,,,,,,,,,,,,,,,,,,,,,,,,,,,,
,1349,2545437,2429,2543008,2967,895080,886,894194,1137,1650357,1543,1648814,1837,6306826081280,7034597888,6299791483392,8134971904,5763564868608,7027998720,5756536869888,8127705088,543261212672,6599168,543254613504,24903168,6306826081280,7034597888,6299791483392,8134971904,5763564868608,7027998720,5756536869888,8127705088,543261212672,6599168,543254613504,24903168,2545437,2429,2543008,2967,895080,886,894194,1137,1650357,1543,1648814,1837,1561815,114,1561701,230,528057,68,527989,133,1033758,46,1033712,106,6506075803648,213159424,6505862644224,1193872384,5953529064448,205078528,5953323985920,1187483648,552546739200,8080896,552538658304,14887936,-1,0,355,0,0,3,0,0,0,0,0,0,0,0,6245215771210,7021260300,6238194510910,8056283808,5702134405376,7014793216,5695119612160,8049150976,543081365834,6467084,543074898750,24767248,8292139008,8292139008,0,8292139008,8262778880,8262778880,0,8262778880,29360128,29360128,0,29360128,355,355,0,355,341,341,0,341,14,14,0,14,,,,,,,,,,,,,,,,,,,,,,,,,,,,,,,,,,,,,,,,,,,,,,,,,,,,,,,,,,,,,,,,,,,,,,,,,,,,,,,,,,,,,,,,,,,,,,,,,,,,,,,,,,,,,,,,,,,,,,,,,,,,,,,,,,,,,,,,,,,,,,,,,,,,,,,,,,,,,,
,1349,,,,,,,,,,,,,,,,,,,,,,,,,,,,,,,,,,,,,,,,,,,,,,,,,,,,,,,,,,,,,,,,,,,,,,,,,,,,,,,,,,,,,,,,,,,,,,,,,,,,,,,,,,,,,,,,,,,,,,,,,,,2557808,2433,2555375,2967,899067,886,898181,1137,1658741,1547,1657194,1837,6333868146176,7034599936,6326833546240,8134971904,5787735544832,7027998720,5780707546112,8127705088,546132601344,6601216,546126000128,24903168,6333868146176,7034599936,6326833546240,8134971904,5787735544832,7027998720,5780707546112,8127705088,546132601344,6601216,546126000128,24903168,2557808,2433,2555375,2967,899067,886,898181,1137,1658741,1547,1657194,1837,1568934,119,1568815,230,529883,68,529815,133,1039051,51,1039000,106,6533783671296,213157376,6533570513920,1193872384,5978323078144,205078528,5978117999616,1187483648,555460593152,8078848,555452514304,14887936,-1,0,355,0,0,3,0,0,0,0,0,0,0,0,6272060619087,7021260256,6265039358831,8056283808,5726108756992,7014793216,5719093963776,8049150976,545951862095,6467040,545945395055,24767248,8292139008,8292139008,0,8292139008,8262778880,8262778880,0,8262778880,29360128,29360128,0,29360128,355,355,0,355,341,341,0,341,14,14,0,14,,,,,,,,,,,,,,,,,,,,,,,,,,,,,,,,,,,,
1.3165491775763678e-06,1349,,,,,,,,,,,,,,,,,,,,,,,,,,,,,,,,,,,,,,,,,,,,,,,,,,,,,,,,,,,,,,,,,,,,,,,,,,,,,,,,,,,,,,,,,,,,,,,,,,,,,,,,,,,,,,,,,,,,,,,,,,,,,,,,,,,,,,,,,,,,,,,,,,,,,,,,,,,,,,,,,,,,,,,,,,,,,,,,,,,,,,,,,,,,,,,,,,,,,,,,,,,,,,,,,,,,,,,,,,,,,,,,,,,,,,,,,,,,,,,,,,,,,,,,,,,,,,,,,,,,,,,,,,,,,,,,,,,,,,,,
,1349,2557821,2429,2555392,2967,899067,886,898181,1137,1658754,1543,1657211,1837,6333868158976,7034594816,6326833564160,8134971904,5787735544832,7027998720,5780707546112,8127705088,546132614144,6596096,546126018048,24903168,6333868158976,7034594816,6326833564160,8134971904,5787735544832,7027998720,5780707546112,8127705088,546132614144,6596096,546126018048,24903168,2557821,2429,2555392,2967,899067,886,898181,1137,1658754,1543,1657211,1837,1568946,117,1568829,230,529883,68,529815,133,1039063,49,1039014,106,6533783689216,213162496,6533570526720,1193872384,5978323078144,205078528,5978117999616,1187483648,555460611072,8083968,555452527104,14887936,-1,0,355,0,0,3,0,0,0,0,0,0,0,0,6272060626043,7021257192,6265039368851,8056283808,5726108756992,7014793216,5719093963776,8049150976,545951869051,6463976,545945405075,24767248,8292139008,8292139008,0,8292139008,8262778880,8262778880,0,8262778880,29360128,29360128,0,29360128,355,355,0,355,341,341,0,341,14,14,0,14,,,,,,,,,,,,,,,,,,,,,,,,,,,,,,,,,,,,,,,,,,,,,,,,,,,,,,,,,,,,,,,,,,,,,,,,,,,,,,,,,,,,,,,,,,,,,,,,,,,,,,,,,,,,,,,,,,,,,,,,,,,,,,,,,,,,,,,,,,,,,,,,,,,,,,,,,,,,,,
,1349,,,,,,,,,,,,,,,,,,,,,,,,,,,,,,,,,,,,,,,,,,,,,,,,,,,,,,,,,,,,,,,,,,,,,,,,,,,,,,,,,,,,,,,,,,,,,,,,,,,,,,,,,,,,,,,,,,,,,,,,,,,2570192,2433,2567759,2967,903150,886,902264,1137,1667042,1547,1665495,1837,6361208617472,7034596864,6354174020608,8134971904,5812143178752,7027998720,5805115180032,8127705088,549065438720,6598144,549058840576,24903168,6361208617472,7034596864,6354174020608,8134971904,5812143178752,7027998720,5805115180032,8127705088,549065438720,6598144,549058840576,24903168,2570192,2433,2567759,2967,903150,886,902264,1137,1667042,1547,1665495,1837,1576153,118,1576035,230,531807,68,531739,133,1044346,50,1044296,106,6561806891520,213160448,6561593731072,1193872384,6003371629568,205078528,6003166551040,1187483648,558435261952,8081920,558427180032,14887936,-1,0,355,0,0,3,0,0,0,0,0,0,0,0,6299208243935,7021257208,6292186986727,8056283808,5750324403968,7014793216,5743309610752,8049150976,548883839967,6463992,548877375975,24767248,8292139008,8292139008,0,8292139008,8262778880,8262778880,0,8262778880,29360128,29360128,0,29360128,355,355,0,355,341,341,0,341,14,14,0,14,,,,,,,,,,,,,,,,,,,,,,,,,,,,,,,,,,,,
1.3165491775763678e-06,1349,,,,,,,,,,,,,,,,,,,,,,,,,,,,,,,,,,,,,,,,,,,,,,,,,,,,,,,,,,,,,,,,,,,,,,,,,,,,,,,,,,,,,,,,,,,,,,,,,,,,,,,,,,,,,,,,,,,,,,,,,,,,,,,,,,,,,,,,,,,,,,,,,,,,,,,,,,,,,,,,,,,,,,,,,,,,,,,,,,,,,,,,,,,,,,,,,,,,,,,,,,,,,,,,,,,,,,,,,,,,,,,,,,,,,,,,,,,,,,,,,,,,,,,,,,,,,,,,,,,,,,,,,,,,,,,,,,,,,,,,
,1349,2570205,2429,2567776,2967,903150,886,902264,1137,1667055,1543,1665512,1837,6361208633344,7034597888,6354174035456,8134971904,5812143178752,7027998720,5805115180032,8127705088,549065454592,6599168,549058855424,24903168,6361208633344,7034597888,6354174035456,8134971904,5812143178752,7027998720,5805115180032,8127705088,549065454592,6599168,549058855424,24903168,2570205,2429,2567776,2967,903150,886,902264,1137,1667055,1543,1665512,1837,1576165,117,1576048,230,531807,68,531739,133,1044358,49,1044309,106,6561806906368,213159424,6561593746944,1193872384,6003371629568,205078528,6003166551040,1187483648,558435276800,8080896,558427195904,14887936,-1,0,355,0,0,3,0,0,0,0,0,0,0,0,6299208254587,7021260888,6292186993699,8056283808,5750324403968,7014793216,5743309610752,8049150976,548883850619,6467672,548877382947,24767248,8292139008,8292139008,0,8292139008,8262778880,8262778880,0,8262778880,29360128,29360128,0,29360128,355,355,0,355,341,341,0,341,14,14,0,14,,,,,,,,,,,,,,,,,,,,,,,,,,,,,,,,,,,,,,,,,,,,,,,,,,,,,,,,,,,,,,,,,,,,,,,,,,,,,,,,,,,,,,,,,,,,,,,,,,,,,,,,,,,,,,,,,,,,,,,,,,,,,,,,,,,,,,,,,,,,,,,,,,,,,,,,,,,,,,
,1349,,,,,,,,,,,,,,,,,,,,,,,,,,,,,,,,,,,,,,,,,,,,,,,,,,,,,,,,,,,,,,,,,,,,,,,,,,,,,,,,,,,,,,,,,,,,,,,,,,,,,,,,,,,,,,,,,,,,,,,,,,,2582575,2433,2580142,2967,907137,886,906251,1137,1675438,1547,1673891,1837,6388325766144,7034599936,6381291166208,8134971904,5836342047744,7027998720,5829314049024,8127705088,551983718400,6601216,551977117184,24903168,6388325766144,7034599936,6381291166208,8134971904,5836342047744,7027998720,5829314049024,8127705088,551983718400,6601216,551977117184,24903168,2582575,2433,2580142,2967,907137,886,906251,1137,1675438,1547,1673891,1837,1582929,125,1582804,230,533642,68,533574,133,1049287,57,1049230,106,6589544278016,213157376,6589331120640,1193872384,6028188380160,205078528,6027983301632,1187483648,561355897856,8078848,561347819008,14887936,-1,0,355,0,0,3,0,0,0,0,0,0,0,0,6326130065659,7021260904,6319108804755,8056283808,5774328820224,7014793216,5767314027008,8049150976,551801245435,6467688,551794777747,24767248,8292139008,8292139008,0,8292139008,8262778880,8262778880,0,8262778880,29360128,29360128,0,29360128,355,355,0,355,341,341,0,341,14,14,0,14,,,,,,,,,,,,,,,,,,,,,,,,,,,,,,,,,,,,
1.3165491775763678e-06,1349,,,,,,,,,,,,,,,,,,,,,,,,,,,,,,,,,,,,,,,,,,,,,,,,,,,,,,,,,,,,,,,,,,,,,,,,,,,,,,,,,,,,,,,,,,,,,,,,,,,,,,,,,,,,,,,,,,,,,,,,,,,,,,,,,,,,,,,,,,,,,,,,,,,,,,,,,,,,,,,,,,,,,,,,,,,,,,,,,,,,,,,,,,,,,,,,,,,,,,,,,,,,,,,,,,,,,,,,,,,,,,,,,,,,,,,,,,,,,,,,,,,,,,,,,,,,,,,,,,,,,,,,,,,,,,,,,,,,,,,,
,1349,2582588,2429,2580159,2967,907137,886,906251,1137,1675451,1543,1673908,1837,6388325777408,7034593280,6381291184128,8134971904,5836342047744,7027998720,5829314049024,8127705088,551983729664,6594560,551977135104,24903168,6388325777408,7034593280,6381291184128,8134971904,5836342047744,7027998720,5829314049024,8127705088,551983729664,6594560,551977135104,24903168,2582588,2429,2580159,2967,907137,886,906251,1137,1675451,1543,1673908,1837,1582939,119,1582820,230,533642,68,533574,133,1049297,51,1049246,106,6589544295936,213164032,6589331131904,1193872384,6028188380160,205078528,6027983301632,1187483648,561355915776,8085504,561347830272,14887936,-1,0,355,0,0,3,0,0,0,0,0,0,0,0,6326130071463,7021256040,6319108815423,8056283808,5774328820224,7014793216,5767314027008,8049150976,551801251239,6462824,551794788415,24767248,8292139008,8292139008,0,8292139008,8262778880,8262778880,0,8262778880,29360128,29360128,0,29360128,355,355,0,355,341,341,0,341,14,14,0,14,,,,,,,,,,,,,,,,,,,,,,,,,,,,,,,,,,,,,,,,,,,,,,,,,,,,,,,,,,,,,,,,,,,,,,,,,,,,,,,,,,,,,,,,,,,,,,,,,,,,,,,,,,,,,,,,,,,,,,,,,,,,,,,,,,,,,,,,,,,,,,,,,,,,,,,,,,,,,,
,1349,,,,,,,,,,,,,,,,,,,,,,,,,,,,,,,,,,,,,,,,,,,,,,,,,,,,,,,,,,,,,,,,,,,,,,,,,,,,,,,,,,,,,,,,,,,,,,,,,,,,,,,,,,,,,,,,,,,,,,,,,,,2594910,2433,2592477,2967,911119,886,910233,1137,1683791,1547,1682244,1837,6415320627712,7034595328,6408286032384,8134971904,5860492403712,7027998720,5853464404992,8127705088,554828224000,6596608,554821627392,24903168,6415320627712,7034595328,6408286032384,8134971904,5860492403712,7027998720,5853464404992,8127705088,554828224000,6596608,554821627392,24903168,2594910,2433,2592477,2967,911119,886,910233,1137,1683791,1547,1682244,1837,1589684,118,1589566,230,535463,68,535395,133,1054221,50,1054171,106,6617203081216,213161984,6616989919232,1193872384,6052965710848,205078528,6052760632320,1187483648,564237370368,8083456,564229286912,14887936,-1,0,355,0,0,3,0,0,0,0,0,0,0,0,6352920099079,7021256116,6345898842963,8056283808,5798275237120,7014793216,5791260443904,8049150976,554644861959,6462900,554638399059,24767248,8292139008,8292139008,0,8292139008,8262778880,8262778880,0,8262778880,29360128,29360128,0,29360128,355,355,0,355,341,341,0,341,14,14,0,14,,,,,,,,,,,,,,,,,,,,,,,,,,,,,,,,,,,,
1.3165491775763678e-06,1349,,,,,,,,,,,,,,,,,,,,,,,,,,,,,,,,,,,,,,,,,,,,,,,,,,,,,,,,,,,,,,,,,,,,,,,,,,,,,,,,,,,,,,,,,,,,,,,,,,,,,,,,,,,,,,,,,,,,,,,,,,,,,,,,,,,,,,,,,,,,,,,,,,,,,,,,,,,,,,,,,,,,,,,,,,,,,,,,,,,,,,,,,,,,,,,,,,,,,,,,,,,,,,,,,,,,,,,,,,,,,,,,,,,,,,,,,,,,,,,,,,,,,,,,,,,,,,,,,,,,,,,,,,,,,,,,,,,,,,,,
,1349,2594923,2429,2592494,2967,911119,886,910233,1137,1683804,1543,1682261,1837,6415320648192,7034602496,6408286045696,8134971904,5860492403712,7027998720,5853464404992,8127705088,554828244480,6603776,554821640704,24903168,6415320648192,7034602496,6408286045696,8134971904,5860492403712,7027998720,5853464404992,8127705088,554828244480,6603776,554821640704,24903168,2594923,2429,2592494,2967,911119,886,910233,1137,1683804,1543,1682261,1837,1589694,116,1589578,230,535463,68,535395,133,1054231,48,1054183,106,6617203094528,213154816,6616989939712,1193872384,6052965710848,205078528,6052760632320,1187483648,564237383680,8076288,564229307392,14887936,-1,0,355,0,0,3,0,0,0,0,0,0,0,0,6352920114579,7021265796,6345898848783,8056283808,5798275237120,7014793216,5791260443904,8049150976,554644877459,6472580,554638404879,24767248,8292139008,8292139008,0,8292139008,8262778880,8262778880,0,8262778880,29360128,29360128,0,29360128,355,355,0,355,341,341,0,341,14,14,0,14,,,,,,,,,,,,,,,,,,,,,,,,,,,,,,,,,,,,,,,,,,,,,,,,,,,,,,,,,,,,,,,,,,,,,,,,,,,,,,,,,,,,,,,,,,,,,,,,,,,,,,,,,,,,,,,,,,,,,,,,,,,,,,,,,,,,,,,,,,,,,,,,,,,,,,,,,,,,,,
,1349,,,,,,,,,,,,,,,,,,,,,,,,,,,,,,,,,,,,,,,,,,,,,,,,,,,,,,,,,,,,,,,,,,,,,,,,,,,,,,,,,,,,,,,,,,,,,,,,,,,,,,,,,,,,,,,,,,,,,,,,,,,2608391,2433,2605958,2967,918231,886,917345,1137,1690160,1547,1688613,1837,6472115791872,7034604544,6465081187328,8134971904,5916496573440,7027998720,5909468574720,8127705088,555619218432,6605824,555612612608,24903168,6472115791872,7034604544,6465081187328,8134971904,5916496573440,7027998720,5909468574720,8127705088,555619218432,6605824,555612612608,24903168,2608391,2433,2605958,2967,918231,886,917345,1137,1690160,1547,1688613,1837,1598348,116,1598232,230,540250,68,540182,133,1058098,48,1058050,106,6673105635840,213152768,6672892483072,1193872384,6108077280256,205078528,6107872201728,1187483648,565028355584,8074240,565020281344,14887936,-1,0,355,0,0,3,0,0,0,0,0,0,0,0,6409277313982,7021265752,6402256048230,8056283808,5853842348032,7014793216,5846827554816,8049150976,555434965950,6472536,555428493414,24767248,8292139008,8292139008,0,8292139008,8262778880,8262778880,0,8262778880,29360128,29360128,0,29360128,355,355,0,355,341,341,0,341,14,14,0,14,,,,,,,,,,,,,,,,,,,,,,,,,,,,,,,,,,,,
,1349,,,,,,,,,,,,,,,,,,,,,,,,,,,,,,,,,,,,,,,,,,,,,,,,,,,,,,,,,,,,,,,,,,,,,,,,,,,,,,,,,,,,,,,,,,,,,,,,,,,,,,,,,,,,,,,,,,,,,,,,,,,,,,,,,,,,,,,,,,,,,,,,,,,,,,,,,,,,,,,,,,,,,,,,,,,,,,,,,,,,,,,,,,,,,,,,,,,,,,,,,,,,,,,,,,,,,,,,,,,,,,,,,,,,,,,,,,,,,,,,,,,,,0.0022792816162109375,0.22894370555877686,3.436434745788574,2,,,,,,,,,,,,,,,,,,,,,,,,,,,,,,,,
1.282980866062437e-06,1399,,,,,,,,,,,,,,,,,,,,,,,,,,,,,,,,,,,,,,,,,,,,,,,,,,,,,,,,,,,,,,,,,,,,,,,,,,,,,,,,,,,,,,,,,,,,,,,,,,,,,,,,,,,,,,,,,,,,,,,,,,,,,,,,,,,,,,,,,,,,,,,,,,,,,,,,,,,,,,,,,,,,,,,,,,,,,,,,,,,,,,,,,,,,,,,,,,,,,,,,,,,,,,,,,,,,,,,,,,,,,,,,,,,,,,,,,,,,,,,,,,,,,,,,,,,,,,,,,,,,,,,,,,,,,,,,,,,,,,,,
,1399,7516843,2429,7514414,2967,2691521,886,2690635,1138,4825322,1543,4823779,1837,19226322161664,7029605888,19219292555776,8192102912,17661683791872,7023009792,17654660782080,8184799232,1564638369792,6596096,1564631773696,25003008,19226322161664,7029605888,19219292555776,8192102912,17661683791872,7023009792,17654660782080,8184799232,1564638369792,6596096,1564631773696,25003008,7516843,2429,7514414,2967,2691521,886,2690635,1138,4825322,1543,4823779,1837,4662440,107,4662333,233,1603047,66,1602981,133,3059393,41,3059352,107,19344281836544,180402688,19344101433856,1193872384,17744857141248,174415872,17744682725376,1187483648,1599424695296,5986816,1599418708480,14887936,-1,0,359,0,0,3,0,0,0,0,0,0,0,0,19040685280922,7021257444,19033664023478,8171929220,17476575978496,7014793216,17469561185280,8164757504,1564109302426,6464228,1564102838198,24867224,8592031744,8592031744,0,8592031744,8562671616,8562671616,0,8562671616,29360128,29360128,0,29360128,359,359,0,359,345,345,0,345,14,14,0,14,,,,,,,,,,,,,,,,,,,,,,,,,,,,,,,,,,,,,,,,,,,,,,,,,,,,,,,,,,,,,,,,,,,,,,,,,,,,,,,,,,,,,,,,,,,,,,,,,,,,,,,,,,,,,,,,,,,,,,,,,,,,,,,,,,,,,,,,,,,,,,,,,,,,,,,,,,,,,,
,1399,,,,,,,,,,,,,,,,,,,,,,,,,,,,,,,,,,,,,,,,,,,,,,,,,,,,,,,,,,,,,,,,,,,,,,,,,,,,,,,,,,,,,,,,,,,,,,,,,,,,,,,,,,,,,,,,,,,,,,,,,,,7529165,2433,7526732,2967,2695508,886,2694622,1138,4833657,1547,4832110,1837,19253239652352,7028813312,19246210839040,8192102912,17685808326656,7022215168,17678786111488,8184799232,1567431325696,6598144,1567424727552,25003008,19253239652352,7028813312,19246210839040,8192102912,17685808326656,7022215168,17678786111488,8184799232,1567431325696,6598144,1567424727552,25003008,7529165,2433,7526732,2967,2695508,886,2694622,1138,4833657,1547,4832110,1837,4670139,122,4670017,233,1605340,70,1605270,133,3064799,52,3064747,107,19371904883712,179098112,19371725785600,1193872384,17769636708352,175210496,17769461497856,1187483648,1602268175360,3887616,1602264287744,14887936,-1,0,359,0,0,3,0,0,0,0,0,0,0,0,19067400155100,7021257460,19060378897640,8171929220,17500498802432,7014793216,17493484009216,8164757504,1566901352668,6464244,1566894888424,24867224,8592031744,8592031744,0,8592031744,8562671616,8562671616,0,8562671616,29360128,29360128,0,29360128,359,359,0,359,345,345,0,345,14,14,0,14,,,,,,,,,,,,,,,,,,,,,,,,,,,,,,,,,,,,
1.282980866062437e-06,1399,,,,,,,,,,,,,,,,,,,,,,,,,,,,,,,,,,,,,,,,,,,,,,,,,,,,,,,,,,,,,,,,,,,,,,,,,,,,,,,,,,,,,,,,,,,,,,,,,,,,,,,,,,,,,,,,,,,,,,,,,,,,,,,,,,,,,,,,,,,,,,,,,,,,,,,,,,,,,,,,,,,,,,,,,,,,,,,,,,,,,,,,,,,,,,,,,,,,,,,,,,,,,,,,,,,,,,,,,,,,,,,,,,,,,,,,,,,,,,,,,,,,,,,,,,,,,,,,,,,,,,,,,,,,,,,,,,,,,,,,
,1399,7529178,2429,7526749,2967,2695508,886,2694622,1138,4833670,1543,4832127,1837,19253239668224,7028814336,19246210853888,8192102912,17685808326656,7022215168,17678786111488,8184799232,1567431341568,6599168,1567424742400,25003008,19253239668224,7028814336,19246210853888,8192102912,17685808326656,7022215168,17678786111488,8184799232,1567431341568,6599168,1567424742400,25003008,7529178,2429,7526749,2967,2695508,886,2694622,1138,4833670,1543,4832127,1837,4670147,119,4670028,233,1605340,70,1605270,133,3064807,49,3064758,107,19371904898560,179097088,19371725801472,1193872384,17769636708352,175210496,17769461497856,1187483648,1602268190208,3886592,1602264303616,14887936,-1,0,359,0,0,3,0,0,0,0,0,0,0,0,19067400165632,7021260828,19060378904804,8171929220,17500498802432,7014793216,17493484009216,8164757504,1566901363200,6467612,1566894895588,24867224,8592031744,8592031744,0,8592031744,8562671616,8562671616,0,8562671616,29360128,29360128,0,29360128,359,359,0,359,345,345,0,345,14,14,0,14,,,,,,,,,,,,,,,,,,,,,,,,,,,,,,,,,,,,,,,,,,,,,,,,,,,,,,,,,,,,,,,,,,,,,,,,,,,,,,,,,,,,,,,,,,,,,,,,,,,,,,,,,,,,,,,,,,,,,,,,,,,,,,,,,,,,,,,,,,,,,,,,,,,,,,,,,,,,,,
,1399,,,,,,,,,,,,,,,,,,,,,,,,,,,,,,,,,,,,,,,,,,,,,,,,,,,,,,,,,,,,,,,,,,,,,,,,,,,,,,,,,,,,,,,,,,,,,,,,,,,,,,,,,,,,,,,,,,,,,,,,,,,7541500,2433,7539067,2967,2699591,886,2698705,1138,4841909,1547,4840362,1837,19280959333888,7028816384,19273930517504,8192102912,17710519916544,7022215168,17703497701376,8184799232,1570439417344,6601216,1570432816128,25003008,19280959333888,7028816384,19273930517504,8192102912,17710519916544,7022215168,17703497701376,8184799232,1570439417344,6601216,1570432816128,25003008,7541500,2433,7539067,2967,2699591,886,2698705,1138,4841909,1547,4840362,1837,4677813,124,4677689,233,1607667,70,1607597,133,3070146,54,3070092,107,19401806886400,179095040,19401627791360,1193872384,17796452765696,175210496,17796277555200,1187483648,1605354120704,3884544,1605350236160,14887936,-1,0,359,0,0,3,0,0,0,0,0,0,0,0,19094703910269,7021260844,19087682649425,8171929220,17524795255296,7014793216,17517780462080,8164757504,1569908654973,6467628,1569902187345,24867224,8592031744,8592031744,0,8592031744,8562671616,8562671616,0,8562671616,29360128,29360128,0,29360128,359,359,0,359,345,345,0,345,14,14,0,14,,,,,,,,,,,,,,,,,,,,,,,,,,,,,,,,,,,,
1.282980866062437e-06,1399,,,,,,,,,,,,,,,,,,,,,,,,,,,,,,,,,,,,,,,,,,,,,,,,,,,,,,,,,,,,,,,,,,,,,,,,,,,,,,,,,,,,,,,,,,,,,,,,,,,,,,,,,,,,,,,,,,,,,,,,,,,,,,,,,,,,,,,,,,,,,,,,,,,,,,,,,,,,,,,,,,,,,,,,,,,,,,,,,,,,,,,,,,,,,,,,,,,,,,,,,,,,,,,,,,,,,,,,,,,,,,,,,,,,,,,,,,,,,,,,,,,,,,,,,,,,,,,,,,,,,,,,,,,,,,,,,,,,,,,,
,1399,7541513,2429,7539084,2967,2699591,886,2698705,1138,4841922,1543,4840379,1837,19280959342080,7028806656,19273930535424,8192102912,17710519916544,7022215168,17703497701376,8184799232,1570439425536,6591488,1570432834048,25003008,19280959342080,7028806656,19273930535424,8192102912,17710519916544,7022215168,17703497701376,8184799232,1570439425536,6591488,1570432834048,25003008,7541513,2429,7539084,2967,2699591,886,2698705,1138,4841922,1543,4840379,1837,4677825,123,4677702,233,1607667,70,1607597,133,3070158,53,3070105,107,19401806904320,179104768,19401627799552,1193872384,17796452765696,175210496,17796277555200,1187483648,1605354138624,3894272,1605350244352,14887936,-1,0,359,0,0,3,0,0,0,0,0,0,0,0,19094703913433,7021253460,19087682659973,8171929220,17524795255296,7014793216,17517780462080,8164757504,1569908658137,6460244,1569902197893,24867224,8592031744,8592031744,0,8592031744,8562671616,8562671616,0,8562671616,29360128,29360128,0,29360128,359,359,0,359,345,345,0,345,14,14,0,14,,,,,,,,,,,,,,,,,,,,,,,,,,,,,,,,,,,,,,,,,,,,,,,,,,,,,,,,,,,,,,,,,,,,,,,,,,,,,,,,,,,,,,,,,,,,,,,,,,,,,,,,,,,,,,,,,,,,,,,,,,,,,,,,,,,,,,,,,,,,,,,,,,,,,,,,,,,,,,
,1399,,,,,,,,,,,,,,,,,,,,,,,,,,,,,,,,,,,,,,,,,,,,,,,,,,,,,,,,,,,,,,,,,,,,,,,,,,,,,,,,,,,,,,,,,,,,,,,,,,,,,,,,,,,,,,,,,,,,,,,,,,,7553835,2433,7551402,2967,2703573,886,2702687,1138,4850262,1547,4848715,1837,19307912934400,7028808704,19300884125696,8192102912,17734756493312,7022215168,17727734278144,8184799232,1573156441088,6593536,1573149847552,25003008,19307912934400,7028808704,19300884125696,8192102912,17734756493312,7022215168,17727734278144,8184799232,1573156441088,6593536,1573149847552,25003008,7553835,2433,7551402,2967,2703573,886,2702687,1138,4850262,1547,4848715,1837,4685697,128,4685569,233,1609868,70,1609798,133,3075829,58,3075771,107,19430917169664,179102720,19430738066944,1193872384,17822809841664,175210496,17822634631168,1187483648,1608107328000,3892224,1608103435776,14887936,-1,0,359,0,0,3,0,0,0,0,0,0,0,0,19121287759878,7021253476,19114266506402,8171929220,17548663028992,7014793216,17541648235776,8164757504,1572624730886,6460260,1572618270626,24867224,8592031744,8592031744,0,8592031744,8562671616,8562671616,0,8562671616,29360128,29360128,0,29360128,359,359,0,359,345,345,0,345,14,14,0,14,,,,,,,,,,,,,,,,,,,,,,,,,,,,,,,,,,,,
1.282980866062437e-06,1399,,,,,,,,,,,,,,,,,,,,,,,,,,,,,,,,,,,,,,,,,,,,,,,,,,,,,,,,,,,,,,,,,,,,,,,,,,,,,,,,,,,,,,,,,,,,,,,,,,,,,,,,,,,,,,,,,,,,,,,,,,,,,,,,,,,,,,,,,,,,,,,,,,,,,,,,,,,,,,,,,,,,,,,,,,,,,,,,,,,,,,,,,,,,,,,,,,,,,,,,,,,,,,,,,,,,,,,,,,,,,,,,,,,,,,,,,,,,,,,,,,,,,,,,,,,,,,,,,,,,,,,,,,,,,,,,,,,,,,,,
,1399,7553848,2429,7551419,2967,2703573,886,2702687,1138,4850275,1543,4848732,1837,19307912947200,7028811264,19300884135936,8192102912,17734756493312,7022215168,17727734278144,8184799232,1573156453888,6596096,1573149857792,25003008,19307912947200,7028811264,19300884135936,8192102912,17734756493312,7022215168,17727734278144,8184799232,1573156453888,6596096,1573149857792,25003008,7553848,2429,7551419,2967,2703573,886,2702687,1138,4850275,1543,4848732,1837,4685707,124,4685583,233,1609868,70,1609798,133,3075839,54,3075785,107,19430917179904,179100160,19430738079744,1193872384,17822809841664,175210496,17822634631168,1187483648,1608107338240,3889664,1608103448576,14887936,-1,0,359,0,0,3,0,0,0,0,0,0,0,0,19121287767218,7021257636,19114266509582,8171929220,17548663028992,7014793216,17541648235776,8164757504,1572624738226,6464420,1572618273806,24867224,8592031744,8592031744,0,8592031744,8562671616,8562671616,0,8562671616,29360128,29360128,0,29360128,359,359,0,359,345,345,0,345,14,14,0,14,,,,,,,,,,,,,,,,,,,,,,,,,,,,,,,,,,,,,,,,,,,,,,,,,,,,,,,,,,,,,,,,,,,,,,,,,,,,,,,,,,,,,,,,,,,,,,,,,,,,,,,,,,,,,,,,,,,,,,,,,,,,,,,,,,,,,,,,,,,,,,,,,,,,,,,,,,,,,,
,1399,,,,,,,,,,,,,,,,,,,,,,,,,,,,,,,,,,,,,,,,,,,,,,,,,,,,,,,,,,,,,,,,,,,,,,,,,,,,,,,,,,,,,,,,,,,,,,,,,,,,,,,,,,,,,,,,,,,,,,,,,,,7566219,2433,7563786,2967,2707560,886,2706674,1138,4858659,1547,4857112,1837,19335124889600,7028813312,19328096076288,8192102912,17759097378816,7022215168,17752075163648,8184799232,1576027510784,6598144,1576020912640,25003008,19335124889600,7028813312,19328096076288,8192102912,17759097378816,7022215168,17752075163648,8184799232,1576027510784,6598144,1576020912640,25003008,7566219,2433,7563786,2967,2707560,886,2706674,1138,4858659,1547,4857112,1837,4693664,127,4693537,233,1612104,70,1612034,133,3081560,57,3081503,107,19460314754048,179098112,19460135655936,1193872384,17849254924288,175210496,17849079713792,1187483648,1611059829760,3887616,1611055942144,14887936,-1,0,359,0,0,3,0,0,0,0,0,0,0,0,19148130112022,7021257592,19141108854430,8171929220,17572635209728,7014793216,17565620416512,8164757504,1575494902294,6464376,1575488437918,24867224,8592031744,8592031744,0,8592031744,8562671616,8562671616,0,8562671616,29360128,29360128,0,29360128,359,359,0,359,345,345,0,345,14,14,0,14,,,,,,,,,,,,,,,,,,,,,,,,,,,,,,,,,,,,
1.282980866062437e-06,1399,,,,,,,,,,,,,,,,,,,,,,,,,,,,,,,,,,,,,,,,,,,,,,,,,,,,,,,,,,,,,,,,,,,,,,,,,,,,,,,,,,,,,,,,,,,,,,,,,,,,,,,,,,,,,,,,,,,,,,,,,,,,,,,,,,,,,,,,,,,,,,,,,,,,,,,,,,,,,,,,,,,,,,,,,,,,,,,,,,,,,,,,,,,,,,,,,,,,,,,,,,,,,,,,,,,,,,,,,,,,,,,,,,,,,,,,,,,,,,,,,,,,,,,,,,,,,,,,,,,,,,,,,,,,,,,,,,,,,,,,
,1399,7566232,2429,7563803,2967,2707560,886,2706674,1138,4858672,1543,4857129,1837,19335124905472,7028814336,19328096091136,8192102912,17759097378816,7022215168,17752075163648,8184799232,1576027526656,6599168,1576020927488,25003008,19335124905472,7028814336,19328096091136,8192102912,17759097378816,7022215168,17752075163648,8184799232,1576027526656,6599168,1576020927488,25003008,7566232,2429,7563803,2967,2707560,886,2706674,1138,4858672,1543,4857129,1837,4693675,125,4693550,233,1612104,70,1612034,133,3081571,55,3081516,107,19460314768896,179097088,19460135671808,1193872384,17849254924288,175210496,17849079713792,1187483648,1611059844608,3886592,1611055958016,14887936,-1,0,359,0,0,3,0,0,0,0,0,0,0,0,19148130122866,7021261080,19141108861786,8171929220,17572635209728,7014793216,17565620416512,8164757504,1575494913138,6467864,1575488445274,24867224,8592031744,8592031744,0,8592031744,8562671616,8562671616,0,8562671616,29360128,29360128,0,29360128,359,359,0,359,345,345,0,345,14,14,0,14,,,,,,,,,,,,,,,,,,,,,,,,,,,,,,,,,,,,,,,,,,,,,,,,,,,,,,,,,,,,,,,,,,,,,,,,,,,,,,,,,,,,,,,,,,,,,,,,,,,,,,,,,,,,,,,,,,,,,,,,,,,,,,,,,,,,,,,,,,,,,,,,,,,,,,,,,,,,,,
,1399,,,,,,,,,,,,,,,,,,,,,,,,,,,,,,,,,,,,,,,,,,,,,,,,,,,,,,,,,,,,,,,,,,,,,,,,,,,,,,,,,,,,,,,,,,,,,,,,,,,,,,,,,,,,,,,,,,,,,,,,,,,7578603,2433,7576170,2967,2711643,886,2710757,1138,4866960,1547,4865413,1837,19363007093760,7028816384,19355978277376,8192102912,17783884015616,7022215168,17776861800448,8184799232,1579123078144,6601216,1579116476928,25003008,19363007093760,7028816384,19355978277376,8192102912,17783884015616,7022215168,17776861800448,8184799232,1579123078144,6601216,1579116476928,25003008,7578603,2433,7576170,2967,2711643,886,2710757,1138,4866960,1547,4865413,1837,4701542,127,4701415,233,1614433,70,1614363,133,3087109,57,3087052,107,19490311384064,179095040,19490132289024,1193872384,17876112736256,175210496,17875937525760,1187483648,1614198647808,3884544,1614194763264,14887936,-1,0,359,0,0,3,0,0,0,0,0,0,0,0,19175612450116,7021261096,19168591189020,8171929220,17597022741248,7014793216,17590007948032,8164757504,1578589708868,6467880,1578583240988,24867224,8592031744,8592031744,0,8592031744,8562671616,8562671616,0,8562671616,29360128,29360128,0,29360128,359,359,0,359,345,345,0,345,14,14,0,14,,,,,,,,,,,,,,,,,,,,,,,,,,,,,,,,,,,,
1.282980866062437e-06,1399,,,,,,,,,,,,,,,,,,,,,,,,,,,,,,,,,,,,,,,,,,,,,,,,,,,,,,,,,,,,,,,,,,,,,,,,,,,,,,,,,,,,,,,,,,,,,,,,,,,,,,,,,,,,,,,,,,,,,,,,,,,,,,,,,,,,,,,,,,,,,,,,,,,,,,,,,,,,,,,,,,,,,,,,,,,,,,,,,,,,,,,,,,,,,,,,,,,,,,,,,,,,,,,,,,,,,,,,,,,,,,,,,,,,,,,,,,,,,,,,,,,,,,,,,,,,,,,,,,,,,,,,,,,,,,,,,,,,,,,,
,1399,7578616,2429,7576187,2967,2711643,886,2710757,1138,4866973,1543,4865430,1837,19363007105024,7028809728,19355978295296,8192102912,17783884015616,7022215168,17776861800448,8184799232,1579123089408,6594560,1579116494848,25003008,19363007105024,7028809728,19355978295296,8192102912,17783884015616,7022215168,17776861800448,8184799232,1579123089408,6594560,1579116494848,25003008,7578616,2429,7576187,2967,2711643,886,2710757,1138,4866973,1543,4865430,1837,4701553,122,4701431,233,1614433,70,1614363,133,3087120,52,3087068,107,19490311401984,179101696,19490132300288,1193872384,17876112736256,175210496,17875937525760,1187483648,1614198665728,3891200,1614194774528,14887936,-1,0,359,0,0,3,0,0,0,0,0,0,0,0,19175612456448,7021256568,19168591199880,8171929220,17597022741248,7014793216,17590007948032,8164757504,1578589715200,6463352,1578583251848,24867224,8592031744,8592031744,0,8592031744,8562671616,8562671616,0,8562671616,29360128,29360128,0,29360128,359,359,0,359,345,345,0,345,14,14,0,14,,,,,,,,,,,,,,,,,,,,,,,,,,,,,,,,,,,,,,,,,,,,,,,,,,,,,,,,,,,,,,,,,,,,,,,,,,,,,,,,,,,,,,,,,,,,,,,,,,,,,,,,,,,,,,,,,,,,,,,,,,,,,,,,,,,,,,,,,,,,,,,,,,,,,,,,,,,,,,
,1399,,,,,,,,,,,,,,,,,,,,,,,,,,,,,,,,,,,,,,,,,,,,,,,,,,,,,,,,,,,,,,,,,,,,,,,,,,,,,,,,,,,,,,,,,,,,,,,,,,,,,,,,,,,,,,,,,,,,,,,,,,,7590938,2433,7588505,2967,2715721,886,2714835,1138,4875217,1547,4873670,1837,19390512689664,7028811776,19383483877888,8192102912,17808489019392,7022215168,17801466804224,8184799232,1582023670272,6596608,1582017073664,25003008,19390512689664,7028811776,19383483877888,8192102912,17808489019392,7022215168,17801466804224,8184799232,1582023670272,6596608,1582017073664,25003008,7590938,2433,7588505,2967,2715721,886,2714835,1138,4875217,1547,4873670,1837,4709136,127,4709009,233,1616751,70,1616681,133,3092385,57,3092328,107,19520043602944,179099648,19519864503296,1193872384,17902848798720,175210496,17902673588224,1187483648,1617194804224,3889152,1617190915072,14887936,-1,0,359,0,0,3,0,0,0,0,0,0,0,0,19202683129777,7021256644,19195661873133,8171929220,17621193684480,7014793216,17614178891264,8164757504,1581489445297,6463428,1581482981869,24867224,8592031744,8592031744,0,8592031744,8562671616,8562671616,0,8562671616,29360128,29360128,0,29360128,359,359,0,359,345,345,0,345,14,14,0,14,,,,,,,,,,,,,,,,,,,,,,,,,,,,,,,,,,,,
1.282980866062437e-06,1399,,,,,,,,,,,,,,,,,,,,,,,,,,,,,,,,,,,,,,,,,,,,,,,,,,,,,,,,,,,,,,,,,,,,,,,,,,,,,,,,,,,,,,,,,,,,,,,,,,,,,,,,,,,,,,,,,,,,,,,,,,,,,,,,,,,,,,,,,,,,,,,,,,,,,,,,,,,,,,,,,,,,,,,,,,,,,,,,,,,,,,,,,,,,,,,,,,,,,,,,,,,,,,,,,,,,,,,,,,,,,,,,,,,,,,,,,,,,,,,,,,,,,,,,,,,,,,,,,,,,,,,,,,,,,,,,,,,,,,,,
,1399,7590951,2429,7588522,2967,2715721,886,2714835,1138,4875230,1543,4873687,1837,19390512705536,7028814336,19383483891200,8192102912,17808489019392,7022215168,17801466804224,8184799232,1582023686144,6599168,1582017086976,25003008,19390512705536,7028814336,19383483891200,8192102912,17808489019392,7022215168,17801466804224,8184799232,1582023686144,6599168,1582017086976,25003008,7590951,2429,7588522,2967,2715721,886,2714835,1138,4875230,1543,4873687,1837,4709148,127,4709021,233,1616751,70,1616681,133,3092397,57,3092340,107,19520043616256,179097088,19519864519168,1193872384,17902848798720,175210496,17902673588224,1187483648,1617194817536,3886592,1617190930944,14887936,-1,0,359,0,0,3,0,0,0,0,0,0,0,0,19202683140477,7021260996,19195661879481,8171929220,17621193684480,7014793216,17614178891264,8164757504,1581489455997,6467780,1581482988217,24867224,8592031744,8592031744,0,8592031744,8562671616,8562671616,0,8562671616,29360128,29360128,0,29360128,359,359,0,359,345,345,0,345,14,14,0,14,,,,,,,,,,,,,,,,,,,,,,,,,,,,,,,,,,,,,,,,,,,,,,,,,,,,,,,,,,,,,,,,,,,,,,,,,,,,,,,,,,,,,,,,,,,,,,,,,,,,,,,,,,,,,,,,,,,,,,,,,,,,,,,,,,,,,,,,,,,,,,,,,,,,,,,,,,,,,,
,1399,,,,,,,,,,,,,,,,,,,,,,,,,,,,,,,,,,,,,,,,,,,,,,,,,,,,,,,,,,,,,,,,,,,,,,,,,,,,,,,,,,,,,,,,,,,,,,,,,,,,,,,,,,,,,,,,,,,,,,,,,,,7603322,2433,7600889,2967,2719804,886,2718918,1138,4883518,1547,4881971,1837,19417988525568,7028816384,19410959709184,8192102912,17833093974016,7022215168,17826071758848,8184799232,1584894551552,6601216,1584887950336,25003008,19417988525568,7028816384,19410959709184,8192102912,17833093974016,7022215168,17826071758848,8184799232,1584894551552,6601216,1584887950336,25003008,7603322,2433,7600889,2967,2719804,886,2718918,1138,4883518,1547,4881971,1837,4717151,126,4717025,233,1619086,70,1619016,133,3098065,56,3098009,107,19549749550592,179095040,19549570455552,1193872384,17929581240320,175210496,17929406029824,1187483648,1620168310272,3884544,1620164425728,14887936,-1,0,359,0,0,3,0,0,0,0,0,0,0,0,19229706935032,7021260952,19222685674080,8171929220,17645347502336,7014793216,17638332709120,8164757504,1584359432696,6467736,1584352964960,24867224,8592031744,8592031744,0,8592031744,8562671616,8562671616,0,8562671616,29360128,29360128,0,29360128,359,359,0,359,345,345,0,345,14,14,0,14,,,,,,,,,,,,,,,,,,,,,,,,,,,,,,,,,,,,
1.282980866062437e-06,1399,,,,,,,,,,,,,,,,,,,,,,,,,,,,,,,,,,,,,,,,,,,,,,,,,,,,,,,,,,,,,,,,,,,,,,,,,,,,,,,,,,,,,,,,,,,,,,,,,,,,,,,,,,,,,,,,,,,,,,,,,,,,,,,,,,,,,,,,,,,,,,,,,,,,,,,,,,,,,,,,,,,,,,,,,,,,,,,,,,,,,,,,,,,,,,,,,,,,,,,,,,,,,,,,,,,,,,,,,,,,,,,,,,,,,,,,,,,,,,,,,,,,,,,,,,,,,,,,,,,,,,,,,,,,,,,,,,,,,,,,
,1399,7603335,2429,7600906,2967,2719804,886,2718918,1138,4883531,1543,4881988,1837,19417988539904,7028812800,19410959727104,8192102912,17833093974016,7022215168,17826071758848,8184799232,1584894565888,6597632,1584887968256,25003008,19417988539904,7028812800,19410959727104,8192102912,17833093974016,7022215168,17826071758848,8184799232,1584894565888,6597632,1584887968256,25003008,7603335,2429,7600906,2967,2719804,886,2718918,1138,4883531,1543,4881988,1837,4717161,125,4717036,233,1619086,70,1619016,133,3098075,55,3098020,107,19549749568512,179098624,19549570469888,1193872384,17929581240320,175210496,17929406029824,1187483648,1620168328192,3888128,1620164440064,14887936,-1,0,359,0,0,3,0,0,0,0,0,0,0,0,19229706944244,7021259448,19222685684796,8171929220,17645347502336,7014793216,17638332709120,8164757504,1584359441908,6466232,1584352975676,24867224,8592031744,8592031744,0,8592031744,8562671616,8562671616,0,8562671616,29360128,29360128,0,29360128,359,359,0,359,345,345,0,345,14,14,0,14,,,,,,,,,,,,,,,,,,,,,,,,,,,,,,,,,,,,,,,,,,,,,,,,,,,,,,,,,,,,,,,,,,,,,,,,,,,,,,,,,,,,,,,,,,,,,,,,,,,,,,,,,,,,,,,,,,,,,,,,,,,,,,,,,,,,,,,,,,,,,,,,,,,,,,,,,,,,,,
,1399,,,,,,,,,,,,,,,,,,,,,,,,,,,,,,,,,,,,,,,,,,,,,,,,,,,,,,,,,,,,,,,,,,,,,,,,,,,,,,,,,,,,,,,,,,,,,,,,,,,,,,,,,,,,,,,,,,,,,,,,,,,7616206,2433,7613773,2967,2724108,886,2723222,1138,4892098,1547,4890551,1837,19447268699136,7028814848,19440239884288,8192102912,17859464460288,7022215168,17852442245120,8184799232,1587804238848,6599680,1587797639168,25003008,19447268699136,7028814848,19440239884288,8192102912,17859464460288,7022215168,17852442245120,8184799232,1587804238848,6599680,1587797639168,25003008,7616206,2433,7613773,2967,2724108,886,2723222,1138,4892098,1547,4890551,1837,4724832,129,4724703,233,1621459,70,1621389,133,3103373,59,3103314,107,19581146800640,179096576,19580967704064,1193872384,17957976788992,175210496,17957801578496,1187483648,1623170011648,3886080,1623166125568,14887936,-1,0,359,0,0,3,0,0,0,0,0,0,0,0,19258556766775,7021259524,19251535507251,8171929220,17671288499200,7014793216,17664273705984,8164757504,1587268267575,6466308,1587261801267,24867224,8592031744,8592031744,0,8592031744,8562671616,8562671616,0,8562671616,29360128,29360128,0,29360128,359,359,0,359,345,345,0,345,14,14,0,14,,,,,,,,,,,,,,,,,,,,,,,,,,,,,,,,,,,,
,1399,,,,,,,,,,,,,,,,,,,,,,,,,,,,,,,,,,,,,,,,,,,,,,,,,,,,,,,,,,,,,,,,,,,,,,,,,,,,,,,,,,,,,,,,,,,,,,,,,,,,,,,,,,,,,,,,,,,,,,,,,,,,,,,,,,,,,,,,,,,,,,,,,,,,,,,,,,,,,,,,,,,,,,,,,,,,,,,,,,,,,,,,,,,,,,,,,,,,,,,,,,,,,,,,,,,,,,,,,,,,,,,,,,,,,,,,,,,,,,,,,,,,,0.294677734375,0.024529721587896347,0.6626235246658325,2,,,,,,,,,,,,,,,,,,,,,,,,,,,,,,,,
1.2494125545485062e-06,1449,,,,,,,,,,,,,,,,,,,,,,,,,,,,,,,,,,,,,,,,,,,,,,,,,,,,,,,,,,,,,,,,,,,,,,,,,,,,,,,,,,,,,,,,,,,,,,,,,,,,,,,,,,,,,,,,,,,,,,,,,,,,,,,,,,,,,,,,,,,,,,,,,,,,,,,,,,,,,,,,,,,,,,,,,,,,,,,,,,,,,,,,,,,,,,,,,,,,,,,,,,,,,,,,,,,,,,,,,,,,,,,,,,,,,,,,,,,,,,,,,,,,,,,,,,,,,,,,,,,,,,,,,,,,,,,,,,,,,,,,
,1449,12515586,2429,12513157,2967,4451575,886,4450689,1138,8064011,1543,8062468,1837,31743819547136,7030490112,31736789057024,8192102912,29117808532480,7023886336,29110784646144,8184799232,2626011014656,6603776,2626004410880,25004544,31743819547136,7030490112,31736789057024,8192102912,29117808532480,7023886336,29110784646144,8184799232,2626011014656,6603776,2626004410880,25004544,12515586,2429,12513157,2967,4451575,886,4450689,1138,8064011,1543,8062468,1837,7726368,115,7726253,237,2619584,70,2619514,133,5106784,45,5106739,108,31836297905664,179518464,31836118387200,1289613312,29152248380416,173539328,29152074841088,1286524928,2684049525248,5979136,2684043546112,17709056,-1,0,359,0,0,3,0,0,0,0,0,0,0,0,31445365200679,7021265832,31438343934847,8171929220,28820236178432,7014793216,28813221385216,8164757504,2625129022247,6472616,2625122549631,24868724,8592031744,8592031744,0,8592031744,8562671616,8562671616,0,8562671616,29360128,29360128,0,29360128,359,359,0,359,345,345,0,345,14,14,0,14,,,,,,,,,,,,,,,,,,,,,,,,,,,,,,,,,,,,,,,,,,,,,,,,,,,,,,,,,,,,,,,,,,,,,,,,,,,,,,,,,,,,,,,,,,,,,,,,,,,,,,,,,,,,,,,,,,,,,,,,,,,,,,,,,,,,,,,,,,,,,,,,,,,,,,,,,,,,,,
,1449,,,,,,,,,,,,,,,,,,,,,,,,,,,,,,,,,,,,,,,,,,,,,,,,,,,,,,,,,,,,,,,,,,,,,,,,,,,,,,,,,,,,,,,,,,,,,,,,,,,,,,,,,,,,,,,,,,,,,,,,,,,12528505,2433,12526072,2967,4458466,886,4457580,1138,8070039,1547,8068492,1837,31799048916992,7026560000,31792022356992,8192102912,29172236352512,7019954176,29165216398336,8184799232,2626812564480,6605824,2626805958656,25004544,31799048916992,7026560000,31792022356992,8192102912,29172236352512,7019954176,29165216398336,8184799232,2626812564480,6605824,2626805958656,25004544,12528505,2433,12526072,2967,4458466,886,4457580,1138,8070039,1547,8068492,1837,7734888,109,7734779,237,2624435,72,2624363,133,5110453,37,5110416,108,31881865054208,235877376,31881629176832,1289613312,29197013982208,231997440,29196781984768,1286524928,2684851072000,3879936,2684847192064,17709056,-1,0,359,0,0,3,0,0,0,0,0,0,0,0,31500166105330,7021265848,31493144839482,8171929220,28874236385024,7014793216,28867221591808,8164757504,2625929720306,6472632,2625923247674,24868724,8592031744,8592031744,0,8592031744,8562671616,8562671616,0,8562671616,29360128,29360128,0,29360128,359,359,0,359,345,345,0,345,14,14,0,14,,,,,,,,,,,,,,,,,,,,,,,,,,,,,,,,,,,,
1.2494125545485062e-06,1449,,,,,,,,,,,,,,,,,,,,,,,,,,,,,,,,,,,,,,,,,,,,,,,,,,,,,,,,,,,,,,,,,,,,,,,,,,,,,,,,,,,,,,,,,,,,,,,,,,,,,,,,,,,,,,,,,,,,,,,,,,,,,,,,,,,,,,,,,,,,,,,,,,,,,,,,,,,,,,,,,,,,,,,,,,,,,,,,,,,,,,,,,,,,,,,,,,,,,,,,,,,,,,,,,,,,,,,,,,,,,,,,,,,,,,,,,,,,,,,,,,,,,,,,,,,,,,,,,,,,,,,,,,,,,,,,,,,,,,,,
,1449,12528518,2429,12526089,2967,4458466,886,4457580,1138,8070052,1543,8068509,1837,31799048932864,7026553344,31792022379520,8192102912,29172236352512,7019954176,29165216398336,8184799232,2626812580352,6599168,2626805981184,25004544,31799048932864,7026553344,31792022379520,8192102912,29172236352512,7019954176,29165216398336,8184799232,2626812580352,6599168,2626805981184,25004544,12528518,2429,12526089,2967,4458466,886,4457580,1138,8070052,1543,8068509,1837,7734900,107,7734793,237,2624435,72,2624363,133,5110465,35,5110430,108,31881865076224,233786880,31881631289344,1289613312,29197013982208,231997440,29196781984768,1286524928,2684851094016,1789440,2684849304576,17709056,-1,0,359,0,0,3,0,0,0,0,0,0,0,0,31500166115550,7021260456,31493144855094,8171929220,28874236385024,7014793216,28867221591808,8164757504,2625929730526,6467240,2625923263286,24868724,8592031744,8592031744,0,8592031744,8562671616,8562671616,0,8562671616,29360128,29360128,0,29360128,359,359,0,359,345,345,0,345,14,14,0,14,,,,,,,,,,,,,,,,,,,,,,,,,,,,,,,,,,,,,,,,,,,,,,,,,,,,,,,,,,,,,,,,,,,,,,,,,,,,,,,,,,,,,,,,,,,,,,,,,,,,,,,,,,,,,,,,,,,,,,,,,,,,,,,,,,,,,,,,,,,,,,,,,,,,,,,,,,,,,,
,1449,,,,,,,,,,,,,,,,,,,,,,,,,,,,,,,,,,,,,,,,,,,,,,,,,,,,,,,,,,,,,,,,,,,,,,,,,,,,,,,,,,,,,,,,,,,,,,,,,,,,,,,,,,,,,,,,,,,,,,,,,,,12540889,2433,12538456,2967,4462549,886,4461663,1138,8078340,1547,8076793,1837,31826882864128,7026555392,31819856308736,8192102912,29196987501568,7019954176,29189967547392,8184799232,2629895362560,6601216,2629888761344,25004544,31826882864128,7026555392,31819856308736,8192102912,29196987501568,7019954176,29189967547392,8184799232,2629895362560,6601216,2629888761344,25004544,12540889,2433,12538456,2967,4462549,886,4461663,1138,8078340,1547,8076793,1837,7743337,110,7743227,237,2627139,72,2627067,133,5116198,38,5116160,108,31910608169984,233784832,31910374385152,1289613312,29222558116864,231997440,29222326119424,1286524928,2688050053120,1787392,2688048265728,17709056,-1,0,359,0,0,3,0,0,0,0,0,0,0,0,31527622278786,7021260472,31520601018314,8171929220,28898610530816,7014793216,28891595737600,8164757504,2629011747970,6467256,2629005280714,24868724,8592031744,8592031744,0,8592031744,8562671616,8562671616,0,8562671616,29360128,29360128,0,29360128,359,359,0,359,345,345,0,345,14,14,0,14,,,,,,,,,,,,,,,,,,,,,,,,,,,,,,,,,,,,
1.2494125545485062e-06,1449,,,,,,,,,,,,,,,,,,,,,,,,,,,,,,,,,,,,,,,,,,,,,,,,,,,,,,,,,,,,,,,,,,,,,,,,,,,,,,,,,,,,,,,,,,,,,,,,,,,,,,,,,,,,,,,,,,,,,,,,,,,,,,,,,,,,,,,,,,,,,,,,,,,,,,,,,,,,,,,,,,,,,,,,,,,,,,,,,,,,,,,,,,,,,,,,,,,,,,,,,,,,,,,,,,,,,,,,,,,,,,,,,,,,,,,,,,,,,,,,,,,,,,,,,,,,,,,,,,,,,,,,,,,,,,,,,,,,,,,,
,1449,12540902,2429,12538473,2967,4462549,886,4461663,1138,8078353,1543,8076810,1837,31826882909184,7026582528,31819856326656,8192102912,29196987501568,7019954176,29189967547392,8184799232,2629895407616,6628352,2629888779264,25004544,31826882909184,7026582528,31819856326656,8192102912,29196987501568,7019954176,29189967547392,8184799232,2629895407616,6628352,2629888779264,25004544,12540902,2429,12538473,2967,4462549,886,4461663,1138,8078353,1543,8076810,1837,7743350,111,7743239,237,2627139,72,2627067,133,5116211,39,5116172,108,31910608187904,233757696,31910374430208,1289613312,29222558116864,231997440,29222326119424,1286524928,2688050071040,1760256,2688048310784,17709056,-1,0,359,0,0,3,0,0,0,0,0,0,0,0,31527622318286,7021289736,31520601028550,8171929220,28898610530816,7014793216,28891595737600,8164757504,2629011787470,6496520,2629005290950,24868724,8592031744,8592031744,0,8592031744,8562671616,8562671616,0,8562671616,29360128,29360128,0,29360128,359,359,0,359,345,345,0,345,14,14,0,14,,,,,,,,,,,,,,,,,,,,,,,,,,,,,,,,,,,,,,,,,,,,,,,,,,,,,,,,,,,,,,,,,,,,,,,,,,,,,,,,,,,,,,,,,,,,,,,,,,,,,,,,,,,,,,,,,,,,,,,,,,,,,,,,,,,,,,,,,,,,,,,,,,,,,,,,,,,,,,
,1449,,,,,,,,,,,,,,,,,,,,,,,,,,,,,,,,,,,,,,,,,,,,,,,,,,,,,,,,,,,,,,,,,,,,,,,,,,,,,,,,,,,,,,,,,,,,,,,,,,,,,,,,,,,,,,,,,,,,,,,,,,,12553825,2433,12551392,2967,4469586,886,4468700,1138,8084239,1547,8082692,1837,31933258467840,7026584576,31926231883264,8192102912,29302722151424,7019954176,29295702197248,8184799232,2630536316416,6630400,2630529686016,25004544,31933258467840,7026584576,31926231883264,8192102912,29302722151424,7019954176,29295702197248,8184799232,2630536316416,6630400,2630529686016,25004544,12553825,2433,12551392,2967,4469586,886,4468700,1138,8084239,1547,8082692,1837,7752505,111,7752394,237,2632315,72,2632243,133,5120190,39,5120151,108,31965712547840,233755648,31965478792192,1289613312,29277021570048,231997440,29276789572608,1286524928,2688690977792,1758208,2688689219584,17709056,-1,0,359,0,0,3,0,0,0,0,0,0,0,0,31633198861203,7021289752,31626177571451,8171929220,29003547087104,7014793216,28996532293888,8164757504,2629651774099,6496536,2629645277563,24868724,8592031744,8592031744,0,8592031744,8562671616,8562671616,0,8562671616,29360128,29360128,0,29360128,359,359,0,359,345,345,0,345,14,14,0,14,,,,,,,,,,,,,,,,,,,,,,,,,,,,,,,,,,,,
1.2494125545485062e-06,1449,,,,,,,,,,,,,,,,,,,,,,,,,,,,,,,,,,,,,,,,,,,,,,,,,,,,,,,,,,,,,,,,,,,,,,,,,,,,,,,,,,,,,,,,,,,,,,,,,,,,,,,,,,,,,,,,,,,,,,,,,,,,,,,,,,,,,,,,,,,,,,,,,,,,,,,,,,,,,,,,,,,,,,,,,,,,,,,,,,,,,,,,,,,,,,,,,,,,,,,,,,,,,,,,,,,,,,,,,,,,,,,,,,,,,,,,,,,,,,,,,,,,,,,,,,,,,,,,,,,,,,,,,,,,,,,,,,,,,,,,
,1449,12553838,2429,12551409,2967,4469586,886,4468700,1138,8084252,1543,8082709,1837,31933258483712,7026553344,31926231930368,8192102912,29302722151424,7019954176,29295702197248,8184799232,2630536332288,6599168,2630529733120,25004544,31933258483712,7026553344,31926231930368,8192102912,29302722151424,7019954176,29295702197248,8184799232,2630536332288,6599168,2630529733120,25004544,12553838,2429,12551409,2967,4469586,886,4468700,1138,8084252,1543,8082709,1837,7752515,107,7752408,237,2632315,72,2632243,133,5120200,35,5120165,108,31965712594944,233786880,31965478808064,1289613312,29277021570048,231997440,29276789572608,1286524928,2688691024896,1789440,2688689235456,17709056,-1,0,359,0,0,3,0,0,0,0,0,0,0,0,31633198871831,7021260864,31626177610967,8171929220,29003547087104,7014793216,28996532293888,8164757504,2629651784727,6467648,2629645317079,24868724,8592031744,8592031744,0,8592031744,8562671616,8562671616,0,8562671616,29360128,29360128,0,29360128,359,359,0,359,345,345,0,345,14,14,0,14,,,,,,,,,,,,,,,,,,,,,,,,,,,,,,,,,,,,,,,,,,,,,,,,,,,,,,,,,,,,,,,,,,,,,,,,,,,,,,,,,,,,,,,,,,,,,,,,,,,,,,,,,,,,,,,,,,,,,,,,,,,,,,,,,,,,,,,,,,,,,,,,,,,,,,,,,,,,,,
,1449,,,,,,,,,,,,,,,,,,,,,,,,,,,,,,,,,,,,,,,,,,,,,,,,,,,,,,,,,,,,,,,,,,,,,,,,,,,,,,,,,,,,,,,,,,,,,,,,,,,,,,,,,,,,,,,,,,,,,,,,,,,12566160,2433,12563727,2967,4473669,886,4472783,1138,8092491,1547,8090944,1837,31960922185728,7026555392,31953895630336,8192102912,29327415227392,7019954176,29320395273216,8184799232,2633506958336,6601216,2633500357120,25004544,31960922185728,7026555392,31953895630336,8192102912,29327415227392,7019954176,29320395273216,8184799232,2633506958336,6601216,2633500357120,25004544,12566160,2433,12563727,2967,4473669,886,4472783,1138,8092491,1547,8090944,1837,7760968,108,7760860,237,2635058,72,2634986,133,5125910,36,5125874,108,31994390370304,233784832,31994156585472,1289613312,29302507770880,231997440,29302275773440,1286524928,2691882599424,1787392,2691880812032,17709056,-1,0,359,0,0,3,0,0,0,0,0,0,0,0,31660426298196,7021260940,31653405037256,8171929220,29027804693504,7014793216,29020789900288,8164757504,2632621604692,6467724,2632615136968,24868724,8592031744,8592031744,0,8592031744,8562671616,8562671616,0,8562671616,29360128,29360128,0,29360128,359,359,0,359,345,345,0,345,14,14,0,14,,,,,,,,,,,,,,,,,,,,,,,,,,,,,,,,,,,,
1.2494125545485062e-06,1449,,,,,,,,,,,,,,,,,,,,,,,,,,,,,,,,,,,,,,,,,,,,,,,,,,,,,,,,,,,,,,,,,,,,,,,,,,,,,,,,,,,,,,,,,,,,,,,,,,,,,,,,,,,,,,,,,,,,,,,,,,,,,,,,,,,,,,,,,,,,,,,,,,,,,,,,,,,,,,,,,,,,,,,,,,,,,,,,,,,,,,,,,,,,,,,,,,,,,,,,,,,,,,,,,,,,,,,,,,,,,,,,,,,,,,,,,,,,,,,,,,,,,,,,,,,,,,,,,,,,,,,,,,,,,,,,,,,,,,,,
,1449,12566173,2429,12563744,2967,4473669,886,4472783,1138,8092504,1543,8090961,1837,31960922204672,7026556416,31953895648256,8192102912,29327415227392,7019954176,29320395273216,8184799232,2633506977280,6602240,2633500375040,25004544,31960922204672,7026556416,31953895648256,8192102912,29327415227392,7019954176,29320395273216,8184799232,2633506977280,6602240,2633500375040,25004544,12566173,2429,12563744,2967,4473669,886,4472783,1138,8092504,1543,8090961,1837,7760981,110,7760871,237,2635058,72,2634986,133,5125923,38,5125885,108,31994390388224,233783808,31994156604416,1289613312,29302507770880,231997440,29302275773440,1286524928,2691882617344,1786368,2691880830976,17709056,-1,0,359,0,0,3,0,0,0,0,0,0,0,0,31660426310840,7021262940,31653405047900,8171929220,29027804693504,7014793216,29020789900288,8164757504,2632621617336,6469724,2632615147612,24868724,8592031744,8592031744,0,8592031744,8562671616,8562671616,0,8562671616,29360128,29360128,0,29360128,359,359,0,359,345,345,0,345,14,14,0,14,,,,,,,,,,,,,,,,,,,,,,,,,,,,,,,,,,,,,,,,,,,,,,,,,,,,,,,,,,,,,,,,,,,,,,,,,,,,,,,,,,,,,,,,,,,,,,,,,,,,,,,,,,,,,,,,,,,,,,,,,,,,,,,,,,,,,,,,,,,,,,,,,,,,,,,,,,,,,,
,1449,,,,,,,,,,,,,,,,,,,,,,,,,,,,,,,,,,,,,,,,,,,,,,,,,,,,,,,,,,,,,,,,,,,,,,,,,,,,,,,,,,,,,,,,,,,,,,,,,,,,,,,,,,,,,,,,,,,,,,,,,,,12579096,2433,12576663,2967,4479960,886,4479074,1138,8099136,1547,8097589,1837,32014994224640,7026558464,32007967666176,8192102912,29380180263936,7019954176,29373160309760,8184799232,2634813960704,6604288,2634807356416,25004544,32014994224640,7026558464,32007967666176,8192102912,29380180263936,7019954176,29373160309760,8184799232,2634813960704,6604288,2634807356416,25004544,12579096,2433,12576663,2967,4479960,886,4479074,1138,8099136,1547,8097589,1837,7769789,111,7769678,237,2639571,72,2639499,133,5130218,39,5130179,108,32039703988736,235878912,32039468109824,1289613312,29346281948160,231997440,29346049950720,1286524928,2693422040576,3881472,2693418159104,17709056,-1,0,359,0,0,3,0,0,0,0,0,0,0,0,31714202247058,7021262896,31707180984162,8171929220,29080274609920,7014793216,29073259816704,8164757504,2633927637138,6469680,2633921167458,24868724,8592031744,8592031744,0,8592031744,8562671616,8562671616,0,8562671616,29360128,29360128,0,29360128,359,359,0,359,345,345,0,345,14,14,0,14,,,,,,,,,,,,,,,,,,,,,,,,,,,,,,,,,,,,
1.2494125545485062e-06,1449,,,,,,,,,,,,,,,,,,,,,,,,,,,,,,,,,,,,,,,,,,,,,,,,,,,,,,,,,,,,,,,,,,,,,,,,,,,,,,,,,,,,,,,,,,,,,,,,,,,,,,,,,,,,,,,,,,,,,,,,,,,,,,,,,,,,,,,,,,,,,,,,,,,,,,,,,,,,,,,,,,,,,,,,,,,,,,,,,,,,,,,,,,,,,,,,,,,,,,,,,,,,,,,,,,,,,,,,,,,,,,,,,,,,,,,,,,,,,,,,,,,,,,,,,,,,,,,,,,,,,,,,,,,,,,,,,,,,,,,,
,1449,12579109,2429,12576680,2967,4479960,886,4479074,1138,8099149,1543,8097606,1837,32014994237440,7026550272,32007967687168,8192102912,29380180263936,7019954176,29373160309760,8184799232,2634813973504,6596096,2634807377408,25004544,32014994237440,7026550272,32007967687168,8192102912,29380180263936,7019954176,29373160309760,8184799232,2634813973504,6596096,2634807377408,25004544,12579109,2429,12576680,2967,4479960,886,4479074,1138,8099149,1543,8097606,1837,7769799,110,7769689,237,2639571,72,2639499,133,5130228,38,5130190,108,32039704009728,235887104,32039468122624,1289613312,29346281948160,231997440,29346049950720,1286524928,2693422061568,3889664,2693418171904,17709056,-1,0,359,0,0,3,0,0,0,0,0,0,0,0,31714202254518,7021257696,31707180996822,8171929220,29080274609920,7014793216,29073259816704,8164757504,2633927644598,6464480,2633921180118,24868724,8592031744,8592031744,0,8592031744,8562671616,8562671616,0,8562671616,29360128,29360128,0,29360128,359,359,0,359,345,345,0,345,14,14,0,14,,,,,,,,,,,,,,,,,,,,,,,,,,,,,,,,,,,,,,,,,,,,,,,,,,,,,,,,,,,,,,,,,,,,,,,,,,,,,,,,,,,,,,,,,,,,,,,,,,,,,,,,,,,,,,,,,,,,,,,,,,,,,,,,,,,,,,,,,,,,,,,,,,,,,,,,,,,,,,
,1449,,,,,,,,,,,,,,,,,,,,,,,,,,,,,,,,,,,,,,,,,,,,,,,,,,,,,,,,,,,,,,,,,,,,,,,,,,,,,,,,,,,,,,,,,,,,,,,,,,,,,,,,,,,,,,,,,,,,,,,,,,,12591480,2433,12589047,2967,4483947,886,4483061,1138,8107533,1547,8105986,1837,32042156707328,7026552320,32035130155008,8192102912,29404487259136,7019954176,29397467304960,8184799232,2637669448192,6598144,2637662850048,25004544,32042156707328,7026552320,32035130155008,8192102912,29404487259136,7019954176,29397467304960,8184799232,2637669448192,6598144,2637662850048,25004544,12591480,2433,12589047,2967,4483947,886,4483061,1138,8107533,1547,8105986,1837,7777831,111,7777720,237,2642072,72,2642000,133,5135759,39,5135720,108,32067850631680,235885056,32067614746624,1289613312,29371442230272,231997440,29371210232832,1286524928,2696408401408,3887616,2696404513792,17709056,-1,0,359,0,0,3,0,0,0,0,0,0,0,0,31741019261611,7021257712,31733998003899,8171929220,29104237042176,7014793216,29097222248960,8164757504,2636782219435,6464496,2636775754939,24868724,8592031744,8592031744,0,8592031744,8562671616,8562671616,0,8562671616,29360128,29360128,0,29360128,359,359,0,359,345,345,0,345,14,14,0,14,,,,,,,,,,,,,,,,,,,,,,,,,,,,,,,,,,,,
1.2494125545485062e-06,1449,,,,,,,,,,,,,,,,,,,,,,,,,,,,,,,,,,,,,,,,,,,,,,,,,,,,,,,,,,,,,,,,,,,,,,,,,,,,,,,,,,,,,,,,,,,,,,,,,,,,,,,,,,,,,,,,,,,,,,,,,,,,,,,,,,,,,,,,,,,,,,,,,,,,,,,,,,,,,,,,,,,,,,,,,,,,,,,,,,,,,,,,,,,,,,,,,,,,,,,,,,,,,,,,,,,,,,,,,,,,,,,,,,,,,,,,,,,,,,,,,,,,,,,,,,,,,,,,,,,,,,,,,,,,,,,,,,,,,,,,
,1449,12591493,2429,12589064,2967,4483947,886,4483061,1138,8107546,1543,8106003,1837,32042156724736,7026554880,32035130169856,8192102912,29404487259136,7019954176,29397467304960,8184799232,2637669465600,6600704,2637662864896,25004544,32042156724736,7026554880,32035130169856,8192102912,29404487259136,7019954176,29397467304960,8184799232,2637669465600,6600704,2637662864896,25004544,12591493,2429,12589064,2967,4483947,886,4483061,1138,8107546,1543,8106003,1837,7777843,110,7777733,237,2642072,72,2642000,133,5135771,38,5135733,108,32067850646528,235882496,32067614764032,1289613312,29371442230272,231997440,29371210232832,1286524928,2696408416256,3885056,2696404531200,17709056,-1,0,359,0,0,3,0,0,0,0,0,0,0,0,31741019273127,7021261752,31733998011375,8171929220,29104237042176,7014793216,29097222248960,8164757504,2636782230951,6468536,2636775762415,24868724,8592031744,8592031744,0,8592031744,8562671616,8562671616,0,8562671616,29360128,29360128,0,29360128,359,359,0,359,345,345,0,345,14,14,0,14,,,,,,,,,,,,,,,,,,,,,,,,,,,,,,,,,,,,,,,,,,,,,,,,,,,,,,,,,,,,,,,,,,,,,,,,,,,,,,,,,,,,,,,,,,,,,,,,,,,,,,,,,,,,,,,,,,,,,,,,,,,,,,,,,,,,,,,,,,,,,,,,,,,,,,,,,,,,,,
,1449,,,,,,,,,,,,,,,,,,,,,,,,,,,,,,,,,,,,,,,,,,,,,,,,,,,,,,,,,,,,,,,,,,,,,,,,,,,,,,,,,,,,,,,,,,,,,,,,,,,,,,,,,,,,,,,,,,,,,,,,,,,12603815,2433,12601382,2967,4487934,886,4487048,1138,8115881,1547,8114334,1837,32069344154624,7026556928,32062317597696,8192102912,29428803347456,7019954176,29421783393280,8184799232,2640540807168,6602752,2640534204416,25004544,32069344154624,7026556928,32062317597696,8192102912,29428803347456,7019954176,29421783393280,8184799232,2640540807168,6602752,2640534204416,25004544,12603815,2433,12601382,2967,4487934,886,4487048,1138,8115881,1547,8114334,1837,7786049,111,7785938,237,2644573,72,2644501,133,5141476,39,5141437,108,32096036579840,235880448,32095800699392,1289613312,29396609860608,231997440,29396377863168,1286524928,2699426719232,3883008,2699422836224,17709056,-1,0,359,0,0,3,0,0,0,0,0,0,0,0,31767865428730,7021261828,31760844166902,8171929220,29128212724992,7014793216,29121197931776,8164757504,2639652703738,6468612,2639646235126,24868724,8592031744,8592031744,0,8592031744,8562671616,8562671616,0,8562671616,29360128,29360128,0,29360128,359,359,0,359,345,345,0,345,14,14,0,14,,,,,,,,,,,,,,,,,,,,,,,,,,,,,,,,,,,,
1.2494125545485062e-06,1449,,,,,,,,,,,,,,,,,,,,,,,,,,,,,,,,,,,,,,,,,,,,,,,,,,,,,,,,,,,,,,,,,,,,,,,,,,,,,,,,,,,,,,,,,,,,,,,,,,,,,,,,,,,,,,,,,,,,,,,,,,,,,,,,,,,,,,,,,,,,,,,,,,,,,,,,,,,,,,,,,,,,,,,,,,,,,,,,,,,,,,,,,,,,,,,,,,,,,,,,,,,,,,,,,,,,,,,,,,,,,,,,,,,,,,,,,,,,,,,,,,,,,,,,,,,,,,,,,,,,,,,,,,,,,,,,,,,,,,,,
,1449,12603828,2429,12601399,2967,4487934,886,4487048,1138,8115894,1543,8114351,1837,32069344167424,7026550272,32062317617152,8192102912,29428803347456,7019954176,29421783393280,8184799232,2640540819968,6596096,2640534223872,25004544,32069344167424,7026550272,32062317617152,8192102912,29428803347456,7019954176,29421783393280,8184799232,2640540819968,6596096,2640534223872,25004544,12603828,2429,12601399,2967,4487934,886,4487048,1138,8115894,1543,8114351,1837,7786057,108,7785949,237,2644573,72,2644501,133,5141484,36,5141448,108,32096036599296,235887104,32095800712192,1289613312,29396609860608,231997440,29396377863168,1286524928,2699426738688,3889664,2699422849024,17709056,-1,0,359,0,0,3,0,0,0,0,0,0,0,0,31767865436454,7021258020,31760844178434,8171929220,29128212724992,7014793216,29121197931776,8164757504,2639652711462,6464804,2639646246658,24868724,8592031744,8592031744,0,8592031744,8562671616,8562671616,0,8562671616,29360128,29360128,0,29360128,359,359,0,359,345,345,0,345,14,14,0,14,,,,,,,,,,,,,,,,,,,,,,,,,,,,,,,,,,,,,,,,,,,,,,,,,,,,,,,,,,,,,,,,,,,,,,,,,,,,,,,,,,,,,,,,,,,,,,,,,,,,,,,,,,,,,,,,,,,,,,,,,,,,,,,,,,,,,,,,,,,,,,,,,,,,,,,,,,,,,,
,1449,,,,,,,,,,,,,,,,,,,,,,,,,,,,,,,,,,,,,,,,,,,,,,,,,,,,,,,,,,,,,,,,,,,,,,,,,,,,,,,,,,,,,,,,,,,,,,,,,,,,,,,,,,,,,,,,,,,,,,,,,,,12616748,2433,12614315,2967,4492238,886,4491352,1138,8124510,1547,8122963,1837,32098695710720,7026552320,32091669158400,8192102912,29455220286464,7019954176,29448200332288,8184799232,2643475424256,6598144,2643468826112,25004544,32098695710720,7026552320,32091669158400,8192102912,29455220286464,7019954176,29448200332288,8184799232,2643475424256,6598144,2643468826112,25004544,12616748,2433,12614315,2967,4492238,886,4491352,1138,8124510,1547,8122963,1837,7794756,110,7794646,237,2647480,72,2647408,133,5147276,38,5147238,108,32126215869440,233787904,32125982081536,1289613312,29423635473408,231997440,29423403475968,1286524928,2702580396032,1790464,2702578605568,17709056,-1,0,359,0,0,3,0,0,0,0,0,0,0,0,31796764863657,7021257976,31789743605681,8171929220,29154178404352,7014793216,29147163611136,8164757504,2642586459305,6464760,2642579994545,24868724,8592031744,8592031744,0,8592031744,8562671616,8562671616,0,8562671616,29360128,29360128,0,29360128,359,359,0,359,345,345,0,345,14,14,0,14,,,,,,,,,,,,,,,,,,,,,,,,,,,,,,,,,,,,
,1449,,,,,,,,,,,,,,,,,,,,,,,,,,,,,,,,,,,,,,,,,,,,,,,,,,,,,,,,,,,,,,,,,,,,,,,,,,,,,,,,,,,,,,,,,,,,,,,,,,,,,,,,,,,,,,,,,,,,,,,,,,,,,,,,,,,,,,,,,,,,,,,,,,,,,,,,,,,,,,,,,,,,,,,,,,,,,,,,,,,,,,,,,,,,,,,,,,,,,,,,,,,,,,,,,,,,,,,,,,,,,,,,,,,,,,,,,,,,,,,,,,,,,0.0005617141723632812,0.0039717224426567554,0.0601375512778759,2,,,,,,,,,,,,,,,,,,,,,,,,,,,,,,,,
1.2158442430345752e-06,1499,,,,,,,,,,,,,,,,,,,,,,,,,,,,,,,,,,,,,,,,,,,,,,,,,,,,,,,,,,,,,,,,,,,,,,,,,,,,,,,,,,,,,,,,,,,,,,,,,,,,,,,,,,,,,,,,,,,,,,,,,,,,,,,,,,,,,,,,,,,,,,,,,,,,,,,,,,,,,,,,,,,,,,,,,,,,,,,,,,,,,,,,,,,,,,,,,,,,,,,,,,,,,,,,,,,,,,,,,,,,,,,,,,,,,,,,,,,,,,,,,,,,,,,,,,,,,,,,,,,,,,,,,,,,,,,,,,,,,,,,
,1499,17518537,2429,17516108,2967,6231301,886,6230415,1138,11287236,1543,11285693,1837,44547768373248,7029862912,44540738510336,8192102912,40865279117312,7023263744,40858255853568,8184799232,3682489255936,6599168,3682482656768,25004544,44547768373248,7029862912,44540738510336,8192102912,40865279117312,7023263744,40858255853568,8184799232,3682489255936,6599168,3682482656768,25004544,17518537,2429,17516108,2967,6231301,886,6230415,1138,11287236,1543,11285693,1837,10825985,118,10825867,237,3664855,63,3664792,133,7161130,55,7161075,117,44468309040640,146591232,44468162449408,1289613312,40705259837440,138510336,40705121327104,1286524928,3763049203200,8080896,3763041122304,17709056,-1,0,359,0,0,3,0,0,0,0,0,0,0,0,44126367273958,7021260792,44119346013166,8171929220,40445106998272,7014793216,40438092205056,8164757504,3681260275686,6467576,3681253808110,24868808,8592031744,8592031744,0,8592031744,8562671616,8562671616,0,8562671616,29360128,29360128,0,29360128,359,359,0,359,345,345,0,345,14,14,0,14,,,,,,,,,,,,,,,,,,,,,,,,,,,,,,,,,,,,,,,,,,,,,,,,,,,,,,,,,,,,,,,,,,,,,,,,,,,,,,,,,,,,,,,,,,,,,,,,,,,,,,,,,,,,,,,,,,,,,,,,,,,,,,,,,,,,,,,,,,,,,,,,,,,,,,,,,,,,,,
,1499,,,,,,,,,,,,,,,,,,,,,,,,,,,,,,,,,,,,,,,,,,,,,,,,,,,,,,,,,,,,,,,,,,,,,,,,,,,,,,,,,,,,,,,,,,,,,,,,,,,,,,,,,,,,,,,,,,,,,,,,,,,17530908,2433,17528475,2967,6235384,886,6234498,1138,11295524,1547,11293977,1837,44575241936384,7035206144,44568206730240,8192102912,40889806956544,7028604928,40882778351616,8184799232,3685434979840,6601216,3685428378624,25004544,44575241936384,7035206144,44568206730240,8192102912,40889806956544,7028604928,40882778351616,8184799232,3685434979840,6601216,3685428378624,25004544,17530908,2433,17528475,2967,6235384,886,6234498,1138,11295524,1547,11293977,1837,10833280,123,10833157,237,3667231,69,3667162,133,7166049,54,7165995,117,44496322352128,216745472,44496105606656,1289613312,40730272274432,204472320,40730067802112,1286524928,3766050077696,12273152,3766037804544,17709056,-1,0,359,0,0,3,0,0,0,0,0,0,0,0,44153543725336,7021260808,44146522464528,8171929220,40469338570496,7014793216,40462323777280,8164757504,3684205154840,6467592,3684198687248,24868808,8592031744,8592031744,0,8592031744,8562671616,8562671616,0,8562671616,29360128,29360128,0,29360128,359,359,0,359,345,345,0,345,14,14,0,14,,,,,,,,,,,,,,,,,,,,,,,,,,,,,,,,,,,,
1.2158442430345752e-06,1499,,,,,,,,,,,,,,,,,,,,,,,,,,,,,,,,,,,,,,,,,,,,,,,,,,,,,,,,,,,,,,,,,,,,,,,,,,,,,,,,,,,,,,,,,,,,,,,,,,,,,,,,,,,,,,,,,,,,,,,,,,,,,,,,,,,,,,,,,,,,,,,,,,,,,,,,,,,,,,,,,,,,,,,,,,,,,,,,,,,,,,,,,,,,,,,,,,,,,,,,,,,,,,,,,,,,,,,,,,,,,,,,,,,,,,,,,,,,,,,,,,,,,,,,,,,,,,,,,,,,,,,,,,,,,,,,,,,,,,,,
,1499,17530921,2429,17528492,2967,6235384,886,6234498,1138,11295537,1543,11293994,1837,44575241953792,7035205632,44568206748160,8192102912,40889806956544,7028604928,40882778351616,8184799232,3685434997248,6600704,3685428396544,25004544,44575241953792,7035205632,44568206748160,8192102912,40889806956544,7028604928,40882778351616,8184799232,3685434997248,6600704,3685428396544,25004544,17530921,2429,17528492,2967,6235384,886,6234498,1138,11295537,1543,11293994,1837,10833290,120,10833170,237,3667231,69,3667162,133,7166059,51,7166008,117,44496322370048,216745984,44496105624064,1289613312,40730272274432,204472320,40730067802112,1286524928,3766050095616,12273664,3766037821952,17709056,-1,0,359,0,0,3,0,0,0,0,0,0,0,0,44153543736804,7021261704,44146522475100,8171929220,40469338570496,7014793216,40462323777280,8164757504,3684205166308,6468488,3684198697820,24868808,8592031744,8592031744,0,8592031744,8562671616,8562671616,0,8562671616,29360128,29360128,0,29360128,359,359,0,359,345,345,0,345,14,14,0,14,,,,,,,,,,,,,,,,,,,,,,,,,,,,,,,,,,,,,,,,,,,,,,,,,,,,,,,,,,,,,,,,,,,,,,,,,,,,,,,,,,,,,,,,,,,,,,,,,,,,,,,,,,,,,,,,,,,,,,,,,,,,,,,,,,,,,,,,,,,,,,,,,,,,,,,,,,,,,,
,1499,,,,,,,,,,,,,,,,,,,,,,,,,,,,,,,,,,,,,,,,,,,,,,,,,,,,,,,,,,,,,,,,,,,,,,,,,,,,,,,,,,,,,,,,,,,,,,,,,,,,,,,,,,,,,,,,,,,,,,,,,,,17543292,2433,17540859,2967,6239371,886,6238485,1138,11303921,1547,11302374,1837,44602372556288,7035207680,44595337348608,8192102912,40914097453056,7028604928,40907068848128,8184799232,3688275103232,6602752,3688268500480,25004544,44602372556288,7035207680,44595337348608,8192102912,40914097453056,7028604928,40907068848128,8184799232,3688275103232,6602752,3688268500480,25004544,17543292,2433,17540859,2967,6239371,886,6238485,1138,11303921,1547,11302374,1837,10840342,124,10840218,237,3669241,69,3669172,133,7171101,55,7171046,117,44524162061824,216743936,44523945317888,1289613312,40755271862272,204472320,40755067389952,1286524928,3768890199552,12271616,3768877927936,17709056,-1,0,359,0,0,3,0,0,0,0,0,0,0,0,44180338916247,7021261720,44173317654527,8171929220,40493294551552,7014793216,40486279758336,8164757504,3687044364695,6468504,3687037896191,24868808,8592031744,8592031744,0,8592031744,8562671616,8562671616,0,8562671616,29360128,29360128,0,29360128,359,359,0,359,345,345,0,345,14,14,0,14,,,,,,,,,,,,,,,,,,,,,,,,,,,,,,,,,,,,
1.2158442430345752e-06,1499,,,,,,,,,,,,,,,,,,,,,,,,,,,,,,,,,,,,,,,,,,,,,,,,,,,,,,,,,,,,,,,,,,,,,,,,,,,,,,,,,,,,,,,,,,,,,,,,,,,,,,,,,,,,,,,,,,,,,,,,,,,,,,,,,,,,,,,,,,,,,,,,,,,,,,,,,,,,,,,,,,,,,,,,,,,,,,,,,,,,,,,,,,,,,,,,,,,,,,,,,,,,,,,,,,,,,,,,,,,,,,,,,,,,,,,,,,,,,,,,,,,,,,,,,,,,,,,,,,,,,,,,,,,,,,,,,,,,,,,,
,1499,17543305,2429,17540876,2967,6239371,886,6238485,1138,11303934,1543,11302391,1837,44602372572160,7035204096,44595337368064,8192102912,40914097453056,7028604928,40907068848128,8184799232,3688275119104,6599168,3688268519936,25004544,44602372572160,7035204096,44595337368064,8192102912,40914097453056,7028604928,40907068848128,8184799232,3688275119104,6599168,3688268519936,25004544,17543305,2429,17540876,2967,6239371,886,6238485,1138,11303934,1543,11302391,1837,10840355,125,10840230,237,3669241,69,3669172,133,7171114,56,7171058,117,44524162081280,216747520,44523945333760,1289613312,40755271862272,204472320,40755067389952,1286524928,3768890219008,12275200,3768877943808,17709056,-1,0,359,0,0,3,0,0,0,0,0,0,0,0,44180338926179,7021260168,44173317666011,8171929220,40493294551552,7014793216,40486279758336,8164757504,3687044374627,6466952,3687037907675,24868808,8592031744,8592031744,0,8592031744,8562671616,8562671616,0,8562671616,29360128,29360128,0,29360128,359,359,0,359,345,345,0,345,14,14,0,14,,,,,,,,,,,,,,,,,,,,,,,,,,,,,,,,,,,,,,,,,,,,,,,,,,,,,,,,,,,,,,,,,,,,,,,,,,,,,,,,,,,,,,,,,,,,,,,,,,,,,,,,,,,,,,,,,,,,,,,,,,,,,,,,,,,,,,,,,,,,,,,,,,,,,,,,,,,,,,
,1499,,,,,,,,,,,,,,,,,,,,,,,,,,,,,,,,,,,,,,,,,,,,,,,,,,,,,,,,,,,,,,,,,,,,,,,,,,,,,,,,,,,,,,,,,,,,,,,,,,,,,,,,,,,,,,,,,,,,,,,,,,,17555676,2433,17553243,2967,6243454,886,6242568,1138,11312222,1547,11310675,1837,44630134974976,7035206144,44623099768832,8192102912,40938777085952,7028604928,40931748481024,8184799232,3691357889024,6601216,3691351287808,25004544,44630134974976,7035206144,44623099768832,8192102912,40938777085952,7028604928,40931748481024,8184799232,3691357889024,6601216,3691351287808,25004544,17555676,2433,17553243,2967,6243454,886,6242568,1138,11312222,1547,11310675,1837,10847602,124,10847478,237,3671314,69,3671245,133,7176288,55,7176233,117,44552795922432,216745472,44552579176960,1289613312,40780799588352,204472320,40780595116032,1286524928,3771996334080,12273152,3771984060928,17709056,-1,0,359,0,0,3,0,0,0,0,0,0,0,0,44207794831079,7021260184,44200773570895,8171929220,40517668451584,7014793216,40510653658368,8164757504,3690126379495,6466968,3690119912527,24868808,8592031744,8592031744,0,8592031744,8562671616,8562671616,0,8562671616,29360128,29360128,0,29360128,359,359,0,359,345,345,0,345,14,14,0,14,,,,,,,,,,,,,,,,,,,,,,,,,,,,,,,,,,,,
1.2158442430345752e-06,1499,,,,,,,,,,,,,,,,,,,,,,,,,,,,,,,,,,,,,,,,,,,,,,,,,,,,,,,,,,,,,,,,,,,,,,,,,,,,,,,,,,,,,,,,,,,,,,,,,,,,,,,,,,,,,,,,,,,,,,,,,,,,,,,,,,,,,,,,,,,,,,,,,,,,,,,,,,,,,,,,,,,,,,,,,,,,,,,,,,,,,,,,,,,,,,,,,,,,,,,,,,,,,,,,,,,,,,,,,,,,,,,,,,,,,,,,,,,,,,,,,,,,,,,,,,,,,,,,,,,,,,,,,,,,,,,,,,,,,,,,
,1499,17555689,2429,17553260,2967,6243454,886,6242568,1138,11312235,1543,11310692,1837,44630134990848,7035204096,44623099786752,8192102912,40938777085952,7028604928,40931748481024,8184799232,3691357904896,6599168,3691351305728,25004544,44630134990848,7035204096,44623099786752,8192102912,40938777085952,7028604928,40931748481024,8184799232,3691357904896,6599168,3691351305728,25004544,17555689,2429,17553260,2967,6243454,886,6242568,1138,11312235,1543,11310692,1837,10847613,124,10847489,237,3671314,69,3671245,133,7176299,55,7176244,117,44552795940352,216747520,44552579192832,1289613312,40780799588352,204472320,40780595116032,1286524928,3771996352000,12275200,3771984076800,17709056,-1,0,359,0,0,3,0,0,0,0,0,0,0,0,44207794840819,7021259976,44200773580843,8171929220,40517668451584,7014793216,40510653658368,8164757504,3690126389235,6466760,3690119922475,24868808,8592031744,8592031744,0,8592031744,8562671616,8562671616,0,8562671616,29360128,29360128,0,29360128,359,359,0,359,345,345,0,345,14,14,0,14,,,,,,,,,,,,,,,,,,,,,,,,,,,,,,,,,,,,,,,,,,,,,,,,,,,,,,,,,,,,,,,,,,,,,,,,,,,,,,,,,,,,,,,,,,,,,,,,,,,,,,,,,,,,,,,,,,,,,,,,,,,,,,,,,,,,,,,,,,,,,,,,,,,,,,,,,,,,,,
,1499,,,,,,,,,,,,,,,,,,,,,,,,,,,,,,,,,,,,,,,,,,,,,,,,,,,,,,,,,,,,,,,,,,,,,,,,,,,,,,,,,,,,,,,,,,,,,,,,,,,,,,,,,,,,,,,,,,,,,,,,,,,17568011,2433,17565578,2967,6247441,886,6246555,1138,11320570,1547,11319023,1837,44657385061376,7035206144,44650349855232,8192102912,40963108743168,7028604928,40956080138240,8184799232,3694276318208,6601216,3694269716992,25004544,44657385061376,7035206144,44650349855232,8192102912,40963108743168,7028604928,40956080138240,8184799232,3694276318208,6601216,3694269716992,25004544,17568011,2433,17565578,2967,6247441,886,6246555,1138,11320570,1547,11319023,1837,10854900,125,10854775,237,3673327,69,3673258,133,7181573,56,7181517,117,44580751528448,216745472,44580534782976,1289613312,40805833619456,204472320,40805629147136,1286524928,3774917908992,12273152,3774905635840,17709056,-1,0,359,0,0,3,0,0,0,0,0,0,0,0,44234715943868,7021260052,44227694683816,8171929220,40541671987200,7014793216,40534657193984,8164757504,3693043956668,6466836,3693037489832,24868808,8592031744,8592031744,0,8592031744,8562671616,8562671616,0,8562671616,29360128,29360128,0,29360128,359,359,0,359,345,345,0,345,14,14,0,14,,,,,,,,,,,,,,,,,,,,,,,,,,,,,,,,,,,,
1.2158442430345752e-06,1499,,,,,,,,,,,,,,,,,,,,,,,,,,,,,,,,,,,,,,,,,,,,,,,,,,,,,,,,,,,,,,,,,,,,,,,,,,,,,,,,,,,,,,,,,,,,,,,,,,,,,,,,,,,,,,,,,,,,,,,,,,,,,,,,,,,,,,,,,,,,,,,,,,,,,,,,,,,,,,,,,,,,,,,,,,,,,,,,,,,,,,,,,,,,,,,,,,,,,,,,,,,,,,,,,,,,,,,,,,,,,,,,,,,,,,,,,,,,,,,,,,,,,,,,,,,,,,,,,,,,,,,,,,,,,,,,,,,,,,,,
,1499,17568024,2429,17565595,2967,6247441,886,6246555,1138,11320583,1543,11319040,1837,44657385074176,7035201024,44650349873152,8192102912,40963108743168,7028604928,40956080138240,8184799232,3694276331008,6596096,3694269734912,25004544,44657385074176,7035201024,44650349873152,8192102912,40963108743168,7028604928,40956080138240,8184799232,3694276331008,6596096,3694269734912,25004544,17568024,2429,17565595,2967,6247441,886,6246555,1138,11320583,1543,11319040,1837,10854912,125,10854787,237,3673327,69,3673258,133,7181585,56,7181529,117,44580751546368,216750592,44580534795776,1289613312,40805833619456,204472320,40805629147136,1286524928,3774917926912,12278272,3774905648640,17709056,-1,0,359,0,0,3,0,0,0,0,0,0,0,0,44234715950728,7021257156,44227694693572,8171929220,40541671987200,7014793216,40534657193984,8164757504,3693043963528,6463940,3693037499588,24868808,8592031744,8592031744,0,8592031744,8562671616,8562671616,0,8562671616,29360128,29360128,0,29360128,359,359,0,359,345,345,0,345,14,14,0,14,,,,,,,,,,,,,,,,,,,,,,,,,,,,,,,,,,,,,,,,,,,,,,,,,,,,,,,,,,,,,,,,,,,,,,,,,,,,,,,,,,,,,,,,,,,,,,,,,,,,,,,,,,,,,,,,,,,,,,,,,,,,,,,,,,,,,,,,,,,,,,,,,,,,,,,,,,,,,,
,1499,,,,,,,,,,,,,,,,,,,,,,,,,,,,,,,,,,,,,,,,,,,,,,,,,,,,,,,,,,,,,,,,,,,,,,,,,,,,,,,,,,,,,,,,,,,,,,,,,,,,,,,,,,,,,,,,,,,,,,,,,,,17580346,2433,17577913,2967,6251428,886,6250542,1138,11328918,1547,11327371,1837,44684465184256,7035203072,44677429981184,8192102912,40987380365312,7028604928,40980351760384,8184799232,3697084818944,6598144,3697078220800,25004544,44684465184256,7035203072,44677429981184,8192102912,40987380365312,7028604928,40980351760384,8184799232,3697084818944,6598144,3697078220800,25004544,17580346,2433,17577913,2967,6251428,886,6250542,1138,11328918,1547,11327371,1837,10861926,127,10861799,237,3675337,69,3675268,133,7186589,58,7186531,117,44608543432704,216748544,44608326684160,1289613312,40830817019904,204472320,40830612547584,1286524928,3777726412800,12276224,3777714136576,17709056,-1,0,359,0,0,3,0,0,0,0,0,0,0,0,44261455989320,7021257172,44254434732148,8171929220,40565604436736,7014793216,40558589643520,8164757504,3695851552584,6463956,3695845088628,24868808,8592031744,8592031744,0,8592031744,8562671616,8562671616,0,8562671616,29360128,29360128,0,29360128,359,359,0,359,345,345,0,345,14,14,0,14,,,,,,,,,,,,,,,,,,,,,,,,,,,,,,,,,,,,
1.2158442430345752e-06,1499,,,,,,,,,,,,,,,,,,,,,,,,,,,,,,,,,,,,,,,,,,,,,,,,,,,,,,,,,,,,,,,,,,,,,,,,,,,,,,,,,,,,,,,,,,,,,,,,,,,,,,,,,,,,,,,,,,,,,,,,,,,,,,,,,,,,,,,,,,,,,,,,,,,,,,,,,,,,,,,,,,,,,,,,,,,,,,,,,,,,,,,,,,,,,,,,,,,,,,,,,,,,,,,,,,,,,,,,,,,,,,,,,,,,,,,,,,,,,,,,,,,,,,,,,,,,,,,,,,,,,,,,,,,,,,,,,,,,,,,,
,1499,17580359,2429,17577930,2967,6251428,886,6250542,1138,11328931,1543,11327388,1837,44684465201664,7035205632,44677429996032,8192102912,40987380365312,7028604928,40980351760384,8184799232,3697084836352,6600704,3697078235648,25004544,44684465201664,7035205632,44677429996032,8192102912,40987380365312,7028604928,40980351760384,8184799232,3697084836352,6600704,3697078235648,25004544,17580359,2429,17577930,2967,6251428,886,6250542,1138,11328931,1543,11327388,1837,10861935,123,10861812,237,3675337,69,3675268,133,7186598,54,7186544,117,44608543447552,216745984,44608326701568,1289613312,40830817019904,204472320,40830612547584,1286524928,3777726427648,12273664,3777714153984,17709056,-1,0,359,0,0,3,0,0,0,0,0,0,0,0,44261456001436,7021262412,44254434739024,8171929220,40565604436736,7014793216,40558589643520,8164757504,3695851564700,6469196,3695845095504,24868808,8592031744,8592031744,0,8592031744,8562671616,8562671616,0,8562671616,29360128,29360128,0,29360128,359,359,0,359,345,345,0,345,14,14,0,14,,,,,,,,,,,,,,,,,,,,,,,,,,,,,,,,,,,,,,,,,,,,,,,,,,,,,,,,,,,,,,,,,,,,,,,,,,,,,,,,,,,,,,,,,,,,,,,,,,,,,,,,,,,,,,,,,,,,,,,,,,,,,,,,,,,,,,,,,,,,,,,,,,,,,,,,,,,,,,
,1499,,,,,,,,,,,,,,,,,,,,,,,,,,,,,,,,,,,,,,,,,,,,,,,,,,,,,,,,,,,,,,,,,,,,,,,,,,,,,,,,,,,,,,,,,,,,,,,,,,,,,,,,,,,,,,,,,,,,,,,,,,,17592681,2433,17590248,2967,6255511,886,6254625,1138,11337170,1547,11335623,1837,44711843719168,7035207680,44704808511488,8192102912,41011887982592,7028604928,41004859377664,8184799232,3699955736576,6602752,3699949133824,25004544,44711843719168,7035207680,44704808511488,8192102912,41011887982592,7028604928,41004859377664,8184799232,3699955736576,6602752,3699949133824,25004544,17592681,2433,17590248,2967,6255511,886,6254625,1138,11337170,1547,11335623,1837,10868902,120,10868782,237,3677442,69,3677373,133,7191460,51,7191409,117,44636660381696,216743936,44636443637760,1289613312,40856017442816,204472320,40855812970496,1286524928,3780642938880,12271616,3780630667264,17709056,-1,0,359,0,0,3,0,0,0,0,0,0,0,0,44288481062891,7021262428,44281459800463,8171929220,40589759462912,7014793216,40582744669696,8164757504,3698721599979,6469212,3698715130767,24868808,8592031744,8592031744,0,8592031744,8562671616,8562671616,0,8562671616,29360128,29360128,0,29360128,359,359,0,359,345,345,0,345,14,14,0,14,,,,,,,,,,,,,,,,,,,,,,,,,,,,,,,,,,,,
1.2158442430345752e-06,1499,,,,,,,,,,,,,,,,,,,,,,,,,,,,,,,,,,,,,,,,,,,,,,,,,,,,,,,,,,,,,,,,,,,,,,,,,,,,,,,,,,,,,,,,,,,,,,,,,,,,,,,,,,,,,,,,,,,,,,,,,,,,,,,,,,,,,,,,,,,,,,,,,,,,,,,,,,,,,,,,,,,,,,,,,,,,,,,,,,,,,,,,,,,,,,,,,,,,,,,,,,,,,,,,,,,,,,,,,,,,,,,,,,,,,,,,,,,,,,,,,,,,,,,,,,,,,,,,,,,,,,,,,,,,,,,,,,,,,,,,
,1499,17592694,2429,17590265,2967,6255511,886,6254625,1138,11337183,1543,11335640,1837,44711843736576,7035205632,44704808530944,8192102912,41011887982592,7028604928,41004859377664,8184799232,3699955753984,6600704,3699949153280,25004544,44711843736576,7035205632,44704808530944,8192102912,41011887982592,7028604928,41004859377664,8184799232,3699955753984,6600704,3699949153280,25004544,17592694,2429,17590265,2967,6255511,886,6254625,1138,11337183,1543,11335640,1837,10868914,119,10868795,237,3677442,69,3677373,133,7191472,50,7191422,117,44636660401152,216745984,44636443655168,1289613312,40856017442816,204472320,40855812970496,1286524928,3780642958336,12273664,3780630684672,17709056,-1,0,359,0,0,3,0,0,0,0,0,0,0,0,44288481075175,7021262580,44281459812595,8171929220,40589759462912,7014793216,40582744669696,8164757504,3698721612263,6469364,3698715142899,24868808,8592031744,8592031744,0,8592031744,8562671616,8562671616,0,8562671616,29360128,29360128,0,29360128,359,359,0,359,345,345,0,345,14,14,0,14,,,,,,,,,,,,,,,,,,,,,,,,,,,,,,,,,,,,,,,,,,,,,,,,,,,,,,,,,,,,,,,,,,,,,,,,,,,,,,,,,,,,,,,,,,,,,,,,,,,,,,,,,,,,,,,,,,,,,,,,,,,,,,,,,,,,,,,,,,,,,,,,,,,,,,,,,,,,,,
,1499,,,,,,,,,,,,,,,,,,,,,,,,,,,,,,,,,,,,,,,,,,,,,,,,,,,,,,,,,,,,,,,,,,,,,,,,,,,,,,,,,,,,,,,,,,,,,,,,,,,,,,,,,,,,,,,,,,,,,,,,,,,17605065,2433,17602632,2967,6259498,886,6258612,1138,11345567,1547,11344020,1837,44738951266304,7035207680,44731916058624,8192102912,41036170958848,7028604928,41029142353920,8184799232,3702780307456,6602752,3702773704704,25004544,44738951266304,7035207680,44731916058624,8192102912,41036170958848,7028604928,41029142353920,8184799232,3702780307456,6602752,3702773704704,25004544,17605065,2433,17602632,2967,6259498,886,6258612,1138,11345567,1547,11344020,1837,10875949,123,10875826,237,3679452,69,3679383,133,7196497,54,7196443,117,44664478363648,216743936,44664261619712,1289613312,40881010853888,204472320,40880806381568,1286524928,3783467509760,12271616,3783455238144,17709056,-1,0,359,0,0,3,0,0,0,0,0,0,0,0,44315251541219,7021262536,44308230278683,8171929220,40613706289408,7014793216,40606691496192,8164757504,3701545251811,6469320,3701538782491,24868808,8592031744,8592031744,0,8592031744,8562671616,8562671616,0,8562671616,29360128,29360128,0,29360128,359,359,0,359,345,345,0,345,14,14,0,14,,,,,,,,,,,,,,,,,,,,,,,,,,,,,,,,,,,,
1.2158442430345752e-06,1499,,,,,,,,,,,,,,,,,,,,,,,,,,,,,,,,,,,,,,,,,,,,,,,,,,,,,,,,,,,,,,,,,,,,,,,,,,,,,,,,,,,,,,,,,,,,,,,,,,,,,,,,,,,,,,,,,,,,,,,,,,,,,,,,,,,,,,,,,,,,,,,,,,,,,,,,,,,,,,,,,,,,,,,,,,,,,,,,,,,,,,,,,,,,,,,,,,,,,,,,,,,,,,,,,,,,,,,,,,,,,,,,,,,,,,,,,,,,,,,,,,,,,,,,,,,,,,,,,,,,,,,,,,,,,,,,,,,,,,,,
,1499,17605078,2429,17602649,2967,6259498,886,6258612,1138,11345580,1543,11344037,1837,44738951283712,7035205632,44731916078080,8192102912,41036170958848,7028604928,41029142353920,8184799232,3702780324864,6600704,3702773724160,25004544,44738951283712,7035205632,44731916078080,8192102912,41036170958848,7028604928,41029142353920,8184799232,3702780324864,6600704,3702773724160,25004544,17605078,2429,17602649,2967,6259498,886,6258612,1138,11345580,1543,11344037,1837,10875962,123,10875839,237,3679452,69,3679383,133,7196510,54,7196456,117,44664478383104,216745984,44664261637120,1289613312,40881010853888,204472320,40880806381568,1286524928,3783467529216,12273664,3783455255552,17709056,-1,0,359,0,0,3,0,0,0,0,0,0,0,0,44315251552543,7021261560,44308230290983,8171929220,40613706289408,7014793216,40606691496192,8164757504,3701545263135,6468344,3701538794791,24868808,8592031744,8592031744,0,8592031744,8562671616,8562671616,0,8562671616,29360128,29360128,0,29360128,359,359,0,359,345,345,0,345,14,14,0,14,,,,,,,,,,,,,,,,,,,,,,,,,,,,,,,,,,,,,,,,,,,,,,,,,,,,,,,,,,,,,,,,,,,,,,,,,,,,,,,,,,,,,,,,,,,,,,,,,,,,,,,,,,,,,,,,,,,,,,,,,,,,,,,,,,,,,,,,,,,,,,,,,,,,,,,,,,,,,,
,1499,,,,,,,,,,,,,,,,,,,,,,,,,,,,,,,,,,,,,,,,,,,,,,,,,,,,,,,,,,,,,,,,,,,,,,,,,,,,,,,,,,,,,,,,,,,,,,,,,,,,,,,,,,,,,,,,,,,,,,,,,,,17617949,2433,17615516,2967,6263802,886,6262916,1138,11354147,1547,11352600,1837,44768733214208,7035207680,44761698006528,8192102912,41062743406592,7028604928,41055714801664,8184799232,3705989807616,6602752,3705983204864,25004544,44768733214208,7035207680,44761698006528,8192102912,41062743406592,7028604928,41055714801664,8184799232,3705989807616,6602752,3705983204864,25004544,17617949,2433,17615516,2967,6263802,886,6262916,1138,11354147,1547,11352600,1837,10883361,120,10883241,237,3681527,69,3681458,133,7201834,51,7201783,117,44694874908160,216743936,44694658164224,1289613312,40908187674624,204472320,40907983202304,1286524928,3786687233536,12271616,3786674961920,17709056,-1,0,359,0,0,3,0,0,0,0,0,0,0,0,44344714549988,7021261636,44337693288352,8171929220,40639960474624,7014793216,40632945681408,8164757504,3704754075364,6468420,3704747606944,24868808,8592031744,8592031744,0,8592031744,8562671616,8562671616,0,8562671616,29360128,29360128,0,29360128,359,359,0,359,345,345,0,345,14,14,0,14,,,,,,,,,,,,,,,,,,,,,,,,,,,,,,,,,,,,
,1499,,,,,,,,,,,,,,,,,,,,,,,,,,,,,,,,,,,,,,,,,,,,,,,,,,,,,,,,,,,,,,,,,,,,,,,,,,,,,,,,,,,,,,,,,,,,,,,,,,,,,,,,,,,,,,,,,,,,,,,,,,,,,,,,,,,,,,,,,,,,,,,,,,,,,,,,,,,,,,,,,,,,,,,,,,,,,,,,,,,,,,,,,,,,,,,,,,,,,,,,,,,,,,,,,,,,,,,,,,,,,,,,,,,,,,,,,,,,,,,,,,,,,0.00010263919830322266,6.198883056640625e-05,0.0010324716567993164,2,,,,,,,,,,,,,,,,,,,,,,,,,,,,,,,,
1.1822759315206446e-06,1549,,,,,,,,,,,,,,,,,,,,,,,,,,,,,,,,,,,,,,,,,,,,,,,,,,,,,,,,,,,,,,,,,,,,,,,,,,,,,,,,,,,,,,,,,,,,,,,,,,,,,,,,,,,,,,,,,,,,,,,,,,,,,,,,,,,,,,,,,,,,,,,,,,,,,,,,,,,,,,,,,,,,,,,,,,,,,,,,,,,,,,,,,,,,,,,,,,,,,,,,,,,,,,,,,,,,,,,,,,,,,,,,,,,,,,,,,,,,,,,,,,,,,,,,,,,,,,,,,,,,,,,,,,,,,,,,,,,,,,,,
,1549,22518974,2429,22516545,2967,7993959,886,7993073,1138,14525015,1543,14523472,1837,57184460824576,7032646656,57177428177920,8192102912,52444064850944,7026049024,52437038801920,8184799232,4740395973632,6597632,4740389376000,25004544,57184460824576,7032646656,57177428177920,8192102912,52444064850944,7026049024,52437038801920,8184799232,4740395973632,6597632,4740389376000,25004544,22518974,2429,22516545,2967,7993959,886,7993073,1138,14525015,1543,14523472,1837,13917556,108,13917448,237,4687464,66,4687398,133,9230092,42,9230050,117,56966875106304,179459072,56966695647232,1289613312,52123266247680,171376640,52123094871040,1286524928,4843608858624,8082432,4843600776192,17771520,-1,0,360,0,0,3,0,0,0,0,0,0,0,0,56643327769639,7021259580,56636306510059,8171929220,51904512354304,7014793216,51897497561088,8164757504,4738815415335,6466364,4738808948971,24868808,8594128896,8594128896,0,8594128896,8562671616,8562671616,0,8562671616,31457280,31457280,0,31457280,360,360,0,360,345,345,0,345,15,15,0,15,,,,,,,,,,,,,,,,,,,,,,,,,,,,,,,,,,,,,,,,,,,,,,,,,,,,,,,,,,,,,,,,,,,,,,,,,,,,,,,,,,,,,,,,,,,,,,,,,,,,,,,,,,,,,,,,,,,,,,,,,,,,,,,,,,,,,,,,,,,,,,,,,,,,,,,,,,,,,,
,1549,,,,,,,,,,,,,,,,,,,,,,,,,,,,,,,,,,,,,,,,,,,,,,,,,,,,,,,,,,,,,,,,,,,,,,,,,,,,,,,,,,,,,,,,,,,,,,,,,,,,,,,,,,,,,,,,,,,,,,,,,,,22531296,2433,22528863,2967,7997946,886,7997060,1138,14533350,1547,14531803,1837,57211647668736,7028175872,57204619492864,8192102912,52468396082176,7021576192,52461374505984,8184799232,4743251586560,6599680,4743244986880,25004544,57211647668736,7028175872,57204619492864,8192102912,52468396082176,7021576192,52461374505984,8184799232,4743251586560,6599680,4743244986880,25004544,22531296,2433,22528863,2967,7997946,886,7997060,1138,14533350,1547,14531803,1837,13925443,127,13925316,237,4689861,70,4689791,133,9235582,57,9235525,117,56994399475200,181832704,56994217642496,1289613312,52147903507456,175849472,52147727657984,1286524928,4846495967744,5983232,4846489984512,17771520,-1,0,360,0,0,3,0,0,0,0,0,0,0,0,56670146455010,7021259596,56663125195414,8171929220,51928476302080,7014793216,51921461508864,8164757504,4741670152930,6466380,4741663686550,24868808,8594128896,8594128896,0,8594128896,8562671616,8562671616,0,8562671616,31457280,31457280,0,31457280,360,360,0,360,345,345,0,345,15,15,0,15,,,,,,,,,,,,,,,,,,,,,,,,,,,,,,,,,,,,
1.1822759315206446e-06,1549,,,,,,,,,,,,,,,,,,,,,,,,,,,,,,,,,,,,,,,,,,,,,,,,,,,,,,,,,,,,,,,,,,,,,,,,,,,,,,,,,,,,,,,,,,,,,,,,,,,,,,,,,,,,,,,,,,,,,,,,,,,,,,,,,,,,,,,,,,,,,,,,,,,,,,,,,,,,,,,,,,,,,,,,,,,,,,,,,,,,,,,,,,,,,,,,,,,,,,,,,,,,,,,,,,,,,,,,,,,,,,,,,,,,,,,,,,,,,,,,,,,,,,,,,,,,,,,,,,,,,,,,,,,,,,,,,,,,,,,,
,1549,22531309,2429,22528880,2967,7997946,886,7997060,1138,14533363,1543,14531820,1837,57211647687680,7028178432,57204619509248,8192102912,52468396082176,7021576192,52461374505984,8184799232,4743251605504,6602240,4743245003264,25004544,57211647687680,7028178432,57204619509248,8192102912,52468396082176,7021576192,52461374505984,8184799232,4743251605504,6602240,4743245003264,25004544,22531309,2429,22528880,2967,7997946,886,7997060,1138,14533363,1543,14531820,1837,13925454,126,13925328,237,4689861,70,4689791,133,9235593,56,9235537,117,56994399491584,181830144,56994217661440,1289613312,52147903507456,175849472,52147727657984,1286524928,4846495984128,5980672,4846490003456,17771520,-1,0,360,0,0,3,0,0,0,0,0,0,0,0,56670146467942,7021263228,56663125204714,8171929220,51928476302080,7014793216,51921461508864,8164757504,4741670165862,6470012,4741663695850,24868808,8594128896,8594128896,0,8594128896,8562671616,8562671616,0,8562671616,31457280,31457280,0,31457280,360,360,0,360,345,345,0,345,15,15,0,15,,,,,,,,,,,,,,,,,,,,,,,,,,,,,,,,,,,,,,,,,,,,,,,,,,,,,,,,,,,,,,,,,,,,,,,,,,,,,,,,,,,,,,,,,,,,,,,,,,,,,,,,,,,,,,,,,,,,,,,,,,,,,,,,,,,,,,,,,,,,,,,,,,,,,,,,,,,,,,
,1549,,,,,,,,,,,,,,,,,,,,,,,,,,,,,,,,,,,,,,,,,,,,,,,,,,,,,,,,,,,,,,,,,,,,,,,,,,,,,,,,,,,,,,,,,,,,,,,,,,,,,,,,,,,,,,,,,,,,,,,,,,,22544231,2433,22541798,2967,8004837,886,8003951,1138,14539394,1547,14537847,1837,57266679242240,7028180480,57259651061760,8192102912,52522629936128,7021576192,52515608359936,8184799232,4744049306112,6604288,4744042701824,25004544,57266679242240,7028180480,57259651061760,8192102912,52522629936128,7021576192,52515608359936,8184799232,4744049306112,6604288,4744042701824,25004544,22544231,2433,22541798,2967,8004837,886,8003951,1138,14539394,1547,14537847,1837,13933750,128,13933622,237,4694846,70,4694776,133,9238904,58,9238846,117,57042185523200,181828096,57042003695104,1289613312,52194891840512,175849472,52194715991040,1286524928,4847293682688,5978624,4847287704064,17771520,-1,0,360,0,0,3,0,0,0,0,0,0,0,0,56724895952273,7021263184,56717874689089,8171929220,51982428950016,7014793216,51975414156800,8164757504,4742467002257,6469968,4742460532289,24868808,8594128896,8594128896,0,8594128896,8562671616,8562671616,0,8562671616,31457280,31457280,0,31457280,360,360,0,360,345,345,0,345,15,15,0,15,,,,,,,,,,,,,,,,,,,,,,,,,,,,,,,,,,,,
1.1822759315206446e-06,1549,,,,,,,,,,,,,,,,,,,,,,,,,,,,,,,,,,,,,,,,,,,,,,,,,,,,,,,,,,,,,,,,,,,,,,,,,,,,,,,,,,,,,,,,,,,,,,,,,,,,,,,,,,,,,,,,,,,,,,,,,,,,,,,,,,,,,,,,,,,,,,,,,,,,,,,,,,,,,,,,,,,,,,,,,,,,,,,,,,,,,,,,,,,,,,,,,,,,,,,,,,,,,,,,,,,,,,,,,,,,,,,,,,,,,,,,,,,,,,,,,,,,,,,,,,,,,,,,,,,,,,,,,,,,,,,,,,,,,,,,
,1549,22544244,2429,22541815,2967,8004837,886,8003951,1138,14539407,1543,14537864,1837,57266679251968,7028169216,57259651082752,8192102912,52522629936128,7021576192,52515608359936,8184799232,4744049315840,6593024,4744042722816,25004544,57266679251968,7028169216,57259651082752,8192102912,52522629936128,7021576192,52515608359936,8184799232,4744049315840,6593024,4744042722816,25004544,22544244,2429,22541815,2967,8004837,886,8003951,1138,14539407,1543,14537864,1837,13933763,129,13933634,237,4694846,70,4694776,133,9238917,59,9238858,117,57042185544192,181839360,57042003704832,1289613312,52194891840512,175849472,52194715991040,1286524928,4847293703680,5989888,4847287713792,17771520,-1,0,360,0,0,3,0,0,0,0,0,0,0,0,56724895956445,7021254408,56717874702037,8171929220,51982428950016,7014793216,51975414156800,8164757504,4742467006429,6461192,4742460545237,24868808,8594128896,8594128896,0,8594128896,8562671616,8562671616,0,8562671616,31457280,31457280,0,31457280,360,360,0,360,345,345,0,345,15,15,0,15,,,,,,,,,,,,,,,,,,,,,,,,,,,,,,,,,,,,,,,,,,,,,,,,,,,,,,,,,,,,,,,,,,,,,,,,,,,,,,,,,,,,,,,,,,,,,,,,,,,,,,,,,,,,,,,,,,,,,,,,,,,,,,,,,,,,,,,,,,,,,,,,,,,,,,,,,,,,,,
,1549,,,,,,,,,,,,,,,,,,,,,,,,,,,,,,,,,,,,,,,,,,,,,,,,,,,,,,,,,,,,,,,,,,,,,,,,,,,,,,,,,,,,,,,,,,,,,,,,,,,,,,,,,,,,,,,,,,,,,,,,,,,22556615,2433,22554182,2967,8008819,886,8007933,1138,14547796,1547,14546249,1837,57293939608064,7028171264,57286911436800,8192102912,52547000411136,7021576192,52539978834944,8184799232,4746939196928,6595072,4746932601856,25004544,57293939608064,7028171264,57286911436800,8192102912,52547000411136,7021576192,52539978834944,8184799232,4746939196928,6595072,4746932601856,25004544,22556615,2433,22554182,2967,8008819,886,8007933,1138,14547796,1547,14546249,1837,13941339,131,13941208,237,4697394,70,4697324,133,9243945,61,9243884,117,57071713312768,181837312,57071531475456,1289613312,52221441281024,175849472,52221265431552,1286524928,4850272031744,5987840,4850266043904,17771520,-1,0,360,0,0,3,0,0,0,0,0,0,0,0,56751760859602,7021254424,56744739605178,8171929220,52006404858112,7014793216,51999390064896,8164757504,4745356001490,6461208,4745349540282,24868808,8594128896,8594128896,0,8594128896,8562671616,8562671616,0,8562671616,31457280,31457280,0,31457280,360,360,0,360,345,345,0,345,15,15,0,15,,,,,,,,,,,,,,,,,,,,,,,,,,,,,,,,,,,,
1.1822759315206446e-06,1549,,,,,,,,,,,,,,,,,,,,,,,,,,,,,,,,,,,,,,,,,,,,,,,,,,,,,,,,,,,,,,,,,,,,,,,,,,,,,,,,,,,,,,,,,,,,,,,,,,,,,,,,,,,,,,,,,,,,,,,,,,,,,,,,,,,,,,,,,,,,,,,,,,,,,,,,,,,,,,,,,,,,,,,,,,,,,,,,,,,,,,,,,,,,,,,,,,,,,,,,,,,,,,,,,,,,,,,,,,,,,,,,,,,,,,,,,,,,,,,,,,,,,,,,,,,,,,,,,,,,,,,,,,,,,,,,,,,,,,,,
,1549,22556628,2429,22554199,2967,8008819,886,8007933,1138,14547809,1543,14546266,1837,57293939617792,7028169216,57286911448576,8192102912,52547000411136,7021576192,52539978834944,8184799232,4746939206656,6593024,4746932613632,25004544,57293939617792,7028169216,57286911448576,8192102912,52547000411136,7021576192,52539978834944,8184799232,4746939206656,6593024,4746932613632,25004544,22556628,2429,22554199,2967,8008819,886,8007933,1138,14547809,1543,14546266,1837,13941353,132,13941221,237,4697394,70,4697324,133,9243959,62,9243897,117,57071713324544,181839360,57071531485184,1289613312,52221441281024,175849472,52221265431552,1286524928,4850272043520,5989888,4850266053632,17771520,-1,0,360,0,0,3,0,0,0,0,0,0,0,0,56751760864326,7021254960,56744739609366,8171929220,52006404858112,7014793216,51999390064896,8164757504,4745356006214,6461744,4745349544470,24868808,8594128896,8594128896,0,8594128896,8562671616,8562671616,0,8562671616,31457280,31457280,0,31457280,360,360,0,360,345,345,0,345,15,15,0,15,,,,,,,,,,,,,,,,,,,,,,,,,,,,,,,,,,,,,,,,,,,,,,,,,,,,,,,,,,,,,,,,,,,,,,,,,,,,,,,,,,,,,,,,,,,,,,,,,,,,,,,,,,,,,,,,,,,,,,,,,,,,,,,,,,,,,,,,,,,,,,,,,,,,,,,,,,,,,,
,1549,,,,,,,,,,,,,,,,,,,,,,,,,,,,,,,,,,,,,,,,,,,,,,,,,,,,,,,,,,,,,,,,,,,,,,,,,,,,,,,,,,,,,,,,,,,,,,,,,,,,,,,,,,,,,,,,,,,,,,,,,,,22568950,2433,22566517,2967,8012801,886,8011915,1138,14556149,1547,14554602,1837,57321368713216,7028171264,57314340541952,8192102912,52571492267008,7021576192,52564470690816,8184799232,4749876446208,6595072,4749869851136,25004544,57321368713216,7028171264,57314340541952,8192102912,52571492267008,7021576192,52564470690816,8184799232,4749876446208,6595072,4749869851136,25004544,22568950,2433,22566517,2967,8012801,886,8011915,1138,14556149,1547,14554602,1837,13949578,131,13949447,237,4700027,70,4699957,133,9249551,61,9249490,117,57101280341504,181837312,57101098504192,1289613312,52247995587584,175849472,52247819738112,1286524928,4853284753920,5987840,4853278766080,17771520,-1,0,360,0,0,3,0,0,0,0,0,0,0,0,56778702663883,7021255036,56771681408847,8171929220,52030410257408,7014793216,52023395464192,8164757504,4748292406475,6461820,4748285944655,24868808,8594128896,8594128896,0,8594128896,8562671616,8562671616,0,8562671616,31457280,31457280,0,31457280,360,360,0,360,345,345,0,345,15,15,0,15,,,,,,,,,,,,,,,,,,,,,,,,,,,,,,,,,,,,
1.1822759315206446e-06,1549,,,,,,,,,,,,,,,,,,,,,,,,,,,,,,,,,,,,,,,,,,,,,,,,,,,,,,,,,,,,,,,,,,,,,,,,,,,,,,,,,,,,,,,,,,,,,,,,,,,,,,,,,,,,,,,,,,,,,,,,,,,,,,,,,,,,,,,,,,,,,,,,,,,,,,,,,,,,,,,,,,,,,,,,,,,,,,,,,,,,,,,,,,,,,,,,,,,,,,,,,,,,,,,,,,,,,,,,,,,,,,,,,,,,,,,,,,,,,,,,,,,,,,,,,,,,,,,,,,,,,,,,,,,,,,,,,,,,,,,,
,1549,22568963,2429,22566534,2967,8012801,886,8011915,1138,14556162,1543,14554619,1837,57321368727552,7028173824,57314340553728,8192102912,52571492267008,7021576192,52564470690816,8184799232,4749876460544,6597632,4749869862912,25004544,57321368727552,7028173824,57314340553728,8192102912,52571492267008,7021576192,52564470690816,8184799232,4749876460544,6597632,4749869862912,25004544,22568963,2429,22566534,2967,8012801,886,8011915,1138,14556162,1543,14554619,1837,13949591,132,13949459,237,4700027,70,4699957,133,9249564,62,9249502,117,57101280353280,181834752,57101098518528,1289613312,52247995587584,175849472,52247819738112,1286524928,4853284765696,5985280,4853278780416,17771520,-1,0,360,0,0,3,0,0,0,0,0,0,0,0,56778702672279,7021258692,56771681413587,8171929220,52030410257408,7014793216,52023395464192,8164757504,4748292414871,6465476,4748285949395,24868808,8594128896,8594128896,0,8594128896,8562671616,8562671616,0,8562671616,31457280,31457280,0,31457280,360,360,0,360,345,345,0,345,15,15,0,15,,,,,,,,,,,,,,,,,,,,,,,,,,,,,,,,,,,,,,,,,,,,,,,,,,,,,,,,,,,,,,,,,,,,,,,,,,,,,,,,,,,,,,,,,,,,,,,,,,,,,,,,,,,,,,,,,,,,,,,,,,,,,,,,,,,,,,,,,,,,,,,,,,,,,,,,,,,,,,
,1549,,,,,,,,,,,,,,,,,,,,,,,,,,,,,,,,,,,,,,,,,,,,,,,,,,,,,,,,,,,,,,,,,,,,,,,,,,,,,,,,,,,,,,,,,,,,,,,,,,,,,,,,,,,,,,,,,,,,,,,,,,,22581334,2433,22578901,2967,8016788,886,8015902,1138,14564546,1547,14562999,1837,57348633094144,7028175872,57341604918272,8192102912,52595869770752,7021576192,52588848194560,8184799232,4752763323392,6599680,4752756723712,25004544,57348633094144,7028175872,57341604918272,8192102912,52595869770752,7021576192,52588848194560,8184799232,4752763323392,6599680,4752756723712,25004544,22581334,2433,22578901,2967,8016788,886,8015902,1138,14564546,1547,14562999,1837,13957202,129,13957073,237,4702580,70,4702510,133,9254622,59,9254563,117,57130801933312,181832704,57130620100608,1289613312,52274552056832,175849472,52274376207360,1286524928,4856249876480,5983232,4856243893248,17771520,-1,0,360,0,0,3,0,0,0,0,0,0,0,0,56805571500606,7021258648,56798550241958,8171929220,52054393108224,7014793216,52047378315008,8164757504,4751178392382,6465432,4751171926950,24868808,8594128896,8594128896,0,8594128896,8562671616,8562671616,0,8562671616,31457280,31457280,0,31457280,360,360,0,360,345,345,0,345,15,15,0,15,,,,,,,,,,,,,,,,,,,,,,,,,,,,,,,,,,,,
1.1822759315206446e-06,1549,,,,,,,,,,,,,,,,,,,,,,,,,,,,,,,,,,,,,,,,,,,,,,,,,,,,,,,,,,,,,,,,,,,,,,,,,,,,,,,,,,,,,,,,,,,,,,,,,,,,,,,,,,,,,,,,,,,,,,,,,,,,,,,,,,,,,,,,,,,,,,,,,,,,,,,,,,,,,,,,,,,,,,,,,,,,,,,,,,,,,,,,,,,,,,,,,,,,,,,,,,,,,,,,,,,,,,,,,,,,,,,,,,,,,,,,,,,,,,,,,,,,,,,,,,,,,,,,,,,,,,,,,,,,,,,,,,,,,,,,
,1549,22581347,2429,22578918,2967,8016788,886,8015902,1138,14564559,1543,14563016,1837,57348633114624,7028179968,57341604934656,8192102912,52595869770752,7021576192,52588848194560,8184799232,4752763343872,6603776,4752756740096,25004544,57348633114624,7028179968,57341604934656,8192102912,52595869770752,7021576192,52588848194560,8184799232,4752763343872,6603776,4752756740096,25004544,22581347,2429,22578918,2967,8016788,886,8015902,1138,14564559,1543,14563016,1837,13957215,130,13957085,237,4702580,70,4702510,133,9254635,60,9254575,117,57130801949696,181828608,57130620121088,1289613312,52274552056832,175849472,52274376207360,1286524928,4856249892864,5979136,4856243913728,17771520,-1,0,360,0,0,3,0,0,0,0,0,0,0,0,56805571516346,7021265976,56798550250370,8171929220,52054393108224,7014793216,52047378315008,8164757504,4751178408122,6472760,4751171935362,24868808,8594128896,8594128896,0,8594128896,8562671616,8562671616,0,8562671616,31457280,31457280,0,31457280,360,360,0,360,345,345,0,345,15,15,0,15,,,,,,,,,,,,,,,,,,,,,,,,,,,,,,,,,,,,,,,,,,,,,,,,,,,,,,,,,,,,,,,,,,,,,,,,,,,,,,,,,,,,,,,,,,,,,,,,,,,,,,,,,,,,,,,,,,,,,,,,,,,,,,,,,,,,,,,,,,,,,,,,,,,,,,,,,,,,,,
,1549,,,,,,,,,,,,,,,,,,,,,,,,,,,,,,,,,,,,,,,,,,,,,,,,,,,,,,,,,,,,,,,,,,,,,,,,,,,,,,,,,,,,,,,,,,,,,,,,,,,,,,,,,,,,,,,,,,,,,,,,,,,22594266,2433,22591833,2967,8023679,886,8022793,1138,14570587,1547,14569040,1837,57404024749568,7028182016,57396996567552,8192102912,52650441565184,7021576192,52643419988992,8184799232,4753583184384,6605824,4753576578560,25004544,57404024749568,7028182016,57396996567552,8192102912,52650441565184,7021576192,52643419988992,8184799232,4753583184384,6605824,4753576578560,25004544,22594266,2433,22591833,2967,8023679,886,8022793,1138,14570587,1547,14569040,1837,13965413,132,13965281,237,4707514,70,4707444,133,9257899,62,9257837,117,57179857275392,181826560,57179675448832,1289613312,52322787544064,175849472,52322611694592,1286524928,4857069731328,5977088,4857063754240,17771520,-1,0,360,0,0,3,0,0,0,0,0,0,0,0,56860664557397,7021265992,56853643291405,8171929220,52108667116032,7014793216,52101652322816,8164757504,4751997441365,6472776,4751990968589,24868808,8594128896,8594128896,0,8594128896,8562671616,8562671616,0,8562671616,31457280,31457280,0,31457280,360,360,0,360,345,345,0,345,15,15,0,15,,,,,,,,,,,,,,,,,,,,,,,,,,,,,,,,,,,,
1.1822759315206446e-06,1549,,,,,,,,,,,,,,,,,,,,,,,,,,,,,,,,,,,,,,,,,,,,,,,,,,,,,,,,,,,,,,,,,,,,,,,,,,,,,,,,,,,,,,,,,,,,,,,,,,,,,,,,,,,,,,,,,,,,,,,,,,,,,,,,,,,,,,,,,,,,,,,,,,,,,,,,,,,,,,,,,,,,,,,,,,,,,,,,,,,,,,,,,,,,,,,,,,,,,,,,,,,,,,,,,,,,,,,,,,,,,,,,,,,,,,,,,,,,,,,,,,,,,,,,,,,,,,,,,,,,,,,,,,,,,,,,,,,,,,,,
,1549,22594279,2429,22591850,2967,8023679,886,8022793,1138,14570600,1543,14569057,1837,57404024770048,7028179968,57396996590080,8192102912,52650441565184,7021576192,52643419988992,8184799232,4753583204864,6603776,4753576601088,25004544,57404024770048,7028179968,57396996590080,8192102912,52650441565184,7021576192,52643419988992,8184799232,4753583204864,6603776,4753576601088,25004544,22594279,2429,22591850,2967,8023679,886,8022793,1138,14570600,1543,14569057,1837,13965423,130,13965293,237,4707514,70,4707444,133,9257909,60,9257849,117,57179857297920,181828608,57179675469312,1289613312,52322787544064,175849472,52322611694592,1286524928,4857069753856,5979136,4857063774720,17771520,-1,0,360,0,0,3,0,0,0,0,0,0,0,0,56860664572153,7021264992,56853643307161,8171929220,52108667116032,7014793216,52101652322816,8164757504,4751997456121,6471776,4751990984345,24868808,8594128896,8594128896,0,8594128896,8562671616,8562671616,0,8562671616,31457280,31457280,0,31457280,360,360,0,360,345,345,0,345,15,15,0,15,,,,,,,,,,,,,,,,,,,,,,,,,,,,,,,,,,,,,,,,,,,,,,,,,,,,,,,,,,,,,,,,,,,,,,,,,,,,,,,,,,,,,,,,,,,,,,,,,,,,,,,,,,,,,,,,,,,,,,,,,,,,,,,,,,,,,,,,,,,,,,,,,,,,,,,,,,,,,,
,1549,,,,,,,,,,,,,,,,,,,,,,,,,,,,,,,,,,,,,,,,,,,,,,,,,,,,,,,,,,,,,,,,,,,,,,,,,,,,,,,,,,,,,,,,,,,,,,,,,,,,,,,,,,,,,,,,,,,,,,,,,,,22607202,2433,22604769,2967,8030570,886,8029684,1138,14576632,1547,14575085,1837,57458733471744,7028182016,57451705289728,8192102912,52704376521728,7021576192,52697354945536,8184799232,4754356950016,6605824,4754350344192,25004544,57458733471744,7028182016,57451705289728,8192102912,52704376521728,7021576192,52697354945536,8184799232,4754356950016,6605824,4754350344192,25004544,22607202,2433,22604769,2967,8030570,886,8029684,1138,14576632,1547,14575085,1837,13973773,130,13973643,237,4712532,70,4712462,133,9261241,60,9261181,117,57229709624320,181826560,57229527797760,1289613312,52371866127360,175849472,52371690277888,1286524928,4857843496960,5977088,4857837519872,17771520,-1,0,360,0,0,3,0,0,0,0,0,0,0,0,56915026530764,7021265008,56908005265756,8171929220,52162256252160,7014793216,52155241458944,8164757504,4752770278604,6471792,4752763806812,24868808,8594128896,8594128896,0,8594128896,8562671616,8562671616,0,8562671616,31457280,31457280,0,31457280,360,360,0,360,345,345,0,345,15,15,0,15,,,,,,,,,,,,,,,,,,,,,,,,,,,,,,,,,,,,
1.1822759315206446e-06,1549,,,,,,,,,,,,,,,,,,,,,,,,,,,,,,,,,,,,,,,,,,,,,,,,,,,,,,,,,,,,,,,,,,,,,,,,,,,,,,,,,,,,,,,,,,,,,,,,,,,,,,,,,,,,,,,,,,,,,,,,,,,,,,,,,,,,,,,,,,,,,,,,,,,,,,,,,,,,,,,,,,,,,,,,,,,,,,,,,,,,,,,,,,,,,,,,,,,,,,,,,,,,,,,,,,,,,,,,,,,,,,,,,,,,,,,,,,,,,,,,,,,,,,,,,,,,,,,,,,,,,,,,,,,,,,,,,,,,,,,,
,1549,22607215,2429,22604786,2967,8030570,886,8029684,1138,14576645,1543,14575102,1837,57458733486080,7028173824,57451705312256,8192102912,52704376521728,7021576192,52697354945536,8184799232,4754356964352,6597632,4754350366720,25004544,57458733486080,7028173824,57451705312256,8192102912,52704376521728,7021576192,52697354945536,8184799232,4754356964352,6597632,4754350366720,25004544,22607215,2429,22604786,2967,8030570,886,8029684,1138,14576645,1543,14575102,1837,13973783,128,13973655,237,4712532,70,4712462,133,9261251,58,9261193,117,57229709646848,181834752,57229527812096,1289613312,52371866127360,175849472,52371690277888,1286524928,4857843519488,5985280,4857837534208,17771520,-1,0,360,0,0,3,0,0,0,0,0,0,0,0,56915026539304,7021258776,56908005280528,8171929220,52162256252160,7014793216,52155241458944,8164757504,4752770287144,6465560,4752763821584,24868808,8594128896,8594128896,0,8594128896,8562671616,8562671616,0,8562671616,31457280,31457280,0,31457280,360,360,0,360,345,345,0,345,15,15,0,15,,,,,,,,,,,,,,,,,,,,,,,,,,,,,,,,,,,,,,,,,,,,,,,,,,,,,,,,,,,,,,,,,,,,,,,,,,,,,,,,,,,,,,,,,,,,,,,,,,,,,,,,,,,,,,,,,,,,,,,,,,,,,,,,,,,,,,,,,,,,,,,,,,,,,,,,,,,,,,
,1549,,,,,,,,,,,,,,,,,,,,,,,,,,,,,,,,,,,,,,,,,,,,,,,,,,,,,,,,,,,,,,,,,,,,,,,,,,,,,,,,,,,,,,,,,,,,,,,,,,,,,,,,,,,,,,,,,,,,,,,,,,,22620135,2433,22617702,2967,8034874,886,8033988,1138,14585261,1547,14583714,1837,57487997845504,7028175872,57480969669632,8192102912,52730768663552,7021576192,52723747087360,8184799232,4757229181952,6599680,4757222582272,25004544,57487997845504,7028175872,57480969669632,8192102912,52730768663552,7021576192,52723747087360,8184799232,4757229181952,6599680,4757222582272,25004544,22620135,2433,22617702,2967,8034874,886,8033988,1138,14585261,1547,14583714,1837,13981870,130,13981740,237,4715317,70,4715247,133,9266553,60,9266493,117,57261071238144,181832704,57260889405440,1289613312,52400204950528,175849472,52400029101056,1286524928,4860866287616,5983232,4860860304384,17771520,-1,0,360,0,0,3,0,0,0,0,0,0,0,0,56943799357903,7021258792,56936778099111,8171929220,52188157747200,7014793216,52181142953984,8164757504,4755641610703,6465576,4755635145127,24868808,8594128896,8594128896,0,8594128896,8562671616,8562671616,0,8562671616,31457280,31457280,0,31457280,360,360,0,360,345,345,0,345,15,15,0,15,,,,,,,,,,,,,,,,,,,,,,,,,,,,,,,,,,,,
,1549,,,,,,,,,,,,,,,,,,,,,,,,,,,,,,,,,,,,,,,,,,,,,,,,,,,,,,,,,,,,,,,,,,,,,,,,,,,,,,,,,,,,,,,,,,,,,,,,,,,,,,,,,,,,,,,,,,,,,,,,,,,,,,,,,,,,,,,,,,,,,,,,,,,,,,,,,,,,,,,,,,,,,,,,,,,,,,,,,,,,,,,,,,,,,,,,,,,,,,,,,,,,,,,,,,,,,,,,,,,,,,,,,,,,,,,,,,,,,,,,,,,,,0.0006098747253417969,0.0032438975758850574,0.049268338829278946,2,,,,,,,,,,,,,,,,,,,,,,,,,,,,,,,,
1.1487076200067136e-06,1599,,,,,,,,,,,,,,,,,,,,,,,,,,,,,,,,,,,,,,,,,,,,,,,,,,,,,,,,,,,,,,,,,,,,,,,,,,,,,,,,,,,,,,,,,,,,,,,,,,,,,,,,,,,,,,,,,,,,,,,,,,,,,,,,,,,,,,,,,,,,,,,,,,,,,,,,,,,,,,,,,,,,,,,,,,,,,,,,,,,,,,,,,,,,,,,,,,,,,,,,,,,,,,,,,,,,,,,,,,,,,,,,,,,,,,,,,,,,,,,,,,,,,,,,,,,,,,,,,,,,,,,,,,,,,,,,,,,,,,,,
,1599,27521058,2429,27518629,2967,9771561,886,9770675,1138,17749497,1543,17747954,1837,69765876182528,7026302976,69758849879552,8192102912,63975144184832,7019708416,63968124476416,8184799232,5790731997696,6594560,5790725403136,25004544,69765876182528,7026302976,69758849879552,8192102912,63975144184832,7019708416,63968124476416,8184799232,5790731997696,6594560,5790725403136,25004544,27521058,2429,27518629,2967,9771561,886,9770675,1138,17749497,1543,17747954,1837,17016847,112,17016735,237,5739958,73,5739885,133,11276889,39,11276850,117,69535641808896,236134400,69535405674496,1312108032,63617340109824,232243200,63617107866624,1303678976,5918301699072,3891200,5918297807872,17771520,-1,0,360,0,0,3,0,0,0,0,0,0,0,0,69105857800323,7021256208,69098836544115,8171929220,63317057927168,7014793216,63310043133952,8164757504,5788799873155,6462992,5788793410163,24868808,8594128896,8594128896,0,8594128896,8562671616,8562671616,0,8562671616,31457280,31457280,0,31457280,360,360,0,360,345,345,0,345,15,15,0,15,,,,,,,,,,,,,,,,,,,,,,,,,,,,,,,,,,,,,,,,,,,,,,,,,,,,,,,,,,,,,,,,,,,,,,,,,,,,,,,,,,,,,,,,,,,,,,,,,,,,,,,,,,,,,,,,,,,,,,,,,,,,,,,,,,,,,,,,,,,,,,,,,,,,,,,,,,,,,,
,1599,,,,,,,,,,,,,,,,,,,,,,,,,,,,,,,,,,,,,,,,,,,,,,,,,,,,,,,,,,,,,,,,,,,,,,,,,,,,,,,,,,,,,,,,,,,,,,,,,,,,,,,,,,,,,,,,,,,,,,,,,,,27533380,2433,27530947,2967,9775639,886,9774753,1138,17757741,1547,17756194,1837,69793696957440,7034554368,69786662403072,8192102912,63999852440576,7027957760,63992824482816,8184799232,5793844516864,6596608,5793837920256,25004544,69793696957440,7034554368,69786662403072,8192102912,63999852440576,7027957760,63992824482816,8184799232,5793844516864,6596608,5793837920256,25004544,27533380,2433,27530947,2967,9775639,886,9774753,1138,17757741,1547,17756194,1837,17025009,121,17024888,237,5742389,72,5742317,133,11282620,49,11282571,117,69563817926144,213202944,69563604723200,1312108032,63642360841216,205119488,63642155721728,1303678976,5921457084928,8083456,5921449001472,17771520,-1,0,360,0,0,3,0,0,0,0,0,0,0,0,69133361131597,7021256284,69126339875313,8171929220,63341449464576,7014793216,63334434671360,8164757504,5791911667021,6463068,5791905203953,24868808,8594128896,8594128896,0,8594128896,8562671616,8562671616,0,8562671616,31457280,31457280,0,31457280,360,360,0,360,345,345,0,345,15,15,0,15,,,,,,,,,,,,,,,,,,,,,,,,,,,,,,,,,,,,
1.1487076200067136e-06,1599,,,,,,,,,,,,,,,,,,,,,,,,,,,,,,,,,,,,,,,,,,,,,,,,,,,,,,,,,,,,,,,,,,,,,,,,,,,,,,,,,,,,,,,,,,,,,,,,,,,,,,,,,,,,,,,,,,,,,,,,,,,,,,,,,,,,,,,,,,,,,,,,,,,,,,,,,,,,,,,,,,,,,,,,,,,,,,,,,,,,,,,,,,,,,,,,,,,,,,,,,,,,,,,,,,,,,,,,,,,,,,,,,,,,,,,,,,,,,,,,,,,,,,,,,,,,,,,,,,,,,,,,,,,,,,,,,,,,,,,,
,1599,27533393,2429,27530964,2967,9775639,886,9774753,1138,17757754,1543,17756211,1837,69793696973312,7034556928,69786662416384,8192102912,63999852440576,7027957760,63992824482816,8184799232,5793844532736,6599168,5793837933568,25004544,69793696973312,7034556928,69786662416384,8192102912,63999852440576,7027957760,63992824482816,8184799232,5793844532736,6599168,5793837933568,25004544,27533393,2429,27530964,2967,9775639,886,9774753,1138,17757754,1543,17756211,1837,17025019,119,17024900,237,5742389,72,5742317,133,11282630,47,11282583,117,69563817939456,213200384,69563604739072,1312108032,63642360841216,205119488,63642155721728,1303678976,5921457098240,8080896,5921449017344,17771520,-1,0,360,0,0,3,0,0,0,0,0,0,0,0,69133361141697,7021260396,69126339881301,8171929220,63341449464576,7014793216,63334434671360,8164757504,5791911677121,6467180,5791905209941,24868808,8594128896,8594128896,0,8594128896,8562671616,8562671616,0,8562671616,31457280,31457280,0,31457280,360,360,0,360,345,345,0,345,15,15,0,15,,,,,,,,,,,,,,,,,,,,,,,,,,,,,,,,,,,,,,,,,,,,,,,,,,,,,,,,,,,,,,,,,,,,,,,,,,,,,,,,,,,,,,,,,,,,,,,,,,,,,,,,,,,,,,,,,,,,,,,,,,,,,,,,,,,,,,,,,,,,,,,,,,,,,,,,,,,,,,
,1599,,,,,,,,,,,,,,,,,,,,,,,,,,,,,,,,,,,,,,,,,,,,,,,,,,,,,,,,,,,,,,,,,,,,,,,,,,,,,,,,,,,,,,,,,,,,,,,,,,,,,,,,,,,,,,,,,,,,,,,,,,,27545764,2433,27543331,2967,9779722,886,9778836,1138,17766042,1547,17764495,1837,69821450435584,7034558976,69814415876608,8192102912,64024597646336,7027957760,64017569688576,8184799232,5796852789248,6601216,5796846188032,25004544,69821450435584,7034558976,69814415876608,8192102912,64024597646336,7027957760,64017569688576,8184799232,5796852789248,6601216,5796846188032,25004544,27545764,2433,27543331,2967,9779722,886,9778836,1138,17766042,1547,17764495,1837,17032707,121,17032586,237,5744869,72,5744797,133,11287838,49,11287789,117,69592940512256,213198336,69592727313920,1312108032,63668453925888,205119488,63668248806400,1303678976,5924486586368,8078848,5924478507520,17771520,-1,0,360,0,0,3,0,0,0,0,0,0,0,0,69160664592846,7021260352,69153643332494,8171929220,63365745466880,7014793216,63358730673664,8164757504,5794919125966,6467136,5794912658830,24868808,8594128896,8594128896,0,8594128896,8562671616,8562671616,0,8562671616,31457280,31457280,0,31457280,360,360,0,360,345,345,0,345,15,15,0,15,,,,,,,,,,,,,,,,,,,,,,,,,,,,,,,,,,,,
1.1487076200067136e-06,1599,,,,,,,,,,,,,,,,,,,,,,,,,,,,,,,,,,,,,,,,,,,,,,,,,,,,,,,,,,,,,,,,,,,,,,,,,,,,,,,,,,,,,,,,,,,,,,,,,,,,,,,,,,,,,,,,,,,,,,,,,,,,,,,,,,,,,,,,,,,,,,,,,,,,,,,,,,,,,,,,,,,,,,,,,,,,,,,,,,,,,,,,,,,,,,,,,,,,,,,,,,,,,,,,,,,,,,,,,,,,,,,,,,,,,,,,,,,,,,,,,,,,,,,,,,,,,,,,,,,,,,,,,,,,,,,,,,,,,,,,
,1599,27545777,2429,27543348,2967,9779722,886,9778836,1138,17766055,1543,17764512,1837,69821450452992,7034558464,69814415894528,8192102912,64024597646336,7027957760,64017569688576,8184799232,5796852806656,6600704,5796846205952,25004544,69821450452992,7034558464,69814415894528,8192102912,64024597646336,7027957760,64017569688576,8184799232,5796852806656,6600704,5796846205952,25004544,27545777,2429,27543348,2967,9779722,886,9778836,1138,17766055,1543,17764512,1837,17032720,121,17032599,237,5744869,72,5744797,133,11287851,49,11287802,117,69592940530176,213198848,69592727331328,1312108032,63668453925888,205119488,63668248806400,1303678976,5924486604288,8079360,5924478524928,17771520,-1,0,360,0,0,3,0,0,0,0,0,0,0,0,69160664604290,7021261680,69153643342610,8171929220,63365745466880,7014793216,63358730673664,8164757504,5794919137410,6468464,5794912668946,24868808,8594128896,8594128896,0,8594128896,8562671616,8562671616,0,8562671616,31457280,31457280,0,31457280,360,360,0,360,345,345,0,345,15,15,0,15,,,,,,,,,,,,,,,,,,,,,,,,,,,,,,,,,,,,,,,,,,,,,,,,,,,,,,,,,,,,,,,,,,,,,,,,,,,,,,,,,,,,,,,,,,,,,,,,,,,,,,,,,,,,,,,,,,,,,,,,,,,,,,,,,,,,,,,,,,,,,,,,,,,,,,,,,,,,,,
,1599,,,,,,,,,,,,,,,,,,,,,,,,,,,,,,,,,,,,,,,,,,,,,,,,,,,,,,,,,,,,,,,,,,,,,,,,,,,,,,,,,,,,,,,,,,,,,,,,,,,,,,,,,,,,,,,,,,,,,,,,,,,27558148,2433,27555715,2967,9783709,886,9782823,1138,17774439,1547,17772892,1837,69848612356096,7034560512,69841577795584,8192102912,64048935074816,7027957760,64041907117056,8184799232,5799677281280,6602752,5799670678528,25004544,69848612356096,7034560512,69841577795584,8192102912,64048935074816,7027957760,64041907117056,8184799232,5799677281280,6602752,5799670678528,25004544,27558148,2433,27555715,2967,9783709,886,9782823,1138,17774439,1547,17772892,1837,17040352,123,17040229,237,5747132,72,5747060,133,11293220,51,11293169,117,69621249827328,213196800,69621036630528,1312108032,63693938750464,205119488,63693733630976,1303678976,5927311076864,8077312,5927302999552,17771520,-1,0,360,0,0,3,0,0,0,0,0,0,0,0,69187434294077,7021261696,69180413032381,8171929220,63389691597056,7014793216,63382676803840,8164757504,5797742697021,6468480,5797736228541,24868808,8594128896,8594128896,0,8594128896,8562671616,8562671616,0,8562671616,31457280,31457280,0,31457280,360,360,0,360,345,345,0,345,15,15,0,15,,,,,,,,,,,,,,,,,,,,,,,,,,,,,,,,,,,,
1.1487076200067136e-06,1599,,,,,,,,,,,,,,,,,,,,,,,,,,,,,,,,,,,,,,,,,,,,,,,,,,,,,,,,,,,,,,,,,,,,,,,,,,,,,,,,,,,,,,,,,,,,,,,,,,,,,,,,,,,,,,,,,,,,,,,,,,,,,,,,,,,,,,,,,,,,,,,,,,,,,,,,,,,,,,,,,,,,,,,,,,,,,,,,,,,,,,,,,,,,,,,,,,,,,,,,,,,,,,,,,,,,,,,,,,,,,,,,,,,,,,,,,,,,,,,,,,,,,,,,,,,,,,,,,,,,,,,,,,,,,,,,,,,,,,,,
,1599,27558161,2429,27555732,2967,9783709,886,9782823,1138,17774452,1543,17772909,1837,69848612371968,7034556928,69841577815040,8192102912,64048935074816,7027957760,64041907117056,8184799232,5799677297152,6599168,5799670697984,25004544,69848612371968,7034556928,69841577815040,8192102912,64048935074816,7027957760,64041907117056,8184799232,5799677297152,6599168,5799670697984,25004544,27558161,2429,27555732,2967,9783709,886,9782823,1138,17774452,1543,17772909,1837,17040366,126,17040240,237,5747132,72,5747060,133,11293234,54,11293180,117,69621249846784,213200384,69621036646400,1312108032,63693938750464,205119488,63693733630976,1303678976,5927311096320,8080896,5927303015424,17771520,-1,0,360,0,0,3,0,0,0,0,0,0,0,0,69187434304705,7021260864,69180413043841,8171929220,63389691597056,7014793216,63382676803840,8164757504,5797742707649,6467648,5797736240001,24868808,8594128896,8594128896,0,8594128896,8562671616,8562671616,0,8562671616,31457280,31457280,0,31457280,360,360,0,360,345,345,0,345,15,15,0,15,,,,,,,,,,,,,,,,,,,,,,,,,,,,,,,,,,,,,,,,,,,,,,,,,,,,,,,,,,,,,,,,,,,,,,,,,,,,,,,,,,,,,,,,,,,,,,,,,,,,,,,,,,,,,,,,,,,,,,,,,,,,,,,,,,,,,,,,,,,,,,,,,,,,,,,,,,,,,,
,1599,,,,,,,,,,,,,,,,,,,,,,,,,,,,,,,,,,,,,,,,,,,,,,,,,,,,,,,,,,,,,,,,,,,,,,,,,,,,,,,,,,,,,,,,,,,,,,,,,,,,,,,,,,,,,,,,,,,,,,,,,,,27570532,2433,27568099,2967,9787792,886,9786906,1138,17782740,1547,17781193,1837,69876303622144,7034558976,69869269063168,8192102912,64073655671808,7027957760,64066627714048,8184799232,5802647950336,6601216,5802641349120,25004544,69876303622144,7034558976,69869269063168,8192102912,64073655671808,7027957760,64066627714048,8184799232,5802647950336,6601216,5802641349120,25004544,27570532,2433,27568099,2967,9787792,886,9786906,1138,17782740,1547,17781193,1837,17047989,124,17047865,237,5749612,72,5749540,133,11298377,52,11298325,117,69650327484416,213198336,69650114286080,1312108032,63720020964352,205119488,63719815844864,1303678976,5930306520064,8078848,5930298441216,17771520,-1,0,360,0,0,3,0,0,0,0,0,0,0,0,69214661734230,7021260880,69207640473350,8171929220,63413949203456,7014793216,63406934410240,8164757504,5800712530774,6467664,5800706063110,24868808,8594128896,8594128896,0,8594128896,8562671616,8562671616,0,8562671616,31457280,31457280,0,31457280,360,360,0,360,345,345,0,345,15,15,0,15,,,,,,,,,,,,,,,,,,,,,,,,,,,,,,,,,,,,
1.1487076200067136e-06,1599,,,,,,,,,,,,,,,,,,,,,,,,,,,,,,,,,,,,,,,,,,,,,,,,,,,,,,,,,,,,,,,,,,,,,,,,,,,,,,,,,,,,,,,,,,,,,,,,,,,,,,,,,,,,,,,,,,,,,,,,,,,,,,,,,,,,,,,,,,,,,,,,,,,,,,,,,,,,,,,,,,,,,,,,,,,,,,,,,,,,,,,,,,,,,,,,,,,,,,,,,,,,,,,,,,,,,,,,,,,,,,,,,,,,,,,,,,,,,,,,,,,,,,,,,,,,,,,,,,,,,,,,,,,,,,,,,,,,,,,,
,1599,27570545,2429,27568116,2967,9787792,886,9786906,1138,17782753,1543,17781210,1837,69876303639552,7034558464,69869269081088,8192102912,64073655671808,7027957760,64066627714048,8184799232,5802647967744,6600704,5802641367040,25004544,69876303639552,7034558464,69869269081088,8192102912,64073655671808,7027957760,64066627714048,8184799232,5802647967744,6600704,5802641367040,25004544,27570545,2429,27568116,2967,9787792,886,9786906,1138,17782753,1543,17781210,1837,17047998,118,17047880,237,5749612,72,5749540,133,11298386,46,11298340,117,69650327502336,213198848,69650114303488,1312108032,63720020964352,205119488,63719815844864,1303678976,5930306537984,8079360,5930298458624,17771520,-1,0,360,0,0,3,0,0,0,0,0,0,0,0,69214661745794,7021261800,69207640483994,8171929220,63413949203456,7014793216,63406934410240,8164757504,5800712542338,6468584,5800706073754,24868808,8594128896,8594128896,0,8594128896,8562671616,8562671616,0,8562671616,31457280,31457280,0,31457280,360,360,0,360,345,345,0,345,15,15,0,15,,,,,,,,,,,,,,,,,,,,,,,,,,,,,,,,,,,,,,,,,,,,,,,,,,,,,,,,,,,,,,,,,,,,,,,,,,,,,,,,,,,,,,,,,,,,,,,,,,,,,,,,,,,,,,,,,,,,,,,,,,,,,,,,,,,,,,,,,,,,,,,,,,,,,,,,,,,,,,
,1599,,,,,,,,,,,,,,,,,,,,,,,,,,,,,,,,,,,,,,,,,,,,,,,,,,,,,,,,,,,,,,,,,,,,,,,,,,,,,,,,,,,,,,,,,,,,,,,,,,,,,,,,,,,,,,,,,,,,,,,,,,,27582916,2433,27580483,2967,9791875,886,9790989,1138,17791041,1547,17789494,1837,69904388440064,7034560512,69897353879552,8192102912,64098545183744,7027957760,64091517225984,8184799232,5805843256320,6602752,5805836653568,25004544,69904388440064,7034560512,69897353879552,8192102912,64098545183744,7027957760,64091517225984,8184799232,5805843256320,6602752,5805836653568,25004544,27582916,2433,27580483,2967,9791875,886,9790989,1138,17791041,1547,17789494,1837,17055677,122,17055555,237,5752069,72,5751997,133,11303608,50,11303558,117,69679701156352,213196800,69679487959552,1312108032,63746173379584,205119488,63745968260096,1303678976,5933527776768,8077312,5933519699456,17771520,-1,0,360,0,0,3,0,0,0,0,0,0,0,0,69242348373220,7021261816,69235327111404,8171929220,63438441240320,7014793216,63431426447104,8164757504,5803907132900,6468600,5803900664300,24868808,8594128896,8594128896,0,8594128896,8562671616,8562671616,0,8562671616,31457280,31457280,0,31457280,360,360,0,360,345,345,0,345,15,15,0,15,,,,,,,,,,,,,,,,,,,,,,,,,,,,,,,,,,,,
1.1487076200067136e-06,1599,,,,,,,,,,,,,,,,,,,,,,,,,,,,,,,,,,,,,,,,,,,,,,,,,,,,,,,,,,,,,,,,,,,,,,,,,,,,,,,,,,,,,,,,,,,,,,,,,,,,,,,,,,,,,,,,,,,,,,,,,,,,,,,,,,,,,,,,,,,,,,,,,,,,,,,,,,,,,,,,,,,,,,,,,,,,,,,,,,,,,,,,,,,,,,,,,,,,,,,,,,,,,,,,,,,,,,,,,,,,,,,,,,,,,,,,,,,,,,,,,,,,,,,,,,,,,,,,,,,,,,,,,,,,,,,,,,,,,,,,
,1599,27582929,2429,27580500,2967,9791875,886,9790989,1138,17791054,1543,17789511,1837,69904388455936,7034556928,69897353899008,8192102912,64098545183744,7027957760,64091517225984,8184799232,5805843272192,6599168,5805836673024,25004544,69904388455936,7034556928,69897353899008,8192102912,64098545183744,7027957760,64091517225984,8184799232,5805843272192,6599168,5805836673024,25004544,27582929,2429,27580500,2967,9791875,886,9790989,1138,17791054,1543,17789511,1837,17055693,127,17055566,237,5752069,72,5751997,133,11303624,55,11303569,117,69679701175808,213200384,69679487975424,1312108032,63746173379584,205119488,63745968260096,1303678976,5933527796224,8080896,5933519715328,17771520,-1,0,360,0,0,3,0,0,0,0,0,0,0,0,69242348383584,7021260600,69235327122984,8171929220,63438441240320,7014793216,63431426447104,8164757504,5803907143264,6467384,5803900675880,24868808,8594128896,8594128896,0,8594128896,8562671616,8562671616,0,8562671616,31457280,31457280,0,31457280,360,360,0,360,345,345,0,345,15,15,0,15,,,,,,,,,,,,,,,,,,,,,,,,,,,,,,,,,,,,,,,,,,,,,,,,,,,,,,,,,,,,,,,,,,,,,,,,,,,,,,,,,,,,,,,,,,,,,,,,,,,,,,,,,,,,,,,,,,,,,,,,,,,,,,,,,,,,,,,,,,,,,,,,,,,,,,,,,,,,,,
,1599,,,,,,,,,,,,,,,,,,,,,,,,,,,,,,,,,,,,,,,,,,,,,,,,,,,,,,,,,,,,,,,,,,,,,,,,,,,,,,,,,,,,,,,,,,,,,,,,,,,,,,,,,,,,,,,,,,,,,,,,,,,27595251,2433,27592818,2967,9795862,886,9794976,1138,17799389,1547,17797842,1837,69931619863040,7034558976,69924585304064,8192102912,64122905385984,7027957760,64115877428224,8184799232,5808714477056,6601216,5808707875840,25004544,69931619863040,7034558976,69924585304064,8192102912,64122905385984,7027957760,64115877428224,8184799232,5808714477056,6601216,5808707875840,25004544,27595251,2433,27592818,2967,9795862,886,9794976,1138,17799389,1547,17797842,1837,17062997,121,17062876,237,5754332,72,5754260,133,11308665,49,11308616,117,69708088013312,213198336,69707874814976,1312108032,63771676431360,205119488,63771471311872,1303678976,5936411581952,8078848,5936403503104,17771520,-1,0,360,0,0,3,0,0,0,0,0,0,0,0,69269193460465,7021260676,69262172199789,8171929220,63462415981056,7014793216,63455401187840,8164757504,5806777479409,6467460,5806771011949,24868808,8594128896,8594128896,0,8594128896,8562671616,8562671616,0,8562671616,31457280,31457280,0,31457280,360,360,0,360,345,345,0,345,15,15,0,15,,,,,,,,,,,,,,,,,,,,,,,,,,,,,,,,,,,,
1.1487076200067136e-06,1599,,,,,,,,,,,,,,,,,,,,,,,,,,,,,,,,,,,,,,,,,,,,,,,,,,,,,,,,,,,,,,,,,,,,,,,,,,,,,,,,,,,,,,,,,,,,,,,,,,,,,,,,,,,,,,,,,,,,,,,,,,,,,,,,,,,,,,,,,,,,,,,,,,,,,,,,,,,,,,,,,,,,,,,,,,,,,,,,,,,,,,,,,,,,,,,,,,,,,,,,,,,,,,,,,,,,,,,,,,,,,,,,,,,,,,,,,,,,,,,,,,,,,,,,,,,,,,,,,,,,,,,,,,,,,,,,,,,,,,,,
,1599,27595264,2429,27592835,2967,9795862,886,9794976,1138,17799402,1543,17797859,1837,69931619877376,7034555392,69924585321984,8192102912,64122905385984,7027957760,64115877428224,8184799232,5808714491392,6597632,5808707893760,25004544,69931619877376,7034555392,69924585321984,8192102912,64122905385984,7027957760,64115877428224,8184799232,5808714491392,6597632,5808707893760,25004544,27595264,2429,27592835,2967,9795862,886,9794976,1138,17799402,1543,17797859,1837,17063007,120,17062887,237,5754332,72,5754260,133,11308675,48,11308627,117,69708088031232,213201920,69707874829312,1312108032,63771676431360,205119488,63771471311872,1303678976,5936411599872,8082432,5936403517440,17771520,-1,0,360,0,0,3,0,0,0,0,0,0,0,0,69269193469365,7021259196,69262172210169,8171929220,63462415981056,7014793216,63455401187840,8164757504,5806777488309,6465980,5806771022329,24868808,8594128896,8594128896,0,8594128896,8562671616,8562671616,0,8562671616,31457280,31457280,0,31457280,360,360,0,360,345,345,0,345,15,15,0,15,,,,,,,,,,,,,,,,,,,,,,,,,,,,,,,,,,,,,,,,,,,,,,,,,,,,,,,,,,,,,,,,,,,,,,,,,,,,,,,,,,,,,,,,,,,,,,,,,,,,,,,,,,,,,,,,,,,,,,,,,,,,,,,,,,,,,,,,,,,,,,,,,,,,,,,,,,,,,,
,1599,,,,,,,,,,,,,,,,,,,,,,,,,,,,,,,,,,,,,,,,,,,,,,,,,,,,,,,,,,,,,,,,,,,,,,,,,,,,,,,,,,,,,,,,,,,,,,,,,,,,,,,,,,,,,,,,,,,,,,,,,,,27607586,2433,27605153,2967,9799849,886,9798963,1138,17807737,1547,17806190,1837,69958898727936,7034557440,69951864170496,8192102912,64147281792000,7027957760,64140253834240,8184799232,5811616935936,6599680,5811610336256,25004544,69958898727936,7034557440,69951864170496,8192102912,64147281792000,7027957760,64140253834240,8184799232,5811616935936,6599680,5811610336256,25004544,27607586,2433,27605153,2967,9799849,886,9798963,1138,17807737,1547,17806190,1837,17070588,122,17070466,237,5756595,72,5756523,133,11313993,50,11313943,117,69736513911296,213199872,69736300711424,1312108032,63797192655872,205119488,63796987536384,1303678976,5939321255424,8080384,5939313175040,17771520,-1,0,360,0,0,3,0,0,0,0,0,0,0,0,69296088191983,7021259212,69289066932771,8171929220,63486409112832,7014793216,63479394319616,8164757504,5809679079151,6465996,5809672613155,24868808,8594128896,8594128896,0,8594128896,8562671616,8562671616,0,8562671616,31457280,31457280,0,31457280,360,360,0,360,345,345,0,345,15,15,0,15,,,,,,,,,,,,,,,,,,,,,,,,,,,,,,,,,,,,
1.1487076200067136e-06,1599,,,,,,,,,,,,,,,,,,,,,,,,,,,,,,,,,,,,,,,,,,,,,,,,,,,,,,,,,,,,,,,,,,,,,,,,,,,,,,,,,,,,,,,,,,,,,,,,,,,,,,,,,,,,,,,,,,,,,,,,,,,,,,,,,,,,,,,,,,,,,,,,,,,,,,,,,,,,,,,,,,,,,,,,,,,,,,,,,,,,,,,,,,,,,,,,,,,,,,,,,,,,,,,,,,,,,,,,,,,,,,,,,,,,,,,,,,,,,,,,,,,,,,,,,,,,,,,,,,,,,,,,,,,,,,,,,,,,,,,,
,1599,27607599,2429,27605170,2967,9799849,886,9798963,1138,17807750,1543,17806207,1837,69958898745344,7034558464,69951864186880,8192102912,64147281792000,7027957760,64140253834240,8184799232,5811616953344,6600704,5811610352640,25004544,69958898745344,7034558464,69951864186880,8192102912,64147281792000,7027957760,64140253834240,8184799232,5811616953344,6600704,5811610352640,25004544,27607599,2429,27605170,2967,9799849,886,9798963,1138,17807750,1543,17806207,1837,17070600,121,17070479,237,5756595,72,5756523,133,11314005,49,11313956,117,69736513927680,213198848,69736300728832,1312108032,63797192655872,205119488,63796987536384,1303678976,5939321271808,8079360,5939313192448,17771520,-1,0,360,0,0,3,0,0,0,0,0,0,0,0,69296088204531,7021262844,69289066941687,8171929220,63486409112832,7014793216,63479394319616,8164757504,5809679091699,6469628,5809672622071,24868808,8594128896,8594128896,0,8594128896,8562671616,8562671616,0,8562671616,31457280,31457280,0,31457280,360,360,0,360,345,345,0,345,15,15,0,15,,,,,,,,,,,,,,,,,,,,,,,,,,,,,,,,,,,,,,,,,,,,,,,,,,,,,,,,,,,,,,,,,,,,,,,,,,,,,,,,,,,,,,,,,,,,,,,,,,,,,,,,,,,,,,,,,,,,,,,,,,,,,,,,,,,,,,,,,,,,,,,,,,,,,,,,,,,,,,
,1599,,,,,,,,,,,,,,,,,,,,,,,,,,,,,,,,,,,,,,,,,,,,,,,,,,,,,,,,,,,,,,,,,,,,,,,,,,,,,,,,,,,,,,,,,,,,,,,,,,,,,,,,,,,,,,,,,,,,,,,,,,,27620519,2433,27618086,2967,9804057,886,9803171,1138,17816462,1547,17814915,1837,69988087017472,7034560512,69981052456960,8192102912,64173550013440,7027957760,64166522055680,8184799232,5814537004032,6602752,5814530401280,25004544,69988087017472,7034560512,69981052456960,8192102912,64173550013440,7027957760,64166522055680,8184799232,5814537004032,6602752,5814530401280,25004544,27620519,2433,27618086,2967,9804057,886,9803171,1138,17816462,1547,17814915,1837,17078728,121,17078607,237,5759153,72,5759081,133,11319575,49,11319526,117,69766639411712,213196800,69766426214912,1312108032,63824394945536,205119488,63824189826048,1303678976,5942244466176,8077312,5942236388864,17771520,-1,0,360,0,0,3,0,0,0,0,0,0,0,0,69324762813789,7021262800,69317741550989,8171929220,63512164544512,7014793216,63505149751296,8164757504,5812598269277,6469584,5812591799693,24868808,8594128896,8594128896,0,8594128896,8562671616,8562671616,0,8562671616,31457280,31457280,0,31457280,360,360,0,360,345,345,0,345,15,15,0,15,,,,,,,,,,,,,,,,,,,,,,,,,,,,,,,,,,,,
,1599,,,,,,,,,,,,,,,,,,,,,,,,,,,,,,,,,,,,,,,,,,,,,,,,,,,,,,,,,,,,,,,,,,,,,,,,,,,,,,,,,,,,,,,,,,,,,,,,,,,,,,,,,,,,,,,,,,,,,,,,,,,,,,,,,,,,,,,,,,,,,,,,,,,,,,,,,,,,,,,,,,,,,,,,,,,,,,,,,,,,,,,,,,,,,,,,,,,,,,,,,,,,,,,,,,,,,,,,,,,,,,,,,,,,,,,,,,,,,,,,,,,,,0.0003902912139892578,4.15710783272516e-05,0.0010138573125004768,2,,,,,,,,,,,,,,,,,,,,,,,,,,,,,,,,
1.1151393084927828e-06,1649,,,,,,,,,,,,,,,,,,,,,,,,,,,,,,,,,,,,,,,,,,,,,,,,,,,,,,,,,,,,,,,,,,,,,,,,,,,,,,,,,,,,,,,,,,,,,,,,,,,,,,,,,,,,,,,,,,,,,,,,,,,,,,,,,,,,,,,,,,,,,,,,,,,,,,,,,,,,,,,,,,,,,,,,,,,,,,,,,,,,,,,,,,,,,,,,,,,,,,,,,,,,,,,,,,,,,,,,,,,,,,,,,,,,,,,,,,,,,,,,,,,,,,,,,,,,,,,,,,,,,,,,,,,,,,,,,,,,,,,,
,1649,32527615,2429,32525186,2967,11568223,886,11567337,1138,20959392,1543,20957849,1837,82770714854400,7029447168,82763685407232,8192102912,75943128214528,7022854144,75936105360384,8184799232,6827586639872,6593024,6827580046848,25004544,82770714854400,7029447168,82763685407232,8192102912,75943128214528,7022854144,75936105360384,8184799232,6827586639872,6593024,6827580046848,25004544,32527615,2429,32525186,2967,11568223,886,11567337,1138,20959392,1543,20957849,1837,20112079,121,20111958,237,6809100,70,6809030,133,13302979,51,13302928,117,82277093052416,218310144,82276874742272,1362006016,75302011732992,210223104,75301801509888,1355517952,6975081319424,8087040,6975073232384,17771520,-1,0,360,0,0,3,0,0,0,0,0,0,0,0,81991366609986,7021253928,81984345356058,8171929220,75166062254080,7014793216,75159047460864,8164757504,6825304355906,6460712,6825297895194,24868808,8594128896,8594128896,0,8594128896,8562671616,8562671616,0,8562671616,31457280,31457280,0,31457280,360,360,0,360,345,345,0,345,15,15,0,15,,,,,,,,,,,,,,,,,,,,,,,,,,,,,,,,,,,,,,,,,,,,,,,,,,,,,,,,,,,,,,,,,,,,,,,,,,,,,,,,,,,,,,,,,,,,,,,,,,,,,,,,,,,,,,,,,,,,,,,,,,,,,,,,,,,,,,,,,,,,,,,,,,,,,,,,,,,,,,
,1649,,,,,,,,,,,,,,,,,,,,,,,,,,,,,,,,,,,,,,,,,,,,,,,,,,,,,,,,,,,,,,,,,,,,,,,,,,,,,,,,,,,,,,,,,,,,,,,,,,,,,,,,,,,,,,,,,,,,,,,,,,,32539986,2433,32537553,2967,11572301,886,11571415,1138,20967685,1547,20966138,1837,82798592442880,7032300032,82791560142848,8192102912,75967795559424,7025704960,75960769854464,8184799232,6830796883456,6595072,6830790288384,25004544,82798592442880,7032300032,82791560142848,8192102912,75967795559424,7025704960,75960769854464,8184799232,6830796883456,6595072,6830790288384,25004544,32539986,2433,32537553,2967,11572301,886,11571415,1138,20967685,1547,20966138,1837,20119511,111,20119400,237,6811392,66,6811326,133,13308119,45,13308074,117,82304795608576,186097152,82304609511424,1362006016,75326497559552,171720704,75326325838848,1355517952,6978298049024,14376448,6978283672576,17771520,-1,0,360,0,0,3,0,0,0,0,0,0,0,0,82019071508114,7021253944,82012050254170,8171929220,75190557600512,7014793216,75183542807296,8164757504,6828513907602,6460728,6828507446874,24868808,8594128896,8594128896,0,8594128896,8562671616,8562671616,0,8562671616,31457280,31457280,0,31457280,360,360,0,360,345,345,0,345,15,15,0,15,,,,,,,,,,,,,,,,,,,,,,,,,,,,,,,,,,,,
1.1151393084927828e-06,1649,,,,,,,,,,,,,,,,,,,,,,,,,,,,,,,,,,,,,,,,,,,,,,,,,,,,,,,,,,,,,,,,,,,,,,,,,,,,,,,,,,,,,,,,,,,,,,,,,,,,,,,,,,,,,,,,,,,,,,,,,,,,,,,,,,,,,,,,,,,,,,,,,,,,,,,,,,,,,,,,,,,,,,,,,,,,,,,,,,,,,,,,,,,,,,,,,,,,,,,,,,,,,,,,,,,,,,,,,,,,,,,,,,,,,,,,,,,,,,,,,,,,,,,,,,,,,,,,,,,,,,,,,,,,,,,,,,,,,,,,
,1649,32539999,2429,32537570,2967,11572301,886,11571415,1138,20967698,1543,20966155,1837,82798592457216,7032302592,82791560154624,8192102912,75967795559424,7025704960,75960769854464,8184799232,6830796897792,6597632,6830790300160,25004544,82798592457216,7032302592,82791560154624,8192102912,75967795559424,7025704960,75960769854464,8184799232,6830796897792,6597632,6830790300160,25004544,32539999,2429,32537570,2967,11572301,886,11571415,1138,20967698,1543,20966155,1837,20119523,112,20119411,237,6811392,66,6811326,133,13308131,46,13308085,117,82304795620352,186094592,82304609525760,1362006016,75326497559552,171720704,75326325838848,1355517952,6978298060800,14373888,6978283686912,17771520,-1,0,360,0,0,3,0,0,0,0,0,0,0,0,82019071517446,7021259568,82012050257878,8171929220,75190557600512,7014793216,75183542807296,8164757504,6828513916934,6466352,6828507450582,24868808,8594128896,8594128896,0,8594128896,8562671616,8562671616,0,8562671616,31457280,31457280,0,31457280,360,360,0,360,345,345,0,345,15,15,0,15,,,,,,,,,,,,,,,,,,,,,,,,,,,,,,,,,,,,,,,,,,,,,,,,,,,,,,,,,,,,,,,,,,,,,,,,,,,,,,,,,,,,,,,,,,,,,,,,,,,,,,,,,,,,,,,,,,,,,,,,,,,,,,,,,,,,,,,,,,,,,,,,,,,,,,,,,,,,,,
,1649,,,,,,,,,,,,,,,,,,,,,,,,,,,,,,,,,,,,,,,,,,,,,,,,,,,,,,,,,,,,,,,,,,,,,,,,,,,,,,,,,,,,,,,,,,,,,,,,,,,,,,,,,,,,,,,,,,,,,,,,,,,32552370,2433,32549937,2967,11576384,886,11575498,1138,20975986,1547,20974439,1837,82826112108032,7032304640,82819079803392,8192102912,75992282319872,7025704960,75985256614912,8184799232,6833829788160,6599680,6833823188480,25004544,82826112108032,7032304640,82819079803392,8192102912,75992282319872,7025704960,75985256614912,8184799232,6833829788160,6599680,6833823188480,25004544,32552370,2433,32549937,2967,11576384,886,11575498,1138,20975986,1547,20974439,1837,20126385,111,20126274,237,6813790,66,6813724,133,13312595,45,13312550,117,82333728249856,186092544,82333542157312,1362006016,75352397300736,171720704,75352225580032,1355517952,6981330949120,14371840,6981316577280,17771520,-1,0,360,0,0,3,0,0,0,0,0,0,0,0,82046425057020,7021259584,82039403797436,8171929220,75214879043072,7014793216,75207864249856,8164757504,6831546013948,6466368,6831539547580,24868808,8594128896,8594128896,0,8594128896,8562671616,8562671616,0,8562671616,31457280,31457280,0,31457280,360,360,0,360,345,345,0,345,15,15,0,15,,,,,,,,,,,,,,,,,,,,,,,,,,,,,,,,,,,,
1.1151393084927828e-06,1649,,,,,,,,,,,,,,,,,,,,,,,,,,,,,,,,,,,,,,,,,,,,,,,,,,,,,,,,,,,,,,,,,,,,,,,,,,,,,,,,,,,,,,,,,,,,,,,,,,,,,,,,,,,,,,,,,,,,,,,,,,,,,,,,,,,,,,,,,,,,,,,,,,,,,,,,,,,,,,,,,,,,,,,,,,,,,,,,,,,,,,,,,,,,,,,,,,,,,,,,,,,,,,,,,,,,,,,,,,,,,,,,,,,,,,,,,,,,,,,,,,,,,,,,,,,,,,,,,,,,,,,,,,,,,,,,,,,,,,,,
,1649,32552383,2429,32549954,2967,11576384,886,11575498,1138,20975999,1543,20974456,1837,82826112126976,7032307200,82819079819776,8192102912,75992282319872,7025704960,75985256614912,8184799232,6833829807104,6602240,6833823204864,25004544,82826112126976,7032307200,82819079819776,8192102912,75992282319872,7025704960,75985256614912,8184799232,6833829807104,6602240,6833823204864,25004544,32552383,2429,32549954,2967,11576384,886,11575498,1138,20975999,1543,20974456,1837,20126394,109,20126285,237,6813790,66,6813724,133,13312604,43,13312561,117,82333728266240,186089984,82333542176256,1362006016,75352397300736,171720704,75352225580032,1355517952,6981330965504,14369280,6981316596224,17771520,-1,0,360,0,0,3,0,0,0,0,0,0,0,0,82046425069904,7021263120,82039403806784,8171929220,75214879043072,7014793216,75207864249856,8164757504,6831546026832,6469904,6831539556928,24868808,8594128896,8594128896,0,8594128896,8562671616,8562671616,0,8562671616,31457280,31457280,0,31457280,360,360,0,360,345,345,0,345,15,15,0,15,,,,,,,,,,,,,,,,,,,,,,,,,,,,,,,,,,,,,,,,,,,,,,,,,,,,,,,,,,,,,,,,,,,,,,,,,,,,,,,,,,,,,,,,,,,,,,,,,,,,,,,,,,,,,,,,,,,,,,,,,,,,,,,,,,,,,,,,,,,,,,,,,,,,,,,,,,,,,,
,1649,,,,,,,,,,,,,,,,,,,,,,,,,,,,,,,,,,,,,,,,,,,,,,,,,,,,,,,,,,,,,,,,,,,,,,,,,,,,,,,,,,,,,,,,,,,,,,,,,,,,,,,,,,,,,,,,,,,,,,,,,,,32565306,2433,32562873,2967,11583275,886,11582389,1138,20982031,1547,20980484,1837,82880842361856,7032309248,82873810052608,8192102912,76046248119296,7025704960,76039222414336,8184799232,6834594242560,6604288,6834587638272,25004544,82880842361856,7032309248,82873810052608,8192102912,76046248119296,7025704960,76039222414336,8184799232,6834594242560,6604288,6834587638272,25004544,32565306,2433,32562873,2967,11583275,886,11582389,1138,20982031,1547,20980484,1837,20134915,115,20134800,237,6819043,66,6818977,133,13315872,49,13315823,117,82379778903040,186087936,82379592815104,1362006016,75397683504128,171720704,75397511783424,1355517952,6982095398912,14367232,6982081031680,17771520,-1,0,360,0,0,3,0,0,0,0,0,0,0,0,82100639300497,7021263136,82093618037361,8171929220,75268329783552,7014793216,75261314990336,8164757504,6832309516945,6469920,6832303047025,24868808,8594128896,8594128896,0,8594128896,8562671616,8562671616,0,8562671616,31457280,31457280,0,31457280,360,360,0,360,345,345,0,345,15,15,0,15,,,,,,,,,,,,,,,,,,,,,,,,,,,,,,,,,,,,
1.1151393084927828e-06,1649,,,,,,,,,,,,,,,,,,,,,,,,,,,,,,,,,,,,,,,,,,,,,,,,,,,,,,,,,,,,,,,,,,,,,,,,,,,,,,,,,,,,,,,,,,,,,,,,,,,,,,,,,,,,,,,,,,,,,,,,,,,,,,,,,,,,,,,,,,,,,,,,,,,,,,,,,,,,,,,,,,,,,,,,,,,,,,,,,,,,,,,,,,,,,,,,,,,,,,,,,,,,,,,,,,,,,,,,,,,,,,,,,,,,,,,,,,,,,,,,,,,,,,,,,,,,,,,,,,,,,,,,,,,,,,,,,,,,,,,,
,1649,32565319,2429,32562890,2967,11583275,886,11582389,1138,20982044,1543,20980501,1837,82880842373120,7032299520,82873810073600,8192102912,76046248119296,7025704960,76039222414336,8184799232,6834594253824,6594560,6834587659264,25004544,82880842373120,7032299520,82873810073600,8192102912,76046248119296,7025704960,76039222414336,8184799232,6834594253824,6594560,6834587659264,25004544,32565319,2429,32562890,2967,11583275,886,11582389,1138,20982044,1543,20980501,1837,20134927,113,20134814,237,6819043,66,6818977,133,13315884,47,13315837,117,82379778924032,186097664,82379592826368,1362006016,75397683504128,171720704,75397511783424,1355517952,6982095419904,14376960,6982081042944,17771520,-1,0,360,0,0,3,0,0,0,0,0,0,0,0,82100639305989,7021255728,82093618050261,8171929220,75268329783552,7014793216,75261314990336,8164757504,6832309522437,6462512,6832303059925,24868808,8594128896,8594128896,0,8594128896,8562671616,8562671616,0,8562671616,31457280,31457280,0,31457280,360,360,0,360,345,345,0,345,15,15,0,15,,,,,,,,,,,,,,,,,,,,,,,,,,,,,,,,,,,,,,,,,,,,,,,,,,,,,,,,,,,,,,,,,,,,,,,,,,,,,,,,,,,,,,,,,,,,,,,,,,,,,,,,,,,,,,,,,,,,,,,,,,,,,,,,,,,,,,,,,,,,,,,,,,,,,,,,,,,,,,
,1649,,,,,,,,,,,,,,,,,,,,,,,,,,,,,,,,,,,,,,,,,,,,,,,,,,,,,,,,,,,,,,,,,,,,,,,,,,,,,,,,,,,,,,,,,,,,,,,,,,,,,,,,,,,,,,,,,,,,,,,,,,,32577690,2433,32575257,2967,11587257,886,11586371,1138,20990433,1547,20988886,1837,82907981963264,7032301568,82900949661696,8192102912,76070449708032,7025704960,76063424003072,8184799232,6837532255232,6596608,6837525658624,25004544,82907981963264,7032301568,82900949661696,8192102912,76070449708032,7025704960,76063424003072,8184799232,6837532255232,6596608,6837525658624,25004544,32577690,2433,32575257,2967,11587257,886,11586371,1138,20990433,1547,20988886,1837,20141793,113,20141680,237,6821360,66,6821294,133,13320433,47,13320386,117,82408294612480,186095616,82408108516864,1362006016,75423261193216,171720704,75423089472512,1355517952,6985033419264,14374912,6985019044352,17771520,-1,0,360,0,0,3,0,0,0,0,0,0,0,0,82127581842956,7021255744,82120560587212,8171929220,75292335182848,7014793216,75285320389632,8164757504,6835246660108,6462528,6835240197580,24868808,8594128896,8594128896,0,8594128896,8562671616,8562671616,0,8562671616,31457280,31457280,0,31457280,360,360,0,360,345,345,0,345,15,15,0,15,,,,,,,,,,,,,,,,,,,,,,,,,,,,,,,,,,,,
1.1151393084927828e-06,1649,,,,,,,,,,,,,,,,,,,,,,,,,,,,,,,,,,,,,,,,,,,,,,,,,,,,,,,,,,,,,,,,,,,,,,,,,,,,,,,,,,,,,,,,,,,,,,,,,,,,,,,,,,,,,,,,,,,,,,,,,,,,,,,,,,,,,,,,,,,,,,,,,,,,,,,,,,,,,,,,,,,,,,,,,,,,,,,,,,,,,,,,,,,,,,,,,,,,,,,,,,,,,,,,,,,,,,,,,,,,,,,,,,,,,,,,,,,,,,,,,,,,,,,,,,,,,,,,,,,,,,,,,,,,,,,,,,,,,,,,
,1649,32577703,2429,32575274,2967,11587257,886,11586371,1138,20990446,1543,20988903,1837,82907981989888,7032314880,82900949675008,8192102912,76070449708032,7025704960,76063424003072,8184799232,6837532281856,6609920,6837525671936,25004544,82907981989888,7032314880,82900949675008,8192102912,76070449708032,7025704960,76063424003072,8184799232,6837532281856,6609920,6837525671936,25004544,32577703,2429,32575274,2967,11587257,886,11586371,1138,20990446,1543,20988903,1837,20141807,114,20141693,237,6821360,66,6821294,133,13320447,48,13320399,117,82408294625792,186082304,82408108543488,1362006016,75423261193216,171720704,75423089472512,1355517952,6985033432576,14361600,6985019070976,17771520,-1,0,360,0,0,3,0,0,0,0,0,0,0,0,82127581864336,7021271616,82120560592720,8171929220,75292335182848,7014793216,75285320389632,8164757504,6835246681488,6478400,6835240203088,24868808,8594128896,8594128896,0,8594128896,8562671616,8562671616,0,8562671616,31457280,31457280,0,31457280,360,360,0,360,345,345,0,345,15,15,0,15,,,,,,,,,,,,,,,,,,,,,,,,,,,,,,,,,,,,,,,,,,,,,,,,,,,,,,,,,,,,,,,,,,,,,,,,,,,,,,,,,,,,,,,,,,,,,,,,,,,,,,,,,,,,,,,,,,,,,,,,,,,,,,,,,,,,,,,,,,,,,,,,,,,,,,,,,,,,,,
,1649,,,,,,,,,,,,,,,,,,,,,,,,,,,,,,,,,,,,,,,,,,,,,,,,,,,,,,,,,,,,,,,,,,,,,,,,,,,,,,,,,,,,,,,,,,,,,,,,,,,,,,,,,,,,,,,,,,,,,,,,,,,32590626,2433,32588193,2967,11594148,886,11593262,1138,20996478,1547,20994931,1837,82962706627072,7032316928,82955674310144,8192102912,76124412328960,7025704960,76117386624000,8184799232,6838294298112,6611968,6838287686144,25004544,82962706627072,7032316928,82955674310144,8192102912,76124412328960,7025704960,76117386624000,8184799232,6838294298112,6611968,6838287686144,25004544,32590626,2433,32588193,2967,11594148,886,11593262,1138,20996478,1547,20994931,1837,20150580,119,20150461,237,6826614,66,6826548,133,13323966,53,13323913,117,82454354361344,186080256,82454168281088,1362006016,75468558914560,171720704,75468387193856,1355517952,6985795446784,14359552,6985781087232,17771520,-1,0,360,0,0,3,0,0,0,0,0,0,0,0,82181755183959,7021271632,82174733912327,8171929220,75345747437312,7014793216,75338732644096,8164757504,6836007746647,6478416,6836001268231,24868808,8594128896,8594128896,0,8594128896,8562671616,8562671616,0,8562671616,31457280,31457280,0,31457280,360,360,0,360,345,345,0,345,15,15,0,15,,,,,,,,,,,,,,,,,,,,,,,,,,,,,,,,,,,,
1.1151393084927828e-06,1649,,,,,,,,,,,,,,,,,,,,,,,,,,,,,,,,,,,,,,,,,,,,,,,,,,,,,,,,,,,,,,,,,,,,,,,,,,,,,,,,,,,,,,,,,,,,,,,,,,,,,,,,,,,,,,,,,,,,,,,,,,,,,,,,,,,,,,,,,,,,,,,,,,,,,,,,,,,,,,,,,,,,,,,,,,,,,,,,,,,,,,,,,,,,,,,,,,,,,,,,,,,,,,,,,,,,,,,,,,,,,,,,,,,,,,,,,,,,,,,,,,,,,,,,,,,,,,,,,,,,,,,,,,,,,,,,,,,,,,,,
,1649,32590639,2429,32588210,2967,11594148,886,11593262,1138,20996491,1543,20994948,1837,82962706642944,7032304128,82955674338816,8192102912,76124412328960,7025704960,76117386624000,8184799232,6838294313984,6599168,6838287714816,25004544,82962706642944,7032304128,82955674338816,8192102912,76124412328960,7025704960,76117386624000,8184799232,6838294313984,6599168,6838287714816,25004544,32590639,2429,32588210,2967,11594148,886,11593262,1138,20996491,1543,20994948,1837,20150589,115,20150474,237,6826614,66,6826548,133,13323975,49,13323926,117,82454354390016,186093056,82454168296960,1362006016,75468558914560,171720704,75468387193856,1355517952,6985795475456,14372352,6985781103104,17771520,-1,0,360,0,0,3,0,0,0,0,0,0,0,0,82181755194419,7021260696,82174733933723,8171929220,75345747437312,7014793216,75338732644096,8164757504,6836007757107,6467480,6836001289627,24868808,8594128896,8594128896,0,8594128896,8562671616,8562671616,0,8562671616,31457280,31457280,0,31457280,360,360,0,360,345,345,0,345,15,15,0,15,,,,,,,,,,,,,,,,,,,,,,,,,,,,,,,,,,,,,,,,,,,,,,,,,,,,,,,,,,,,,,,,,,,,,,,,,,,,,,,,,,,,,,,,,,,,,,,,,,,,,,,,,,,,,,,,,,,,,,,,,,,,,,,,,,,,,,,,,,,,,,,,,,,,,,,,,,,,,,
,1649,,,,,,,,,,,,,,,,,,,,,,,,,,,,,,,,,,,,,,,,,,,,,,,,,,,,,,,,,,,,,,,,,,,,,,,,,,,,,,,,,,,,,,,,,,,,,,,,,,,,,,,,,,,,,,,,,,,,,,,,,,,32603010,2433,32600577,2967,11598231,886,11597345,1138,21004779,1547,21003232,1837,82990088826368,7032306176,82983056520192,8192102912,76148848749568,7025704960,76141823044608,8184799232,6841240076800,6601216,6841233475584,25004544,82990088826368,7032306176,82983056520192,8192102912,76148848749568,7025704960,76141823044608,8184799232,6841240076800,6601216,6841233475584,25004544,32603010,2433,32600577,2967,11598231,886,11597345,1138,21004779,1547,21003232,1837,20157365,111,20157254,237,6829033,66,6828967,133,13328332,45,13328287,117,82483160136192,186091008,82482974045184,1362006016,75494418899968,171720704,75494247179264,1355517952,6988741236224,14370304,6988726865920,17771520,-1,0,360,0,0,3,0,0,0,0,0,0,0,0,82208931582462,7021260712,82201910321750,8171929220,75369978907136,7014793216,75362964113920,8164757504,6838952675326,6467496,6838946207830,24868808,8594128896,8594128896,0,8594128896,8562671616,8562671616,0,8562671616,31457280,31457280,0,31457280,360,360,0,360,345,345,0,345,15,15,0,15,,,,,,,,,,,,,,,,,,,,,,,,,,,,,,,,,,,,
1.1151393084927828e-06,1649,,,,,,,,,,,,,,,,,,,,,,,,,,,,,,,,,,,,,,,,,,,,,,,,,,,,,,,,,,,,,,,,,,,,,,,,,,,,,,,,,,,,,,,,,,,,,,,,,,,,,,,,,,,,,,,,,,,,,,,,,,,,,,,,,,,,,,,,,,,,,,,,,,,,,,,,,,,,,,,,,,,,,,,,,,,,,,,,,,,,,,,,,,,,,,,,,,,,,,,,,,,,,,,,,,,,,,,,,,,,,,,,,,,,,,,,,,,,,,,,,,,,,,,,,,,,,,,,,,,,,,,,,,,,,,,,,,,,,,,,
,1649,32603023,2429,32600594,2967,11598231,886,11597345,1138,21004792,1543,21003249,1837,82990088843776,7032305664,82983056538112,8192102912,76148848749568,7025704960,76141823044608,8184799232,6841240094208,6600704,6841233493504,25004544,82990088843776,7032305664,82983056538112,8192102912,76148848749568,7025704960,76141823044608,8184799232,6841240094208,6600704,6841233493504,25004544,32603023,2429,32600594,2967,11598231,886,11597345,1138,21004792,1543,21003249,1837,20157377,110,20157267,237,6829033,66,6828967,133,13328344,44,13328300,117,82483160154112,186091520,82482974062592,1362006016,75494418899968,171720704,75494247179264,1355517952,6988741254144,14370816,6988726883328,17771520,-1,0,360,0,0,3,0,0,0,0,0,0,0,0,82208931594026,7021261800,82201910332226,8171929220,75369978907136,7014793216,75362964113920,8164757504,6838952686890,6468584,6838946218306,24868808,8594128896,8594128896,0,8594128896,8562671616,8562671616,0,8562671616,31457280,31457280,0,31457280,360,360,0,360,345,345,0,345,15,15,0,15,,,,,,,,,,,,,,,,,,,,,,,,,,,,,,,,,,,,,,,,,,,,,,,,,,,,,,,,,,,,,,,,,,,,,,,,,,,,,,,,,,,,,,,,,,,,,,,,,,,,,,,,,,,,,,,,,,,,,,,,,,,,,,,,,,,,,,,,,,,,,,,,,,,,,,,,,,,,,,
,1649,,,,,,,,,,,,,,,,,,,,,,,,,,,,,,,,,,,,,,,,,,,,,,,,,,,,,,,,,,,,,,,,,,,,,,,,,,,,,,,,,,,,,,,,,,,,,,,,,,,,,,,,,,,,,,,,,,,,,,,,,,,32615345,2433,32612912,2967,11602914,886,11602028,1138,21012431,1547,21010884,1837,83018437673984,7032307712,83011405366272,8192102912,76174580235264,7025704960,76167554530304,8184799232,6843857438720,6602752,6843850835968,25004544,83018437673984,7032307712,83011405366272,8192102912,76174580235264,7025704960,76167554530304,8184799232,6843857438720,6602752,6843850835968,25004544,32615345,2433,32612912,2967,11602914,886,11602028,1138,21012431,1547,21010884,1837,20164319,111,20164208,237,6831942,66,6831876,133,13332377,45,13332332,117,82512311118336,186089472,82512125028864,1362006016,75520952521728,171720704,75520780801024,1355517952,6991358596608,14368768,6991344227840,17771520,-1,0,360,0,0,3,0,0,0,0,0,0,0,0,82236822008622,7021261876,82229800746746,8171929220,75395253009664,7014793216,75388238216448,8164757504,6841568998958,6468660,6841562530298,24868808,8594128896,8594128896,0,8594128896,8562671616,8562671616,0,8562671616,31457280,31457280,0,31457280,360,360,0,360,345,345,0,345,15,15,0,15,,,,,,,,,,,,,,,,,,,,,,,,,,,,,,,,,,,,
1.1151393084927828e-06,1649,,,,,,,,,,,,,,,,,,,,,,,,,,,,,,,,,,,,,,,,,,,,,,,,,,,,,,,,,,,,,,,,,,,,,,,,,,,,,,,,,,,,,,,,,,,,,,,,,,,,,,,,,,,,,,,,,,,,,,,,,,,,,,,,,,,,,,,,,,,,,,,,,,,,,,,,,,,,,,,,,,,,,,,,,,,,,,,,,,,,,,,,,,,,,,,,,,,,,,,,,,,,,,,,,,,,,,,,,,,,,,,,,,,,,,,,,,,,,,,,,,,,,,,,,,,,,,,,,,,,,,,,,,,,,,,,,,,,,,,,
,1649,32615358,2429,32612929,2967,11602914,886,11602028,1138,21012444,1543,21010901,1837,83018437685248,7032299520,83011405385728,8192102912,76174580235264,7025704960,76167554530304,8184799232,6843857449984,6594560,6843850855424,25004544,83018437685248,7032299520,83011405385728,8192102912,76174580235264,7025704960,76167554530304,8184799232,6843857449984,6594560,6843850855424,25004544,32615358,2429,32612929,2967,11602914,886,11602028,1138,21012444,1543,21010901,1837,20164333,111,20164222,237,6831942,66,6831876,133,13332391,45,13332346,117,82512311137792,186097664,82512125040128,1362006016,75520952521728,171720704,75520780801024,1355517952,6991358616064,14376960,6991344239104,17771520,-1,0,360,0,0,3,0,0,0,0,0,0,0,0,82236822014018,7021255692,82229800758326,8171929220,75395253009664,7014793216,75388238216448,8164757504,6841569004354,6462476,6841562541878,24868808,8594128896,8594128896,0,8594128896,8562671616,8562671616,0,8562671616,31457280,31457280,0,31457280,360,360,0,360,345,345,0,345,15,15,0,15,,,,,,,,,,,,,,,,,,,,,,,,,,,,,,,,,,,,,,,,,,,,,,,,,,,,,,,,,,,,,,,,,,,,,,,,,,,,,,,,,,,,,,,,,,,,,,,,,,,,,,,,,,,,,,,,,,,,,,,,,,,,,,,,,,,,,,,,,,,,,,,,,,,,,,,,,,,,,,
,1649,,,,,,,,,,,,,,,,,,,,,,,,,,,,,,,,,,,,,,,,,,,,,,,,,,,,,,,,,,,,,,,,,,,,,,,,,,,,,,,,,,,,,,,,,,,,,,,,,,,,,,,,,,,,,,,,,,,,,,,,,,,32628229,2433,32625796,2967,11607117,886,11606231,1138,21021112,1547,21019565,1837,83047138584064,7032301568,83040106282496,8192102912,76200435342336,7025704960,76193409637376,8184799232,6846703241728,6596608,6846696645120,25004544,83047138584064,7032301568,83040106282496,8192102912,76200435342336,7025704960,76193409637376,8184799232,6846703241728,6596608,6846696645120,25004544,32628229,2433,32625796,2967,11607117,886,11606231,1138,21021112,1547,21019565,1837,20171362,112,20171250,237,6834217,66,6834151,133,13337145,46,13337099,117,82542194418688,186095616,82542008323072,1362006016,75547990012928,171720704,75547818292224,1355517952,6994204405760,14374912,6994190030848,17771520,-1,0,360,0,0,3,0,0,0,0,0,0,0,0,82265362773372,7021255708,82258341517664,8171929220,75420948865024,7014793216,75413934071808,8164757504,6844413908348,6462492,6844407445856,24868808,8594128896,8594128896,0,8594128896,8562671616,8562671616,0,8562671616,31457280,31457280,0,31457280,360,360,0,360,345,345,0,345,15,15,0,15,,,,,,,,,,,,,,,,,,,,,,,,,,,,,,,,,,,,
,1649,,,,,,,,,,,,,,,,,,,,,,,,,,,,,,,,,,,,,,,,,,,,,,,,,,,,,,,,,,,,,,,,,,,,,,,,,,,,,,,,,,,,,,,,,,,,,,,,,,,,,,,,,,,,,,,,,,,,,,,,,,,,,,,,,,,,,,,,,,,,,,,,,,,,,,,,,,,,,,,,,,,,,,,,,,,,,,,,,,,,,,,,,,,,,,,,,,,,,,,,,,,,,,,,,,,,,,,,,,,,,,,,,,,,,,,,,,,,,,,,,,,,,7.915496826171875e-05,9.775161743164062e-06,0.0002257823944091797,2,,,,,,,,,,,,,,,,,,,,,,,,,,,,,,,,
1.081570996978852e-06,1699,,,,,,,,,,,,,,,,,,,,,,,,,,,,,,,,,,,,,,,,,,,,,,,,,,,,,,,,,,,,,,,,,,,,,,,,,,,,,,,,,,,,,,,,,,,,,,,,,,,,,,,,,,,,,,,,,,,,,,,,,,,,,,,,,,,,,,,,,,,,,,,,,,,,,,,,,,,,,,,,,,,,,,,,,,,,,,,,,,,,,,,,,,,,,,,,,,,,,,,,,,,,,,,,,,,,,,,,,,,,,,,,,,,,,,,,,,,,,,,,,,,,,,,,,,,,,,,,,,,,,,,,,,,,,,,,,,,,,,,,
,1699,37532604,2429,37530175,2967,13356735,886,13355849,1138,24175869,1543,24174326,1837,95695830226432,7031922176,95688798304256,8192102912,87823309895680,7025319936,87816284575744,8184799232,7872520330752,6602240,7872513728512,25004544,95695830226432,7031922176,95688798304256,8192102912,87823309895680,7025319936,87816284575744,8184799232,7872520330752,6602240,7872513728512,25004544,37532604,2429,37530175,2967,13356735,886,13355849,1138,24175869,1543,24174326,1837,23194944,103,23194841,237,7855049,61,7854988,136,15339895,42,15339853,117,94971641977344,142434816,94971499542528,1362006016,86930434715648,136454144,86930298261504,1355517952,8041207261696,5980672,8041201281024,17771520,-1,0,361,0,0,3,0,0,0,0,0,0,0,0,94800333776455,7021263012,94793312513443,8176189728,86930445016064,7014793216,86923430222848,8169017344,7869888760391,6469796,7869882290595,24868808,8673820672,8673820672,0,8673820672,8642363392,8642363392,0,8642363392,31457280,31457280,0,31457280,361,361,0,361,346,346,0,346,15,15,0,15,,,,,,,,,,,,,,,,,,,,,,,,,,,,,,,,,,,,,,,,,,,,,,,,,,,,,,,,,,,,,,,,,,,,,,,,,,,,,,,,,,,,,,,,,,,,,,,,,,,,,,,,,,,,,,,,,,,,,,,,,,,,,,,,,,,,,,,,,,,,,,,,,,,,,,,,,,,,,,
,1699,,,,,,,,,,,,,,,,,,,,,,,,,,,,,,,,,,,,,,,,,,,,,,,,,,,,,,,,,,,,,,,,,,,,,,,,,,,,,,,,,,,,,,,,,,,,,,,,,,,,,,,,,,,,,,,,,,,,,,,,,,,37545527,2433,37543094,2967,13363026,886,13362140,1138,24182501,1547,24180954,1837,95750182598144,7027361280,95743155236864,8192102912,87876309735424,7020756992,87869288978432,8184799232,7873872862720,6604288,7873866258432,25004544,95750182598144,7027361280,95743155236864,8192102912,87876309735424,7020756992,87869288978432,8184799232,7873872862720,6604288,7873866258432,25004544,37545527,2433,37543094,2967,13363026,886,13362140,1138,24182501,1547,24180954,1837,23203066,130,23202936,237,7859429,77,7859352,136,15343637,53,15343584,117,95007848409600,222493184,95007625916416,1362006016,86965281370112,212320256,86965069049856,1355517952,8042567039488,10172928,8042556866560,17771520,-1,0,361,0,0,3,0,0,0,0,0,0,0,0,94854207181080,7021262968,94847185918112,8176189728,86982966836992,7014793216,86975952043776,8169017344,7871240344088,6469752,7871233874336,24868808,8673820672,8673820672,0,8673820672,8642363392,8642363392,0,8642363392,31457280,31457280,0,31457280,361,361,0,361,346,346,0,346,15,15,0,15,,,,,,,,,,,,,,,,,,,,,,,,,,,,,,,,,,,,
1.081570996978852e-06,1699,,,,,,,,,,,,,,,,,,,,,,,,,,,,,,,,,,,,,,,,,,,,,,,,,,,,,,,,,,,,,,,,,,,,,,,,,,,,,,,,,,,,,,,,,,,,,,,,,,,,,,,,,,,,,,,,,,,,,,,,,,,,,,,,,,,,,,,,,,,,,,,,,,,,,,,,,,,,,,,,,,,,,,,,,,,,,,,,,,,,,,,,,,,,,,,,,,,,,,,,,,,,,,,,,,,,,,,,,,,,,,,,,,,,,,,,,,,,,,,,,,,,,,,,,,,,,,,,,,,,,,,,,,,,,,,,,,,,,,,,
,1699,37545540,2429,37543111,2967,13363026,886,13362140,1138,24182514,1543,24180971,1837,95750182610944,7027353088,95743155257856,8192102912,87876309735424,7020756992,87869288978432,8184799232,7873872875520,6596096,7873866279424,25004544,95750182610944,7027353088,95743155257856,8192102912,87876309735424,7020756992,87869288978432,8184799232,7873872875520,6596096,7873866279424,25004544,37545540,2429,37543111,2967,13363026,886,13362140,1138,24182514,1543,24180971,1837,23203076,127,23202949,237,7859429,77,7859352,136,15343647,50,15343597,117,95007848430592,222501376,95007625929216,1362006016,86965281370112,212320256,86965069049856,1355517952,8042567060480,10181120,8042556879360,17771520,-1,0,361,0,0,3,0,0,0,0,0,0,0,0,94854207188108,7021257264,94847185930844,8176189728,86982966836992,7014793216,86975952043776,8169017344,7871240351116,6464048,7871233887068,24868808,8673820672,8673820672,0,8673820672,8642363392,8642363392,0,8642363392,31457280,31457280,0,31457280,361,361,0,361,346,346,0,346,15,15,0,15,,,,,,,,,,,,,,,,,,,,,,,,,,,,,,,,,,,,,,,,,,,,,,,,,,,,,,,,,,,,,,,,,,,,,,,,,,,,,,,,,,,,,,,,,,,,,,,,,,,,,,,,,,,,,,,,,,,,,,,,,,,,,,,,,,,,,,,,,,,,,,,,,,,,,,,,,,,,,,
,1699,,,,,,,,,,,,,,,,,,,,,,,,,,,,,,,,,,,,,,,,,,,,,,,,,,,,,,,,,,,,,,,,,,,,,,,,,,,,,,,,,,,,,,,,,,,,,,,,,,,,,,,,,,,,,,,,,,,,,,,,,,,37557911,2433,37555478,2967,13367109,886,13366223,1138,24190802,1547,24189255,1837,95777496342016,7027355136,95770468986880,8192102912,87900778031104,7020756992,87893757274112,8184799232,7876718310912,6598144,7876711712768,25004544,95777496342016,7027355136,95770468986880,8192102912,87900778031104,7020756992,87893757274112,8184799232,7876718310912,6598144,7876711712768,25004544,37557911,2433,37555478,2967,13367109,886,13366223,1138,24190802,1547,24189255,1837,23211172,137,23211035,237,7862257,77,7862180,136,15348915,60,15348855,117,95037734603264,222499328,95037512103936,1362006016,86992261160960,212320256,86992048840704,1355517952,8045473442304,10179072,8045463263232,17771520,-1,0,361,0,0,3,0,0,0,0,0,0,0,0,94881176593772,7021257280,94874155336492,8176189728,87007091712512,7014793216,87000076919296,8169017344,7874084881260,6464064,7874078417196,24868808,8673820672,8673820672,0,8673820672,8642363392,8642363392,0,8642363392,31457280,31457280,0,31457280,361,361,0,361,346,346,0,346,15,15,0,15,,,,,,,,,,,,,,,,,,,,,,,,,,,,,,,,,,,,
1.081570996978852e-06,1699,,,,,,,,,,,,,,,,,,,,,,,,,,,,,,,,,,,,,,,,,,,,,,,,,,,,,,,,,,,,,,,,,,,,,,,,,,,,,,,,,,,,,,,,,,,,,,,,,,,,,,,,,,,,,,,,,,,,,,,,,,,,,,,,,,,,,,,,,,,,,,,,,,,,,,,,,,,,,,,,,,,,,,,,,,,,,,,,,,,,,,,,,,,,,,,,,,,,,,,,,,,,,,,,,,,,,,,,,,,,,,,,,,,,,,,,,,,,,,,,,,,,,,,,,,,,,,,,,,,,,,,,,,,,,,,,,,,,,,,,
,1699,37557924,2429,37555495,2967,13367109,886,13366223,1138,24190815,1543,24189272,1837,95777496356352,7027354624,95770469001728,8192102912,87900778031104,7020756992,87893757274112,8184799232,7876718325248,6597632,7876711727616,25004544,95777496356352,7027354624,95770469001728,8192102912,87900778031104,7020756992,87893757274112,8184799232,7876718325248,6597632,7876711727616,25004544,37557924,2429,37555495,2967,13367109,886,13366223,1138,24190815,1543,24189272,1837,23211183,135,23211048,237,7862257,77,7862180,136,15348926,58,15348868,117,95037734618112,222499840,95037512118272,1362006016,86992261160960,212320256,86992048840704,1355517952,8045473457152,10179584,8045463277568,17771520,-1,0,361,0,0,3,0,0,0,0,0,0,0,0,94881176602888,7021259352,94874155343536,8176189728,87007091712512,7014793216,87000076919296,8169017344,7874084890376,6466136,7874078424240,24868808,8673820672,8673820672,0,8673820672,8642363392,8642363392,0,8642363392,31457280,31457280,0,31457280,361,361,0,361,346,346,0,346,15,15,0,15,,,,,,,,,,,,,,,,,,,,,,,,,,,,,,,,,,,,,,,,,,,,,,,,,,,,,,,,,,,,,,,,,,,,,,,,,,,,,,,,,,,,,,,,,,,,,,,,,,,,,,,,,,,,,,,,,,,,,,,,,,,,,,,,,,,,,,,,,,,,,,,,,,,,,,,,,,,,,,
,1699,,,,,,,,,,,,,,,,,,,,,,,,,,,,,,,,,,,,,,,,,,,,,,,,,,,,,,,,,,,,,,,,,,,,,,,,,,,,,,,,,,,,,,,,,,,,,,,,,,,,,,,,,,,,,,,,,,,,,,,,,,,37570295,2433,37567862,2967,13371192,886,13370306,1138,24199103,1547,24197556,1837,95804830828032,7027356672,95797803471360,8192102912,87925254363136,7020756992,87918233606144,8184799232,7879576464896,6599680,7879569865216,25004544,95804830828032,7027356672,95797803471360,8192102912,87925254363136,7020756992,87918233606144,8184799232,7879576464896,6599680,7879569865216,25004544,37570295,2433,37567862,2967,13371192,886,13370306,1138,24199103,1547,24197556,1837,23219343,133,23219210,237,7865085,77,7865008,136,15354258,56,15354202,117,95067611089920,222497792,95067388592128,1362006016,87019244105728,212320256,87019031785472,1355517952,8048366984192,10177536,8048356806656,17771520,-1,0,361,0,0,3,0,0,0,0,0,0,0,0,94908173417695,7021259368,94901152158327,8176189728,87031231284480,7014793216,87024216491264,8169017344,7876942133215,6466152,7876935667063,24868808,8673820672,8673820672,0,8673820672,8642363392,8642363392,0,8642363392,31457280,31457280,0,31457280,361,361,0,361,346,346,0,346,15,15,0,15,,,,,,,,,,,,,,,,,,,,,,,,,,,,,,,,,,,,
1.081570996978852e-06,1699,,,,,,,,,,,,,,,,,,,,,,,,,,,,,,,,,,,,,,,,,,,,,,,,,,,,,,,,,,,,,,,,,,,,,,,,,,,,,,,,,,,,,,,,,,,,,,,,,,,,,,,,,,,,,,,,,,,,,,,,,,,,,,,,,,,,,,,,,,,,,,,,,,,,,,,,,,,,,,,,,,,,,,,,,,,,,,,,,,,,,,,,,,,,,,,,,,,,,,,,,,,,,,,,,,,,,,,,,,,,,,,,,,,,,,,,,,,,,,,,,,,,,,,,,,,,,,,,,,,,,,,,,,,,,,,,,,,,,,,,
,1699,37570308,2429,37567879,2967,13371192,886,13370306,1138,24199116,1543,24197573,1837,95804830840832,7027353088,95797803487744,8192102912,87925254363136,7020756992,87918233606144,8184799232,7879576477696,6596096,7879569881600,25004544,95804830840832,7027353088,95797803487744,8192102912,87925254363136,7020756992,87918233606144,8184799232,7879576477696,6596096,7879569881600,25004544,37570308,2429,37567879,2967,13371192,886,13370306,1138,24199116,1543,24197573,1837,23219354,132,23219222,237,7865085,77,7865008,136,15354269,55,15354214,117,95067611106304,222501376,95067388604928,1362006016,87019244105728,212320256,87019031785472,1355517952,8048367000576,10181120,8048356819456,17771520,-1,0,361,0,0,3,0,0,0,0,0,0,0,0,94908173424843,7021257384,94901152167459,8176189728,87031231284480,7014793216,87024216491264,8169017344,7876942140363,6464168,7876935676195,24868808,8673820672,8673820672,0,8673820672,8642363392,8642363392,0,8642363392,31457280,31457280,0,31457280,361,361,0,361,346,346,0,346,15,15,0,15,,,,,,,,,,,,,,,,,,,,,,,,,,,,,,,,,,,,,,,,,,,,,,,,,,,,,,,,,,,,,,,,,,,,,,,,,,,,,,,,,,,,,,,,,,,,,,,,,,,,,,,,,,,,,,,,,,,,,,,,,,,,,,,,,,,,,,,,,,,,,,,,,,,,,,,,,,,,,,
,1699,,,,,,,,,,,,,,,,,,,,,,,,,,,,,,,,,,,,,,,,,,,,,,,,,,,,,,,,,,,,,,,,,,,,,,,,,,,,,,,,,,,,,,,,,,,,,,,,,,,,,,,,,,,,,,,,,,,,,,,,,,,37582678,2433,37580245,2967,13375179,886,13374293,1138,24207499,1547,24205952,1837,95831876562944,7027355136,95824849207808,8192102912,87949507102720,7020756992,87942486345728,8184799232,7882369460224,6598144,7882362862080,25004544,95831876562944,7027355136,95824849207808,8192102912,87949507102720,7020756992,87942486345728,8184799232,7882369460224,6598144,7882362862080,25004544,37582678,2433,37580245,2967,13375179,886,13374293,1138,24207499,1547,24205952,1837,23227245,136,23227109,237,7867840,77,7867763,136,15359405,59,15359346,117,95097221798912,222499328,95096999299584,1362006016,87046061817856,212320256,87045849497600,1355517952,8051159981056,10179072,8051149801984,17771520,-1,0,361,0,0,3,0,0,0,0,0,0,0,0,94934888302669,7021257400,94927867045269,8176189728,87055154108416,7014793216,87048139315200,8169017344,7879734194253,6464184,7879727730069,24868808,8673820672,8673820672,0,8673820672,8642363392,8642363392,0,8642363392,31457280,31457280,0,31457280,361,361,0,361,346,346,0,346,15,15,0,15,,,,,,,,,,,,,,,,,,,,,,,,,,,,,,,,,,,,
1.081570996978852e-06,1699,,,,,,,,,,,,,,,,,,,,,,,,,,,,,,,,,,,,,,,,,,,,,,,,,,,,,,,,,,,,,,,,,,,,,,,,,,,,,,,,,,,,,,,,,,,,,,,,,,,,,,,,,,,,,,,,,,,,,,,,,,,,,,,,,,,,,,,,,,,,,,,,,,,,,,,,,,,,,,,,,,,,,,,,,,,,,,,,,,,,,,,,,,,,,,,,,,,,,,,,,,,,,,,,,,,,,,,,,,,,,,,,,,,,,,,,,,,,,,,,,,,,,,,,,,,,,,,,,,,,,,,,,,,,,,,,,,,,,,,,
,1699,37582691,2429,37580262,2967,13375179,886,13374293,1138,24207512,1543,24205969,1837,95831876578816,7027356160,95824849222656,8192102912,87949507102720,7020756992,87942486345728,8184799232,7882369476096,6599168,7882362876928,25004544,95831876578816,7027356160,95824849222656,8192102912,87949507102720,7020756992,87942486345728,8184799232,7882369476096,6599168,7882362876928,25004544,37582691,2429,37580262,2967,13375179,886,13374293,1138,24207512,1543,24205969,1837,23227256,134,23227122,237,7867840,77,7867763,136,15359416,57,15359359,117,95097221813760,222498304,95096999315456,1362006016,87046061817856,212320256,87045849497600,1355517952,8051159995904,10178048,8051149817856,17771520,-1,0,361,0,0,3,0,0,0,0,0,0,0,0,94934888312721,7021260288,94927867052433,8176189728,87055154108416,7014793216,87048139315200,8169017344,7879734204305,6467072,7879727737233,24868808,8673820672,8673820672,0,8673820672,8642363392,8642363392,0,8642363392,31457280,31457280,0,31457280,361,361,0,361,346,346,0,346,15,15,0,15,,,,,,,,,,,,,,,,,,,,,,,,,,,,,,,,,,,,,,,,,,,,,,,,,,,,,,,,,,,,,,,,,,,,,,,,,,,,,,,,,,,,,,,,,,,,,,,,,,,,,,,,,,,,,,,,,,,,,,,,,,,,,,,,,,,,,,,,,,,,,,,,,,,,,,,,,,,,,,
,1699,,,,,,,,,,,,,,,,,,,,,,,,,,,,,,,,,,,,,,,,,,,,,,,,,,,,,,,,,,,,,,,,,,,,,,,,,,,,,,,,,,,,,,,,,,,,,,,,,,,,,,,,,,,,,,,,,,,,,,,,,,,37595062,2433,37592629,2967,13379262,886,13378376,1138,24215800,1547,24214253,1837,95859607437312,7027358208,95852580079104,8192102912,87974180026368,7020756992,87967159269376,8184799232,7885427410944,6601216,7885420809728,25004544,95859607437312,7027358208,95852580079104,8192102912,87974180026368,7020756992,87967159269376,8184799232,7885427410944,6601216,7885420809728,25004544,37595062,2433,37592629,2967,13379262,886,13378376,1138,24215800,1547,24214253,1837,23235253,133,23235120,237,7870673,77,7870596,136,15364580,56,15364524,117,95127407640576,222496256,95127185144320,1362006016,87073162186752,212320256,87072949866496,1355517952,8054245453824,10176000,8054235277824,17771520,-1,0,361,0,0,3,0,0,0,0,0,0,0,0,94962293457084,7021260304,94955272196780,8176189728,87079502097152,7014793216,87072487303936,8169017344,7882791359932,6467088,7882784892844,24868808,8673820672,8673820672,0,8673820672,8642363392,8642363392,0,8642363392,31457280,31457280,0,31457280,361,361,0,361,346,346,0,346,15,15,0,15,,,,,,,,,,,,,,,,,,,,,,,,,,,,,,,,,,,,
1.081570996978852e-06,1699,,,,,,,,,,,,,,,,,,,,,,,,,,,,,,,,,,,,,,,,,,,,,,,,,,,,,,,,,,,,,,,,,,,,,,,,,,,,,,,,,,,,,,,,,,,,,,,,,,,,,,,,,,,,,,,,,,,,,,,,,,,,,,,,,,,,,,,,,,,,,,,,,,,,,,,,,,,,,,,,,,,,,,,,,,,,,,,,,,,,,,,,,,,,,,,,,,,,,,,,,,,,,,,,,,,,,,,,,,,,,,,,,,,,,,,,,,,,,,,,,,,,,,,,,,,,,,,,,,,,,,,,,,,,,,,,,,,,,,,,
,1699,37595075,2429,37592646,2967,13379262,886,13378376,1138,24215813,1543,24214270,1837,95859607482368,7027385344,95852580097024,8192102912,87974180026368,7020756992,87967159269376,8184799232,7885427456000,6628352,7885420827648,25004544,95859607482368,7027385344,95852580097024,8192102912,87974180026368,7020756992,87967159269376,8184799232,7885427456000,6628352,7885420827648,25004544,37595075,2429,37592646,2967,13379262,886,13378376,1138,24215813,1543,24214270,1837,23235263,130,23235133,237,7870673,77,7870596,136,15364590,53,15364537,117,95127407658496,222469120,95127185189376,1362006016,87073162186752,212320256,87072949866496,1355517952,8054245471744,10148864,8054235322880,17771520,-1,0,361,0,0,3,0,0,0,0,0,0,0,0,94962293496968,7021290120,94955272206848,8176189728,87079502097152,7014793216,87072487303936,8169017344,7882791399816,6496904,7882784902912,24868808,8673820672,8673820672,0,8673820672,8642363392,8642363392,0,8642363392,31457280,31457280,0,31457280,361,361,0,361,346,346,0,346,15,15,0,15,,,,,,,,,,,,,,,,,,,,,,,,,,,,,,,,,,,,,,,,,,,,,,,,,,,,,,,,,,,,,,,,,,,,,,,,,,,,,,,,,,,,,,,,,,,,,,,,,,,,,,,,,,,,,,,,,,,,,,,,,,,,,,,,,,,,,,,,,,,,,,,,,,,,,,,,,,,,,,
,1699,,,,,,,,,,,,,,,,,,,,,,,,,,,,,,,,,,,,,,,,,,,,,,,,,,,,,,,,,,,,,,,,,,,,,,,,,,,,,,,,,,,,,,,,,,,,,,,,,,,,,,,,,,,,,,,,,,,,,,,,,,,37607998,2433,37605565,2967,13386299,886,13385413,1138,24221699,1547,24220152,1837,95967450508800,7027387392,95960423121408,8192102912,88081345968128,7020756992,88074325211136,8184799232,7886104540672,6630400,7886097910272,25004544,95967450508800,7027387392,95960423121408,8192102912,88081345968128,7020756992,88074325211136,8184799232,7886104540672,6630400,7886097910272,25004544,37607998,2433,37605565,2967,13386299,886,13385413,1138,24221699,1547,24220152,1837,23244752,136,23244616,237,7876203,77,7876126,136,15368549,59,15368490,117,95174930586624,222467072,95174708119552,1362006016,87120008032256,212320256,87119795712000,1355517952,8054922554368,10146816,8054912407552,17771520,-1,0,361,0,0,3,0,0,0,0,0,0,0,0,95069391462093,7021290136,95062370171957,8176189728,87185923781120,7014793216,87178908987904,8169017344,7883467680973,6496920,7883461184053,24868808,8673820672,8673820672,0,8673820672,8642363392,8642363392,0,8642363392,31457280,31457280,0,31457280,361,361,0,361,346,346,0,346,15,15,0,15,,,,,,,,,,,,,,,,,,,,,,,,,,,,,,,,,,,,
1.081570996978852e-06,1699,,,,,,,,,,,,,,,,,,,,,,,,,,,,,,,,,,,,,,,,,,,,,,,,,,,,,,,,,,,,,,,,,,,,,,,,,,,,,,,,,,,,,,,,,,,,,,,,,,,,,,,,,,,,,,,,,,,,,,,,,,,,,,,,,,,,,,,,,,,,,,,,,,,,,,,,,,,,,,,,,,,,,,,,,,,,,,,,,,,,,,,,,,,,,,,,,,,,,,,,,,,,,,,,,,,,,,,,,,,,,,,,,,,,,,,,,,,,,,,,,,,,,,,,,,,,,,,,,,,,,,,,,,,,,,,,,,,,,,,,
,1699,37608011,2429,37605582,2967,13386299,886,13385413,1138,24221712,1543,24220169,1837,95967450524672,7027356160,95960423168512,8192102912,88081345968128,7020756992,88074325211136,8184799232,7886104556544,6599168,7886097957376,25004544,95967450524672,7027356160,95960423168512,8192102912,88081345968128,7020756992,88074325211136,8184799232,7886104556544,6599168,7886097957376,25004544,37608011,2429,37605582,2967,13386299,886,13385413,1138,24221712,1543,24220169,1837,23244762,133,23244629,237,7876203,77,7876126,136,15368559,56,15368503,117,95174930633728,222498304,95174708135424,1362006016,87120008032256,212320256,87119795712000,1355517952,8054922601472,10178048,8054912423424,17771520,-1,0,361,0,0,3,0,0,0,0,0,0,0,0,95069391472289,7021260432,95062370211857,8176189728,87185923781120,7014793216,87178908987904,8169017344,7883467691169,6467216,7883461223953,24868808,8673820672,8673820672,0,8673820672,8642363392,8642363392,0,8642363392,31457280,31457280,0,31457280,361,361,0,361,346,346,0,346,15,15,0,15,,,,,,,,,,,,,,,,,,,,,,,,,,,,,,,,,,,,,,,,,,,,,,,,,,,,,,,,,,,,,,,,,,,,,,,,,,,,,,,,,,,,,,,,,,,,,,,,,,,,,,,,,,,,,,,,,,,,,,,,,,,,,,,,,,,,,,,,,,,,,,,,,,,,,,,,,,,,,,
,1699,,,,,,,,,,,,,,,,,,,,,,,,,,,,,,,,,,,,,,,,,,,,,,,,,,,,,,,,,,,,,,,,,,,,,,,,,,,,,,,,,,,,,,,,,,,,,,,,,,,,,,,,,,,,,,,,,,,,,,,,,,,37620381,2433,37617948,2967,13390382,886,13389496,1138,24229999,1547,24228452,1837,95995416816640,7027358208,95988389458432,8192102912,88106141743104,7020756992,88099120986112,8184799232,7889275073536,6601216,7889268472320,25004544,95995416816640,7027358208,95988389458432,8192102912,88106141743104,7020756992,88099120986112,8184799232,7889275073536,6601216,7889268472320,25004544,37620381,2433,37617948,2967,13390382,886,13389496,1138,24229999,1547,24228452,1837,23252952,130,23252822,237,7879037,77,7878960,136,15373915,53,15373862,117,95205292616704,222496256,95205070120448,1362006016,87147177873408,212320256,87146965553152,1355517952,8058114743296,10176000,8058104567296,17771520,-1,0,361,0,0,3,0,0,0,0,0,0,0,0,95097026072769,7021260448,95090004812321,8176189728,87210388575488,7014793216,87203373782272,8169017344,7886637497281,6467232,7886631030049,24868808,8673820672,8673820672,0,8673820672,8642363392,8642363392,0,8642363392,31457280,31457280,0,31457280,361,361,0,361,346,346,0,346,15,15,0,15,,,,,,,,,,,,,,,,,,,,,,,,,,,,,,,,,,,,
1.081570996978852e-06,1699,,,,,,,,,,,,,,,,,,,,,,,,,,,,,,,,,,,,,,,,,,,,,,,,,,,,,,,,,,,,,,,,,,,,,,,,,,,,,,,,,,,,,,,,,,,,,,,,,,,,,,,,,,,,,,,,,,,,,,,,,,,,,,,,,,,,,,,,,,,,,,,,,,,,,,,,,,,,,,,,,,,,,,,,,,,,,,,,,,,,,,,,,,,,,,,,,,,,,,,,,,,,,,,,,,,,,,,,,,,,,,,,,,,,,,,,,,,,,,,,,,,,,,,,,,,,,,,,,,,,,,,,,,,,,,,,,,,,,,,,
,1699,37620394,2429,37617965,2967,13390382,886,13389496,1138,24230012,1543,24228469,1837,95995416834048,7027357696,95988389476352,8192102912,88106141743104,7020756992,88099120986112,8184799232,7889275090944,6600704,7889268490240,25004544,95995416834048,7027357696,95988389476352,8192102912,88106141743104,7020756992,88099120986112,8184799232,7889275090944,6600704,7889268490240,25004544,37620394,2429,37617965,2967,13390382,886,13389496,1138,24230012,1543,24228469,1837,23252964,130,23252834,237,7879037,77,7878960,136,15373927,53,15373874,117,95205292634624,222496768,95205070137856,1362006016,87147177873408,212320256,87146965553152,1355517952,8058114761216,10176512,8058104584704,17771520,-1,0,361,0,0,3,0,0,0,0,0,0,0,0,95097026084837,7021262304,95090004822533,8176189728,87210388575488,7014793216,87203373782272,8169017344,7886637509349,6469088,7886631040261,24868808,8673820672,8673820672,0,8673820672,8642363392,8642363392,0,8642363392,31457280,31457280,0,31457280,361,361,0,361,346,346,0,346,15,15,0,15,,,,,,,,,,,,,,,,,,,,,,,,,,,,,,,,,,,,,,,,,,,,,,,,,,,,,,,,,,,,,,,,,,,,,,,,,,,,,,,,,,,,,,,,,,,,,,,,,,,,,,,,,,,,,,,,,,,,,,,,,,,,,,,,,,,,,,,,,,,,,,,,,,,,,,,,,,,,,,
,1699,,,,,,,,,,,,,,,,,,,,,,,,,,,,,,,,,,,,,,,,,,,,,,,,,,,,,,,,,,,,,,,,,,,,,,,,,,,,,,,,,,,,,,,,,,,,,,,,,,,,,,,,,,,,,,,,,,,,,,,,,,,37633314,2433,37630881,2967,13394686,886,13393800,1138,24238628,1547,24237081,1837,96024484284416,7027359744,96017456924672,8192102912,88132361533440,7020756992,88125340776448,8184799232,7892122750976,6602752,7892116148224,25004544,96024484284416,7027359744,96017456924672,8192102912,88132361533440,7020756992,88125340776448,8184799232,7892122750976,6602752,7892116148224,25004544,37633314,2433,37630881,2967,13394686,886,13393800,1138,24238628,1547,24237081,1837,23261300,131,23261169,237,7882086,77,7882009,136,15379214,54,15379160,117,95236730372608,222494720,95236507877888,1362006016,87175707004928,212320256,87175494684672,1355517952,8061023367680,10174464,8061013193216,17771520,-1,0,361,0,0,3,0,0,0,0,0,0,0,0,95125751267870,7021262320,95118730005550,8176189728,87236267005952,7014793216,87229252212736,8169017344,7889484261918,6469104,7889477792814,24868808,8673820672,8673820672,0,8673820672,8642363392,8642363392,0,8642363392,31457280,31457280,0,31457280,361,361,0,361,346,346,0,346,15,15,0,15,,,,,,,,,,,,,,,,,,,,,,,,,,,,,,,,,,,,
,1699,,,,,,,,,,,,,,,,,,,,,,,,,,,,,,,,,,,,,,,,,,,,,,,,,,,,,,,,,,,,,,,,,,,,,,,,,,,,,,,,,,,,,,,,,,,,,,,,,,,,,,,,,,,,,,,,,,,,,,,,,,,,,,,,,,,,,,,,,,,,,,,,,,,,,,,,,,,,,,,,,,,,,,,,,,,,,,,,,,,,,,,,,,,,,,,,,,,,,,,,,,,,,,,,,,,,,,,,,,,,,,,,,,,,,,,,,,,,,,,,,,,,,0.00589752197265625,8.93623146112077e-05,0.0072379568591713905,2,,,,,,,,,,,,,,,,,,,,,,,,,,,,,,,,
1.0480026854649212e-06,1749,,,,,,,,,,,,,,,,,,,,,,,,,,,,,,,,,,,,,,,,,,,,,,,,,,,,,,,,,,,,,,,,,,,,,,,,,,,,,,,,,,,,,,,,,,,,,,,,,,,,,,,,,,,,,,,,,,,,,,,,,,,,,,,,,,,,,,,,,,,,,,,,,,,,,,,,,,,,,,,,,,,,,,,,,,,,,,,,,,,,,,,,,,,,,,,,,,,,,,,,,,,,,,,,,,,,,,,,,,,,,,,,,,,,,,,,,,,,,,,,,,,,,,,,,,,,,,,,,,,,,,,,,,,,,,,,,,,,,,,,
,1749,42537091,2429,42534662,2967,15149930,886,15149044,1138,27387161,1543,27385618,1837,108522384515072,7025498112,108515359016960,8192102912,99605488094208,7018897408,99598469196800,8184799232,8916896420864,6600704,8916889820160,25004544,108522384515072,7025498112,108515359016960,8192102912,99605488094208,7018897408,99598469196800,8184799232,8916896420864,6600704,8916889820160,25004544,42537091,2429,42534662,2967,15149930,886,15149044,1138,27387161,1543,27385618,1837,26316186,108,26316078,237,8928380,64,8928316,136,17387806,44,17387762,117,107639400888320,148858880,107639252029440,1362006016,98528840694784,142876672,98528697818112,1355517952,9110560193536,5982208,9110554211328,17771520,-1,0,361,0,0,3,0,0,0,0,0,0,0,0,107502877060869,7021262808,107495855798061,8176189728,98588962394112,7014793216,98581947600896,8169017344,8913914666757,6469592,8913908197165,24868808,8673820672,8673820672,0,8673820672,8642363392,8642363392,0,8642363392,31457280,31457280,0,31457280,361,361,0,361,346,346,0,346,15,15,0,15,,,,,,,,,,,,,,,,,,,,,,,,,,,,,,,,,,,,,,,,,,,,,,,,,,,,,,,,,,,,,,,,,,,,,,,,,,,,,,,,,,,,,,,,,,,,,,,,,,,,,,,,,,,,,,,,,,,,,,,,,,,,,,,,,,,,,,,,,,,,,,,,,,,,,,,,,,,,,,
,1749,,,,,,,,,,,,,,,,,,,,,,,,,,,,,,,,,,,,,,,,,,,,,,,,,,,,,,,,,,,,,,,,,,,,,,,,,,,,,,,,,,,,,,,,,,,,,,,,,,,,,,,,,,,,,,,,,,,,,,,,,,,42549461,2433,42547028,2967,15154013,886,15153127,1138,27395448,1547,27393901,1837,108550090756608,7032471552,108543058285056,8192102912,99630086224896,7025868800,99623060356096,8184799232,8920004531712,6602752,8919997928960,25004544,108550090756608,7032471552,108543058285056,8192102912,99630086224896,7025868800,99623060356096,8184799232,8920004531712,6602752,8919997928960,25004544,42549461,2433,42547028,2967,15154013,886,15153127,1138,27395448,1547,27393901,1837,26323518,110,26323408,237,8930564,64,8930500,136,17392954,46,17392908,117,107667157664256,219480064,107666938184192,1362006016,98553441995776,207208448,98553234787328,1355517952,9113715668480,12271616,9113703396864,17771520,-1,0,361,0,0,3,0,0,0,0,0,0,0,0,107530386406511,7021262824,107523365143687,8176189728,98613364376320,7014793216,98606349583104,8169017344,8917022030191,6469608,8917015560583,24868808,8673820672,8673820672,0,8673820672,8642363392,8642363392,0,8642363392,31457280,31457280,0,31457280,361,361,0,361,346,346,0,346,15,15,0,15,,,,,,,,,,,,,,,,,,,,,,,,,,,,,,,,,,,,
1.0480026854649212e-06,1749,,,,,,,,,,,,,,,,,,,,,,,,,,,,,,,,,,,,,,,,,,,,,,,,,,,,,,,,,,,,,,,,,,,,,,,,,,,,,,,,,,,,,,,,,,,,,,,,,,,,,,,,,,,,,,,,,,,,,,,,,,,,,,,,,,,,,,,,,,,,,,,,,,,,,,,,,,,,,,,,,,,,,,,,,,,,,,,,,,,,,,,,,,,,,,,,,,,,,,,,,,,,,,,,,,,,,,,,,,,,,,,,,,,,,,,,,,,,,,,,,,,,,,,,,,,,,,,,,,,,,,,,,,,,,,,,,,,,,,,,
,1749,42549474,2429,42547045,2967,15154013,886,15153127,1138,27395461,1543,27393918,1837,108550090775552,7032471040,108543058304512,8192102912,99630086224896,7025868800,99623060356096,8184799232,8920004550656,6602240,8919997948416,25004544,108550090775552,7032471040,108543058304512,8192102912,99630086224896,7025868800,99623060356096,8184799232,8920004550656,6602240,8919997948416,25004544,42549474,2429,42547045,2967,15154013,886,15153127,1138,27395461,1543,27393918,1837,26323526,105,26323421,237,8930564,64,8930500,136,17392962,41,17392921,117,107667157683712,219480576,107666938203136,1362006016,98553441995776,207208448,98553234787328,1355517952,9113715687936,12272128,9113703415808,17771520,-1,0,361,0,0,3,0,0,0,0,0,0,0,0,107530386419491,7021263216,107523365156275,8176189728,98613364376320,7014793216,98606349583104,8169017344,8917022043171,6470000,8917015573171,24868808,8673820672,8673820672,0,8673820672,8642363392,8642363392,0,8642363392,31457280,31457280,0,31457280,361,361,0,361,346,346,0,346,15,15,0,15,,,,,,,,,,,,,,,,,,,,,,,,,,,,,,,,,,,,,,,,,,,,,,,,,,,,,,,,,,,,,,,,,,,,,,,,,,,,,,,,,,,,,,,,,,,,,,,,,,,,,,,,,,,,,,,,,,,,,,,,,,,,,,,,,,,,,,,,,,,,,,,,,,,,,,,,,,,,,,
,1749,,,,,,,,,,,,,,,,,,,,,,,,,,,,,,,,,,,,,,,,,,,,,,,,,,,,,,,,,,,,,,,,,,,,,,,,,,,,,,,,,,,,,,,,,,,,,,,,,,,,,,,,,,,,,,,,,,,,,,,,,,,42562348,2433,42559915,2967,15160904,886,15160018,1138,27401444,1547,27399897,1837,108604840052224,7032473088,108597807579136,8192102912,99684062075904,7025868800,99677036207104,8184799232,8920777976320,6604288,8920771372032,25004544,108604840052224,7032473088,108597807579136,8192102912,99684062075904,7025868800,99677036207104,8184799232,8920777976320,6604288,8920771372032,25004544,42562348,2433,42559915,2967,15160904,886,15160018,1138,27401444,1547,27399897,1837,26331322,105,26331217,237,8935167,64,8935103,136,17396155,41,17396114,117,107716428738560,219478528,107716209260032,1362006016,98601939627008,207208448,98601732418560,1355517952,9114489111552,12270080,9114476841472,17771520,-1,0,361,0,0,3,0,0,0,0,0,0,0,0,107584746668401,7021263292,107577725405109,8176189728,98666952099328,7014793216,98659937306112,8169017344,8917794569073,6470076,8917788098997,24868808,8673820672,8673820672,0,8673820672,8642363392,8642363392,0,8642363392,31457280,31457280,0,31457280,361,361,0,361,346,346,0,346,15,15,0,15,,,,,,,,,,,,,,,,,,,,,,,,,,,,,,,,,,,,
1.0480026854649212e-06,1749,,,,,,,,,,,,,,,,,,,,,,,,,,,,,,,,,,,,,,,,,,,,,,,,,,,,,,,,,,,,,,,,,,,,,,,,,,,,,,,,,,,,,,,,,,,,,,,,,,,,,,,,,,,,,,,,,,,,,,,,,,,,,,,,,,,,,,,,,,,,,,,,,,,,,,,,,,,,,,,,,,,,,,,,,,,,,,,,,,,,,,,,,,,,,,,,,,,,,,,,,,,,,,,,,,,,,,,,,,,,,,,,,,,,,,,,,,,,,,,,,,,,,,,,,,,,,,,,,,,,,,,,,,,,,,,,,,,,,,,,
,1749,42562361,2429,42559932,2967,15160904,886,15160018,1138,27401457,1543,27399914,1837,108604840069632,7032469504,108597807600128,8192102912,99684062075904,7025868800,99677036207104,8184799232,8920777993728,6600704,8920771393024,25004544,108604840069632,7032469504,108597807600128,8192102912,99684062075904,7025868800,99677036207104,8184799232,8920777993728,6600704,8920771393024,25004544,42562361,2429,42559932,2967,15160904,886,15160018,1138,27401457,1543,27399914,1837,26331335,108,26331227,237,8935167,64,8935103,136,17396168,44,17396124,117,107716428759552,219482112,107716209277440,1362006016,98601939627008,207208448,98601732418560,1355517952,9114489132544,12273664,9114476858880,17771520,-1,0,361,0,0,3,0,0,0,0,0,0,0,0,107584746680781,7021262676,107577725418105,8176189728,98666952099328,7014793216,98659937306112,8169017344,8917794581453,6469460,8917788111993,24868808,8673820672,8673820672,0,8673820672,8642363392,8642363392,0,8642363392,31457280,31457280,0,31457280,361,361,0,361,346,346,0,346,15,15,0,15,,,,,,,,,,,,,,,,,,,,,,,,,,,,,,,,,,,,,,,,,,,,,,,,,,,,,,,,,,,,,,,,,,,,,,,,,,,,,,,,,,,,,,,,,,,,,,,,,,,,,,,,,,,,,,,,,,,,,,,,,,,,,,,,,,,,,,,,,,,,,,,,,,,,,,,,,,,,,,
,1749,,,,,,,,,,,,,,,,,,,,,,,,,,,,,,,,,,,,,,,,,,,,,,,,,,,,,,,,,,,,,,,,,,,,,,,,,,,,,,,,,,,,,,,,,,,,,,,,,,,,,,,,,,,,,,,,,,,,,,,,,,,42574683,2433,42572250,2967,15164987,886,15164101,1138,27409696,1547,27408149,1837,108632280239104,7032471552,108625247767552,8192102912,99708493917184,7025868800,99701468048384,8184799232,8923786321920,6602752,8923779719168,25004544,108632280239104,7032471552,108625247767552,8192102912,99708493917184,7025868800,99701468048384,8184799232,8923786321920,6602752,8923779719168,25004544,42574683,2433,42572250,2967,15164987,886,15164101,1138,27409696,1547,27408149,1837,26338152,108,26338044,237,8937371,64,8937307,136,17400781,44,17400737,117,107744908672000,219480064,107744689191936,1362006016,98627382901760,207208448,98627175693312,1355517952,9117525770240,12271616,9117513498624,17771520,-1,0,361,0,0,3,0,0,0,0,0,0,0,0,107612052173830,7021262692,107605030911138,8176189728,98691250047232,7014793216,98684235254016,8169017344,8920802126598,6469476,8920795657122,24868808,8673820672,8673820672,0,8673820672,8642363392,8642363392,0,8642363392,31457280,31457280,0,31457280,361,361,0,361,346,346,0,346,15,15,0,15,,,,,,,,,,,,,,,,,,,,,,,,,,,,,,,,,,,,
1.0480026854649212e-06,1749,,,,,,,,,,,,,,,,,,,,,,,,,,,,,,,,,,,,,,,,,,,,,,,,,,,,,,,,,,,,,,,,,,,,,,,,,,,,,,,,,,,,,,,,,,,,,,,,,,,,,,,,,,,,,,,,,,,,,,,,,,,,,,,,,,,,,,,,,,,,,,,,,,,,,,,,,,,,,,,,,,,,,,,,,,,,,,,,,,,,,,,,,,,,,,,,,,,,,,,,,,,,,,,,,,,,,,,,,,,,,,,,,,,,,,,,,,,,,,,,,,,,,,,,,,,,,,,,,,,,,,,,,,,,,,,,,,,,,,,,
,1749,42574696,2429,42572267,2967,15164987,886,15164101,1138,27409709,1543,27408166,1837,108632280251904,7032464896,108625247787008,8192102912,99708493917184,7025868800,99701468048384,8184799232,8923786334720,6596096,8923779738624,25004544,108632280251904,7032464896,108625247787008,8192102912,99708493917184,7025868800,99701468048384,8184799232,8923786334720,6596096,8923779738624,25004544,42574696,2429,42572267,2967,15164987,886,15164101,1138,27409709,1543,27408166,1837,26338162,107,26338055,237,8937371,64,8937307,136,17400791,43,17400748,117,107744908691456,219486720,107744689204736,1362006016,98627382901760,207208448,98627175693312,1355517952,9117525789696,12278272,9117513511424,17771520,-1,0,361,0,0,3,0,0,0,0,0,0,0,0,107612052181626,7021258092,107605030923534,8176189728,98691250047232,7014793216,98684235254016,8169017344,8920802134394,6464876,8920795669518,24868808,8673820672,8673820672,0,8673820672,8642363392,8642363392,0,8642363392,31457280,31457280,0,31457280,361,361,0,361,346,346,0,346,15,15,0,15,,,,,,,,,,,,,,,,,,,,,,,,,,,,,,,,,,,,,,,,,,,,,,,,,,,,,,,,,,,,,,,,,,,,,,,,,,,,,,,,,,,,,,,,,,,,,,,,,,,,,,,,,,,,,,,,,,,,,,,,,,,,,,,,,,,,,,,,,,,,,,,,,,,,,,,,,,,,,,
,1749,,,,,,,,,,,,,,,,,,,,,,,,,,,,,,,,,,,,,,,,,,,,,,,,,,,,,,,,,,,,,,,,,,,,,,,,,,,,,,,,,,,,,,,,,,,,,,,,,,,,,,,,,,,,,,,,,,,,,,,,,,,42587018,2433,42584585,2967,15169070,886,15168184,1138,27417948,1547,27416401,1837,108659697922560,7032466944,108652665455616,8192102912,99732916288512,7025868800,99725890419712,8184799232,8926781634048,6598144,8926775035904,25004544,108659697922560,7032466944,108652665455616,8192102912,99732916288512,7025868800,99725890419712,8184799232,8926781634048,6598144,8926775035904,25004544,42587018,2433,42584585,2967,15169070,886,15168184,1138,27417948,1547,27416401,1837,26345028,111,26344917,237,8939575,64,8939511,136,17405453,47,17405406,117,107773370618880,219484672,107773151134208,1362006016,98652819647488,207208448,98652612439040,1355517952,9120550971392,12276224,9120538695168,17771520,-1,0,361,0,0,3,0,0,0,0,0,0,0,0,107639327913187,7021258108,107632306655079,8176189728,98715531271168,7014793216,98708516477952,8169017344,8923796642019,6464892,8923790177127,24868808,8673820672,8673820672,0,8673820672,8642363392,8642363392,0,8642363392,31457280,31457280,0,31457280,361,361,0,361,346,346,0,346,15,15,0,15,,,,,,,,,,,,,,,,,,,,,,,,,,,,,,,,,,,,
1.0480026854649212e-06,1749,,,,,,,,,,,,,,,,,,,,,,,,,,,,,,,,,,,,,,,,,,,,,,,,,,,,,,,,,,,,,,,,,,,,,,,,,,,,,,,,,,,,,,,,,,,,,,,,,,,,,,,,,,,,,,,,,,,,,,,,,,,,,,,,,,,,,,,,,,,,,,,,,,,,,,,,,,,,,,,,,,,,,,,,,,,,,,,,,,,,,,,,,,,,,,,,,,,,,,,,,,,,,,,,,,,,,,,,,,,,,,,,,,,,,,,,,,,,,,,,,,,,,,,,,,,,,,,,,,,,,,,,,,,,,,,,,,,,,,,,
,1749,42587031,2429,42584602,2967,15169070,886,15168184,1138,27417961,1543,27416418,1837,108659697935360,7032464896,108652665470464,8192102912,99732916288512,7025868800,99725890419712,8184799232,8926781646848,6596096,8926775050752,25004544,108659697935360,7032464896,108652665470464,8192102912,99732916288512,7025868800,99725890419712,8184799232,8926781646848,6596096,8926775050752,25004544,42587031,2429,42584602,2967,15169070,886,15168184,1138,27417961,1543,27416418,1837,26345039,108,26344931,237,8939575,64,8939511,136,17405464,44,17405420,117,107773370633728,219486720,107773151147008,1362006016,98652819647488,207208448,98652612439040,1355517952,9120550986240,12278272,9120538707968,17771520,-1,0,361,0,0,3,0,0,0,0,0,0,0,0,107639327920047,7021257156,107632306662891,8176189728,98715531271168,7014793216,98708516477952,8169017344,8923796648879,6463940,8923790184939,24868808,8673820672,8673820672,0,8673820672,8642363392,8642363392,0,8642363392,31457280,31457280,0,31457280,361,361,0,361,346,346,0,346,15,15,0,15,,,,,,,,,,,,,,,,,,,,,,,,,,,,,,,,,,,,,,,,,,,,,,,,,,,,,,,,,,,,,,,,,,,,,,,,,,,,,,,,,,,,,,,,,,,,,,,,,,,,,,,,,,,,,,,,,,,,,,,,,,,,,,,,,,,,,,,,,,,,,,,,,,,,,,,,,,,,,,
,1749,,,,,,,,,,,,,,,,,,,,,,,,,,,,,,,,,,,,,,,,,,,,,,,,,,,,,,,,,,,,,,,,,,,,,,,,,,,,,,,,,,,,,,,,,,,,,,,,,,,,,,,,,,,,,,,,,,,,,,,,,,,42599353,2433,42596920,2967,15173057,886,15172171,1138,27426296,1547,27424749,1837,108686806641664,7032466944,108679774174720,8192102912,99757091421184,7025868800,99750065552384,8184799232,8929715220480,6598144,8929708622336,25004544,108686806641664,7032466944,108679774174720,8192102912,99757091421184,7025868800,99750065552384,8184799232,8929715220480,6598144,8929708622336,25004544,42599353,2433,42596920,2967,15173057,886,15172171,1138,27426296,1547,27424749,1837,26351873,109,26351764,237,8941680,64,8941616,136,17410193,45,17410148,117,107801513397760,219484672,107801293913088,1362006016,98678028839936,207208448,98677821631488,1355517952,9123484557824,12276224,9123472281600,17771520,-1,0,361,0,0,3,0,0,0,0,0,0,0,0,107666271726352,7021257172,107659250469180,8176189728,98739542343424,7014793216,98732527550208,8169017344,8926729382928,6463956,8926722918972,24868808,8673820672,8673820672,0,8673820672,8642363392,8642363392,0,8642363392,31457280,31457280,0,31457280,361,361,0,361,346,346,0,346,15,15,0,15,,,,,,,,,,,,,,,,,,,,,,,,,,,,,,,,,,,,
1.0480026854649212e-06,1749,,,,,,,,,,,,,,,,,,,,,,,,,,,,,,,,,,,,,,,,,,,,,,,,,,,,,,,,,,,,,,,,,,,,,,,,,,,,,,,,,,,,,,,,,,,,,,,,,,,,,,,,,,,,,,,,,,,,,,,,,,,,,,,,,,,,,,,,,,,,,,,,,,,,,,,,,,,,,,,,,,,,,,,,,,,,,,,,,,,,,,,,,,,,,,,,,,,,,,,,,,,,,,,,,,,,,,,,,,,,,,,,,,,,,,,,,,,,,,,,,,,,,,,,,,,,,,,,,,,,,,,,,,,,,,,,,,,,,,,,
,1749,42599366,2429,42596937,2967,15173057,886,15172171,1138,27426309,1543,27424766,1837,108686806656000,7032466432,108679774189568,8192102912,99757091421184,7025868800,99750065552384,8184799232,8929715234816,6597632,8929708637184,25004544,108686806656000,7032466432,108679774189568,8192102912,99757091421184,7025868800,99750065552384,8184799232,8929715234816,6597632,8929708637184,25004544,42599366,2429,42596937,2967,15173057,886,15172171,1138,27426309,1543,27424766,1837,26351882,107,26351775,237,8941680,64,8941616,136,17410202,43,17410159,117,107801513412608,219485184,107801293927424,1362006016,98678028839936,207208448,98677821631488,1355517952,9123484572672,12276736,9123472295936,17771520,-1,0,361,0,0,3,0,0,0,0,0,0,0,0,107666271734676,7021258620,107659250476056,8176189728,98739542343424,7014793216,98732527550208,8169017344,8926729391252,6465404,8926722925848,24868808,8673820672,8673820672,0,8673820672,8642363392,8642363392,0,8642363392,31457280,31457280,0,31457280,361,361,0,361,346,346,0,346,15,15,0,15,,,,,,,,,,,,,,,,,,,,,,,,,,,,,,,,,,,,,,,,,,,,,,,,,,,,,,,,,,,,,,,,,,,,,,,,,,,,,,,,,,,,,,,,,,,,,,,,,,,,,,,,,,,,,,,,,,,,,,,,,,,,,,,,,,,,,,,,,,,,,,,,,,,,,,,,,,,,,,
,1749,,,,,,,,,,,,,,,,,,,,,,,,,,,,,,,,,,,,,,,,,,,,,,,,,,,,,,,,,,,,,,,,,,,,,,,,,,,,,,,,,,,,,,,,,,,,,,,,,,,,,,,,,,,,,,,,,,,,,,,,,,,42611737,2433,42609304,2967,15177044,886,15176158,1138,27434693,1547,27433146,1837,108713703385088,7032468480,108706670916608,8192102912,99781132594176,7025868800,99774106725376,8184799232,8932570790912,6599680,8932564191232,25004544,108713703385088,7032468480,108706670916608,8192102912,99781132594176,7025868800,99774106725376,8184799232,8932570790912,6599680,8932564191232,25004544,42611737,2433,42609304,2967,15177044,886,15176158,1138,27434693,1547,27433146,1837,26358876,108,26358768,237,8943690,64,8943626,136,17415186,44,17415142,117,107829392516096,219483136,107829173032960,1362006016,98703031942144,207208448,98702824733696,1355517952,9126360573952,12274688,9126348299264,17771520,-1,0,361,0,0,3,0,0,0,0,0,0,0,0,107693089539386,7021258576,107686068280810,8176189728,98763505492480,7014793216,98756490699264,8169017344,8929584046906,6465360,8929577581546,24868808,8673820672,8673820672,0,8673820672,8642363392,8642363392,0,8642363392,31457280,31457280,0,31457280,361,361,0,361,346,346,0,346,15,15,0,15,,,,,,,,,,,,,,,,,,,,,,,,,,,,,,,,,,,,
1.0480026854649212e-06,1749,,,,,,,,,,,,,,,,,,,,,,,,,,,,,,,,,,,,,,,,,,,,,,,,,,,,,,,,,,,,,,,,,,,,,,,,,,,,,,,,,,,,,,,,,,,,,,,,,,,,,,,,,,,,,,,,,,,,,,,,,,,,,,,,,,,,,,,,,,,,,,,,,,,,,,,,,,,,,,,,,,,,,,,,,,,,,,,,,,,,,,,,,,,,,,,,,,,,,,,,,,,,,,,,,,,,,,,,,,,,,,,,,,,,,,,,,,,,,,,,,,,,,,,,,,,,,,,,,,,,,,,,,,,,,,,,,,,,,,,,
,1749,42611750,2429,42609321,2967,15177044,886,15176158,1138,27434706,1543,27433163,1837,108713703404032,7032471040,108706670932992,8192102912,99781132594176,7025868800,99774106725376,8184799232,8932570809856,6602240,8932564207616,25004544,108713703404032,7032471040,108706670932992,8192102912,99781132594176,7025868800,99774106725376,8184799232,8932570809856,6602240,8932564207616,25004544,42611750,2429,42609321,2967,15177044,886,15176158,1138,27434706,1543,27433163,1837,26358890,111,26358779,237,8943690,64,8943626,136,17415200,47,17415153,117,107829392532480,219480576,107829173051904,1362006016,98703031942144,207208448,98702824733696,1355517952,9126360590336,12272128,9126348318208,17771520,-1,0,361,0,0,3,0,0,0,0,0,0,0,0,107693089553278,7021264128,107686068289150,8176189728,98763505492480,7014793216,98756490699264,8169017344,8929584060798,6470912,8929577589886,24868808,8673820672,8673820672,0,8673820672,8642363392,8642363392,0,8642363392,31457280,31457280,0,31457280,361,361,0,361,346,346,0,346,15,15,0,15,,,,,,,,,,,,,,,,,,,,,,,,,,,,,,,,,,,,,,,,,,,,,,,,,,,,,,,,,,,,,,,,,,,,,,,,,,,,,,,,,,,,,,,,,,,,,,,,,,,,,,,,,,,,,,,,,,,,,,,,,,,,,,,,,,,,,,,,,,,,,,,,,,,,,,,,,,,,,,
,1749,,,,,,,,,,,,,,,,,,,,,,,,,,,,,,,,,,,,,,,,,,,,,,,,,,,,,,,,,,,,,,,,,,,,,,,,,,,,,,,,,,,,,,,,,,,,,,,,,,,,,,,,,,,,,,,,,,,,,,,,,,,42624624,2433,42622191,2967,15183935,886,15183049,1138,27440689,1547,27439142,1837,108768455613440,7032473088,108761423140352,8192102912,99835111209984,7025868800,99828085341184,8184799232,8933344403456,6604288,8933337799168,25004544,108768455613440,7032473088,108761423140352,8192102912,99835111209984,7025868800,99828085341184,8184799232,8933344403456,6604288,8933337799168,25004544,42624624,2433,42622191,2967,15183935,886,15183049,1138,27440689,1547,27439142,1837,26366752,110,26366642,237,8948295,64,8948231,136,17418457,46,17418411,117,107878666520064,219478528,107878447041536,1362006016,98751532338176,207208448,98751325129728,1355517952,9127134181888,12270080,9127121911808,17771520,-1,0,361,0,0,3,0,0,0,0,0,0,0,0,107747450688319,7021264204,107740429424115,8176189728,98817093932288,7014793216,98810079139072,8169017344,8930356756031,6470988,8930350285043,24868808,8673820672,8673820672,0,8673820672,8642363392,8642363392,0,8642363392,31457280,31457280,0,31457280,361,361,0,361,346,346,0,346,15,15,0,15,,,,,,,,,,,,,,,,,,,,,,,,,,,,,,,,,,,,
1.0480026854649212e-06,1749,,,,,,,,,,,,,,,,,,,,,,,,,,,,,,,,,,,,,,,,,,,,,,,,,,,,,,,,,,,,,,,,,,,,,,,,,,,,,,,,,,,,,,,,,,,,,,,,,,,,,,,,,,,,,,,,,,,,,,,,,,,,,,,,,,,,,,,,,,,,,,,,,,,,,,,,,,,,,,,,,,,,,,,,,,,,,,,,,,,,,,,,,,,,,,,,,,,,,,,,,,,,,,,,,,,,,,,,,,,,,,,,,,,,,,,,,,,,,,,,,,,,,,,,,,,,,,,,,,,,,,,,,,,,,,,,,,,,,,,,
,1749,42624637,2429,42622208,2967,15183935,886,15183049,1138,27440702,1543,27439159,1837,108768455632384,7032471040,108761423161344,8192102912,99835111209984,7025868800,99828085341184,8184799232,8933344422400,6602240,8933337820160,25004544,108768455632384,7032471040,108761423161344,8192102912,99835111209984,7025868800,99828085341184,8184799232,8933344422400,6602240,8933337820160,25004544,42624637,2429,42622208,2967,15183935,886,15183049,1138,27440702,1543,27439159,1837,26366761,106,26366655,237,8948295,64,8948231,136,17418466,42,17418424,117,107878666541056,219480576,107878447060480,1362006016,98751532338176,207208448,98751325129728,1355517952,9127134202880,12272128,9127121930752,17771520,-1,0,361,0,0,3,0,0,0,0,0,0,0,0,107747450702283,7021264260,107740429438023,8176189728,98817093932288,7014793216,98810079139072,8169017344,8930356769995,6471044,8930350298951,24868808,8673820672,8673820672,0,8673820672,8642363392,8642363392,0,8642363392,31457280,31457280,0,31457280,361,361,0,361,346,346,0,346,15,15,0,15,,,,,,,,,,,,,,,,,,,,,,,,,,,,,,,,,,,,,,,,,,,,,,,,,,,,,,,,,,,,,,,,,,,,,,,,,,,,,,,,,,,,,,,,,,,,,,,,,,,,,,,,,,,,,,,,,,,,,,,,,,,,,,,,,,,,,,,,,,,,,,,,,,,,,,,,,,,,,,
,1749,,,,,,,,,,,,,,,,,,,,,,,,,,,,,,,,,,,,,,,,,,,,,,,,,,,,,,,,,,,,,,,,,,,,,,,,,,,,,,,,,,,,,,,,,,,,,,,,,,,,,,,,,,,,,,,,,,,,,,,,,,,42638109,2433,42635676,2967,15190447,886,15189561,1138,27447662,1547,27446115,1837,108824191032832,7032473088,108817158559744,8192102912,99889537780736,7025868800,99882511911936,8184799232,8934653252096,6604288,8934646647808,25004544,108824191032832,7032473088,108817158559744,8192102912,99889537780736,7025868800,99882511911936,8184799232,8934653252096,6604288,8934646647808,25004544,42638109,2433,42635676,2967,15190447,886,15189561,1138,27447662,1547,27446115,1837,26374968,110,26374858,237,8952719,64,8952655,136,17422249,46,17422203,117,107921616340992,219478528,107921396862464,1362006016,98793173310464,207208448,98792966102016,1355517952,9128443030528,12270080,9128430760448,17771520,-1,0,361,0,0,3,0,0,0,0,0,0,0,0,107802978965649,7021264216,107795957701433,8176189728,98871314331648,7014793216,98864299538432,8169017344,8931664634001,6471000,8931658163001,24868808,8673820672,8673820672,0,8673820672,8642363392,8642363392,0,8642363392,31457280,31457280,0,31457280,361,361,0,361,346,346,0,346,15,15,0,15,,,,,,,,,,,,,,,,,,,,,,,,,,,,,,,,,,,,
,1749,,,,,,,,,,,,,,,,,,,,,,,,,,,,,,,,,,,,,,,,,,,,,,,,,,,,,,,,,,,,,,,,,,,,,,,,,,,,,,,,,,,,,,,,,,,,,,,,,,,,,,,,,,,,,,,,,,,,,,,,,,,,,,,,,,,,,,,,,,,,,,,,,,,,,,,,,,,,,,,,,,,,,,,,,,,,,,,,,,,,,,,,,,,,,,,,,,,,,,,,,,,,,,,,,,,,,,,,,,,,,,,,,,,,,,,,,,,,,,,,,,,,,0.00022339820861816406,8.72146301844623e-06,0.0003542201593518257,2,,,,,,,,,,,,,,,,,,,,,,,,,,,,,,,,
1.0144343739509902e-06,1799,,,,,,,,,,,,,,,,,,,,,,,,,,,,,,,,,,,,,,,,,,,,,,,,,,,,,,,,,,,,,,,,,,,,,,,,,,,,,,,,,,,,,,,,,,,,,,,,,,,,,,,,,,,,,,,,,,,,,,,,,,,,,,,,,,,,,,,,,,,,,,,,,,,,,,,,,,,,,,,,,,,,,,,,,,,,,,,,,,,,,,,,,,,,,,,,,,,,,,,,,,,,,,,,,,,,,,,,,,,,,,,,,,,,,,,,,,,,,,,,,,,,,,,,,,,,,,,,,,,,,,,,,,,,,,,,,,,,,,,,
,1799,47541484,2429,47539055,2967,16934827,886,16933941,1138,30606657,1543,30605114,1837,121234164214784,7025600000,121227138614784,8192102912,111268937457664,7019003904,111261918453760,8184799232,9965226757120,6596096,9965220161024,25004544,121234164214784,7025600000,121227138614784,8192102912,111268937457664,7019003904,111261918453760,8184799232,9965226757120,6596096,9965220161024,25004544,47541484,2429,47539055,2967,16934827,886,16933941,1138,30606657,1543,30605114,1837,29435976,122,29435854,237,9985887,65,9985822,136,19450089,57,19450032,117,120292167631360,184408576,120291983222784,1362006016,110107007721472,178421760,110106829299712,1355517952,10185159909888,5986816,10185153923072,17771520,-1,0,361,0,0,3,0,0,0,0,0,0,0,0,120102434600902,7021257708,120095413343194,8176189728,110140538362880,7014793216,110133523569664,8169017344,9961896238022,6464492,9961889773530,24868808,8673820672,8673820672,0,8673820672,8642363392,8642363392,0,8642363392,31457280,31457280,0,31457280,361,361,0,361,346,346,0,346,15,15,0,15,,,,,,,,,,,,,,,,,,,,,,,,,,,,,,,,,,,,,,,,,,,,,,,,,,,,,,,,,,,,,,,,,,,,,,,,,,,,,,,,,,,,,,,,,,,,,,,,,,,,,,,,,,,,,,,,,,,,,,,,,,,,,,,,,,,,,,,,,,,,,,,,,,,,,,,,,,,,,,
,1799,,,,,,,,,,,,,,,,,,,,,,,,,,,,,,,,,,,,,,,,,,,,,,,,,,,,,,,,,,,,,,,,,,,,,,,,,,,,,,,,,,,,,,,,,,,,,,,,,,,,,,,,,,,,,,,,,,,,,,,,,,,47553854,2433,47551421,2967,16938910,886,16938024,1138,30614944,1547,30613397,1837,121261605040128,7030697472,121254574342656,8192102912,111293520261120,7024099328,111286496161792,8184799232,9968084779008,6598144,9968078180864,25004544,121261605040128,7030697472,121254574342656,8192102912,111293520261120,7024099328,111286496161792,8184799232,9968084779008,6598144,9968078180864,25004544,47553854,2433,47551421,2967,16938910,886,16938024,1138,30614944,1547,30613397,1837,29443656,115,29443541,237,9988322,70,9988252,136,19455334,45,19455289,117,120319961529856,181408256,120319780121600,1362006016,110131836915712,173326336,110131663589376,1355517952,10188124614144,8081920,10188116532224,17771520,-1,0,361,0,0,3,0,0,0,0,0,0,0,0,120129429864944,7021257664,120122408607280,8176189728,110164676501248,7014793216,110157661708032,8169017344,9964753363696,6464448,9964746899248,24868808,8673820672,8673820672,0,8673820672,8642363392,8642363392,0,8642363392,31457280,31457280,0,31457280,361,361,0,361,346,346,0,346,15,15,0,15,,,,,,,,,,,,,,,,,,,,,,,,,,,,,,,,,,,,
1.0144343739509902e-06,1799,,,,,,,,,,,,,,,,,,,,,,,,,,,,,,,,,,,,,,,,,,,,,,,,,,,,,,,,,,,,,,,,,,,,,,,,,,,,,,,,,,,,,,,,,,,,,,,,,,,,,,,,,,,,,,,,,,,,,,,,,,,,,,,,,,,,,,,,,,,,,,,,,,,,,,,,,,,,,,,,,,,,,,,,,,,,,,,,,,,,,,,,,,,,,,,,,,,,,,,,,,,,,,,,,,,,,,,,,,,,,,,,,,,,,,,,,,,,,,,,,,,,,,,,,,,,,,,,,,,,,,,,,,,,,,,,,,,,,,,,
,1799,47553867,2429,47551438,2967,16938910,886,16938024,1138,30614957,1543,30613414,1837,121261605052928,7030695424,121254574357504,8192102912,111293520261120,7024099328,111286496161792,8184799232,9968084791808,6596096,9968078195712,25004544,121261605052928,7030695424,121254574357504,8192102912,111293520261120,7024099328,111286496161792,8184799232,9968084791808,6596096,9968078195712,25004544,47553867,2429,47551438,2967,16938910,886,16938024,1138,30614957,1543,30613414,1837,29443665,111,29443554,237,9988322,70,9988252,136,19455343,41,19455302,117,120319961544704,181410304,120319780134400,1362006016,110131836915712,173326336,110131663589376,1355517952,10188124628992,8083968,10188116545024,17771520,-1,0,361,0,0,3,0,0,0,0,0,0,0,0,120129429871420,7021256712,120122408614708,8176189728,110164676501248,7014793216,110157661708032,8169017344,9964753370172,6463496,9964746906676,24868808,8673820672,8673820672,0,8673820672,8642363392,8642363392,0,8642363392,31457280,31457280,0,31457280,361,361,0,361,346,346,0,346,15,15,0,15,,,,,,,,,,,,,,,,,,,,,,,,,,,,,,,,,,,,,,,,,,,,,,,,,,,,,,,,,,,,,,,,,,,,,,,,,,,,,,,,,,,,,,,,,,,,,,,,,,,,,,,,,,,,,,,,,,,,,,,,,,,,,,,,,,,,,,,,,,,,,,,,,,,,,,,,,,,,,,
,1799,,,,,,,,,,,,,,,,,,,,,,,,,,,,,,,,,,,,,,,,,,,,,,,,,,,,,,,,,,,,,,,,,,,,,,,,,,,,,,,,,,,,,,,,,,,,,,,,,,,,,,,,,,,,,,,,,,,,,,,,,,,47566238,2433,47563805,2967,16942897,886,16942011,1138,30623341,1547,30621794,1837,121288613766144,7030697472,121281583068672,8192102912,111317767323648,7024099328,111310743224320,8184799232,9970846442496,6598144,9970839844352,25004544,121288613766144,7030697472,121281583068672,8192102912,111317767323648,7024099328,111310743224320,8184799232,9970846442496,6598144,9970839844352,25004544,47566238,2433,47563805,2967,16942897,886,16942011,1138,30623341,1547,30621794,1837,29451250,117,29451133,237,9990422,70,9990352,136,19460828,47,19460781,117,120348907180544,181408256,120348725772288,1362006016,110157969784832,173326336,110157796458496,1355517952,10190937395712,8081920,10190929313792,17771520,-1,0,361,0,0,3,0,0,0,0,0,0,0,0,120156093187097,7021256728,120149071930369,8176189728,110188579111424,7014793216,110181564318208,8169017344,9967514075673,6463512,9967507612161,24868808,8673820672,8673820672,0,8673820672,8642363392,8642363392,0,8642363392,31457280,31457280,0,31457280,361,361,0,361,346,346,0,346,15,15,0,15,,,,,,,,,,,,,,,,,,,,,,,,,,,,,,,,,,,,
1.0144343739509902e-06,1799,,,,,,,,,,,,,,,,,,,,,,,,,,,,,,,,,,,,,,,,,,,,,,,,,,,,,,,,,,,,,,,,,,,,,,,,,,,,,,,,,,,,,,,,,,,,,,,,,,,,,,,,,,,,,,,,,,,,,,,,,,,,,,,,,,,,,,,,,,,,,,,,,,,,,,,,,,,,,,,,,,,,,,,,,,,,,,,,,,,,,,,,,,,,,,,,,,,,,,,,,,,,,,,,,,,,,,,,,,,,,,,,,,,,,,,,,,,,,,,,,,,,,,,,,,,,,,,,,,,,,,,,,,,,,,,,,,,,,,,,
,1799,47566251,2429,47563822,2967,16942897,886,16942011,1138,30623354,1543,30621811,1837,121288613783552,7030700032,121281583083520,8192102912,111317767323648,7024099328,111310743224320,8184799232,9970846459904,6600704,9970839859200,25004544,121288613783552,7030700032,121281583083520,8192102912,111317767323648,7024099328,111310743224320,8184799232,9970846459904,6600704,9970839859200,25004544,47566251,2429,47563822,2967,16942897,886,16942011,1138,30623354,1543,30621811,1837,29451262,115,29451147,237,9990422,70,9990352,136,19460840,45,19460795,117,120348907195392,181405696,120348725789696,1362006016,110157969784832,173326336,110157796458496,1355517952,10190937410560,8079360,10190929331200,17771520,-1,0,361,0,0,3,0,0,0,0,0,0,0,0,120156093198325,7021261464,120149071936861,8176189728,110188579111424,7014793216,110181564318208,8169017344,9967514086901,6468248,9967507618653,24868808,8673820672,8673820672,0,8673820672,8642363392,8642363392,0,8642363392,31457280,31457280,0,31457280,361,361,0,361,346,346,0,346,15,15,0,15,,,,,,,,,,,,,,,,,,,,,,,,,,,,,,,,,,,,,,,,,,,,,,,,,,,,,,,,,,,,,,,,,,,,,,,,,,,,,,,,,,,,,,,,,,,,,,,,,,,,,,,,,,,,,,,,,,,,,,,,,,,,,,,,,,,,,,,,,,,,,,,,,,,,,,,,,,,,,,
,1799,,,,,,,,,,,,,,,,,,,,,,,,,,,,,,,,,,,,,,,,,,,,,,,,,,,,,,,,,,,,,,,,,,,,,,,,,,,,,,,,,,,,,,,,,,,,,,,,,,,,,,,,,,,,,,,,,,,,,,,,,,,47578622,2433,47576189,2967,16946980,886,16946094,1138,30631642,1547,30630095,1837,121316495279104,7030702080,121309464577024,8192102912,111342503268352,7024099328,111335479169024,8184799232,9973992010752,6602752,9973985408000,25004544,121316495279104,7030702080,121309464577024,8192102912,111342503268352,7024099328,111335479169024,8184799232,9973992010752,6602752,9973985408000,25004544,47578622,2433,47576189,2967,16946980,886,16946094,1138,30631642,1547,30630095,1837,29458921,114,29458807,237,9992709,70,9992639,136,19466212,44,19466168,117,120378188709888,181403648,120378007306240,1362006016,110184042098688,173326336,110183868772352,1355517952,10194146611200,8077312,10194138533888,17771520,-1,0,361,0,0,3,0,0,0,0,0,0,0,0,120183677765312,7021261480,120176656503832,8176189728,110213018854656,7014793216,110206004061440,8169017344,9970658910656,6468264,9970652442392,24868808,8673820672,8673820672,0,8673820672,8642363392,8642363392,0,8642363392,31457280,31457280,0,31457280,361,361,0,361,346,346,0,346,15,15,0,15,,,,,,,,,,,,,,,,,,,,,,,,,,,,,,,,,,,,
1.0144343739509902e-06,1799,,,,,,,,,,,,,,,,,,,,,,,,,,,,,,,,,,,,,,,,,,,,,,,,,,,,,,,,,,,,,,,,,,,,,,,,,,,,,,,,,,,,,,,,,,,,,,,,,,,,,,,,,,,,,,,,,,,,,,,,,,,,,,,,,,,,,,,,,,,,,,,,,,,,,,,,,,,,,,,,,,,,,,,,,,,,,,,,,,,,,,,,,,,,,,,,,,,,,,,,,,,,,,,,,,,,,,,,,,,,,,,,,,,,,,,,,,,,,,,,,,,,,,,,,,,,,,,,,,,,,,,,,,,,,,,,,,,,,,,,
,1799,47578635,2429,47576206,2967,16946980,886,16946094,1138,30631655,1543,30630112,1837,121316495293440,7030696960,121309464596480,8192102912,111342503268352,7024099328,111335479169024,8184799232,9973992025088,6597632,9973985427456,25004544,121316495293440,7030696960,121309464596480,8192102912,111342503268352,7024099328,111335479169024,8184799232,9973992025088,6597632,9973985427456,25004544,47578635,2429,47576206,2967,16946980,886,16946094,1138,30631655,1543,30630112,1837,29458933,115,29458818,237,9992709,70,9992639,136,19466224,45,19466179,117,120378188729344,181408768,120378007320576,1362006016,110184042098688,173326336,110183868772352,1355517952,10194146630656,8082432,10194138548224,17771520,-1,0,361,0,0,3,0,0,0,0,0,0,0,0,120183677774500,7021259424,120176656515076,8176189728,110213018854656,7014793216,110206004061440,8169017344,9970658919844,6466208,9970652453636,24868808,8673820672,8673820672,0,8673820672,8642363392,8642363392,0,8642363392,31457280,31457280,0,31457280,361,361,0,361,346,346,0,346,15,15,0,15,,,,,,,,,,,,,,,,,,,,,,,,,,,,,,,,,,,,,,,,,,,,,,,,,,,,,,,,,,,,,,,,,,,,,,,,,,,,,,,,,,,,,,,,,,,,,,,,,,,,,,,,,,,,,,,,,,,,,,,,,,,,,,,,,,,,,,,,,,,,,,,,,,,,,,,,,,,,,,
,1799,,,,,,,,,,,,,,,,,,,,,,,,,,,,,,,,,,,,,,,,,,,,,,,,,,,,,,,,,,,,,,,,,,,,,,,,,,,,,,,,,,,,,,,,,,,,,,,,,,,,,,,,,,,,,,,,,,,,,,,,,,,47591006,2433,47588573,2967,16951063,886,16950177,1138,30639943,1547,30638396,1837,121344060137472,7030699008,121337029438464,8192102912,111367085080576,7024099328,111360060981248,8184799232,9976975056896,6599680,9976968457216,25004544,121344060137472,7030699008,121337029438464,8192102912,111367085080576,7024099328,111360060981248,8184799232,9976975056896,6599680,9976968457216,25004544,47591006,2433,47588573,2967,16951063,886,16950177,1138,30639943,1547,30638396,1837,29466662,117,29466545,237,9994934,70,9994864,136,19471728,47,19471681,117,120407700727808,181406720,120407519321088,1362006016,110210445238272,173326336,110210271911936,1355517952,10197255489536,8080384,10197247409152,17771520,-1,0,361,0,0,3,0,0,0,0,0,0,0,0,120210929357780,7021259440,120203908098340,8176189728,110237288228864,7014793216,110230273435648,8169017344,9973641128916,6466224,9973634662692,24868808,8673820672,8673820672,0,8673820672,8642363392,8642363392,0,8642363392,31457280,31457280,0,31457280,361,361,0,361,346,346,0,346,15,15,0,15,,,,,,,,,,,,,,,,,,,,,,,,,,,,,,,,,,,,
1.0144343739509902e-06,1799,,,,,,,,,,,,,,,,,,,,,,,,,,,,,,,,,,,,,,,,,,,,,,,,,,,,,,,,,,,,,,,,,,,,,,,,,,,,,,,,,,,,,,,,,,,,,,,,,,,,,,,,,,,,,,,,,,,,,,,,,,,,,,,,,,,,,,,,,,,,,,,,,,,,,,,,,,,,,,,,,,,,,,,,,,,,,,,,,,,,,,,,,,,,,,,,,,,,,,,,,,,,,,,,,,,,,,,,,,,,,,,,,,,,,,,,,,,,,,,,,,,,,,,,,,,,,,,,,,,,,,,,,,,,,,,,,,,,,,,,
,1799,47591019,2429,47588590,2967,16951063,886,16950177,1138,30639956,1543,30638413,1837,121344060150272,7030695424,121337029454848,8192102912,111367085080576,7024099328,111360060981248,8184799232,9976975069696,6596096,9976968473600,25004544,121344060150272,7030695424,121337029454848,8192102912,111367085080576,7024099328,111360060981248,8184799232,9976975069696,6596096,9976968473600,25004544,47591019,2429,47588590,2967,16951063,886,16950177,1138,30639956,1543,30638413,1837,29466671,114,29466557,237,9994934,70,9994864,136,19471737,44,19471693,117,120407700744192,181410304,120407519333888,1362006016,110210445238272,173326336,110210271911936,1355517952,10197255505920,8083968,10197247421952,17771520,-1,0,361,0,0,3,0,0,0,0,0,0,0,0,120210929364856,7021257312,120203908107544,8176189728,110237288228864,7014793216,110230273435648,8169017344,9973641135992,6464096,9973634671896,24868808,8673820672,8673820672,0,8673820672,8642363392,8642363392,0,8642363392,31457280,31457280,0,31457280,361,361,0,361,346,346,0,346,15,15,0,15,,,,,,,,,,,,,,,,,,,,,,,,,,,,,,,,,,,,,,,,,,,,,,,,,,,,,,,,,,,,,,,,,,,,,,,,,,,,,,,,,,,,,,,,,,,,,,,,,,,,,,,,,,,,,,,,,,,,,,,,,,,,,,,,,,,,,,,,,,,,,,,,,,,,,,,,,,,,,,
,1799,,,,,,,,,,,,,,,,,,,,,,,,,,,,,,,,,,,,,,,,,,,,,,,,,,,,,,,,,,,,,,,,,,,,,,,,,,,,,,,,,,,,,,,,,,,,,,,,,,,,,,,,,,,,,,,,,,,,,,,,,,,47603341,2433,47600908,2967,16955050,886,16954164,1138,30648291,1547,30646744,1837,121371198289408,7030697472,121364167591936,8192102912,111391367745536,7024099328,111384343646208,8184799232,9979830543872,6598144,9979823945728,25004544,121371198289408,7030697472,121364167591936,8192102912,111391367745536,7024099328,111384343646208,8184799232,9979830543872,6598144,9979823945728,25004544,47603341,2433,47600908,2967,16955050,886,16954164,1138,30648291,1547,30646744,1837,29474073,113,29473960,237,9997038,70,9996968,136,19477035,43,19476992,117,120436751770624,181408256,120436570362368,1362006016,110236603830272,173326336,110236430503936,1355517952,10200147940352,8081920,10200139858432,17771520,-1,0,361,0,0,3,0,0,0,0,0,0,0,0,120237746046962,7021257388,120230724789574,8176189728,110261250312960,7014793216,110254235519744,8169017344,9976495734002,6464172,9976489269830,24868808,8673820672,8673820672,0,8673820672,8642363392,8642363392,0,8642363392,31457280,31457280,0,31457280,361,361,0,361,346,346,0,346,15,15,0,15,,,,,,,,,,,,,,,,,,,,,,,,,,,,,,,,,,,,
1.0144343739509902e-06,1799,,,,,,,,,,,,,,,,,,,,,,,,,,,,,,,,,,,,,,,,,,,,,,,,,,,,,,,,,,,,,,,,,,,,,,,,,,,,,,,,,,,,,,,,,,,,,,,,,,,,,,,,,,,,,,,,,,,,,,,,,,,,,,,,,,,,,,,,,,,,,,,,,,,,,,,,,,,,,,,,,,,,,,,,,,,,,,,,,,,,,,,,,,,,,,,,,,,,,,,,,,,,,,,,,,,,,,,,,,,,,,,,,,,,,,,,,,,,,,,,,,,,,,,,,,,,,,,,,,,,,,,,,,,,,,,,,,,,,,,,
,1799,47603354,2429,47600925,2967,16955050,886,16954164,1138,30648304,1543,30646761,1837,121371198306816,7030700032,121364167606784,8192102912,111391367745536,7024099328,111384343646208,8184799232,9979830561280,6600704,9979823960576,25004544,121371198306816,7030700032,121364167606784,8192102912,111391367745536,7024099328,111384343646208,8184799232,9979830561280,6600704,9979823960576,25004544,47603354,2429,47600925,2967,16955050,886,16954164,1138,30648304,1543,30646761,1837,29474085,110,29473975,237,9997038,70,9996968,136,19477047,40,19477007,117,120436751785472,181405696,120436570379776,1362006016,110236603830272,173326336,110236430503936,1355517952,10200147955200,8079360,10200139875840,17771520,-1,0,361,0,0,3,0,0,0,0,0,0,0,0,120237746058886,7021262220,120230724796666,8176189728,110261250312960,7014793216,110254235519744,8169017344,9976495745926,6469004,9976489276922,24868808,8673820672,8673820672,0,8673820672,8642363392,8642363392,0,8642363392,31457280,31457280,0,31457280,361,361,0,361,346,346,0,346,15,15,0,15,,,,,,,,,,,,,,,,,,,,,,,,,,,,,,,,,,,,,,,,,,,,,,,,,,,,,,,,,,,,,,,,,,,,,,,,,,,,,,,,,,,,,,,,,,,,,,,,,,,,,,,,,,,,,,,,,,,,,,,,,,,,,,,,,,,,,,,,,,,,,,,,,,,,,,,,,,,,,,
,1799,,,,,,,,,,,,,,,,,,,,,,,,,,,,,,,,,,,,,,,,,,,,,,,,,,,,,,,,,,,,,,,,,,,,,,,,,,,,,,,,,,,,,,,,,,,,,,,,,,,,,,,,,,,,,,,,,,,,,,,,,,,47615725,2433,47613292,2967,16959133,886,16958247,1138,30656592,1547,30655045,1837,121398791375360,7030702080,121391760673280,8192102912,111415965220864,7024099328,111408941121536,8184799232,9982826154496,6602752,9982819551744,25004544,121398791375360,7030702080,121391760673280,8192102912,111415965220864,7024099328,111408941121536,8184799232,9982826154496,6602752,9982819551744,25004544,47615725,2433,47613292,2967,16959133,886,16958247,1138,30656592,1547,30655045,1837,29481426,115,29481311,237,9999263,70,9999193,136,19482163,45,19482118,117,120466281055744,181403648,120466099652096,1362006016,110263017971712,173326336,110262844645376,1355517952,10203263084032,8077312,10203255006720,17771520,-1,0,361,0,0,3,0,0,0,0,0,0,0,0,120265025541793,7021262176,120258004279617,8176189728,110285535018496,7014793216,110278520225280,8169017344,9979490523297,6468960,9979484054337,24868808,8673820672,8673820672,0,8673820672,8642363392,8642363392,0,8642363392,31457280,31457280,0,31457280,361,361,0,361,346,346,0,346,15,15,0,15,,,,,,,,,,,,,,,,,,,,,,,,,,,,,,,,,,,,
1.0144343739509902e-06,1799,,,,,,,,,,,,,,,,,,,,,,,,,,,,,,,,,,,,,,,,,,,,,,,,,,,,,,,,,,,,,,,,,,,,,,,,,,,,,,,,,,,,,,,,,,,,,,,,,,,,,,,,,,,,,,,,,,,,,,,,,,,,,,,,,,,,,,,,,,,,,,,,,,,,,,,,,,,,,,,,,,,,,,,,,,,,,,,,,,,,,,,,,,,,,,,,,,,,,,,,,,,,,,,,,,,,,,,,,,,,,,,,,,,,,,,,,,,,,,,,,,,,,,,,,,,,,,,,,,,,,,,,,,,,,,,,,,,,,,,,
,1799,47615738,2429,47613309,2967,16959133,886,16958247,1138,30656605,1543,30655062,1837,121398791392768,7030700032,121391760692736,8192102912,111415965220864,7024099328,111408941121536,8184799232,9982826171904,6600704,9982819571200,25004544,121398791392768,7030700032,121391760692736,8192102912,111415965220864,7024099328,111408941121536,8184799232,9982826171904,6600704,9982819571200,25004544,47615738,2429,47613309,2967,16959133,886,16958247,1138,30656605,1543,30655062,1837,29481440,116,29481324,237,9999263,70,9999193,136,19482177,46,19482131,117,120466281075200,181405696,120466099669504,1362006016,110263017971712,173326336,110262844645376,1355517952,10203263103488,8079360,10203255024128,17771520,-1,0,361,0,0,3,0,0,0,0,0,0,0,0,120265025553573,7021262016,120258004291557,8176189728,110285535018496,7014793216,110278520225280,8169017344,9979490535077,6468800,9979484066277,24868808,8673820672,8673820672,0,8673820672,8642363392,8642363392,0,8642363392,31457280,31457280,0,31457280,361,361,0,361,346,346,0,346,15,15,0,15,,,,,,,,,,,,,,,,,,,,,,,,,,,,,,,,,,,,,,,,,,,,,,,,,,,,,,,,,,,,,,,,,,,,,,,,,,,,,,,,,,,,,,,,,,,,,,,,,,,,,,,,,,,,,,,,,,,,,,,,,,,,,,,,,,,,,,,,,,,,,,,,,,,,,,,,,,,,,,
,1799,,,,,,,,,,,,,,,,,,,,,,,,,,,,,,,,,,,,,,,,,,,,,,,,,,,,,,,,,,,,,,,,,,,,,,,,,,,,,,,,,,,,,,,,,,,,,,,,,,,,,,,,,,,,,,,,,,,,,,,,,,,47628109,2433,47625676,2967,16963216,886,16962330,1138,30664893,1547,30663346,1837,121426265880064,7030702080,121419235177984,8192102912,111440519028736,7024099328,111433494929408,8184799232,9985746851328,6602752,9985740248576,25004544,121426265880064,7030702080,121419235177984,8192102912,111440519028736,7024099328,111433494929408,8184799232,9985746851328,6602752,9985740248576,25004544,47628109,2433,47625676,2967,16963216,886,16962330,1138,30664893,1547,30663346,1837,29489088,117,29488971,237,10001493,70,10001423,136,19487595,47,19487548,117,120495707148800,181403648,120495525745152,1362006016,110289405403136,173326336,110289232076800,1355517952,10206301745664,8077312,10206293668352,17771520,-1,0,361,0,0,3,0,0,0,0,0,0,0,0,120292152098544,7021262032,120285130836512,8176189728,110309741744384,7014793216,110302726951168,8169017344,9982410354160,6468816,9982403885344,24868808,8673820672,8673820672,0,8673820672,8642363392,8642363392,0,8642363392,31457280,31457280,0,31457280,361,361,0,361,346,346,0,346,15,15,0,15,,,,,,,,,,,,,,,,,,,,,,,,,,,,,,,,,,,,
1.0144343739509902e-06,1799,,,,,,,,,,,,,,,,,,,,,,,,,,,,,,,,,,,,,,,,,,,,,,,,,,,,,,,,,,,,,,,,,,,,,,,,,,,,,,,,,,,,,,,,,,,,,,,,,,,,,,,,,,,,,,,,,,,,,,,,,,,,,,,,,,,,,,,,,,,,,,,,,,,,,,,,,,,,,,,,,,,,,,,,,,,,,,,,,,,,,,,,,,,,,,,,,,,,,,,,,,,,,,,,,,,,,,,,,,,,,,,,,,,,,,,,,,,,,,,,,,,,,,,,,,,,,,,,,,,,,,,,,,,,,,,,,,,,,,,,
,1799,47628122,2429,47625693,2967,16963216,886,16962330,1138,30664906,1543,30663363,1837,121426265895936,7030698496,121419235197440,8192102912,111440519028736,7024099328,111433494929408,8184799232,9985746867200,6599168,9985740268032,25004544,121426265895936,7030698496,121419235197440,8192102912,111440519028736,7024099328,111433494929408,8184799232,9985746867200,6599168,9985740268032,25004544,47628122,2429,47625693,2967,16963216,886,16962330,1138,30664906,1543,30663363,1837,29489099,114,29488985,237,10001493,70,10001423,136,19487606,44,19487562,117,120495707168256,181407232,120495525761024,1362006016,110289405403136,173326336,110289232076800,1355517952,10206301765120,8080896,10206293684224,17771520,-1,0,361,0,0,3,0,0,0,0,0,0,0,0,120292152109364,7021261056,120285130848308,8176189728,110309741744384,7014793216,110302726951168,8169017344,9982410364980,6467840,9982403897140,24868808,8673820672,8673820672,0,8673820672,8642363392,8642363392,0,8642363392,31457280,31457280,0,31457280,361,361,0,361,346,346,0,346,15,15,0,15,,,,,,,,,,,,,,,,,,,,,,,,,,,,,,,,,,,,,,,,,,,,,,,,,,,,,,,,,,,,,,,,,,,,,,,,,,,,,,,,,,,,,,,,,,,,,,,,,,,,,,,,,,,,,,,,,,,,,,,,,,,,,,,,,,,,,,,,,,,,,,,,,,,,,,,,,,,,,,
,1799,,,,,,,,,,,,,,,,,,,,,,,,,,,,,,,,,,,,,,,,,,,,,,,,,,,,,,,,,,,,,,,,,,,,,,,,,,,,,,,,,,,,,,,,,,,,,,,,,,,,,,,,,,,,,,,,,,,,,,,,,,,47641042,2433,47638609,2967,16967520,886,16966634,1138,30673522,1547,30671975,1837,121455874604544,7030700544,121448843904000,8192102912,111466993115136,7024099328,111459969015808,8184799232,9988881489408,6601216,9988874888192,25004544,121455874604544,7030700544,121448843904000,8192102912,111466993115136,7024099328,111459969015808,8184799232,9988881489408,6601216,9988874888192,25004544,47641042,2433,47638609,2967,16967520,886,16966634,1138,30673522,1547,30671975,1837,29497359,116,29497243,237,10003830,70,10003760,136,19493529,46,19493483,117,120526606499840,181405184,120526425094656,1362006016,110317118980096,173326336,110316945653760,1355517952,10209487519744,8078848,10209479440896,17771520,-1,0,361,0,0,3,0,0,0,0,0,0,0,0,120321461871806,7021261072,120314440610734,8176189728,110335917622272,7014793216,110328902829056,8169017344,9985544249534,6467856,9985537781678,24868808,8673820672,8673820672,0,8673820672,8642363392,8642363392,0,8642363392,31457280,31457280,0,31457280,361,361,0,361,346,346,0,346,15,15,0,15,,,,,,,,,,,,,,,,,,,,,,,,,,,,,,,,,,,,
,1799,,,,,,,,,,,,,,,,,,,,,,,,,,,,,,,,,,,,,,,,,,,,,,,,,,,,,,,,,,,,,,,,,,,,,,,,,,,,,,,,,,,,,,,,,,,,,,,,,,,,,,,,,,,,,,,,,,,,,,,,,,,,,,,,,,,,,,,,,,,,,,,,,,,,,,,,,,,,,,,,,,,,,,,,,,,,,,,,,,,,,,,,,,,,,,,,,,,,,,,,,,,,,,,,,,,,,,,,,,,,,,,,,,,,,,,,,,,,,,,,,,,,,9.167194366455078e-05,4.963552419212647e-05,0.0008362047956325114,2,,,,,,,,,,,,,,,,,,,,,,,,,,,,,,,,
9.808660624370594e-07,1849,,,,,,,,,,,,,,,,,,,,,,,,,,,,,,,,,,,,,,,,,,,,,,,,,,,,,,,,,,,,,,,,,,,,,,,,,,,,,,,,,,,,,,,,,,,,,,,,,,,,,,,,,,,,,,,,,,,,,,,,,,,,,,,,,,,,,,,,,,,,,,,,,,,,,,,,,,,,,,,,,,,,,,,,,,,,,,,,,,,,,,,,,,,,,,,,,,,,,,,,,,,,,,,,,,,,,,,,,,,,,,,,,,,,,,,,,,,,,,,,,,,,,,,,,,,,,,,,,,,,,,,,,,,,,,,,,,,,,,,,
,1849,52542788,2429,52540359,2967,18702768,886,18701882,1138,33840020,1543,33838477,1837,133701908246016,7029640192,133694878605824,8192102912,122672794382336,7023042560,122665771339776,8184799232,11029113863680,6597632,11029107266048,25004544,133701908246016,7029640192,133694878605824,8192102912,122672794382336,7023042560,122665771339776,8184799232,11029113863680,6597632,11029107266048,25004544,52542788,2429,52540359,2967,18702768,886,18701882,1138,33840020,1543,33838477,1837,32539430,111,32539319,237,11024537,62,11024475,136,21514893,49,21514844,117,132861234013696,142619648,132861091394048,1362006016,121586706386944,138731520,121586567655424,1355517952,11274527626752,3888128,11274523738624,17771520,-1,0,361,0,0,3,0,0,0,0,0,0,0,0,132443626971421,7021259088,132436605712333,8176189728,121418192579584,7014793216,121411177786368,8169017344,11025434391837,6465872,11025427925965,24868808,8673820672,8673820672,0,8673820672,8642363392,8642363392,0,8642363392,31457280,31457280,0,31457280,361,361,0,361,346,346,0,346,15,15,0,15,,,,,,,,,,,,,,,,,,,,,,,,,,,,,,,,,,,,,,,,,,,,,,,,,,,,,,,,,,,,,,,,,,,,,,,,,,,,,,,,,,,,,,,,,,,,,,,,,,,,,,,,,,,,,,,,,,,,,,,,,,,,,,,,,,,,,,,,,,,,,,,,,,,,,,,,,,,,,,
,1849,,,,,,,,,,,,,,,,,,,,,,,,,,,,,,,,,,,,,,,,,,,,,,,,,,,,,,,,,,,,,,,,,,,,,,,,,,,,,,,,,,,,,,,,,,,,,,,,,,,,,,,,,,,,,,,,,,,,,,,,,,,52555158,2433,52552725,2967,18706755,886,18705869,1138,33848403,1547,33846856,1837,133728797741056,7028978688,133721768762368,8192102912,122696890777600,7022379008,122689868398592,8184799232,11031906963456,6599680,11031900363776,25004544,133728797741056,7028978688,133721768762368,8192102912,122696890777600,7022379008,122689868398592,8184799232,11031906963456,6599680,11031900363776,25004544,52555158,2433,52552725,2967,18706755,886,18705869,1138,33848403,1547,33846856,1837,32547285,127,32547158,237,11026762,66,11026696,136,21520523,61,21520462,117,132888569245696,183127040,132888386118656,1362006016,121611185864704,175046656,121611010818048,1355517952,11277383380992,8080384,11277375300608,17771520,-1,0,361,0,0,3,0,0,0,0,0,0,0,0,132470343400176,7021259104,132463322141072,8176189728,121442116837120,7014793216,121435102043904,8169017344,11028226563056,6465888,11028220097168,24868808,8673820672,8673820672,0,8673820672,8642363392,8642363392,0,8642363392,31457280,31457280,0,31457280,361,361,0,361,346,346,0,346,15,15,0,15,,,,,,,,,,,,,,,,,,,,,,,,,,,,,,,,,,,,
9.808660624370594e-07,1849,,,,,,,,,,,,,,,,,,,,,,,,,,,,,,,,,,,,,,,,,,,,,,,,,,,,,,,,,,,,,,,,,,,,,,,,,,,,,,,,,,,,,,,,,,,,,,,,,,,,,,,,,,,,,,,,,,,,,,,,,,,,,,,,,,,,,,,,,,,,,,,,,,,,,,,,,,,,,,,,,,,,,,,,,,,,,,,,,,,,,,,,,,,,,,,,,,,,,,,,,,,,,,,,,,,,,,,,,,,,,,,,,,,,,,,,,,,,,,,,,,,,,,,,,,,,,,,,,,,,,,,,,,,,,,,,,,,,,,,,
,1849,52555171,2429,52552742,2967,18706755,886,18705869,1138,33848416,1543,33846873,1837,133728797756928,7028978176,133721768778752,8192102912,122696890777600,7022379008,122689868398592,8184799232,11031906979328,6599168,11031900380160,25004544,133728797756928,7028978176,133721768778752,8192102912,122696890777600,7022379008,122689868398592,8184799232,11031906979328,6599168,11031900380160,25004544,52555171,2429,52552742,2967,18706755,886,18705869,1138,33848416,1543,33846873,1837,32547296,125,32547171,237,11026762,66,11026696,136,21520534,59,21520475,117,132888569262080,183127552,132888386134528,1362006016,121611185864704,175046656,121611010818048,1355517952,11277383397376,8080896,11277375316480,17771520,-1,0,361,0,0,3,0,0,0,0,0,0,0,0,132470343410612,7021260672,132463322149940,8176189728,121442116837120,7014793216,121435102043904,8169017344,11028226573492,6467456,11028220106036,24868808,8673820672,8673820672,0,8673820672,8642363392,8642363392,0,8642363392,31457280,31457280,0,31457280,361,361,0,361,346,346,0,346,15,15,0,15,,,,,,,,,,,,,,,,,,,,,,,,,,,,,,,,,,,,,,,,,,,,,,,,,,,,,,,,,,,,,,,,,,,,,,,,,,,,,,,,,,,,,,,,,,,,,,,,,,,,,,,,,,,,,,,,,,,,,,,,,,,,,,,,,,,,,,,,,,,,,,,,,,,,,,,,,,,,,,
,1849,,,,,,,,,,,,,,,,,,,,,,,,,,,,,,,,,,,,,,,,,,,,,,,,,,,,,,,,,,,,,,,,,,,,,,,,,,,,,,,,,,,,,,,,,,,,,,,,,,,,,,,,,,,,,,,,,,,,,,,,,,,52567542,2433,52565109,2967,18710838,886,18709952,1138,33856704,1547,33855157,1837,133756422862848,7028980224,133749393882624,8192102912,122721420349440,7022379008,122714397970432,8184799232,11035002513408,6601216,11034995912192,25004544,133756422862848,7028980224,133749393882624,8192102912,122721420349440,7022379008,122714397970432,8184799232,11035002513408,6601216,11034995912192,25004544,52567542,2433,52565109,2967,18710838,886,18709952,1138,33856704,1547,33855157,1837,32554813,131,32554682,237,11028825,66,11028759,136,21525988,65,21525923,117,132917331997184,183125504,132917148871680,1362006016,121636825362432,175046656,121636650315776,1355517952,11280506634752,8078848,11280498555904,17771520,-1,0,361,0,0,3,0,0,0,0,0,0,0,0,132497825371886,7021260688,132490804111198,8176189728,121466504020480,7014793216,121459489227264,8169017344,11031321351406,6467472,11031314883934,24868808,8673820672,8673820672,0,8673820672,8642363392,8642363392,0,8642363392,31457280,31457280,0,31457280,361,361,0,361,346,346,0,346,15,15,0,15,,,,,,,,,,,,,,,,,,,,,,,,,,,,,,,,,,,,
9.808660624370594e-07,1849,,,,,,,,,,,,,,,,,,,,,,,,,,,,,,,,,,,,,,,,,,,,,,,,,,,,,,,,,,,,,,,,,,,,,,,,,,,,,,,,,,,,,,,,,,,,,,,,,,,,,,,,,,,,,,,,,,,,,,,,,,,,,,,,,,,,,,,,,,,,,,,,,,,,,,,,,,,,,,,,,,,,,,,,,,,,,,,,,,,,,,,,,,,,,,,,,,,,,,,,,,,,,,,,,,,,,,,,,,,,,,,,,,,,,,,,,,,,,,,,,,,,,,,,,,,,,,,,,,,,,,,,,,,,,,,,,,,,,,,,
,1849,52567555,2429,52565126,2967,18710838,886,18709952,1138,33856717,1543,33855174,1837,133756422878720,7028978176,133749393900544,8192102912,122721420349440,7022379008,122714397970432,8184799232,11035002529280,6599168,11034995930112,25004544,133756422878720,7028978176,133749393900544,8192102912,122721420349440,7022379008,122714397970432,8184799232,11035002529280,6599168,11034995930112,25004544,52567555,2429,52565126,2967,18710838,886,18709952,1138,33856717,1543,33855174,1837,32554823,127,32554696,237,11028825,66,11028759,136,21525998,61,21525937,117,132917332015104,183127552,132917148887552,1362006016,121636825362432,175046656,121636650315776,1355517952,11280506652672,8080896,11280498571776,17771520,-1,0,361,0,0,3,0,0,0,0,0,0,0,0,132497825381506,7021259856,132490804121650,8176189728,121466504020480,7014793216,121459489227264,8169017344,11031321361026,6466640,11031314894386,24868808,8673820672,8673820672,0,8673820672,8642363392,8642363392,0,8642363392,31457280,31457280,0,31457280,361,361,0,361,346,346,0,346,15,15,0,15,,,,,,,,,,,,,,,,,,,,,,,,,,,,,,,,,,,,,,,,,,,,,,,,,,,,,,,,,,,,,,,,,,,,,,,,,,,,,,,,,,,,,,,,,,,,,,,,,,,,,,,,,,,,,,,,,,,,,,,,,,,,,,,,,,,,,,,,,,,,,,,,,,,,,,,,,,,,,,
,1849,,,,,,,,,,,,,,,,,,,,,,,,,,,,,,,,,,,,,,,,,,,,,,,,,,,,,,,,,,,,,,,,,,,,,,,,,,,,,,,,,,,,,,,,,,,,,,,,,,,,,,,,,,,,,,,,,,,,,,,,,,,52579877,2433,52577444,2967,18714825,886,18713939,1138,33865052,1547,33863505,1837,133783575692800,7028980224,133776546712576,8192102912,122745639383040,7022379008,122738617004032,8184799232,11037936309760,6601216,11037929708544,25004544,133783575692800,7028980224,133776546712576,8192102912,122745639383040,7022379008,122738617004032,8184799232,11037936309760,6601216,11037929708544,25004544,52579877,2433,52577444,2967,18714825,886,18713939,1138,33865052,1547,33863505,1837,32562337,126,32562211,237,11030827,66,11030761,136,21531510,60,21531450,117,132945667670016,183125504,132945484544512,1362006016,121662176907264,175046656,121662001860608,1355517952,11283490762752,8078848,11283482683904,17771520,-1,0,361,0,0,3,0,0,0,0,0,0,0,0,132524771708909,7021259932,132517750448977,8176189728,121490517406976,7014793216,121483502613760,8169017344,11034254301933,6466716,11034247835217,24868808,8673820672,8673820672,0,8673820672,8642363392,8642363392,0,8642363392,31457280,31457280,0,31457280,361,361,0,361,346,346,0,346,15,15,0,15,,,,,,,,,,,,,,,,,,,,,,,,,,,,,,,,,,,,
9.808660624370594e-07,1849,,,,,,,,,,,,,,,,,,,,,,,,,,,,,,,,,,,,,,,,,,,,,,,,,,,,,,,,,,,,,,,,,,,,,,,,,,,,,,,,,,,,,,,,,,,,,,,,,,,,,,,,,,,,,,,,,,,,,,,,,,,,,,,,,,,,,,,,,,,,,,,,,,,,,,,,,,,,,,,,,,,,,,,,,,,,,,,,,,,,,,,,,,,,,,,,,,,,,,,,,,,,,,,,,,,,,,,,,,,,,,,,,,,,,,,,,,,,,,,,,,,,,,,,,,,,,,,,,,,,,,,,,,,,,,,,,,,,,,,,
,1849,52579890,2429,52577461,2967,18714825,886,18713939,1138,33865065,1543,33863522,1837,133783575704064,7028973568,133776546730496,8192102912,122745639383040,7022379008,122738617004032,8184799232,11037936321024,6594560,11037929726464,25004544,133783575704064,7028973568,133776546730496,8192102912,122745639383040,7022379008,122738617004032,8184799232,11037936321024,6594560,11037929726464,25004544,52579890,2429,52577461,2967,18714825,886,18713939,1138,33865065,1543,33863522,1837,32562348,123,32562225,237,11030827,66,11030761,136,21531521,57,21531464,117,132945667687936,183132160,132945484555776,1362006016,121662176907264,175046656,121662001860608,1355517952,11283490780672,8085504,11283482695168,17771520,-1,0,361,0,0,3,0,0,0,0,0,0,0,0,132524771713897,7021255284,132517750458613,8176189728,121490517406976,7014793216,121483502613760,8169017344,11034254306921,6462068,11034247844853,24868808,8673820672,8673820672,0,8673820672,8642363392,8642363392,0,8642363392,31457280,31457280,0,31457280,361,361,0,361,346,346,0,346,15,15,0,15,,,,,,,,,,,,,,,,,,,,,,,,,,,,,,,,,,,,,,,,,,,,,,,,,,,,,,,,,,,,,,,,,,,,,,,,,,,,,,,,,,,,,,,,,,,,,,,,,,,,,,,,,,,,,,,,,,,,,,,,,,,,,,,,,,,,,,,,,,,,,,,,,,,,,,,,,,,,,,
,1849,,,,,,,,,,,,,,,,,,,,,,,,,,,,,,,,,,,,,,,,,,,,,,,,,,,,,,,,,,,,,,,,,,,,,,,,,,,,,,,,,,,,,,,,,,,,,,,,,,,,,,,,,,,,,,,,,,,,,,,,,,,52592261,2433,52589828,2967,18718903,886,18718017,1138,33873358,1547,33871811,1837,133810987939328,7028975616,133803958963712,8192102912,122770077396992,7022379008,122763055017984,8184799232,11040910542336,6596608,11040903945728,25004544,133810987939328,7028975616,133803958963712,8192102912,122770077396992,7022379008,122763055017984,8184799232,11040910542336,6596608,11040903945728,25004544,52592261,2433,52589828,2967,18718903,886,18718017,1138,33873358,1547,33871811,1837,32569673,126,32569547,237,11032912,66,11032846,136,21536761,60,21536701,117,132974285316608,183130112,132974102186496,1362006016,121687779028992,175046656,121687603982336,1355517952,11286506287616,8083456,11286498204160,17771520,-1,0,361,0,0,3,0,0,0,0,0,0,0,0,132551993902798,7021255240,132544972647558,8176189728,121514766206976,7014793216,121507751413760,8169017344,11037227695822,6462024,11037221233798,24868808,8673820672,8673820672,0,8673820672,8642363392,8642363392,0,8642363392,31457280,31457280,0,31457280,361,361,0,361,346,346,0,346,15,15,0,15,,,,,,,,,,,,,,,,,,,,,,,,,,,,,,,,,,,,
9.808660624370594e-07,1849,,,,,,,,,,,,,,,,,,,,,,,,,,,,,,,,,,,,,,,,,,,,,,,,,,,,,,,,,,,,,,,,,,,,,,,,,,,,,,,,,,,,,,,,,,,,,,,,,,,,,,,,,,,,,,,,,,,,,,,,,,,,,,,,,,,,,,,,,,,,,,,,,,,,,,,,,,,,,,,,,,,,,,,,,,,,,,,,,,,,,,,,,,,,,,,,,,,,,,,,,,,,,,,,,,,,,,,,,,,,,,,,,,,,,,,,,,,,,,,,,,,,,,,,,,,,,,,,,,,,,,,,,,,,,,,,,,,,,,,,
,1849,52592274,2429,52589845,2967,18718903,886,18718017,1138,33873371,1543,33871828,1837,133810987955200,7028978176,133803958977024,8192102912,122770077396992,7022379008,122763055017984,8184799232,11040910558208,6599168,11040903959040,25004544,133810987955200,7028978176,133803958977024,8192102912,122770077396992,7022379008,122763055017984,8184799232,11040910558208,6599168,11040903959040,25004544,52592274,2429,52589845,2967,18718903,886,18718017,1138,33873371,1543,33871828,1837,32569687,129,32569558,237,11032912,66,11032846,136,21536775,63,21536712,117,132974285329920,183127552,132974102202368,1362006016,121687779028992,175046656,121687603982336,1355517952,11286506300928,8080896,11286498220032,17771520,-1,0,361,0,0,3,0,0,0,0,0,0,0,0,132551993913306,7021260744,132544972652562,8176189728,121514766206976,7014793216,121507751413760,8169017344,11037227706330,6467528,11037221238802,24868808,8673820672,8673820672,0,8673820672,8642363392,8642363392,0,8642363392,31457280,31457280,0,31457280,361,361,0,361,346,346,0,346,15,15,0,15,,,,,,,,,,,,,,,,,,,,,,,,,,,,,,,,,,,,,,,,,,,,,,,,,,,,,,,,,,,,,,,,,,,,,,,,,,,,,,,,,,,,,,,,,,,,,,,,,,,,,,,,,,,,,,,,,,,,,,,,,,,,,,,,,,,,,,,,,,,,,,,,,,,,,,,,,,,,,,
,1849,,,,,,,,,,,,,,,,,,,,,,,,,,,,,,,,,,,,,,,,,,,,,,,,,,,,,,,,,,,,,,,,,,,,,,,,,,,,,,,,,,,,,,,,,,,,,,,,,,,,,,,,,,,,,,,,,,,,,,,,,,,52604596,2433,52602163,2967,18722986,886,18722100,1138,33881610,1547,33880063,1837,133838238679040,7028980224,133831209698816,8192102912,122794444849152,7022379008,122787422470144,8184799232,11043793829888,6601216,11043787228672,25004544,133838238679040,7028980224,133831209698816,8192102912,122794444849152,7022379008,122787422470144,8184799232,11043793829888,6601216,11043787228672,25004544,52604596,2433,52602163,2967,18722986,886,18722100,1138,33881610,1547,33880063,1837,32577130,125,32577005,237,11034998,66,11034932,136,21542132,59,21542073,117,133002761984512,183125504,133002578859008,1362006016,121713317363712,175046656,121713142317056,1355517952,11289444620800,8078848,11289436541952,17771520,-1,0,361,0,0,3,0,0,0,0,0,0,0,0,132579042977824,7021260820,132572021717004,8176189728,121538932857600,7014793216,121531918064384,8169017344,11040110120224,6467604,11040103652620,24868808,8673820672,8673820672,0,8673820672,8642363392,8642363392,0,8642363392,31457280,31457280,0,31457280,361,361,0,361,346,346,0,346,15,15,0,15,,,,,,,,,,,,,,,,,,,,,,,,,,,,,,,,,,,,
9.808660624370594e-07,1849,,,,,,,,,,,,,,,,,,,,,,,,,,,,,,,,,,,,,,,,,,,,,,,,,,,,,,,,,,,,,,,,,,,,,,,,,,,,,,,,,,,,,,,,,,,,,,,,,,,,,,,,,,,,,,,,,,,,,,,,,,,,,,,,,,,,,,,,,,,,,,,,,,,,,,,,,,,,,,,,,,,,,,,,,,,,,,,,,,,,,,,,,,,,,,,,,,,,,,,,,,,,,,,,,,,,,,,,,,,,,,,,,,,,,,,,,,,,,,,,,,,,,,,,,,,,,,,,,,,,,,,,,,,,,,,,,,,,,,,,
,1849,52604609,2429,52602180,2967,18722986,886,18722100,1138,33881623,1543,33880080,1837,133838238690304,7028973568,133831209716736,8192102912,122794444849152,7022379008,122787422470144,8184799232,11043793841152,6594560,11043787246592,25004544,133838238690304,7028973568,133831209716736,8192102912,122794444849152,7022379008,122787422470144,8184799232,11043793841152,6594560,11043787246592,25004544,52604609,2429,52602180,2967,18722986,886,18722100,1138,33881623,1543,33880080,1837,32577141,122,32577019,237,11034998,66,11034932,136,21542143,56,21542087,117,133002762002432,183132160,133002578870272,1362006016,121713317363712,175046656,121713142317056,1355517952,11289444638720,8085504,11289436553216,17771520,-1,0,361,0,0,3,0,0,0,0,0,0,0,0,132579042984180,7021256652,132572021727528,8176189728,121538932857600,7014793216,121531918064384,8169017344,11040110126580,6463436,11040103663144,24868808,8673820672,8673820672,0,8673820672,8642363392,8642363392,0,8642363392,31457280,31457280,0,31457280,361,361,0,361,346,346,0,346,15,15,0,15,,,,,,,,,,,,,,,,,,,,,,,,,,,,,,,,,,,,,,,,,,,,,,,,,,,,,,,,,,,,,,,,,,,,,,,,,,,,,,,,,,,,,,,,,,,,,,,,,,,,,,,,,,,,,,,,,,,,,,,,,,,,,,,,,,,,,,,,,,,,,,,,,,,,,,,,,,,,,,
,1849,,,,,,,,,,,,,,,,,,,,,,,,,,,,,,,,,,,,,,,,,,,,,,,,,,,,,,,,,,,,,,,,,,,,,,,,,,,,,,,,,,,,,,,,,,,,,,,,,,,,,,,,,,,,,,,,,,,,,,,,,,,52616980,2433,52614547,2967,18726968,886,18726082,1138,33890012,1547,33888465,1837,133865121647616,7028975616,133858092672000,8192102912,122818498375680,7022379008,122811475996672,8184799232,11046623271936,6596608,11046616675328,25004544,133865121647616,7028975616,133858092672000,8192102912,122818498375680,7022379008,122811475996672,8184799232,11046623271936,6596608,11046616675328,25004544,52616980,2433,52614547,2967,18726968,886,18726082,1138,33890012,1547,33888465,1837,32584250,125,32584125,237,11036901,66,11036835,136,21547349,59,21547290,117,133030819633152,183130112,133030636503040,1362006016,121738514894848,175046656,121738339848192,1355517952,11292304738304,8083456,11292296654848,17771520,-1,0,361,0,0,3,0,0,0,0,0,0,0,0,132605808087338,7021256608,132598786830730,8176189728,121562869444096,7014793216,121555854650880,8169017344,11042938643242,6463392,11042932179850,24868808,8673820672,8673820672,0,8673820672,8642363392,8642363392,0,8642363392,31457280,31457280,0,31457280,361,361,0,361,346,346,0,346,15,15,0,15,,,,,,,,,,,,,,,,,,,,,,,,,,,,,,,,,,,,
9.808660624370594e-07,1849,,,,,,,,,,,,,,,,,,,,,,,,,,,,,,,,,,,,,,,,,,,,,,,,,,,,,,,,,,,,,,,,,,,,,,,,,,,,,,,,,,,,,,,,,,,,,,,,,,,,,,,,,,,,,,,,,,,,,,,,,,,,,,,,,,,,,,,,,,,,,,,,,,,,,,,,,,,,,,,,,,,,,,,,,,,,,,,,,,,,,,,,,,,,,,,,,,,,,,,,,,,,,,,,,,,,,,,,,,,,,,,,,,,,,,,,,,,,,,,,,,,,,,,,,,,,,,,,,,,,,,,,,,,,,,,,,,,,,,,,
,1849,52616993,2429,52614564,2967,18726968,886,18726082,1138,33890025,1543,33888482,1837,133865121663488,7028978176,133858092685312,8192102912,122818498375680,7022379008,122811475996672,8184799232,11046623287808,6599168,11046616688640,25004544,133865121663488,7028978176,133858092685312,8192102912,122818498375680,7022379008,122811475996672,8184799232,11046623287808,6599168,11046616688640,25004544,52616993,2429,52614564,2967,18726968,886,18726082,1138,33890025,1543,33888482,1837,32584264,128,32584136,237,11036901,66,11036835,136,21547363,62,21547301,117,133030819646464,183127552,133030636518912,1362006016,121738514894848,175046656,121738339848192,1355517952,11292304751616,8080896,11292296670720,17771520,-1,0,361,0,0,3,0,0,0,0,0,0,0,0,132605808098110,7021261008,132598786837102,8176189728,121562869444096,7014793216,121555854650880,8169017344,11042938654014,6467792,11042932186222,24868808,8673820672,8673820672,0,8673820672,8642363392,8642363392,0,8642363392,31457280,31457280,0,31457280,361,361,0,361,346,346,0,346,15,15,0,15,,,,,,,,,,,,,,,,,,,,,,,,,,,,,,,,,,,,,,,,,,,,,,,,,,,,,,,,,,,,,,,,,,,,,,,,,,,,,,,,,,,,,,,,,,,,,,,,,,,,,,,,,,,,,,,,,,,,,,,,,,,,,,,,,,,,,,,,,,,,,,,,,,,,,,,,,,,,,,
,1849,,,,,,,,,,,,,,,,,,,,,,,,,,,,,,,,,,,,,,,,,,,,,,,,,,,,,,,,,,,,,,,,,,,,,,,,,,,,,,,,,,,,,,,,,,,,,,,,,,,,,,,,,,,,,,,,,,,,,,,,,,,52629364,2433,52626931,2967,18731051,886,18730165,1138,33898313,1547,33896766,1837,133892372397056,7028980224,133885343416832,8192102912,122842865885184,7022379008,122835843506176,8184799232,11049506511872,6601216,11049499910656,25004544,133892372397056,7028980224,133885343416832,8192102912,122842865885184,7022379008,122835843506176,8184799232,11049506511872,6601216,11049499910656,25004544,52629364,2433,52626931,2967,18731051,886,18730165,1138,33898313,1547,33896766,1837,32591510,130,32591380,237,11038987,66,11038921,136,21552523,64,21552459,117,133059296310784,183125504,133059113185280,1362006016,121764053286912,175046656,121763878240256,1355517952,11295243023872,8078848,11295234945024,17771520,-1,0,361,0,0,3,0,0,0,0,0,0,0,0,132632857357382,7021261024,132625836096358,8176189728,121587036360960,7014793216,121580021567744,8169017344,11045820996422,6467808,11045814528614,24868808,8673820672,8673820672,0,8673820672,8642363392,8642363392,0,8642363392,31457280,31457280,0,31457280,361,361,0,361,346,346,0,346,15,15,0,15,,,,,,,,,,,,,,,,,,,,,,,,,,,,,,,,,,,,
9.808660624370594e-07,1849,,,,,,,,,,,,,,,,,,,,,,,,,,,,,,,,,,,,,,,,,,,,,,,,,,,,,,,,,,,,,,,,,,,,,,,,,,,,,,,,,,,,,,,,,,,,,,,,,,,,,,,,,,,,,,,,,,,,,,,,,,,,,,,,,,,,,,,,,,,,,,,,,,,,,,,,,,,,,,,,,,,,,,,,,,,,,,,,,,,,,,,,,,,,,,,,,,,,,,,,,,,,,,,,,,,,,,,,,,,,,,,,,,,,,,,,,,,,,,,,,,,,,,,,,,,,,,,,,,,,,,,,,,,,,,,,,,,,,,,,
,1849,52629377,2429,52626948,2967,18731051,886,18730165,1138,33898326,1543,33896783,1837,133892372442112,7029007360,133885343434752,8192102912,122842865885184,7022379008,122835843506176,8184799232,11049506556928,6628352,11049499928576,25004544,133892372442112,7029007360,133885343434752,8192102912,122842865885184,7022379008,122835843506176,8184799232,11049506556928,6628352,11049499928576,25004544,52629377,2429,52626948,2967,18731051,886,18730165,1138,33898326,1543,33896783,1837,32591521,130,32591391,237,11038987,66,11038921,136,21552534,64,21552470,117,133059296328704,183098368,133059113230336,1362006016,121764053286912,175046656,121763878240256,1355517952,11295243041792,8051712,11295234990080,17771520,-1,0,361,0,0,3,0,0,0,0,0,0,0,0,132632857397194,7021290048,132625836107146,8176189728,121587036360960,7014793216,121580021567744,8169017344,11045821036234,6496832,11045814539402,24868808,8673820672,8673820672,0,8673820672,8642363392,8642363392,0,8642363392,31457280,31457280,0,31457280,361,361,0,361,346,346,0,346,15,15,0,15,,,,,,,,,,,,,,,,,,,,,,,,,,,,,,,,,,,,,,,,,,,,,,,,,,,,,,,,,,,,,,,,,,,,,,,,,,,,,,,,,,,,,,,,,,,,,,,,,,,,,,,,,,,,,,,,,,,,,,,,,,,,,,,,,,,,,,,,,,,,,,,,,,,,,,,,,,,,,,
,1849,,,,,,,,,,,,,,,,,,,,,,,,,,,,,,,,,,,,,,,,,,,,,,,,,,,,,,,,,,,,,,,,,,,,,,,,,,,,,,,,,,,,,,,,,,,,,,,,,,,,,,,,,,,,,,,,,,,,,,,,,,,52642849,2433,52640416,2967,18738309,886,18737423,1138,33904540,1547,33902993,1837,134001423065600,7029009408,133994394056192,8192102912,122951244589056,7022379008,122944222210048,8184799232,11050178476544,6630400,11050171846144,25004544,134001423065600,7029009408,133994394056192,8192102912,122951244589056,7022379008,122944222210048,8184799232,11050178476544,6630400,11050171846144,25004544,52642849,2433,52640416,2967,18738309,886,18737423,1138,33904540,1547,33902993,1837,32600550,131,32600419,237,11043994,66,11043928,136,21556556,65,21556491,117,133109766138368,183096320,133109583042048,1362006016,121813851179008,175046656,121813676132352,1355517952,11295914959360,8049664,11295906909696,17771520,-1,0,361,0,0,3,0,0,0,0,0,0,0,0,132741421147991,7021290064,132734399857927,8176189728,121694929021952,7014793216,121687914228736,8169017344,11046492126039,6496848,11046485629191,24868808,8673820672,8673820672,0,8673820672,8642363392,8642363392,0,8642363392,31457280,31457280,0,31457280,361,361,0,361,346,346,0,346,15,15,0,15,,,,,,,,,,,,,,,,,,,,,,,,,,,,,,,,,,,,
,1849,,,,,,,,,,,,,,,,,,,,,,,,,,,,,,,,,,,,,,,,,,,,,,,,,,,,,,,,,,,,,,,,,,,,,,,,,,,,,,,,,,,,,,,,,,,,,,,,,,,,,,,,,,,,,,,,,,,,,,,,,,,,,,,,,,,,,,,,,,,,,,,,,,,,,,,,,,,,,,,,,,,,,,,,,,,,,,,,,,,,,,,,,,,,,,,,,,,,,,,,,,,,,,,,,,,,,,,,,,,,,,,,,,,,,,,,,,,,,,,,,,,,,0.000621795654296875,0.0001256046671187505,0.0025058656465262175,2,,,,,,,,,,,,,,,,,,,,,,,,,,,,,,,,
9.472977509231285e-07,1899,,,,,,,,,,,,,,,,,,,,,,,,,,,,,,,,,,,,,,,,,,,,,,,,,,,,,,,,,,,,,,,,,,,,,,,,,,,,,,,,,,,,,,,,,,,,,,,,,,,,,,,,,,,,,,,,,,,,,,,,,,,,,,,,,,,,,,,,,,,,,,,,,,,,,,,,,,,,,,,,,,,,,,,,,,,,,,,,,,,,,,,,,,,,,,,,,,,,,,,,,,,,,,,,,,,,,,,,,,,,,,,,,,,,,,,,,,,,,,,,,,,,,,,,,,,,,,,,,,,,,,,,,,,,,,,,,,,,,,,,
,1899,57546379,2429,57543950,2967,20487025,886,20486139,1138,37059354,1543,37057811,1837,146518859643392,7028923904,146511830719488,8192102912,134441316328448,7022321664,134434294006784,8184799232,12077543314944,6602240,12077536712704,25004544,146518859643392,7028923904,146511830719488,8192102912,134441316328448,7022321664,134434294006784,8184799232,12077543314944,6602240,12077536712704,25004544,57546379,2429,57543950,2967,20487025,886,20486139,1138,37059354,1543,37057811,1837,35646601,136,35646465,237,12073216,67,12073149,136,23573385,69,23573316,117,145501090156544,181084672,145500909071872,1362006016,133152879754240,175104000,133152704650240,1355517952,12348210402304,5980672,12348204421632,17771520,-1,0,361,0,0,3,0,0,0,0,0,0,0,0,145150512199416,7021263300,145143490936116,8176189728,133076998923264,7014793216,133069984130048,8169017344,12073513276152,6470084,12073506806068,24869876,8673820672,8673820672,0,8673820672,8642363392,8642363392,0,8642363392,31457280,31457280,0,31457280,361,361,0,361,346,346,0,346,15,15,0,15,,,,,,,,,,,,,,,,,,,,,,,,,,,,,,,,,,,,,,,,,,,,,,,,,,,,,,,,,,,,,,,,,,,,,,,,,,,,,,,,,,,,,,,,,,,,,,,,,,,,,,,,,,,,,,,,,,,,,,,,,,,,,,,,,,,,,,,,,,,,,,,,,,,,,,,,,,,,,,
,1899,,,,,,,,,,,,,,,,,,,,,,,,,,,,,,,,,,,,,,,,,,,,,,,,,,,,,,,,,,,,,,,,,,,,,,,,,,,,,,,,,,,,,,,,,,,,,,,,,,,,,,,,,,,,,,,,,,,,,,,,,,,57559302,2433,57556869,2967,20493916,886,20493030,1138,37065386,1547,37063839,1837,146573886028288,7022806528,146566863221760,8192102912,134495560074240,7016202240,134488543872000,8184799232,12078325954048,6604288,12078319349760,25004544,146573886028288,7022806528,146566863221760,8192102912,134495560074240,7016202240,134488543872000,8184799232,12078325954048,6604288,12078319349760,25004544,57559302,2433,57556869,2967,20493916,886,20493030,1138,37065386,1547,37063839,1837,35654864,106,35654758,237,12077938,72,12077866,136,23576926,34,23576892,117,145546855458816,203979264,145546651479552,1362006016,133197862427648,202194944,133197660232704,1355517952,12348993031168,1784320,12348991246848,17771520,-1,0,361,0,0,3,0,0,0,0,0,0,0,0,145205018499327,7021263256,145197997236071,8176189728,133130723485440,7014793216,133123708692224,8169017344,12074295013887,6470040,12074288543847,24869876,8673820672,8673820672,0,8673820672,8642363392,8642363392,0,8642363392,31457280,31457280,0,31457280,361,361,0,361,346,346,0,346,15,15,0,15,,,,,,,,,,,,,,,,,,,,,,,,,,,,,,,,,,,,
9.472977509231285e-07,1899,,,,,,,,,,,,,,,,,,,,,,,,,,,,,,,,,,,,,,,,,,,,,,,,,,,,,,,,,,,,,,,,,,,,,,,,,,,,,,,,,,,,,,,,,,,,,,,,,,,,,,,,,,,,,,,,,,,,,,,,,,,,,,,,,,,,,,,,,,,,,,,,,,,,,,,,,,,,,,,,,,,,,,,,,,,,,,,,,,,,,,,,,,,,,,,,,,,,,,,,,,,,,,,,,,,,,,,,,,,,,,,,,,,,,,,,,,,,,,,,,,,,,,,,,,,,,,,,,,,,,,,,,,,,,,,,,,,,,,,,
,1899,57559315,2429,57556886,2967,20493916,886,20493030,1138,37065399,1543,37063856,1837,146573886044160,7022801408,146566863242752,8192102912,134495560074240,7016202240,134488543872000,8184799232,12078325969920,6599168,12078319370752,25004544,146573886044160,7022801408,146566863242752,8192102912,134495560074240,7016202240,134488543872000,8184799232,12078325969920,6599168,12078319370752,25004544,57559315,2429,57556886,2967,20493916,886,20493030,1138,37065399,1543,37063856,1837,35654872,103,35654769,237,12077938,72,12077866,136,23576934,31,23576903,117,145546855479808,203984384,145546651495424,1362006016,133197862427648,202194944,133197660232704,1355517952,12348993052160,1789440,12348991262720,17771520,-1,0,361,0,0,3,0,0,0,0,0,0,0,0,145205018509643,7021260552,145197997249091,8176189728,133130723485440,7014793216,133123708692224,8169017344,12074295024203,6467336,12074288556867,24869876,8673820672,8673820672,0,8673820672,8642363392,8642363392,0,8642363392,31457280,31457280,0,31457280,361,361,0,361,346,346,0,346,15,15,0,15,,,,,,,,,,,,,,,,,,,,,,,,,,,,,,,,,,,,,,,,,,,,,,,,,,,,,,,,,,,,,,,,,,,,,,,,,,,,,,,,,,,,,,,,,,,,,,,,,,,,,,,,,,,,,,,,,,,,,,,,,,,,,,,,,,,,,,,,,,,,,,,,,,,,,,,,,,,,,,
,1899,,,,,,,,,,,,,,,,,,,,,,,,,,,,,,,,,,,,,,,,,,,,,,,,,,,,,,,,,,,,,,,,,,,,,,,,,,,,,,,,,,,,,,,,,,,,,,,,,,,,,,,,,,,,,,,,,,,,,,,,,,,57571685,2433,57569252,2967,20497999,886,20497113,1138,37073686,1547,37072139,1837,146601266267136,7022803456,146594243463680,8192102912,134520032080896,7016202240,134513015878656,8184799232,12081234186240,6601216,12081227585024,25004544,146601266267136,7022803456,146594243463680,8192102912,134520032080896,7016202240,134513015878656,8184799232,12081234186240,6601216,12081227585024,25004544,57571685,2433,57569252,2967,20497999,886,20497113,1138,37073686,1547,37072139,1837,35662831,114,35662717,237,12080507,72,12080435,136,23582324,42,23582282,117,145575741812224,206079488,145575535732736,1362006016,133223710239744,202194944,133223508044800,1355517952,12352031572480,3884544,12352027687936,17771520,-1,0,361,0,0,3,0,0,0,0,0,0,0,0,145232118318912,7021260568,145225097058344,8176189728,133154915944960,7014793216,133147901151744,8169017344,12077202373952,6467352,12077195906600,24869876,8673820672,8673820672,0,8673820672,8642363392,8642363392,0,8642363392,31457280,31457280,0,31457280,361,361,0,361,346,346,0,346,15,15,0,15,,,,,,,,,,,,,,,,,,,,,,,,,,,,,,,,,,,,
9.472977509231285e-07,1899,,,,,,,,,,,,,,,,,,,,,,,,,,,,,,,,,,,,,,,,,,,,,,,,,,,,,,,,,,,,,,,,,,,,,,,,,,,,,,,,,,,,,,,,,,,,,,,,,,,,,,,,,,,,,,,,,,,,,,,,,,,,,,,,,,,,,,,,,,,,,,,,,,,,,,,,,,,,,,,,,,,,,,,,,,,,,,,,,,,,,,,,,,,,,,,,,,,,,,,,,,,,,,,,,,,,,,,,,,,,,,,,,,,,,,,,,,,,,,,,,,,,,,,,,,,,,,,,,,,,,,,,,,,,,,,,,,,,,,,,
,1899,57571698,2429,57569269,2967,20497999,886,20497113,1138,37073699,1543,37072156,1837,146601266279936,7022798336,146594243481600,8192102912,134520032080896,7016202240,134513015878656,8184799232,12081234199040,6596096,12081227602944,25004544,146601266279936,7022798336,146594243481600,8192102912,134520032080896,7016202240,134513015878656,8184799232,12081234199040,6596096,12081227602944,25004544,57571698,2429,57569269,2967,20497999,886,20497113,1138,37073699,1543,37072156,1837,35662843,112,35662731,237,12080507,72,12080435,136,23582336,40,23582296,117,145575741830144,206084608,145575535745536,1362006016,133223710239744,202194944,133223508044800,1355517952,12352031590400,3889664,12352027700736,17771520,-1,0,361,0,0,3,0,0,0,0,0,0,0,0,145232118326204,7021257528,145225097068676,8176189728,133154915944960,7014793216,133147901151744,8169017344,12077202381244,6464312,12077195916932,24869876,8673820672,8673820672,0,8673820672,8642363392,8642363392,0,8642363392,31457280,31457280,0,31457280,361,361,0,361,346,346,0,346,15,15,0,15,,,,,,,,,,,,,,,,,,,,,,,,,,,,,,,,,,,,,,,,,,,,,,,,,,,,,,,,,,,,,,,,,,,,,,,,,,,,,,,,,,,,,,,,,,,,,,,,,,,,,,,,,,,,,,,,,,,,,,,,,,,,,,,,,,,,,,,,,,,,,,,,,,,,,,,,,,,,,,
,1899,,,,,,,,,,,,,,,,,,,,,,,,,,,,,,,,,,,,,,,,,,,,,,,,,,,,,,,,,,,,,,,,,,,,,,,,,,,,,,,,,,,,,,,,,,,,,,,,,,,,,,,,,,,,,,,,,,,,,,,,,,,57584020,2433,57581587,2967,20501986,886,20501100,1138,37082034,1547,37080487,1837,146628374650368,7022800384,146621351849984,8192102912,134544253707264,7016202240,134537237505024,8184799232,12084120943104,6598144,12084114344960,25004544,146628374650368,7022800384,146621351849984,8192102912,134544253707264,7016202240,134537237505024,8184799232,12084120943104,6598144,12084114344960,25004544,57584020,2433,57581587,2967,20501986,886,20501100,1138,37082034,1547,37080487,1837,35670746,109,35670637,237,12082981,72,12082909,136,23587765,37,23587728,117,145604796089344,203985408,145604592103936,1362006016,133249720286208,202194944,133249518091264,1355517952,12355075803136,1790464,12355074012672,17771520,-1,0,361,0,0,3,0,0,0,0,0,0,0,0,145258986138318,7021257604,145251964880714,8176189728,133178897874176,7014793216,133171883080960,8169017344,12080088264142,6464388,12080081799754,24869876,8673820672,8673820672,0,8673820672,8642363392,8642363392,0,8642363392,31457280,31457280,0,31457280,361,361,0,361,346,346,0,346,15,15,0,15,,,,,,,,,,,,,,,,,,,,,,,,,,,,,,,,,,,,
9.472977509231285e-07,1899,,,,,,,,,,,,,,,,,,,,,,,,,,,,,,,,,,,,,,,,,,,,,,,,,,,,,,,,,,,,,,,,,,,,,,,,,,,,,,,,,,,,,,,,,,,,,,,,,,,,,,,,,,,,,,,,,,,,,,,,,,,,,,,,,,,,,,,,,,,,,,,,,,,,,,,,,,,,,,,,,,,,,,,,,,,,,,,,,,,,,,,,,,,,,,,,,,,,,,,,,,,,,,,,,,,,,,,,,,,,,,,,,,,,,,,,,,,,,,,,,,,,,,,,,,,,,,,,,,,,,,,,,,,,,,,,,,,,,,,,
,1899,57584033,2429,57581604,2967,20501986,886,20501100,1138,37082047,1543,37080504,1837,146628374666240,7022801408,146621351864832,8192102912,134544253707264,7016202240,134537237505024,8184799232,12084120958976,6599168,12084114359808,25004544,146628374666240,7022801408,146621351864832,8192102912,134544253707264,7016202240,134537237505024,8184799232,12084120958976,6599168,12084114359808,25004544,57584033,2429,57581604,2967,20501986,886,20501100,1138,37082047,1543,37080504,1837,35670758,110,35670648,237,12082981,72,12082909,136,23587777,38,23587739,117,145604796104192,203984384,145604592119808,1362006016,133249720286208,202194944,133249518091264,1355517952,12355075817984,1789440,12355074028544,17771520,-1,0,361,0,0,3,0,0,0,0,0,0,0,0,145258986147866,7021259844,145251964888022,8176189728,133178897874176,7014793216,133171883080960,8169017344,12080088273690,6466628,12080081807062,24869876,8673820672,8673820672,0,8673820672,8642363392,8642363392,0,8642363392,31457280,31457280,0,31457280,361,361,0,361,346,346,0,346,15,15,0,15,,,,,,,,,,,,,,,,,,,,,,,,,,,,,,,,,,,,,,,,,,,,,,,,,,,,,,,,,,,,,,,,,,,,,,,,,,,,,,,,,,,,,,,,,,,,,,,,,,,,,,,,,,,,,,,,,,,,,,,,,,,,,,,,,,,,,,,,,,,,,,,,,,,,,,,,,,,,,,
,1899,,,,,,,,,,,,,,,,,,,,,,,,,,,,,,,,,,,,,,,,,,,,,,,,,,,,,,,,,,,,,,,,,,,,,,,,,,,,,,,,,,,,,,,,,,,,,,,,,,,,,,,,,,,,,,,,,,,,,,,,,,,57596404,2433,57593971,2967,20505973,886,20505087,1138,37090431,1547,37088884,1837,146655231683072,7022803456,146648208879616,8192102912,134568380113920,7016202240,134561363911680,8184799232,12086851569152,6601216,12086844967936,25004544,146655231683072,7022803456,146648208879616,8192102912,134568380113920,7016202240,134561363911680,8184799232,12086851569152,6601216,12086844967936,25004544,57596404,2433,57593971,2967,20505973,886,20505087,1138,37090431,1547,37088884,1837,35678967,109,35678858,237,12085428,72,12085356,136,23593539,37,23593502,117,145633616995328,203982336,145633413012992,1362006016,133275664604160,202194944,133275462409216,1355517952,12357952391168,1787392,12357950603776,17771520,-1,0,361,0,0,3,0,0,0,0,0,0,0,0,145285601328173,7021259800,145278580068373,8176189728,133202783404032,7014793216,133195768610816,8169017344,12082817924141,6466584,12082811457557,24869876,8673820672,8673820672,0,8673820672,8642363392,8642363392,0,8642363392,31457280,31457280,0,31457280,361,361,0,361,346,346,0,346,15,15,0,15,,,,,,,,,,,,,,,,,,,,,,,,,,,,,,,,,,,,
9.472977509231285e-07,1899,,,,,,,,,,,,,,,,,,,,,,,,,,,,,,,,,,,,,,,,,,,,,,,,,,,,,,,,,,,,,,,,,,,,,,,,,,,,,,,,,,,,,,,,,,,,,,,,,,,,,,,,,,,,,,,,,,,,,,,,,,,,,,,,,,,,,,,,,,,,,,,,,,,,,,,,,,,,,,,,,,,,,,,,,,,,,,,,,,,,,,,,,,,,,,,,,,,,,,,,,,,,,,,,,,,,,,,,,,,,,,,,,,,,,,,,,,,,,,,,,,,,,,,,,,,,,,,,,,,,,,,,,,,,,,,,,,,,,,,,
,1899,57596417,2429,57593988,2967,20505973,886,20505087,1138,37090444,1543,37088901,1837,146655231697408,7022799872,146648208897536,8192102912,134568380113920,7016202240,134561363911680,8184799232,12086851583488,6597632,12086844985856,25004544,146655231697408,7022799872,146648208897536,8192102912,134568380113920,7016202240,134561363911680,8184799232,12086851583488,6597632,12086844985856,25004544,57596417,2429,57593988,2967,20505973,886,20505087,1138,37090444,1543,37088901,1837,35678978,108,35678870,237,12085428,72,12085356,136,23593550,36,23593514,117,145633617013248,203985920,145633413027328,1362006016,133275664604160,202194944,133275462409216,1355517952,12357952409088,1790976,12357950618112,17771520,-1,0,361,0,0,3,0,0,0,0,0,0,0,0,145285601336929,7021258992,145278580077937,8176189728,133202783404032,7014793216,133195768610816,8169017344,12082817932897,6465776,12082811467121,24869876,8673820672,8673820672,0,8673820672,8642363392,8642363392,0,8642363392,31457280,31457280,0,31457280,361,361,0,361,346,346,0,346,15,15,0,15,,,,,,,,,,,,,,,,,,,,,,,,,,,,,,,,,,,,,,,,,,,,,,,,,,,,,,,,,,,,,,,,,,,,,,,,,,,,,,,,,,,,,,,,,,,,,,,,,,,,,,,,,,,,,,,,,,,,,,,,,,,,,,,,,,,,,,,,,,,,,,,,,,,,,,,,,,,,,,
,1899,,,,,,,,,,,,,,,,,,,,,,,,,,,,,,,,,,,,,,,,,,,,,,,,,,,,,,,,,,,,,,,,,,,,,,,,,,,,,,,,,,,,,,,,,,,,,,,,,,,,,,,,,,,,,,,,,,,,,,,,,,,57608788,2433,57606355,2967,20510056,886,20509170,1138,37098732,1547,37097185,1837,146682754352640,7022801920,146675731550720,8192102912,134592919798784,7016202240,134585903596544,8184799232,12089834553856,6599680,12089827954176,25004544,146682754352640,7022801920,146675731550720,8192102912,134592919798784,7016202240,134585903596544,8184799232,12089834553856,6599680,12089827954176,25004544,57608788,2433,57606355,2967,20510056,886,20509170,1138,37098732,1547,37097185,1837,35686598,108,35686490,237,12088003,72,12087931,136,23598595,36,23598559,117,145662660500992,203983872,145662456517120,1362006016,133301497191424,202194944,133301294996480,1355517952,12361163309568,1788928,12361161520640,17771520,-1,0,361,0,0,3,0,0,0,0,0,0,0,0,145312852510096,7021259008,145305831251088,8176189728,133227052430080,7014793216,133220037636864,8169017344,12085800080016,6465792,12085793614224,24869876,8673820672,8673820672,0,8673820672,8642363392,8642363392,0,8642363392,31457280,31457280,0,31457280,361,361,0,361,346,346,0,346,15,15,0,15,,,,,,,,,,,,,,,,,,,,,,,,,,,,,,,,,,,,
9.472977509231285e-07,1899,,,,,,,,,,,,,,,,,,,,,,,,,,,,,,,,,,,,,,,,,,,,,,,,,,,,,,,,,,,,,,,,,,,,,,,,,,,,,,,,,,,,,,,,,,,,,,,,,,,,,,,,,,,,,,,,,,,,,,,,,,,,,,,,,,,,,,,,,,,,,,,,,,,,,,,,,,,,,,,,,,,,,,,,,,,,,,,,,,,,,,,,,,,,,,,,,,,,,,,,,,,,,,,,,,,,,,,,,,,,,,,,,,,,,,,,,,,,,,,,,,,,,,,,,,,,,,,,,,,,,,,,,,,,,,,,,,,,,,,,
,1899,57608801,2429,57606372,2967,20510056,886,20509170,1138,37098745,1543,37097202,1837,146682754362368,7022795264,146675731567104,8192102912,134592919798784,7016202240,134585903596544,8184799232,12089834563584,6593024,12089827970560,25004544,146682754362368,7022795264,146675731567104,8192102912,134592919798784,7016202240,134585903596544,8184799232,12089834563584,6593024,12089827970560,25004544,57608801,2429,57606372,2967,20510056,886,20509170,1138,37098745,1543,37097202,1837,35686611,110,35686501,237,12088003,72,12087931,136,23598608,38,23598570,117,145662660517376,203990528,145662456526848,1362006016,133301497191424,202194944,133301294996480,1355517952,12361163325952,1795584,12361161530368,17771520,-1,0,361,0,0,3,0,0,0,0,0,0,0,0,145312852513764,7021253904,145305831259860,8176189728,133227052430080,7014793216,133220037636864,8169017344,12085800083684,6460688,12085793622996,24869876,8673820672,8673820672,0,8673820672,8642363392,8642363392,0,8642363392,31457280,31457280,0,31457280,361,361,0,361,346,346,0,346,15,15,0,15,,,,,,,,,,,,,,,,,,,,,,,,,,,,,,,,,,,,,,,,,,,,,,,,,,,,,,,,,,,,,,,,,,,,,,,,,,,,,,,,,,,,,,,,,,,,,,,,,,,,,,,,,,,,,,,,,,,,,,,,,,,,,,,,,,,,,,,,,,,,,,,,,,,,,,,,,,,,,,
,1899,,,,,,,,,,,,,,,,,,,,,,,,,,,,,,,,,,,,,,,,,,,,,,,,,,,,,,,,,,,,,,,,,,,,,,,,,,,,,,,,,,,,,,,,,,,,,,,,,,,,,,,,,,,,,,,,,,,,,,,,,,,57621172,2433,57618739,2967,20514038,886,20513152,1138,37107134,1547,37105587,1837,146709773248000,7022797312,146702750450688,8192102912,134617111753728,7016202240,134610095551488,8184799232,12092661494272,6595072,12092654899200,25004544,146709773248000,7022797312,146702750450688,8192102912,134617111753728,7016202240,134610095551488,8184799232,12092661494272,6595072,12092654899200,25004544,57621172,2433,57618739,2967,20514038,886,20513152,1138,37107134,1547,37105587,1837,35694772,111,35694661,237,12090472,72,12090400,136,23604300,39,23604261,117,145691714357248,203988480,145691510368768,1362006016,133327489362944,202194944,133327287168000,1355517952,12364224994304,1793536,12364223200768,17771520,-1,0,361,0,0,3,0,0,0,0,0,0,0,0,145339615115098,7021253920,145332593861178,8176189728,133250989016576,7014793216,133243974223360,8169017344,12088626098522,6460704,12088619637818,24869876,8673820672,8673820672,0,8673820672,8642363392,8642363392,0,8642363392,31457280,31457280,0,31457280,361,361,0,361,346,346,0,346,15,15,0,15,,,,,,,,,,,,,,,,,,,,,,,,,,,,,,,,,,,,
9.472977509231285e-07,1899,,,,,,,,,,,,,,,,,,,,,,,,,,,,,,,,,,,,,,,,,,,,,,,,,,,,,,,,,,,,,,,,,,,,,,,,,,,,,,,,,,,,,,,,,,,,,,,,,,,,,,,,,,,,,,,,,,,,,,,,,,,,,,,,,,,,,,,,,,,,,,,,,,,,,,,,,,,,,,,,,,,,,,,,,,,,,,,,,,,,,,,,,,,,,,,,,,,,,,,,,,,,,,,,,,,,,,,,,,,,,,,,,,,,,,,,,,,,,,,,,,,,,,,,,,,,,,,,,,,,,,,,,,,,,,,,,,,,,,,,
,1899,57621185,2429,57618756,2967,20514038,886,20513152,1138,37107147,1543,37105604,1837,146709773259264,7022796800,146702750462464,8192102912,134617111753728,7016202240,134610095551488,8184799232,12092661505536,6594560,12092654910976,25004544,146709773259264,7022796800,146702750462464,8192102912,134617111753728,7016202240,134610095551488,8184799232,12092661505536,6594560,12092654910976,25004544,57621185,2429,57618756,2967,20514038,886,20513152,1138,37107147,1543,37105604,1837,35694783,109,35694674,237,12090472,72,12090400,136,23604311,37,23604274,117,145691714369024,203988992,145691510380032,1362006016,133327489362944,202194944,133327287168000,1355517952,12364225006080,1794048,12364223212032,17771520,-1,0,361,0,0,3,0,0,0,0,0,0,0,0,145339615120542,7021255680,145332593864862,8176189728,133250989016576,7014793216,133243974223360,8169017344,12088626103966,6462464,12088619641502,24869876,8673820672,8673820672,0,8673820672,8642363392,8642363392,0,8642363392,31457280,31457280,0,31457280,361,361,0,361,346,346,0,346,15,15,0,15,,,,,,,,,,,,,,,,,,,,,,,,,,,,,,,,,,,,,,,,,,,,,,,,,,,,,,,,,,,,,,,,,,,,,,,,,,,,,,,,,,,,,,,,,,,,,,,,,,,,,,,,,,,,,,,,,,,,,,,,,,,,,,,,,,,,,,,,,,,,,,,,,,,,,,,,,,,,,,
,1899,,,,,,,,,,,,,,,,,,,,,,,,,,,,,,,,,,,,,,,,,,,,,,,,,,,,,,,,,,,,,,,,,,,,,,,,,,,,,,,,,,,,,,,,,,,,,,,,,,,,,,,,,,,,,,,,,,,,,,,,,,,57633556,2433,57631123,2967,20518020,886,20517134,1138,37115536,1547,37113989,1837,146736727132672,7022798848,146729704333824,8192102912,134641283949568,7016202240,134634267747328,8184799232,12095443183104,6596608,12095436586496,25004544,146736727132672,7022798848,146729704333824,8192102912,134641283949568,7016202240,134634267747328,8184799232,12095443183104,6596608,12095436586496,25004544,57633556,2433,57631123,2967,20518020,886,20517134,1138,37115536,1547,37113989,1837,35703001,108,35702893,237,12092939,72,12092867,136,23610062,36,23610026,117,145720678161920,203986944,145720474174976,1362006016,133353470622720,202194944,133353268427776,1355517952,12367207539200,1792000,12367205747200,17771520,-1,0,361,0,0,3,0,0,0,0,0,0,0,0,145366302955866,7021255696,145359281700170,8176189728,133274896111872,7014793216,133267881318656,8169017344,12091406843994,6462480,12091400381514,24869876,8673820672,8673820672,0,8673820672,8642363392,8642363392,0,8642363392,31457280,31457280,0,31457280,361,361,0,361,346,346,0,346,15,15,0,15,,,,,,,,,,,,,,,,,,,,,,,,,,,,,,,,,,,,
9.472977509231285e-07,1899,,,,,,,,,,,,,,,,,,,,,,,,,,,,,,,,,,,,,,,,,,,,,,,,,,,,,,,,,,,,,,,,,,,,,,,,,,,,,,,,,,,,,,,,,,,,,,,,,,,,,,,,,,,,,,,,,,,,,,,,,,,,,,,,,,,,,,,,,,,,,,,,,,,,,,,,,,,,,,,,,,,,,,,,,,,,,,,,,,,,,,,,,,,,,,,,,,,,,,,,,,,,,,,,,,,,,,,,,,,,,,,,,,,,,,,,,,,,,,,,,,,,,,,,,,,,,,,,,,,,,,,,,,,,,,,,,,,,,,,,
,1899,57633569,2429,57631140,2967,20518020,886,20517134,1138,37115549,1543,37114006,1837,146736727147008,7022799872,146729704347136,8192102912,134641283949568,7016202240,134634267747328,8184799232,12095443197440,6597632,12095436599808,25004544,146736727147008,7022799872,146729704347136,8192102912,134641283949568,7016202240,134634267747328,8184799232,12095443197440,6597632,12095436599808,25004544,57633569,2429,57631140,2967,20518020,886,20517134,1138,37115549,1543,37114006,1837,35703014,109,35702905,237,12092939,72,12092867,136,23610075,37,23610038,117,145720678175232,203985920,145720474189312,1362006016,133353470622720,202194944,133353268427776,1355517952,12367207552512,1790976,12367205761536,17771520,-1,0,361,0,0,3,0,0,0,0,0,0,0,0,145366302964022,7021258392,145359281705630,8176189728,133274896111872,7014793216,133267881318656,8169017344,12091406852150,6465176,12091400386974,24869876,8673820672,8673820672,0,8673820672,8642363392,8642363392,0,8642363392,31457280,31457280,0,31457280,361,361,0,361,346,346,0,346,15,15,0,15,,,,,,,,,,,,,,,,,,,,,,,,,,,,,,,,,,,,,,,,,,,,,,,,,,,,,,,,,,,,,,,,,,,,,,,,,,,,,,,,,,,,,,,,,,,,,,,,,,,,,,,,,,,,,,,,,,,,,,,,,,,,,,,,,,,,,,,,,,,,,,,,,,,,,,,,,,,,,,
,1899,,,,,,,,,,,,,,,,,,,,,,,,,,,,,,,,,,,,,,,,,,,,,,,,,,,,,,,,,,,,,,,,,,,,,,,,,,,,,,,,,,,,,,,,,,,,,,,,,,,,,,,,,,,,,,,,,,,,,,,,,,,57646440,2433,57644007,2967,20522228,886,20521342,1138,37124212,1547,37122665,1837,146765587668992,7022801920,146758564867072,8192102912,134667256071168,7016202240,134660239868928,8184799232,12098331597824,6599680,12098324998144,25004544,146765587668992,7022801920,146758564867072,8192102912,134667256071168,7016202240,134660239868928,8184799232,12098331597824,6599680,12098324998144,25004544,57646440,2433,57644007,2967,20522228,886,20521342,1138,37124212,1547,37122665,1837,35711598,111,35711487,237,12095634,72,12095562,136,23615964,39,23615925,117,145751322224640,203983872,145751118240768,1362006016,133381026913280,202194944,133380824718336,1355517952,12370295311360,1788928,12370293522432,17771520,-1,0,361,0,0,3,0,0,0,0,0,0,0,0,145394922603480,7021258468,145387901345012,8176189728,133300628216832,7014793216,133293613423616,8169017344,12094294386648,6465252,12094287921396,24869876,8673820672,8673820672,0,8673820672,8642363392,8642363392,0,8642363392,31457280,31457280,0,31457280,361,361,0,361,346,346,0,346,15,15,0,15,,,,,,,,,,,,,,,,,,,,,,,,,,,,,,,,,,,,
,1899,,,,,,,,,,,,,,,,,,,,,,,,,,,,,,,,,,,,,,,,,,,,,,,,,,,,,,,,,,,,,,,,,,,,,,,,,,,,,,,,,,,,,,,,,,,,,,,,,,,,,,,,,,,,,,,,,,,,,,,,,,,,,,,,,,,,,,,,,,,,,,,,,,,,,,,,,,,,,,,,,,,,,,,,,,,,,,,,,,,,,,,,,,,,,,,,,,,,,,,,,,,,,,,,,,,,,,,,,,,,,,,,,,,,,,,,,,,,,,,,,,,,,0.00010263919830322266,0.0,0.00010263919830322266,2,,,,,,,,,,,,,,,,,,,,,,,,,,,,,,,,
9.137294394091977e-07,1949,,,,,,,,,,,,,,,,,,,,,,,,,,,,,,,,,,,,,,,,,,,,,,,,,,,,,,,,,,,,,,,,,,,,,,,,,,,,,,,,,,,,,,,,,,,,,,,,,,,,,,,,,,,,,,,,,,,,,,,,,,,,,,,,,,,,,,,,,,,,,,,,,,,,,,,,,,,,,,,,,,,,,,,,,,,,,,,,,,,,,,,,,,,,,,,,,,,,,,,,,,,,,,,,,,,,,,,,,,,,,,,,,,,,,,,,,,,,,,,,,,,,,,,,,,,,,,,,,,,,,,,,,,,,,,,,,,,,,,,,
,1949,62550424,2429,62547995,2967,22271823,886,22270937,1138,40278601,1543,40277058,1837,159356829406208,7037084672,159349792321536,8192102912,146238430161920,7030480896,146231399681024,8184799232,13118399244288,6603776,13118392640512,25004544,159356829406208,7037084672,159349792321536,8192102912,146238430161920,7030480896,146231399681024,8184799232,13118399244288,6603776,13118392640512,25004544,62550424,2429,62547995,2967,22271823,886,22270937,1138,40278601,1543,40277058,1837,38732204,114,38732090,237,13111303,57,13111246,136,25620901,57,25620844,117,158186370366464,141466624,158186228899840,1362006016,144772871015424,131293184,144772739722240,1355517952,13413499351040,10173440,13413489177600,17771520,-1,0,361,0,0,3,0,0,0,0,0,0,0,0,157868240317769,7021265748,157861219052021,8176189728,144754225607680,7014793216,144747210814464,8169017344,13114014710089,6472532,13114008237557,24869876,8673820672,8673820672,0,8673820672,8642363392,8642363392,0,8642363392,31457280,31457280,0,31457280,361,361,0,361,346,346,0,346,15,15,0,15,,,,,,,,,,,,,,,,,,,,,,,,,,,,,,,,,,,,,,,,,,,,,,,,,,,,,,,,,,,,,,,,,,,,,,,,,,,,,,,,,,,,,,,,,,,,,,,,,,,,,,,,,,,,,,,,,,,,,,,,,,,,,,,,,,,,,,,,,,,,,,,,,,,,,,,,,,,,,,
,1949,,,,,,,,,,,,,,,,,,,,,,,,,,,,,,,,,,,,,,,,,,,,,,,,,,,,,,,,,,,,,,,,,,,,,,,,,,,,,,,,,,,,,,,,,,,,,,,,,,,,,,,,,,,,,,,,,,,,,,,,,,,62563298,2433,62560865,2967,22278714,886,22277828,1138,40284584,1547,40283037,1837,159411838191616,7025937408,159404812254208,8192102912,146292655713280,7019331584,146285636381696,8184799232,13119182478336,6605824,13119175872512,25004544,159411838191616,7025937408,159404812254208,8192102912,146292655713280,7019331584,146285636381696,8184799232,13119182478336,6605824,13119175872512,25004544,62563298,2433,62560865,2967,22278714,886,22277828,1138,40284584,1547,40283037,1837,38740627,111,38740516,237,13115994,71,13115923,136,25624633,40,25624593,117,158233180006400,234402816,158232945603584,1362006016,144818898521088,232620032,144818665901056,1355517952,13414281485312,1782784,13414279702528,17771520,-1,0,361,0,0,3,0,0,0,0,0,0,0,0,157922749082636,7021265764,157915727816872,8176189728,144807952013056,7014793216,144800937219840,8169017344,13114797069580,6472548,13114790597032,24869876,8673820672,8673820672,0,8673820672,8642363392,8642363392,0,8642363392,31457280,31457280,0,31457280,361,361,0,361,346,346,0,346,15,15,0,15,,,,,,,,,,,,,,,,,,,,,,,,,,,,,,,,,,,,
9.137294394091977e-07,1949,,,,,,,,,,,,,,,,,,,,,,,,,,,,,,,,,,,,,,,,,,,,,,,,,,,,,,,,,,,,,,,,,,,,,,,,,,,,,,,,,,,,,,,,,,,,,,,,,,,,,,,,,,,,,,,,,,,,,,,,,,,,,,,,,,,,,,,,,,,,,,,,,,,,,,,,,,,,,,,,,,,,,,,,,,,,,,,,,,,,,,,,,,,,,,,,,,,,,,,,,,,,,,,,,,,,,,,,,,,,,,,,,,,,,,,,,,,,,,,,,,,,,,,,,,,,,,,,,,,,,,,,,,,,,,,,,,,,,,,,
,1949,62563311,2429,62560882,2967,22278714,886,22277828,1138,40284597,1543,40283054,1837,159411838205952,7025929216,159404812276736,8192102912,146292655713280,7019331584,146285636381696,8184799232,13119182492672,6597632,13119175895040,25004544,159411838205952,7025929216,159404812276736,8192102912,146292655713280,7019331584,146285636381696,8184799232,13119182492672,6597632,13119175895040,25004544,62563311,2429,62560882,2967,22278714,886,22277828,1138,40284597,1543,40283054,1837,38740638,110,38740528,237,13115994,71,13115923,136,25624644,39,25624605,117,158233180028928,234411008,158232945617920,1362006016,144818898521088,232620032,144818665901056,1355517952,13414281507840,1790976,13414279716864,17771520,-1,0,361,0,0,3,0,0,0,0,0,0,0,0,157922749090960,7021258620,157915727832340,8176189728,144807952013056,7014793216,144800937219840,8169017344,13114797077904,6465404,13114790612500,24869876,8673820672,8673820672,0,8673820672,8642363392,8642363392,0,8642363392,31457280,31457280,0,31457280,361,361,0,361,346,346,0,346,15,15,0,15,,,,,,,,,,,,,,,,,,,,,,,,,,,,,,,,,,,,,,,,,,,,,,,,,,,,,,,,,,,,,,,,,,,,,,,,,,,,,,,,,,,,,,,,,,,,,,,,,,,,,,,,,,,,,,,,,,,,,,,,,,,,,,,,,,,,,,,,,,,,,,,,,,,,,,,,,,,,,,
,1949,,,,,,,,,,,,,,,,,,,,,,,,,,,,,,,,,,,,,,,,,,,,,,,,,,,,,,,,,,,,,,,,,,,,,,,,,,,,,,,,,,,,,,,,,,,,,,,,,,,,,,,,,,,,,,,,,,,,,,,,,,,62575682,2433,62573249,2967,22282797,886,22281911,1138,40292885,1547,40291338,1837,159439509761024,7025931264,159432483829760,8192102912,146317294377984,7019331584,146310275046400,8184799232,13122215383040,6599680,13122208783360,25004544,159439509761024,7025931264,159432483829760,8192102912,146317294377984,7019331584,146310275046400,8184799232,13122215383040,6599680,13122208783360,25004544,62575682,2433,62573249,2967,22282797,886,22281911,1138,40292885,1547,40291338,1837,38749061,114,38748947,237,13118593,71,13118522,136,25630468,43,25630425,117,158261903564800,234408960,158261669155840,1362006016,144844403801088,232620032,144844171181056,1355517952,13417499763712,1788928,13417497974784,17771520,-1,0,361,0,0,3,0,0,0,0,0,0,0,0,157950101749219,7021258576,157943080490643,8176189728,144832272574976,7014793216,144825257781760,8169017344,13117829174243,6465360,13117822708883,24869876,8673820672,8673820672,0,8673820672,8642363392,8642363392,0,8642363392,31457280,31457280,0,31457280,361,361,0,361,346,346,0,346,15,15,0,15,,,,,,,,,,,,,,,,,,,,,,,,,,,,,,,,,,,,
9.137294394091977e-07,1949,,,,,,,,,,,,,,,,,,,,,,,,,,,,,,,,,,,,,,,,,,,,,,,,,,,,,,,,,,,,,,,,,,,,,,,,,,,,,,,,,,,,,,,,,,,,,,,,,,,,,,,,,,,,,,,,,,,,,,,,,,,,,,,,,,,,,,,,,,,,,,,,,,,,,,,,,,,,,,,,,,,,,,,,,,,,,,,,,,,,,,,,,,,,,,,,,,,,,,,,,,,,,,,,,,,,,,,,,,,,,,,,,,,,,,,,,,,,,,,,,,,,,,,,,,,,,,,,,,,,,,,,,,,,,,,,,,,,,,,,
,1949,62575695,2429,62573266,2967,22282797,886,22281911,1138,40292898,1543,40291355,1837,159439509776896,7025930752,159432483846144,8192102912,146317294377984,7019331584,146310275046400,8184799232,13122215398912,6599168,13122208799744,25004544,159439509776896,7025930752,159432483846144,8192102912,146317294377984,7019331584,146310275046400,8184799232,13122215398912,6599168,13122208799744,25004544,62575695,2429,62573266,2967,22282797,886,22281911,1138,40292898,1543,40291355,1837,38749071,110,38748961,237,13118593,71,13118522,136,25630478,39,25630439,117,158261903581184,234409472,158261669171712,1362006016,144844403801088,232620032,144844171181056,1355517952,13417499780096,1789440,13417497990656,17771520,-1,0,361,0,0,3,0,0,0,0,0,0,0,0,157950101759127,7021260144,157943080498983,8176189728,144832272574976,7014793216,144825257781760,8169017344,13117829184151,6466928,13117822717223,24869876,8673820672,8673820672,0,8673820672,8642363392,8642363392,0,8642363392,31457280,31457280,0,31457280,361,361,0,361,346,346,0,346,15,15,0,15,,,,,,,,,,,,,,,,,,,,,,,,,,,,,,,,,,,,,,,,,,,,,,,,,,,,,,,,,,,,,,,,,,,,,,,,,,,,,,,,,,,,,,,,,,,,,,,,,,,,,,,,,,,,,,,,,,,,,,,,,,,,,,,,,,,,,,,,,,,,,,,,,,,,,,,,,,,,,,
,1949,,,,,,,,,,,,,,,,,,,,,,,,,,,,,,,,,,,,,,,,,,,,,,,,,,,,,,,,,,,,,,,,,,,,,,,,,,,,,,,,,,,,,,,,,,,,,,,,,,,,,,,,,,,,,,,,,,,,,,,,,,,62588066,2433,62585633,2967,22286784,886,22285898,1138,40301282,1547,40299735,1837,159466488194048,7025932800,159459462261248,8192102912,146341495192576,7019331584,146334475860992,8184799232,13124993001472,6601216,13124986400256,25004544,159466488194048,7025932800,159459462261248,8192102912,146341495192576,7019331584,146334475860992,8184799232,13124993001472,6601216,13124986400256,25004544,62588066,2433,62585633,2967,22286784,886,22285898,1138,40301282,1547,40299735,1837,38757520,111,38757409,237,13120985,71,13120914,136,25636535,40,25636495,117,158289968562688,234407424,158289734155264,1362006016,144869506751488,232620032,144869274131456,1355517952,13420461811200,1787392,13420460023808,17771520,-1,0,361,0,0,3,0,0,0,0,0,0,0,0,157976793712292,7021260160,157969772452132,8176189728,144856187862272,7014793216,144849173069056,8169017344,13120605850020,6466944,13120599383076,24869876,8673820672,8673820672,0,8673820672,8642363392,8642363392,0,8642363392,31457280,31457280,0,31457280,361,361,0,361,346,346,0,346,15,15,0,15,,,,,,,,,,,,,,,,,,,,,,,,,,,,,,,,,,,,
9.137294394091977e-07,1949,,,,,,,,,,,,,,,,,,,,,,,,,,,,,,,,,,,,,,,,,,,,,,,,,,,,,,,,,,,,,,,,,,,,,,,,,,,,,,,,,,,,,,,,,,,,,,,,,,,,,,,,,,,,,,,,,,,,,,,,,,,,,,,,,,,,,,,,,,,,,,,,,,,,,,,,,,,,,,,,,,,,,,,,,,,,,,,,,,,,,,,,,,,,,,,,,,,,,,,,,,,,,,,,,,,,,,,,,,,,,,,,,,,,,,,,,,,,,,,,,,,,,,,,,,,,,,,,,,,,,,,,,,,,,,,,,,,,,,,,
,1949,62588079,2429,62585650,2967,22286784,886,22285898,1138,40301295,1543,40299752,1837,159466488206848,7025927680,159459462279168,8192102912,146341495192576,7019331584,146334475860992,8184799232,13124993014272,6596096,13124986418176,25004544,159466488206848,7025927680,159459462279168,8192102912,146341495192576,7019331584,146334475860992,8184799232,13124993014272,6596096,13124986418176,25004544,62588079,2429,62585650,2967,22286784,886,22285898,1138,40301295,1543,40299752,1837,38757533,110,38757423,237,13120985,71,13120914,136,25636548,39,25636509,117,158289968580608,234412544,158289734168064,1362006016,144869506751488,232620032,144869274131456,1355517952,13420461829120,1792512,13420460036608,17771520,-1,0,361,0,0,3,0,0,0,0,0,0,0,0,157976793719704,7021257648,157969772462056,8176189728,144856187862272,7014793216,144849173069056,8169017344,13120605857432,6464432,13120599393000,24869876,8673820672,8673820672,0,8673820672,8642363392,8642363392,0,8642363392,31457280,31457280,0,31457280,361,361,0,361,346,346,0,346,15,15,0,15,,,,,,,,,,,,,,,,,,,,,,,,,,,,,,,,,,,,,,,,,,,,,,,,,,,,,,,,,,,,,,,,,,,,,,,,,,,,,,,,,,,,,,,,,,,,,,,,,,,,,,,,,,,,,,,,,,,,,,,,,,,,,,,,,,,,,,,,,,,,,,,,,,,,,,,,,,,,,,
,1949,,,,,,,,,,,,,,,,,,,,,,,,,,,,,,,,,,,,,,,,,,,,,,,,,,,,,,,,,,,,,,,,,,,,,,,,,,,,,,,,,,,,,,,,,,,,,,,,,,,,,,,,,,,,,,,,,,,,,,,,,,,62600449,2433,62598016,2967,22290867,886,22289981,1138,40309582,1547,40308035,1837,159493887146496,7025929728,159486861216768,8192102912,146366036110336,7019331584,146359016778752,8184799232,13127851036160,6598144,13127844438016,25004544,159493887146496,7025929728,159486861216768,8192102912,146366036110336,7019331584,146359016778752,8184799232,13127851036160,6598144,13127844438016,25004544,62600449,2433,62598016,2967,22290867,886,22289981,1138,40309582,1547,40308035,1837,38766202,116,38766086,237,13123609,71,13123538,136,25642593,45,25642548,117,158318481622016,234410496,158318247211520,1362006016,144894921985024,232620032,144894689364992,1355517952,13423559636992,1790464,13423557846528,17771520,-1,0,361,0,0,3,0,0,0,0,0,0,0,0,158003788983746,7021257664,157996767726082,8176189728,144880326000640,7014793216,144873311207424,8169017344,13123462983106,6464448,13123456518658,24869876,8673820672,8673820672,0,8673820672,8642363392,8642363392,0,8642363392,31457280,31457280,0,31457280,361,361,0,361,346,346,0,346,15,15,0,15,,,,,,,,,,,,,,,,,,,,,,,,,,,,,,,,,,,,
9.137294394091977e-07,1949,,,,,,,,,,,,,,,,,,,,,,,,,,,,,,,,,,,,,,,,,,,,,,,,,,,,,,,,,,,,,,,,,,,,,,,,,,,,,,,,,,,,,,,,,,,,,,,,,,,,,,,,,,,,,,,,,,,,,,,,,,,,,,,,,,,,,,,,,,,,,,,,,,,,,,,,,,,,,,,,,,,,,,,,,,,,,,,,,,,,,,,,,,,,,,,,,,,,,,,,,,,,,,,,,,,,,,,,,,,,,,,,,,,,,,,,,,,,,,,,,,,,,,,,,,,,,,,,,,,,,,,,,,,,,,,,,,,,,,,,
,1949,62600462,2429,62598033,2967,22290867,886,22289981,1138,40309595,1543,40308052,1837,159493887165440,7025933824,159486861231616,8192102912,146366036110336,7019331584,146359016778752,8184799232,13127851055104,6602240,13127844452864,25004544,159493887165440,7025933824,159486861231616,8192102912,146366036110336,7019331584,146359016778752,8184799232,13127851055104,6602240,13127844452864,25004544,62600462,2429,62598033,2967,22290867,886,22289981,1138,40309595,1543,40308052,1837,38766214,115,38766099,237,13123609,71,13123538,136,25642605,44,25642561,117,158318481636864,234406400,158318247230464,1362006016,144894921985024,232620032,144894689364992,1355517952,13423559651840,1786368,13423557865472,17771520,-1,0,361,0,0,3,0,0,0,0,0,0,0,0,158003788996654,7021263144,157996767733510,8176189728,144880326000640,7014793216,144873311207424,8169017344,13123462996014,6469928,13123456526086,24869876,8673820672,8673820672,0,8673820672,8642363392,8642363392,0,8642363392,31457280,31457280,0,31457280,361,361,0,361,346,346,0,346,15,15,0,15,,,,,,,,,,,,,,,,,,,,,,,,,,,,,,,,,,,,,,,,,,,,,,,,,,,,,,,,,,,,,,,,,,,,,,,,,,,,,,,,,,,,,,,,,,,,,,,,,,,,,,,,,,,,,,,,,,,,,,,,,,,,,,,,,,,,,,,,,,,,,,,,,,,,,,,,,,,,,,
,1949,,,,,,,,,,,,,,,,,,,,,,,,,,,,,,,,,,,,,,,,,,,,,,,,,,,,,,,,,,,,,,,,,,,,,,,,,,,,,,,,,,,,,,,,,,,,,,,,,,,,,,,,,,,,,,,,,,,,,,,,,,,62613385,2433,62610952,2967,22297758,886,22296872,1138,40315627,1547,40314080,1837,159548519951360,7025935872,159541494015488,8192102912,146419916692480,7019331584,146412897360896,8184799232,13128603258880,6604288,13128596654592,25004544,159548519951360,7025935872,159541494015488,8192102912,146419916692480,7019331584,146412897360896,8184799232,13128603258880,6604288,13128596654592,25004544,62613385,2433,62610952,2967,22297758,886,22296872,1138,40315627,1547,40314080,1837,38775139,115,38775024,237,13128927,71,13128856,136,25646212,44,25646168,117,158367621430784,234404352,158367387026432,1362006016,144943309577216,232620032,144943076957184,1355517952,13424311853568,1784320,13424310069248,17771520,-1,0,361,0,0,3,0,0,0,0,0,0,0,0,158057808554426,7021263160,158050787291266,8176189728,144933594329856,7014793216,144926579536640,8169017344,13124214224570,6469944,13124207754626,24869876,8673820672,8673820672,0,8673820672,8642363392,8642363392,0,8642363392,31457280,31457280,0,31457280,361,361,0,361,346,346,0,346,15,15,0,15,,,,,,,,,,,,,,,,,,,,,,,,,,,,,,,,,,,,
9.137294394091977e-07,1949,,,,,,,,,,,,,,,,,,,,,,,,,,,,,,,,,,,,,,,,,,,,,,,,,,,,,,,,,,,,,,,,,,,,,,,,,,,,,,,,,,,,,,,,,,,,,,,,,,,,,,,,,,,,,,,,,,,,,,,,,,,,,,,,,,,,,,,,,,,,,,,,,,,,,,,,,,,,,,,,,,,,,,,,,,,,,,,,,,,,,,,,,,,,,,,,,,,,,,,,,,,,,,,,,,,,,,,,,,,,,,,,,,,,,,,,,,,,,,,,,,,,,,,,,,,,,,,,,,,,,,,,,,,,,,,,,,,,,,,,
,1949,62613398,2429,62610969,2967,22297758,886,22296872,1138,40315640,1543,40314097,1837,159548519970304,7025933824,159541494036480,8192102912,146419916692480,7019331584,146412897360896,8184799232,13128603277824,6602240,13128596675584,25004544,159548519970304,7025933824,159541494036480,8192102912,146419916692480,7019331584,146412897360896,8184799232,13128603277824,6602240,13128596675584,25004544,62613398,2429,62610969,2967,22297758,886,22296872,1138,40315640,1543,40314097,1837,38775150,111,38775039,237,13128927,71,13128856,136,25646223,40,25646183,117,158367621451776,234406400,158367387045376,1362006016,144943309577216,232620032,144943076957184,1355517952,13424311874560,1786368,13424310088192,17771520,-1,0,361,0,0,3,0,0,0,0,0,0,0,0,158057808568174,7021263984,158050787304190,8176189728,144933594329856,7014793216,144926579536640,8169017344,13124214238318,6470768,13124207767550,24869876,8673820672,8673820672,0,8673820672,8642363392,8642363392,0,8642363392,31457280,31457280,0,31457280,361,361,0,361,346,346,0,346,15,15,0,15,,,,,,,,,,,,,,,,,,,,,,,,,,,,,,,,,,,,,,,,,,,,,,,,,,,,,,,,,,,,,,,,,,,,,,,,,,,,,,,,,,,,,,,,,,,,,,,,,,,,,,,,,,,,,,,,,,,,,,,,,,,,,,,,,,,,,,,,,,,,,,,,,,,,,,,,,,,,,,
,1949,,,,,,,,,,,,,,,,,,,,,,,,,,,,,,,,,,,,,,,,,,,,,,,,,,,,,,,,,,,,,,,,,,,,,,,,,,,,,,,,,,,,,,,,,,,,,,,,,,,,,,,,,,,,,,,,,,,,,,,,,,,62626321,2433,62623888,2967,22304649,886,22303763,1138,40321672,1547,40320125,1837,159603171496448,7025935872,159596145560576,8192102912,146473812888576,7019331584,146466793556992,8184799232,13129358607872,6604288,13129352003584,25004544,159603171496448,7025935872,159596145560576,8192102912,146473812888576,7019331584,146466793556992,8184799232,13129358607872,6604288,13129352003584,25004544,62626321,2433,62623888,2967,22304649,886,22303763,1138,40321672,1547,40320125,1837,38784256,114,38784142,237,13134244,71,13134173,136,25650012,43,25649969,117,158416769926144,234404352,158416535521792,1362006016,144991702723584,232620032,144991470103552,1355517952,13425067202560,1784320,13425065418240,17771520,-1,0,361,0,0,3,0,0,0,0,0,0,0,0,158111877569991,7021264000,158104856305991,8176189728,144986908968448,7014793216,144979894175232,8169017344,13124968601543,6470784,13124962130759,24869876,8673820672,8673820672,0,8673820672,8642363392,8642363392,0,8642363392,31457280,31457280,0,31457280,361,361,0,361,346,346,0,346,15,15,0,15,,,,,,,,,,,,,,,,,,,,,,,,,,,,,,,,,,,,
9.137294394091977e-07,1949,,,,,,,,,,,,,,,,,,,,,,,,,,,,,,,,,,,,,,,,,,,,,,,,,,,,,,,,,,,,,,,,,,,,,,,,,,,,,,,,,,,,,,,,,,,,,,,,,,,,,,,,,,,,,,,,,,,,,,,,,,,,,,,,,,,,,,,,,,,,,,,,,,,,,,,,,,,,,,,,,,,,,,,,,,,,,,,,,,,,,,,,,,,,,,,,,,,,,,,,,,,,,,,,,,,,,,,,,,,,,,,,,,,,,,,,,,,,,,,,,,,,,,,,,,,,,,,,,,,,,,,,,,,,,,,,,,,,,,,,
,1949,62626334,2429,62623905,2967,22304649,886,22303763,1138,40321685,1543,40320142,1837,159603171515392,7025933824,159596145581568,8192102912,146473812888576,7019331584,146466793556992,8184799232,13129358626816,6602240,13129352024576,25004544,159603171515392,7025933824,159596145581568,8192102912,146473812888576,7019331584,146466793556992,8184799232,13129358626816,6602240,13129352024576,25004544,62626334,2429,62623905,2967,22304649,886,22303763,1138,40321685,1543,40320142,1837,38784267,113,38784154,237,13134244,71,13134173,136,25650023,42,25649981,117,158416769947136,234406400,158416535540736,1362006016,144991702723584,232620032,144991470103552,1355517952,13425067223552,1786368,13425065437184,17771520,-1,0,361,0,0,3,0,0,0,0,0,0,0,0,158111877583571,7021263816,158104856319755,8176189728,144986908968448,7014793216,144979894175232,8169017344,13124968615123,6470600,13124962144523,24869876,8673820672,8673820672,0,8673820672,8642363392,8642363392,0,8642363392,31457280,31457280,0,31457280,361,361,0,361,346,346,0,346,15,15,0,15,,,,,,,,,,,,,,,,,,,,,,,,,,,,,,,,,,,,,,,,,,,,,,,,,,,,,,,,,,,,,,,,,,,,,,,,,,,,,,,,,,,,,,,,,,,,,,,,,,,,,,,,,,,,,,,,,,,,,,,,,,,,,,,,,,,,,,,,,,,,,,,,,,,,,,,,,,,,,,
,1949,,,,,,,,,,,,,,,,,,,,,,,,,,,,,,,,,,,,,,,,,,,,,,,,,,,,,,,,,,,,,,,,,,,,,,,,,,,,,,,,,,,,,,,,,,,,,,,,,,,,,,,,,,,,,,,,,,,,,,,,,,,62639257,2433,62636824,2967,22310940,886,22310054,1138,40328317,1547,40326770,1837,159657247050752,7025935872,159650221114880,8192102912,146526603979776,7019331584,146519584648192,8184799232,13130643070976,6604288,13130636466688,25004544,159657247050752,7025935872,159650221114880,8192102912,146526603979776,7019331584,146519584648192,8184799232,13130643070976,6604288,13130636466688,25004544,62639257,2433,62636824,2967,22310940,886,22310054,1138,40328317,1547,40326770,1837,38793248,115,38793133,237,13138885,71,13138814,136,25654363,44,25654319,117,158456640265728,234404352,158456405861376,1362006016,145030234827776,232620032,145030002207744,1355517952,13426405437952,1784320,13426403653632,17771520,-1,0,361,0,0,3,0,0,0,0,0,0,0,0,158165605759588,7021263832,158158584495756,8176189728,145039353669888,7014793216,145032338876672,8169017344,13126252089700,6470616,13126245619084,24869876,8673820672,8673820672,0,8673820672,8642363392,8642363392,0,8642363392,31457280,31457280,0,31457280,361,361,0,361,346,346,0,346,15,15,0,15,,,,,,,,,,,,,,,,,,,,,,,,,,,,,,,,,,,,
9.137294394091977e-07,1949,,,,,,,,,,,,,,,,,,,,,,,,,,,,,,,,,,,,,,,,,,,,,,,,,,,,,,,,,,,,,,,,,,,,,,,,,,,,,,,,,,,,,,,,,,,,,,,,,,,,,,,,,,,,,,,,,,,,,,,,,,,,,,,,,,,,,,,,,,,,,,,,,,,,,,,,,,,,,,,,,,,,,,,,,,,,,,,,,,,,,,,,,,,,,,,,,,,,,,,,,,,,,,,,,,,,,,,,,,,,,,,,,,,,,,,,,,,,,,,,,,,,,,,,,,,,,,,,,,,,,,,,,,,,,,,,,,,,,,,,
,1949,62639270,2429,62636841,2967,22310940,886,22310054,1138,40328330,1543,40326787,1837,159657247069696,7025933824,159650221135872,8192102912,146526603979776,7019331584,146519584648192,8184799232,13130643089920,6602240,13130636487680,25004544,159657247069696,7025933824,159650221135872,8192102912,146526603979776,7019331584,146519584648192,8184799232,13130643089920,6602240,13130636487680,25004544,62639270,2429,62636841,2967,22310940,886,22310054,1138,40328330,1543,40326787,1837,38793259,114,38793145,237,13138885,71,13138814,136,25654374,43,25654331,117,158456640286720,234406400,158456405880320,1362006016,145030234827776,232620032,145030002207744,1355517952,13426405458944,1786368,13426403672576,17771520,-1,0,361,0,0,3,0,0,0,0,0,0,0,0,158165605772352,7021263000,158158584509352,8176189728,145039353669888,7014793216,145032338876672,8169017344,13126252102464,6469784,13126245632680,24869876,8673820672,8673820672,0,8673820672,8642363392,8642363392,0,8642363392,31457280,31457280,0,31457280,361,361,0,361,346,346,0,346,15,15,0,15,,,,,,,,,,,,,,,,,,,,,,,,,,,,,,,,,,,,,,,,,,,,,,,,,,,,,,,,,,,,,,,,,,,,,,,,,,,,,,,,,,,,,,,,,,,,,,,,,,,,,,,,,,,,,,,,,,,,,,,,,,,,,,,,,,,,,,,,,,,,,,,,,,,,,,,,,,,,,,
,1949,,,,,,,,,,,,,,,,,,,,,,,,,,,,,,,,,,,,,,,,,,,,,,,,,,,,,,,,,,,,,,,,,,,,,,,,,,,,,,,,,,,,,,,,,,,,,,,,,,,,,,,,,,,,,,,,,,,,,,,,,,,62652742,2433,62650309,2967,22318052,886,22317166,1138,40334690,1547,40333143,1837,159713645047296,7025935872,159706619111424,8192102912,146582251146240,7019331584,146575231814656,8184799232,13131393901056,6604288,13131387296768,25004544,159713645047296,7025935872,159706619111424,8192102912,146582251146240,7019331584,146575231814656,8184799232,13131393901056,6604288,13131387296768,25004544,62652742,2433,62650309,2967,22318052,886,22317166,1138,40334690,1547,40333143,1837,38803336,117,38803219,237,13144424,71,13144353,136,25658912,46,25658866,117,158507350114304,234404352,158507115709952,1362006016,145080193846272,232620032,145079961226240,1355517952,13427156268032,1784320,13427154483712,17771520,-1,0,361,0,0,3,0,0,0,0,0,0,0,0,158221327608281,7021263016,158214306345265,8176189728,145094325681152,7014793216,145087310887936,8169017344,13127001927129,6469800,13126995457329,24869876,8673820672,8673820672,0,8673820672,8642363392,8642363392,0,8642363392,31457280,31457280,0,31457280,361,361,0,361,346,346,0,346,15,15,0,15,,,,,,,,,,,,,,,,,,,,,,,,,,,,,,,,,,,,
,1949,,,,,,,,,,,,,,,,,,,,,,,,,,,,,,,,,,,,,,,,,,,,,,,,,,,,,,,,,,,,,,,,,,,,,,,,,,,,,,,,,,,,,,,,,,,,,,,,,,,,,,,,,,,,,,,,,,,,,,,,,,,,,,,,,,,,,,,,,,,,,,,,,,,,,,,,,,,,,,,,,,,,,,,,,,,,,,,,,,,,,,,,,,,,,,,,,,,,,,,,,,,,,,,,,,,,,,,,,,,,,,,,,,,,,,,,,,,,,,,,,,,,,7.724761962890625e-05,0.004619039129465818,0.0693628340959549,2,,,,,,,,,,,,,,,,,,,,,,,,,,,,,,,,
,1985,,,,,,,,,,,,,,,,,,,,,,,,,,,,,,,,,,,,,,,,,,,,,,,,,,,,,,,,,,,,,,,,,,,,,,,,,,,,,,,,,,,,,,,,,,,,,,,,,,,,,,,,,,,,,,,,,,,,,,,,,,,,,,,,,,,,,,,,,,,,,,,,,,,,,,,,,,,,,,,,,,,,,,,,,,,,,,,,,,,,,,,,,,,,,,,,,,,,,,,,,,,,,,,,,,,,,,,,,,,,,,,,,,,,,,,,,,,,,,,,,,,,,,,,2,0.9984883069992065,0.997905433177948,0.9985029697418213,0.9982041120529175,0.8375224471092224,0.8380239605903625,0.8377731442451477,0.9792155027389526,0.9772301912307739,0.9782218337059021,0.9793685674667358,0.9772301912307739,0.9782981872558594,0.9784307479858398,0.9762944579124451,0.9773613810539246,0.7617021203041077,0.6731793880462646,0.7460629940032959,0.7077497243881226,0.539964497089386,0.5984252095222473,0.5676937699317932,0.3796740174293518,0.8207253813743591,0.5191740393638611,0.3831957280635834,0.8176165819168091,0.5218254327774048,0.3132588565349579,0.6683937907218933,0.4265872836112976
8.801611278952669e-07,1999,,,,,,,,,,,,,,,,,,,,,,,,,,,,,,,,,,,,,,,,,,,,,,,,,,,,,,,,,,,,,,,,,,,,,,,,,,,,,,,,,,,,,,,,,,,,,,,,,,,,,,,,,,,,,,,,,,,,,,,,,,,,,,,,,,,,,,,,,,,,,,,,,,,,,,,,,,,,,,,,,,,,,,,,,,,,,,,,,,,,,,,,,,,,,,,,,,,,,,,,,,,,,,,,,,,,,,,,,,,,,,,,,,,,,,,,,,,,,,,,,,,,,,,,,,,,,,,,,,,,,,,,,,,,,,,,,,,,,,,,
,1999,69137840,2462,69135378,3000,24676777,886,24675891,1138,44461063,1576,44459487,1870,177192741682176,7029313024,177185712369152,8192102912,162906570958848,7022698496,162899548260352,8184799232,14286170723328,6614528,14286164108800,25004544,177192741682176,7029313024,177185712369152,8192102912,162906570958848,7022698496,162899548260352,8184799232,14286170723328,6614528,14286164108800,25004544,69137840,2462,69135378,3000,24676777,886,24675891,1138,44461063,1576,44459487,1870,42700772,103,42700669,237,14557055,70,14556985,136,28143717,33,28143684,117,174007533766656,180695552,174007353071104,1362006016,159402395760640,174727168,159402221033472,1355517952,14605138006016,5968384,14605132037632,17771520,-1,0,361,0,0,3,0,0,0,0,0,0,0,0,175563794674333,7021259388,175556773414945,8176189728,161282532365312,7014793216,161275517572096,8169017344,14281262309021,6466172,14281255842849,24869876,8673820672,8673820672,0,8673820672,8642363392,8642363392,0,8642363392,31457280,31457280,0,31457280,361,361,0,361,346,346,0,346,15,15,0,15,,,,,,,,,,,,,,,,,,,,,,,,,,,,,,,,,,,,,,,,,,,,,,,,,,,,,,,,,,,,,,,,,,,,,,,,,,,,,,,,,,,,,,,,,,,,,,,,,,,,,,,,,,,,,,,,,,,,,,,,,,,,,,,,,,,,,,,,,,,,,,,,,,,,,,,,,,,,,,
,1999,,,,,,,,,,,,,,,,,,,,,,,,,,,,,,,,,,,,,,,,,,,,,,,,,,,,,,,,,,,,,,,,,,,,,,,,,,,,,,,,,,,,,,,,,,,,,,,,,,,,,,,,,,,,,,,,,,,,,,,,,,,69150211,2466,69147745,3000,24680860,886,24679974,1138,44469351,1580,44467771,1870,177220023833600,7034648064,177212989185536,8192102912,162930995017728,7028031488,162923966986240,8184799232,14289028815872,6616576,14289022199296,25004544,177220023833600,7034648064,177212989185536,8192102912,162930995017728,7028031488,162923966986240,8184799232,14289028815872,6616576,14289022199296,25004544,69150211,2466,69147745,3000,24680860,886,24679974,1138,44469351,1580,44467771,1870,42707910,115,42707795,237,14559419,77,14559342,136,28148491,38,28148453,117,174035708973056,179554816,174035529418240,1362006016,159427589195776,169394176,159427419801600,1355517952,14608119777280,10160640,14608109616640,17771520,-1,0,361,0,0,3,0,0,0,0,0,0,0,0,175590791380251,7021259404,175583770120847,8176189728,161306671875840,7014793216,161299657082624,8169017344,14284119504411,6466188,14284113038223,24869876,8673820672,8673820672,0,8673820672,8642363392,8642363392,0,8642363392,31457280,31457280,0,31457280,361,361,0,361,346,346,0,346,15,15,0,15,,,,,,,,,,,,,,,,,,,,,,,,,,,,,,,,,,,,
8.801611278952669e-07,1999,,,,,,,,,,,,,,,,,,,,,,,,,,,,,,,,,,,,,,,,,,,,,,,,,,,,,,,,,,,,,,,,,,,,,,,,,,,,,,,,,,,,,,,,,,,,,,,,,,,,,,,,,,,,,,,,,,,,,,,,,,,,,,,,,,,,,,,,,,,,,,,,,,,,,,,,,,,,,,,,,,,,,,,,,,,,,,,,,,,,,,,,,,,,,,,,,,,,,,,,,,,,,,,,,,,,,,,,,,,,,,,,,,,,,,,,,,,,,,,,,,,,,,,,,,,,,,,,,,,,,,,,,,,,,,,,,,,,,,,,
,1999,69150224,2462,69147762,3000,24680860,886,24679974,1138,44469364,1576,44467788,1870,177220023857152,7034655232,177212989201920,8192102912,162930995017728,7028031488,162923966986240,8184799232,14289028839424,6623744,14289022215680,25004544,177220023857152,7034655232,177212989201920,8192102912,162930995017728,7028031488,162923966986240,8184799232,14289028839424,6623744,14289022215680,25004544,69150224,2462,69147762,3000,24680860,886,24679974,1138,44469364,1576,44467788,1870,42707917,110,42707807,237,14559419,77,14559342,136,28148498,33,28148465,117,174035708989440,179547648,174035529441792,1362006016,159427589195776,169394176,159427419801600,1355517952,14608119793664,10153472,14608109640192,17771520,-1,0,361,0,0,3,0,0,0,0,0,0,0,0,175590791398223,7021268340,175583770129883,8176189728,161306671875840,7014793216,161299657082624,8169017344,14284119522383,6475124,14284113047259,24869876,8673820672,8673820672,0,8673820672,8642363392,8642363392,0,8642363392,31457280,31457280,0,31457280,361,361,0,361,346,346,0,346,15,15,0,15,,,,,,,,,,,,,,,,,,,,,,,,,,,,,,,,,,,,,,,,,,,,,,,,,,,,,,,,,,,,,,,,,,,,,,,,,,,,,,,,,,,,,,,,,,,,,,,,,,,,,,,,,,,,,,,,,,,,,,,,,,,,,,,,,,,,,,,,,,,,,,,,,,,,,,,,,,,,,,
,1999,,,,,,,,,,,,,,,,,,,,,,,,,,,,,,,,,,,,,,,,,,,,,,,,,,,,,,,,,,,,,,,,,,,,,,,,,,,,,,,,,,,,,,,,,,,,,,,,,,,,,,,,,,,,,,,,,,,,,,,,,,,69163098,2466,69160632,3000,24687151,886,24686265,1138,44475947,1580,44474367,1870,177274372064256,7034657280,177267337406976,8192102912,162983967696896,7028031488,162976939665408,8184799232,14290404367360,6625792,14290397741568,25004544,177274372064256,7034657280,177267337406976,8192102912,162983967696896,7028031488,162976939665408,8184799232,14290404367360,6625792,14290397741568,25004544,69163098,2466,69160632,3000,24687151,886,24686265,1138,44475947,1580,44474367,1870,42716262,115,42716147,237,14563887,77,14563810,136,28152375,38,28152337,117,174086231227392,179545600,174086051681792,1362006016,159476735907840,169394176,159476566513664,1355517952,14609495319552,10151424,14609485168128,17771520,-1,0,361,0,0,3,0,0,0,0,0,0,0,0,175644718227554,7021268416,175637696959138,8176189728,161359224093184,7014793216,161352209299968,8169017344,14285494134370,6475200,14285487659170,24869876,8673820672,8673820672,0,8673820672,8642363392,8642363392,0,8642363392,31457280,31457280,0,31457280,361,361,0,361,346,346,0,346,15,15,0,15,,,,,,,,,,,,,,,,,,,,,,,,,,,,,,,,,,,,
8.801611278952669e-07,1999,,,,,,,,,,,,,,,,,,,,,,,,,,,,,,,,,,,,,,,,,,,,,,,,,,,,,,,,,,,,,,,,,,,,,,,,,,,,,,,,,,,,,,,,,,,,,,,,,,,,,,,,,,,,,,,,,,,,,,,,,,,,,,,,,,,,,,,,,,,,,,,,,,,,,,,,,,,,,,,,,,,,,,,,,,,,,,,,,,,,,,,,,,,,,,,,,,,,,,,,,,,,,,,,,,,,,,,,,,,,,,,,,,,,,,,,,,,,,,,,,,,,,,,,,,,,,,,,,,,,,,,,,,,,,,,,,,,,,,,,
,1999,69163111,2462,69160649,3000,24687151,886,24686265,1138,44475960,1576,44474384,1870,177274372080128,7034647552,177267337432576,8192102912,162983967696896,7028031488,162976939665408,8184799232,14290404383232,6616064,14290397767168,25004544,177274372080128,7034647552,177267337432576,8192102912,162983967696896,7028031488,162976939665408,8184799232,14290404383232,6616064,14290397767168,25004544,69163111,2462,69160649,3000,24687151,886,24686265,1138,44475960,1576,44474384,1870,42716271,113,42716158,237,14563887,77,14563810,136,28152384,36,28152348,117,174086231252992,179555328,174086051697664,1362006016,159476735907840,169394176,159476566513664,1355517952,14609495345152,10161152,14609485184000,17771520,-1,0,361,0,0,3,0,0,0,0,0,0,0,0,175644718237510,7021260384,175637696977126,8176189728,161359224093184,7014793216,161352209299968,8169017344,14285494144326,6467168,14285487677158,24869876,8673820672,8673820672,0,8673820672,8642363392,8642363392,0,8642363392,31457280,31457280,0,31457280,361,361,0,361,346,346,0,346,15,15,0,15,,,,,,,,,,,,,,,,,,,,,,,,,,,,,,,,,,,,,,,,,,,,,,,,,,,,,,,,,,,,,,,,,,,,,,,,,,,,,,,,,,,,,,,,,,,,,,,,,,,,,,,,,,,,,,,,,,,,,,,,,,,,,,,,,,,,,,,,,,,,,,,,,,,,,,,,,,,,,,
,1999,,,,,,,,,,,,,,,,,,,,,,,,,,,,,,,,,,,,,,,,,,,,,,,,,,,,,,,,,,,,,,,,,,,,,,,,,,,,,,,,,,,,,,,,,,,,,,,,,,,,,,,,,,,,,,,,,,,,,,,,,,,69175482,2466,69173016,3000,24691138,886,24690252,1138,44484344,1580,44482764,1870,177301417649152,7034649600,177294382999552,8192102912,163008173139968,7028031488,163001145108480,8184799232,14293244509184,6618112,14293237891072,25004544,177301417649152,7034649600,177294382999552,8192102912,163008173139968,7028031488,163001145108480,8184799232,14293244509184,6618112,14293237891072,25004544,69175482,2466,69173016,3000,24691138,886,24690252,1138,44484344,1580,44482764,1870,42723338,115,42723223,237,14565962,77,14565885,136,28157376,38,28157338,117,174114834201088,179553280,174114654647808,1362006016,159502486149120,169394176,159502316754944,1355517952,14612348051968,10159104,14612337892864,17771520,-1,0,361,0,0,3,0,0,0,0,0,0,0,0,175671512106075,7021260340,175664490845735,8176189728,161383178743040,7014793216,161376163949824,8169017344,14288333363035,6467124,14288326895911,24869876,8673820672,8673820672,0,8673820672,8642363392,8642363392,0,8642363392,31457280,31457280,0,31457280,361,361,0,361,346,346,0,346,15,15,0,15,,,,,,,,,,,,,,,,,,,,,,,,,,,,,,,,,,,,
8.801611278952669e-07,1999,,,,,,,,,,,,,,,,,,,,,,,,,,,,,,,,,,,,,,,,,,,,,,,,,,,,,,,,,,,,,,,,,,,,,,,,,,,,,,,,,,,,,,,,,,,,,,,,,,,,,,,,,,,,,,,,,,,,,,,,,,,,,,,,,,,,,,,,,,,,,,,,,,,,,,,,,,,,,,,,,,,,,,,,,,,,,,,,,,,,,,,,,,,,,,,,,,,,,,,,,,,,,,,,,,,,,,,,,,,,,,,,,,,,,,,,,,,,,,,,,,,,,,,,,,,,,,,,,,,,,,,,,,,,,,,,,,,,,,,,
,1999,69175495,2462,69173033,3000,24691138,886,24690252,1138,44484357,1576,44482781,1870,177301417663488,7034646016,177294383017472,8192102912,163008173139968,7028031488,163001145108480,8184799232,14293244523520,6614528,14293237908992,25004544,177301417663488,7034646016,177294383017472,8192102912,163008173139968,7028031488,163001145108480,8184799232,14293244523520,6614528,14293237908992,25004544,69175495,2462,69173033,3000,24691138,886,24690252,1138,44484357,1576,44482781,1870,42723347,111,42723236,237,14565962,77,14565885,136,28157385,34,28157351,117,174114834219008,179556864,174114654662144,1362006016,159502486149120,169394176,159502316754944,1355517952,14612348069888,10162688,14612337907200,17771520,-1,0,361,0,0,3,0,0,0,0,0,0,0,0,175671512114279,7021258572,175664490855707,8176189728,161383178743040,7014793216,161376163949824,8169017344,14288333371239,6465356,14288326905883,24869876,8673820672,8673820672,0,8673820672,8642363392,8642363392,0,8642363392,31457280,31457280,0,31457280,361,361,0,361,346,346,0,346,15,15,0,15,,,,,,,,,,,,,,,,,,,,,,,,,,,,,,,,,,,,,,,,,,,,,,,,,,,,,,,,,,,,,,,,,,,,,,,,,,,,,,,,,,,,,,,,,,,,,,,,,,,,,,,,,,,,,,,,,,,,,,,,,,,,,,,,,,,,,,,,,,,,,,,,,,,,,,,,,,,,,,
,1999,,,,,,,,,,,,,,,,,,,,,,,,,,,,,,,,,,,,,,,,,,,,,,,,,,,,,,,,,,,,,,,,,,,,,,,,,,,,,,,,,,,,,,,,,,,,,,,,,,,,,,,,,,,,,,,,,,,,,,,,,,,69187866,2466,69185400,3000,24695221,886,24694335,1138,44492645,1580,44491065,1870,177328877409280,7034648064,177321842761216,8192102912,163032662595584,7028031488,163025634564096,8184799232,14296214813696,6616576,14296208197120,25004544,177328877409280,7034648064,177321842761216,8192102912,163032662595584,7028031488,163025634564096,8184799232,14296214813696,6616576,14296208197120,25004544,69187866,2466,69185400,3000,24695221,886,24694335,1138,44492645,1580,44491065,1870,42730434,117,42730317,237,14568114,77,14568037,136,28162320,40,28162280,117,174143817601024,179554816,174143638046208,1362006016,159528449697792,169394176,159528280303616,1355517952,14615367903232,10160640,14615357742592,17771520,-1,0,361,0,0,3,0,0,0,0,0,0,0,0,175698737233318,7021258588,175691715974730,8176189728,161407434403840,7014793216,161400419610624,8169017344,14291302829478,6465372,14291296364106,24869876,8673820672,8673820672,0,8673820672,8642363392,8642363392,0,8642363392,31457280,31457280,0,31457280,361,361,0,361,346,346,0,346,15,15,0,15,,,,,,,,,,,,,,,,,,,,,,,,,,,,,,,,,,,,
8.801611278952669e-07,1999,,,,,,,,,,,,,,,,,,,,,,,,,,,,,,,,,,,,,,,,,,,,,,,,,,,,,,,,,,,,,,,,,,,,,,,,,,,,,,,,,,,,,,,,,,,,,,,,,,,,,,,,,,,,,,,,,,,,,,,,,,,,,,,,,,,,,,,,,,,,,,,,,,,,,,,,,,,,,,,,,,,,,,,,,,,,,,,,,,,,,,,,,,,,,,,,,,,,,,,,,,,,,,,,,,,,,,,,,,,,,,,,,,,,,,,,,,,,,,,,,,,,,,,,,,,,,,,,,,,,,,,,,,,,,,,,,,,,,,,,
,1999,69187879,2462,69185417,3000,24695221,886,24694335,1138,44492658,1576,44491082,1870,177328877425152,7034647552,177321842777600,8192102912,163032662595584,7028031488,163025634564096,8184799232,14296214829568,6616064,14296208213504,25004544,177328877425152,7034647552,177321842777600,8192102912,163032662595584,7028031488,163025634564096,8184799232,14296214829568,6616064,14296208213504,25004544,69187879,2462,69185417,3000,24695221,886,24694335,1138,44492658,1576,44491082,1870,42730445,115,42730330,237,14568114,77,14568037,136,28162331,38,28162293,117,174143817617408,179555328,174143638062080,1362006016,159528449697792,169394176,159528280303616,1355517952,14615367919616,10161152,14615357758464,17771520,-1,0,361,0,0,3,0,0,0,0,0,0,0,0,175698737243082,7021260132,175691715982950,8176189728,161407434403840,7014793216,161400419610624,8169017344,14291302839242,6466916,14291296372326,24869876,8673820672,8673820672,0,8673820672,8642363392,8642363392,0,8642363392,31457280,31457280,0,31457280,361,361,0,361,346,346,0,346,15,15,0,15,,,,,,,,,,,,,,,,,,,,,,,,,,,,,,,,,,,,,,,,,,,,,,,,,,,,,,,,,,,,,,,,,,,,,,,,,,,,,,,,,,,,,,,,,,,,,,,,,,,,,,,,,,,,,,,,,,,,,,,,,,,,,,,,,,,,,,,,,,,,,,,,,,,,,,,,,,,,,,
,1999,,,,,,,,,,,,,,,,,,,,,,,,,,,,,,,,,,,,,,,,,,,,,,,,,,,,,,,,,,,,,,,,,,,,,,,,,,,,,,,,,,,,,,,,,,,,,,,,,,,,,,,,,,,,,,,,,,,,,,,,,,,69200250,2466,69197784,3000,24699208,886,24698322,1138,44501042,1580,44499462,1870,177355993664512,7034649600,177348959014912,8192102912,163056891869184,7028031488,163049863837696,8184799232,14299101795328,6618112,14299095177216,25004544,177355993664512,7034649600,177348959014912,8192102912,163056891869184,7028031488,163049863837696,8184799232,14299101795328,6618112,14299095177216,25004544,69200250,2466,69197784,3000,24699208,886,24698322,1138,44501042,1580,44499462,1870,42737034,115,42736919,237,14570206,77,14570129,136,28166828,38,28166790,117,174172505022976,179553280,174172325469696,1362006016,159554217895936,169394176,159554048501760,1355517952,14618287127040,10159104,14618276967936,17771520,-1,0,361,0,0,3,0,0,0,0,0,0,0,0,175725607321114,7021260148,175718586060966,8176189728,161431418401536,7014793216,161424403608320,8169017344,14294188919578,6466932,14294182452646,24869876,8673820672,8673820672,0,8673820672,8642363392,8642363392,0,8642363392,31457280,31457280,0,31457280,361,361,0,361,346,346,0,346,15,15,0,15,,,,,,,,,,,,,,,,,,,,,,,,,,,,,,,,,,,,
8.801611278952669e-07,1999,,,,,,,,,,,,,,,,,,,,,,,,,,,,,,,,,,,,,,,,,,,,,,,,,,,,,,,,,,,,,,,,,,,,,,,,,,,,,,,,,,,,,,,,,,,,,,,,,,,,,,,,,,,,,,,,,,,,,,,,,,,,,,,,,,,,,,,,,,,,,,,,,,,,,,,,,,,,,,,,,,,,,,,,,,,,,,,,,,,,,,,,,,,,,,,,,,,,,,,,,,,,,,,,,,,,,,,,,,,,,,,,,,,,,,,,,,,,,,,,,,,,,,,,,,,,,,,,,,,,,,,,,,,,,,,,,,,,,,,,
,1999,69200263,2462,69197801,3000,24699208,886,24698322,1138,44501055,1576,44499479,1870,177355993680384,7034647552,177348959032832,8192102912,163056891869184,7028031488,163049863837696,8184799232,14299101811200,6616064,14299095195136,25004544,177355993680384,7034647552,177348959032832,8192102912,163056891869184,7028031488,163049863837696,8184799232,14299101811200,6616064,14299095195136,25004544,69200263,2462,69197801,3000,24699208,886,24698322,1138,44501055,1576,44499479,1870,42737042,111,42736931,237,14570206,77,14570129,136,28166836,34,28166802,117,174172505040896,179555328,174172325485568,1362006016,159554217895936,169394176,159554048501760,1355517952,14618287144960,10161152,14618276983808,17771520,-1,0,361,0,0,3,0,0,0,0,0,0,0,0,175725607331478,7021260732,175718586070746,8176189728,161431418401536,7014793216,161424403608320,8169017344,14294188929942,6467516,14294182462426,24869876,8673820672,8673820672,0,8673820672,8642363392,8642363392,0,8642363392,31457280,31457280,0,31457280,361,361,0,361,346,346,0,346,15,15,0,15,,,,,,,,,,,,,,,,,,,,,,,,,,,,,,,,,,,,,,,,,,,,,,,,,,,,,,,,,,,,,,,,,,,,,,,,,,,,,,,,,,,,,,,,,,,,,,,,,,,,,,,,,,,,,,,,,,,,,,,,,,,,,,,,,,,,,,,,,,,,,,,,,,,,,,,,,,,,,,
,1999,,,,,,,,,,,,,,,,,,,,,,,,,,,,,,,,,,,,,,,,,,,,,,,,,,,,,,,,,,,,,,,,,,,,,,,,,,,,,,,,,,,,,,,,,,,,,,,,,,,,,,,,,,,,,,,,,,,,,,,,,,,69212585,2466,69210119,3000,24703291,886,24702405,1138,44509294,1580,44507714,1870,177383205862912,7034649600,177376171213312,8192102912,163081258240000,7028031488,163074230208512,8184799232,14301947622912,6618112,14301941004800,25004544,177383205862912,7034649600,177376171213312,8192102912,163081258240000,7028031488,163074230208512,8184799232,14301947622912,6618112,14301941004800,25004544,69212585,2466,69210119,3000,24703291,886,24702405,1138,44509294,1580,44507714,1870,42744242,115,42744127,237,14572392,77,14572315,136,28171850,38,28171812,117,174201341899776,179553280,174201162346496,1362006016,159580111427584,169394176,159579942033408,1355517952,14621230472192,10159104,14621220313088,17771520,-1,0,361,0,0,3,0,0,0,0,0,0,0,0,175752579862444,7021260808,175745558601636,8176189728,161455546000896,7014793216,161448531207680,8169017344,14297033861548,6467592,14297027393956,24869876,8673820672,8673820672,0,8673820672,8642363392,8642363392,0,8642363392,31457280,31457280,0,31457280,361,361,0,361,346,346,0,346,15,15,0,15,,,,,,,,,,,,,,,,,,,,,,,,,,,,,,,,,,,,
8.801611278952669e-07,1999,,,,,,,,,,,,,,,,,,,,,,,,,,,,,,,,,,,,,,,,,,,,,,,,,,,,,,,,,,,,,,,,,,,,,,,,,,,,,,,,,,,,,,,,,,,,,,,,,,,,,,,,,,,,,,,,,,,,,,,,,,,,,,,,,,,,,,,,,,,,,,,,,,,,,,,,,,,,,,,,,,,,,,,,,,,,,,,,,,,,,,,,,,,,,,,,,,,,,,,,,,,,,,,,,,,,,,,,,,,,,,,,,,,,,,,,,,,,,,,,,,,,,,,,,,,,,,,,,,,,,,,,,,,,,,,,,,,,,,,,
,1999,69212598,2462,69210136,3000,24703291,886,24702405,1138,44509307,1576,44507731,1870,177383205877248,7034646016,177376171231232,8192102912,163081258240000,7028031488,163074230208512,8184799232,14301947637248,6614528,14301941022720,25004544,177383205877248,7034646016,177376171231232,8192102912,163081258240000,7028031488,163074230208512,8184799232,14301947637248,6614528,14301941022720,25004544,69212598,2462,69210136,3000,24703291,886,24702405,1138,44509307,1576,44507731,1870,42744251,112,42744139,237,14572392,77,14572315,136,28171859,35,28171824,117,174201341917696,179556864,174201162360832,1362006016,159580111427584,169394176,159579942033408,1355517952,14621230490112,10162688,14621220327424,17771520,-1,0,361,0,0,3,0,0,0,0,0,0,0,0,175752579871320,7021259304,175745558612016,8176189728,161455546000896,7014793216,161448531207680,8169017344,14297033870424,6466088,14297027404336,24869876,8673820672,8673820672,0,8673820672,8642363392,8642363392,0,8642363392,31457280,31457280,0,31457280,361,361,0,361,346,346,0,346,15,15,0,15,,,,,,,,,,,,,,,,,,,,,,,,,,,,,,,,,,,,,,,,,,,,,,,,,,,,,,,,,,,,,,,,,,,,,,,,,,,,,,,,,,,,,,,,,,,,,,,,,,,,,,,,,,,,,,,,,,,,,,,,,,,,,,,,,,,,,,,,,,,,,,,,,,,,,,,,,,,,,,
,1999,,,,,,,,,,,,,,,,,,,,,,,,,,,,,,,,,,,,,,,,,,,,,,,,,,,,,,,,,,,,,,,,,,,,,,,,,,,,,,,,,,,,,,,,,,,,,,,,,,,,,,,,,,,,,,,,,,,,,,,,,,,69224969,2466,69222503,3000,24707278,886,24706392,1138,44517691,1580,44516111,1870,177410342632960,7034648064,177403307984896,8192102912,163105492396032,7028031488,163098464364544,8184799232,14304850236928,6616576,14304843620352,25004544,177410342632960,7034648064,177403307984896,8192102912,163105492396032,7028031488,163098464364544,8184799232,14304850236928,6616576,14304843620352,25004544,69224969,2466,69222503,3000,24707278,886,24706392,1138,44517691,1580,44516111,1870,42751210,114,42751096,237,14574484,77,14574407,136,28176726,37,28176689,117,174230042376704,179554816,174229862821888,1362006016,159605882550272,169394176,159605713156096,1355517952,14624159826432,10160640,14624149665792,17771520,-1,0,361,0,0,3,0,0,0,0,0,0,0,0,175779474643637,7021259260,175772453384377,8176189728,161479539050752,7014793216,161472524257536,8169017344,14299935592885,6466044,14299929126841,24869876,8673820672,8673820672,0,8673820672,8642363392,8642363392,0,8642363392,31457280,31457280,0,31457280,361,361,0,361,346,346,0,346,15,15,0,15,,,,,,,,,,,,,,,,,,,,,,,,,,,,,,,,,,,,
8.801611278952669e-07,1999,,,,,,,,,,,,,,,,,,,,,,,,,,,,,,,,,,,,,,,,,,,,,,,,,,,,,,,,,,,,,,,,,,,,,,,,,,,,,,,,,,,,,,,,,,,,,,,,,,,,,,,,,,,,,,,,,,,,,,,,,,,,,,,,,,,,,,,,,,,,,,,,,,,,,,,,,,,,,,,,,,,,,,,,,,,,,,,,,,,,,,,,,,,,,,,,,,,,,,,,,,,,,,,,,,,,,,,,,,,,,,,,,,,,,,,,,,,,,,,,,,,,,,,,,,,,,,,,,,,,,,,,,,,,,,,,,,,,,,,,
,1999,69224982,2462,69222520,3000,24707278,886,24706392,1138,44517704,1576,44516128,1870,177410342650368,7034649088,177403308001280,8192102912,163105492396032,7028031488,163098464364544,8184799232,14304850254336,6617600,14304843636736,25004544,177410342650368,7034649088,177403308001280,8192102912,163105492396032,7028031488,163098464364544,8184799232,14304850254336,6617600,14304843636736,25004544,69224982,2462,69222520,3000,24707278,886,24706392,1138,44517704,1576,44516128,1870,42751221,113,42751108,237,14574484,77,14574407,136,28176737,36,28176701,117,174230042393088,179553792,174229862839296,1362006016,159605882550272,169394176,159605713156096,1355517952,14624159842816,10159616,14624149683200,17771520,-1,0,361,0,0,3,0,0,0,0,0,0,0,0,175779474656209,7021262940,175772453393269,8176189728,161479539050752,7014793216,161472524257536,8169017344,14299935605457,6469724,14299929135733,24869876,8673820672,8673820672,0,8673820672,8642363392,8642363392,0,8642363392,31457280,31457280,0,31457280,361,361,0,361,346,346,0,346,15,15,0,15,,,,,,,,,,,,,,,,,,,,,,,,,,,,,,,,,,,,,,,,,,,,,,,,,,,,,,,,,,,,,,,,,,,,,,,,,,,,,,,,,,,,,,,,,,,,,,,,,,,,,,,,,,,,,,,,,,,,,,,,,,,,,,,,,,,,,,,,,,,,,,,,,,,,,,,,,,,,,,
,1999,,,,,,,,,,,,,,,,,,,,,,,,,,,,,,,,,,,,,,,,,,,,,,,,,,,,,,,,,,,,,,,,,,,,,,,,,,,,,,,,,,,,,,,,,,,,,,,,,,,,,,,,,,,,,,,,,,,,,,,,,,,69237902,2466,69235436,3000,24711582,886,24710696,1138,44526320,1580,44524740,1870,177439542711808,7034651136,177432508060672,8192102912,163131732457472,7028031488,163124704425984,8184799232,14307810254336,6619648,14307803634688,25004544,177439542711808,7034651136,177432508060672,8192102912,163131732457472,7028031488,163124704425984,8184799232,14307810254336,6619648,14307803634688,25004544,69237902,2466,69235436,3000,24711582,886,24710696,1138,44526320,1580,44524740,1870,42758661,117,42758544,237,14576702,77,14576625,136,28181959,40,28181919,117,174260689167872,179551744,174260509616128,1362006016,159633500121088,169394176,159633330726912,1355517952,14627189046784,10157568,14627178889216,17771520,-1,0,361,0,0,3,0,0,0,0,0,0,0,0,175808429481789,7021262956,175801408218833,8176189728,161505534716928,7014793216,161498519923712,8169017344,14302894764861,6469740,14302888295121,24869876,8673820672,8673820672,0,8673820672,8642363392,8642363392,0,8642363392,31457280,31457280,0,31457280,361,361,0,361,346,346,0,346,15,15,0,15,,,,,,,,,,,,,,,,,,,,,,,,,,,,,,,,,,,,
,1999,,,,,,,,,,,,,,,,,,,,,,,,,,,,,,,,,,,,,,,,,,,,,,,,,,,,,,,,,,,,,,,,,,,,,,,,,,,,,,,,,,,,,,,,,,,,,,,,,,,,,,,,,,,,,,,,,,,,,,,,,,,,,,,,,,,,,,,,,,,,,,,,,,,,,,,,,,,,,,,,,,,,,,,,,,,,,,,,,,,,,,,,,,,,,,,,,,,,,,,,,,,,,,,,,,,,,,,,,,,,,,,,,,,,,,,,,,,,,,,,,,,,,0.00014913082122802734,8.332246943609789e-05,0.0013989678118377924,3,,,,,,,,,,,,,,,,,,,,,,,,,,,,,,,,
8.46592816381336e-07,2049,,,,,,,,,,,,,,,,,,,,,,,,,,,,,,,,,,,,,,,,,,,,,,,,,,,,,,,,,,,,,,,,,,,,,,,,,,,,,,,,,,,,,,,,,,,,,,,,,,,,,,,,,,,,,,,,,,,,,,,,,,,,,,,,,,,,,,,,,,,,,,,,,,,,,,,,,,,,,,,,,,,,,,,,,,,,,,,,,,,,,,,,,,,,,,,,,,,,,,,,,,,,,,,,,,,,,,,,,,,,,,,,,,,,,,,,,,,,,,,,,,,,,,,,,,,,,,,,,,,,,,,,,,,,,,,,,,,,,,,,
,2049,74141753,2462,74139291,3000,26456519,886,26455633,1138,47685234,1576,47683658,1870,189956181209088,7030739968,189949150469120,8192102912,174620341115904,7024123904,174613316992000,8184799232,15335840093184,6616064,15335833477120,25004544,189956181209088,7030739968,189949150469120,8192102912,174620341115904,7024123904,174613316992000,8184799232,15335840093184,6616064,15335833477120,25004544,74141753,2462,74139291,3000,26456519,886,26455633,1138,47685234,1576,47683658,1870,45696413,108,45696305,237,15606024,68,15605956,136,30090389,40,30090349,117,186708627291648,225405952,186708401885696,1362006016,171029940239360,208953344,171029731286016,1355517952,15678687052288,16452608,15678670599680,17771520,-1,0,361,0,0,3,0,0,0,0,0,0,0,0,188201554356046,7021260708,188194533095338,8176189728,172870972029952,7014793216,172863957236736,8169017344,15330582326094,6467492,15330575858602,24869876,8673820672,8673820672,0,8673820672,8642363392,8642363392,0,8642363392,31457280,31457280,0,31457280,361,361,0,361,346,346,0,346,15,15,0,15,,,,,,,,,,,,,,,,,,,,,,,,,,,,,,,,,,,,,,,,,,,,,,,,,,,,,,,,,,,,,,,,,,,,,,,,,,,,,,,,,,,,,,,,,,,,,,,,,,,,,,,,,,,,,,,,,,,,,,,,,,,,,,,,,,,,,,,,,,,,,,,,,,,,,,,,,,,,,,
,2049,,,,,,,,,,,,,,,,,,,,,,,,,,,,,,,,,,,,,,,,,,,,,,,,,,,,,,,,,,,,,,,,,,,,,,,,,,,,,,,,,,,,,,,,,,,,,,,,,,,,,,,,,,,,,,,,,,,,,,,,,,,74154124,2466,74151658,3000,26460506,886,26459620,1138,47693618,1580,47692038,1870,189983406615040,7030234112,189976376380928,8192102912,174644632554496,7023616000,174637608938496,8184799232,15338774060544,6618112,15338767442432,25004544,189983406615040,7030234112,189976376380928,8192102912,174644632554496,7023616000,174637608938496,8184799232,15338774060544,6618112,15338767442432,25004544,74154124,2466,74151658,3000,26460506,886,26459620,1138,47693618,1580,47692038,1870,45703564,109,45703455,237,15608277,72,15608205,136,30095287,37,30095250,117,186736335286272,215426048,186736119860224,1362006016,171054672391168,209461248,171054462929920,1355517952,15681662895104,5964800,15681656930304,17771520,-1,0,361,0,0,3,0,0,0,0,0,0,0,0,188228501400520,7021260724,188221480139796,8176189728,172894985969408,7014793216,172887971176192,8169017344,15333515431112,6467508,15333508963604,24869876,8673820672,8673820672,0,8673820672,8642363392,8642363392,0,8642363392,31457280,31457280,0,31457280,361,361,0,361,346,346,0,346,15,15,0,15,,,,,,,,,,,,,,,,,,,,,,,,,,,,,,,,,,,,
8.46592816381336e-07,2049,,,,,,,,,,,,,,,,,,,,,,,,,,,,,,,,,,,,,,,,,,,,,,,,,,,,,,,,,,,,,,,,,,,,,,,,,,,,,,,,,,,,,,,,,,,,,,,,,,,,,,,,,,,,,,,,,,,,,,,,,,,,,,,,,,,,,,,,,,,,,,,,,,,,,,,,,,,,,,,,,,,,,,,,,,,,,,,,,,,,,,,,,,,,,,,,,,,,,,,,,,,,,,,,,,,,,,,,,,,,,,,,,,,,,,,,,,,,,,,,,,,,,,,,,,,,,,,,,,,,,,,,,,,,,,,,,,,,,,,,
,2049,74154137,2462,74151675,3000,26460506,886,26459620,1138,47693631,1576,47692055,1870,189983406626304,7030227456,189976376398848,8192102912,174644632554496,7023616000,174637608938496,8184799232,15338774071808,6611456,15338767460352,25004544,189983406626304,7030227456,189976376398848,8192102912,174644632554496,7023616000,174637608938496,8184799232,15338774071808,6611456,15338767460352,25004544,74154137,2462,74151675,3000,26460506,886,26459620,1138,47693631,1576,47692055,1870,45703571,102,45703469,237,15608277,72,15608205,136,30095294,30,30095264,117,186736335304192,215432704,186736119871488,1362006016,171054672391168,209461248,171054462929920,1355517952,15681662913024,5971456,15681656941568,17771520,-1,0,361,0,0,3,0,0,0,0,0,0,0,0,188228501405940,7021255788,188221480150152,8176189728,172894985969408,7014793216,172887971176192,8169017344,15333515436532,6462572,15333508973960,24869876,8673820672,8673820672,0,8673820672,8642363392,8642363392,0,8642363392,31457280,31457280,0,31457280,361,361,0,361,346,346,0,346,15,15,0,15,,,,,,,,,,,,,,,,,,,,,,,,,,,,,,,,,,,,,,,,,,,,,,,,,,,,,,,,,,,,,,,,,,,,,,,,,,,,,,,,,,,,,,,,,,,,,,,,,,,,,,,,,,,,,,,,,,,,,,,,,,,,,,,,,,,,,,,,,,,,,,,,,,,,,,,,,,,,,,
,2049,,,,,,,,,,,,,,,,,,,,,,,,,,,,,,,,,,,,,,,,,,,,,,,,,,,,,,,,,,,,,,,,,,,,,,,,,,,,,,,,,,,,,,,,,,,,,,,,,,,,,,,,,,,,,,,,,,,,,,,,,,,74166459,2466,74163993,3000,26464488,886,26463602,1138,47701971,1580,47700391,1870,190010811916288,7030229504,190003781686784,8192102912,174669115497472,7023616000,174662091881472,8184799232,15341696418816,6613504,15341689805312,25004544,190010811916288,7030229504,190003781686784,8192102912,174669115497472,7023616000,174662091881472,8184799232,15341696418816,6613504,15341689805312,25004544,74166459,2466,74163993,3000,26464488,886,26463602,1138,47701971,1580,47700391,1870,45711108,107,45711001,237,15610554,72,15610482,136,30100554,35,30100519,117,186764819118080,215430656,186764603687424,1362006016,171080166251520,209461248,171079956790272,1355517952,15684652866560,5969408,15684646897152,17771520,-1,0,361,0,0,3,0,0,0,0,0,0,0,0,188255418475126,7021255864,188248397219262,8176189728,172918981538304,7014793216,172911966745088,8169017344,15336436936822,6462648,15336430474174,24869876,8673820672,8673820672,0,8673820672,8642363392,8642363392,0,8642363392,31457280,31457280,0,31457280,361,361,0,361,346,346,0,346,15,15,0,15,,,,,,,,,,,,,,,,,,,,,,,,,,,,,,,,,,,,
8.46592816381336e-07,2049,,,,,,,,,,,,,,,,,,,,,,,,,,,,,,,,,,,,,,,,,,,,,,,,,,,,,,,,,,,,,,,,,,,,,,,,,,,,,,,,,,,,,,,,,,,,,,,,,,,,,,,,,,,,,,,,,,,,,,,,,,,,,,,,,,,,,,,,,,,,,,,,,,,,,,,,,,,,,,,,,,,,,,,,,,,,,,,,,,,,,,,,,,,,,,,,,,,,,,,,,,,,,,,,,,,,,,,,,,,,,,,,,,,,,,,,,,,,,,,,,,,,,,,,,,,,,,,,,,,,,,,,,,,,,,,,,,,,,,,,
,2049,74166472,2462,74164010,3000,26464488,886,26463602,1138,47701984,1576,47700408,1870,190010811929088,7030228992,190003781700096,8192102912,174669115497472,7023616000,174662091881472,8184799232,15341696431616,6612992,15341689818624,25004544,190010811929088,7030228992,190003781700096,8192102912,174669115497472,7023616000,174662091881472,8184799232,15341696431616,6612992,15341689818624,25004544,74166472,2462,74164010,3000,26464488,886,26463602,1138,47701984,1576,47700408,1870,45711119,102,45711017,237,15610554,72,15610482,136,30100565,30,30100535,117,186764819131392,215431168,186764603700224,1362006016,171080166251520,209461248,171079956790272,1355517952,15684652879872,5969920,15684646909952,17771520,-1,0,361,0,0,3,0,0,0,0,0,0,0,0,188255418482706,7021258008,188248397224698,8176189728,172918981538304,7014793216,172911966745088,8169017344,15336436944402,6464792,15336430479610,24869876,8673820672,8673820672,0,8673820672,8642363392,8642363392,0,8642363392,31457280,31457280,0,31457280,361,361,0,361,346,346,0,346,15,15,0,15,,,,,,,,,,,,,,,,,,,,,,,,,,,,,,,,,,,,,,,,,,,,,,,,,,,,,,,,,,,,,,,,,,,,,,,,,,,,,,,,,,,,,,,,,,,,,,,,,,,,,,,,,,,,,,,,,,,,,,,,,,,,,,,,,,,,,,,,,,,,,,,,,,,,,,,,,,,,,,
,2049,,,,,,,,,,,,,,,,,,,,,,,,,,,,,,,,,,,,,,,,,,,,,,,,,,,,,,,,,,,,,,,,,,,,,,,,,,,,,,,,,,,,,,,,,,,,,,,,,,,,,,,,,,,,,,,,,,,,,,,,,,,74178794,2466,74176328,3000,26468571,886,26467685,1138,47710223,1580,47708643,1870,190038465841664,7030231040,190031435610624,8192102912,174693824015360,7023616000,174686800399360,8184799232,15344641826304,6615040,15344635211264,25004544,190038465841664,7030231040,190031435610624,8192102912,174693824015360,7023616000,174686800399360,8184799232,15344641826304,6615040,15344635211264,25004544,74178794,2466,74176328,3000,26468571,886,26467685,1138,47710223,1580,47708643,1870,45718485,104,45718381,237,15612946,72,15612874,136,30105539,32,30105507,117,186793621103616,215429120,186793405674496,1362006016,171105912540160,209461248,171105703078912,1355517952,15687708563456,5967872,15687702595584,17771520,-1,0,361,0,0,3,0,0,0,0,0,0,0,0,188282592170692,7021258024,188275570912668,8176189728,172943210652928,7014793216,172936195859712,8169017344,15339381517764,6464808,15339375052956,24869876,8673820672,8673820672,0,8673820672,8642363392,8642363392,0,8642363392,31457280,31457280,0,31457280,361,361,0,361,346,346,0,346,15,15,0,15,,,,,,,,,,,,,,,,,,,,,,,,,,,,,,,,,,,,
8.46592816381336e-07,2049,,,,,,,,,,,,,,,,,,,,,,,,,,,,,,,,,,,,,,,,,,,,,,,,,,,,,,,,,,,,,,,,,,,,,,,,,,,,,,,,,,,,,,,,,,,,,,,,,,,,,,,,,,,,,,,,,,,,,,,,,,,,,,,,,,,,,,,,,,,,,,,,,,,,,,,,,,,,,,,,,,,,,,,,,,,,,,,,,,,,,,,,,,,,,,,,,,,,,,,,,,,,,,,,,,,,,,,,,,,,,,,,,,,,,,,,,,,,,,,,,,,,,,,,,,,,,,,,,,,,,,,,,,,,,,,,,,,,,,,,
,2049,74178807,2462,74176345,3000,26468571,886,26467685,1138,47710236,1576,47708660,1870,190038465852928,7030227456,190031435625472,8192102912,174693824015360,7023616000,174686800399360,8184799232,15344641837568,6611456,15344635226112,25004544,190038465852928,7030227456,190031435625472,8192102912,174693824015360,7023616000,174686800399360,8184799232,15344641837568,6611456,15344635226112,25004544,74178807,2462,74176345,3000,26468571,886,26467685,1138,47710236,1576,47708660,1870,45718496,102,45718394,237,15612946,72,15612874,136,30105550,30,30105520,117,186793621118464,215432704,186793405685760,1362006016,171105912540160,209461248,171105703078912,1355517952,15687708578304,5971456,15687702606848,17771520,-1,0,361,0,0,3,0,0,0,0,0,0,0,0,188282592176376,7021256112,188275570920264,8176189728,172943210652928,7014793216,172936195859712,8169017344,15339381523448,6462896,15339375060552,24869876,8673820672,8673820672,0,8673820672,8642363392,8642363392,0,8642363392,31457280,31457280,0,31457280,361,361,0,361,346,346,0,346,15,15,0,15,,,,,,,,,,,,,,,,,,,,,,,,,,,,,,,,,,,,,,,,,,,,,,,,,,,,,,,,,,,,,,,,,,,,,,,,,,,,,,,,,,,,,,,,,,,,,,,,,,,,,,,,,,,,,,,,,,,,,,,,,,,,,,,,,,,,,,,,,,,,,,,,,,,,,,,,,,,,,,
,2049,,,,,,,,,,,,,,,,,,,,,,,,,,,,,,,,,,,,,,,,,,,,,,,,,,,,,,,,,,,,,,,,,,,,,,,,,,,,,,,,,,,,,,,,,,,,,,,,,,,,,,,,,,,,,,,,,,,,,,,,,,,74191129,2466,74188663,3000,26472553,886,26471667,1138,47718576,1580,47716996,1870,190065529433088,7030229504,190058499203584,8192102912,174718121360384,7023616000,174711097744384,8184799232,15347408072704,6613504,15347401459200,25004544,190065529433088,7030229504,190058499203584,8192102912,174718121360384,7023616000,174711097744384,8184799232,15347408072704,6613504,15347401459200,25004544,74191129,2466,74188663,3000,26472553,886,26471667,1138,47718576,1580,47716996,1870,45725321,106,45725215,237,15615117,72,15615045,136,30110204,34,30110170,117,186821759036416,215430656,186821543605760,1362006016,171131231370240,209461248,171131021908992,1355517952,15690527666176,5969408,15690521696768,17771520,-1,0,361,0,0,3,0,0,0,0,0,0,0,0,188309254755712,7021256128,188302233499584,8176189728,172967107917824,7014793216,172960093124608,8169017344,15342146837888,6462912,15342140374976,24869876,8673820672,8673820672,0,8673820672,8642363392,8642363392,0,8642363392,31457280,31457280,0,31457280,361,361,0,361,346,346,0,346,15,15,0,15,,,,,,,,,,,,,,,,,,,,,,,,,,,,,,,,,,,,
8.46592816381336e-07,2049,,,,,,,,,,,,,,,,,,,,,,,,,,,,,,,,,,,,,,,,,,,,,,,,,,,,,,,,,,,,,,,,,,,,,,,,,,,,,,,,,,,,,,,,,,,,,,,,,,,,,,,,,,,,,,,,,,,,,,,,,,,,,,,,,,,,,,,,,,,,,,,,,,,,,,,,,,,,,,,,,,,,,,,,,,,,,,,,,,,,,,,,,,,,,,,,,,,,,,,,,,,,,,,,,,,,,,,,,,,,,,,,,,,,,,,,,,,,,,,,,,,,,,,,,,,,,,,,,,,,,,,,,,,,,,,,,,,,,,,,
,2049,74191142,2462,74188680,3000,26472553,886,26471667,1138,47718589,1576,47717013,1870,190065529448960,7030232064,190058499216896,8192102912,174718121360384,7023616000,174711097744384,8184799232,15347408088576,6616064,15347401472512,25004544,190065529448960,7030232064,190058499216896,8192102912,174718121360384,7023616000,174711097744384,8184799232,15347408088576,6616064,15347401472512,25004544,74191142,2462,74188680,3000,26472553,886,26471667,1138,47718589,1576,47717013,1870,45725333,104,45725229,237,15615117,72,15615045,136,30110216,32,30110184,117,186821759049728,215428096,186821543621632,1362006016,171131231370240,209461248,171131021908992,1355517952,15690527679488,5966848,15690521712640,17771520,-1,0,361,0,0,3,0,0,0,0,0,0,0,0,188309254766700,7021261416,188302233505284,8176189728,172967107917824,7014793216,172960093124608,8169017344,15342146848876,6468200,15342140380676,24869876,8673820672,8673820672,0,8673820672,8642363392,8642363392,0,8642363392,31457280,31457280,0,31457280,361,361,0,361,346,346,0,346,15,15,0,15,,,,,,,,,,,,,,,,,,,,,,,,,,,,,,,,,,,,,,,,,,,,,,,,,,,,,,,,,,,,,,,,,,,,,,,,,,,,,,,,,,,,,,,,,,,,,,,,,,,,,,,,,,,,,,,,,,,,,,,,,,,,,,,,,,,,,,,,,,,,,,,,,,,,,,,,,,,,,,
,2049,,,,,,,,,,,,,,,,,,,,,,,,,,,,,,,,,,,,,,,,,,,,,,,,,,,,,,,,,,,,,,,,,,,,,,,,,,,,,,,,,,,,,,,,,,,,,,,,,,,,,,,,,,,,,,,,,,,,,,,,,,,74203464,2466,74200998,3000,26476540,886,26475654,1138,47726924,1580,47725344,1870,190092763991552,7030234112,190085733757440,8192102912,174742484413440,7023616000,174735460797440,8184799232,15350279578112,6618112,15350272960000,25004544,190092763991552,7030234112,190085733757440,8192102912,174742484413440,7023616000,174735460797440,8184799232,15350279578112,6618112,15350272960000,25004544,74203464,2466,74200998,3000,26476540,886,26475654,1138,47726924,1580,47725344,1870,45732770,106,45732664,237,15617298,72,15617226,136,30115472,34,30115438,117,186850060368896,215426048,186849844942848,1362006016,171156608510976,209461248,171156399049728,1355517952,15693451857920,5964800,15693445893120,17771520,-1,0,361,0,0,3,0,0,0,0,0,0,0,0,188336100539443,7021261432,188329079278011,8176189728,172991083068160,7014793216,172984068274944,8169017344,15345017471283,6468216,15345011003067,24869876,8673820672,8673820672,0,8673820672,8642363392,8642363392,0,8642363392,31457280,31457280,0,31457280,361,361,0,361,346,346,0,346,15,15,0,15,,,,,,,,,,,,,,,,,,,,,,,,,,,,,,,,,,,,
8.46592816381336e-07,2049,,,,,,,,,,,,,,,,,,,,,,,,,,,,,,,,,,,,,,,,,,,,,,,,,,,,,,,,,,,,,,,,,,,,,,,,,,,,,,,,,,,,,,,,,,,,,,,,,,,,,,,,,,,,,,,,,,,,,,,,,,,,,,,,,,,,,,,,,,,,,,,,,,,,,,,,,,,,,,,,,,,,,,,,,,,,,,,,,,,,,,,,,,,,,,,,,,,,,,,,,,,,,,,,,,,,,,,,,,,,,,,,,,,,,,,,,,,,,,,,,,,,,,,,,,,,,,,,,,,,,,,,,,,,,,,,,,,,,,,,
,2049,74203477,2462,74201015,3000,26476540,886,26475654,1138,47726937,1576,47725361,1870,190092764004352,7030228992,190085733775360,8192102912,174742484413440,7023616000,174735460797440,8184799232,15350279590912,6612992,15350272977920,25004544,190092764004352,7030228992,190085733775360,8192102912,174742484413440,7023616000,174735460797440,8184799232,15350279590912,6612992,15350272977920,25004544,74203477,2462,74201015,3000,26476540,886,26475654,1138,47726937,1576,47725361,1870,45732780,102,45732678,237,15617298,72,15617226,136,30115482,30,30115452,117,186850060386816,215431168,186849844955648,1362006016,171156608510976,209461248,171156399049728,1355517952,15693451875840,5969920,15693445905920,17771520,-1,0,361,0,0,3,0,0,0,0,0,0,0,0,188336100547095,7021258080,188329079289015,8176189728,172991083068160,7014793216,172984068274944,8169017344,15345017478935,6464864,15345011014071,24869876,8673820672,8673820672,0,8673820672,8642363392,8642363392,0,8642363392,31457280,31457280,0,31457280,361,361,0,361,346,346,0,346,15,15,0,15,,,,,,,,,,,,,,,,,,,,,,,,,,,,,,,,,,,,,,,,,,,,,,,,,,,,,,,,,,,,,,,,,,,,,,,,,,,,,,,,,,,,,,,,,,,,,,,,,,,,,,,,,,,,,,,,,,,,,,,,,,,,,,,,,,,,,,,,,,,,,,,,,,,,,,,,,,,,,,
,2049,,,,,,,,,,,,,,,,,,,,,,,,,,,,,,,,,,,,,,,,,,,,,,,,,,,,,,,,,,,,,,,,,,,,,,,,,,,,,,,,,,,,,,,,,,,,,,,,,,,,,,,,,,,,,,,,,,,,,,,,,,,74215848,2466,74213382,3000,26480527,886,26479641,1138,47735321,1580,47733741,1870,190119829394944,7030231040,190112799163904,8192102912,174766788189184,7023616000,174759764573184,8184799232,15353041205760,6615040,15353034590720,25004544,190119829394944,7030231040,190112799163904,8192102912,174766788189184,7023616000,174759764573184,8184799232,15353041205760,6615040,15353034590720,25004544,74215848,2466,74213382,3000,26480527,886,26479641,1138,47735321,1580,47733741,1870,45740119,106,45740013,237,15619474,72,15619402,136,30120645,34,30120611,117,186878172819456,215429120,186877957390336,1362006016,171181933771776,209461248,171181724310528,1355517952,15696239047680,5967872,15696233079808,17771520,-1,0,361,0,0,3,0,0,0,0,0,0,0,0,188362764872174,7021258036,188355743614138,8176189728,173014986722816,7014793216,173007971929600,8169017344,15347778149358,6464820,15347771684538,24869876,8673820672,8673820672,0,8673820672,8642363392,8642363392,0,8642363392,31457280,31457280,0,31457280,361,361,0,361,346,346,0,346,15,15,0,15,,,,,,,,,,,,,,,,,,,,,,,,,,,,,,,,,,,,
8.46592816381336e-07,2049,,,,,,,,,,,,,,,,,,,,,,,,,,,,,,,,,,,,,,,,,,,,,,,,,,,,,,,,,,,,,,,,,,,,,,,,,,,,,,,,,,,,,,,,,,,,,,,,,,,,,,,,,,,,,,,,,,,,,,,,,,,,,,,,,,,,,,,,,,,,,,,,,,,,,,,,,,,,,,,,,,,,,,,,,,,,,,,,,,,,,,,,,,,,,,,,,,,,,,,,,,,,,,,,,,,,,,,,,,,,,,,,,,,,,,,,,,,,,,,,,,,,,,,,,,,,,,,,,,,,,,,,,,,,,,,,,,,,,,,,
,2049,74215861,2462,74213399,3000,26480527,886,26479641,1138,47735334,1576,47733758,1870,190119829404672,7030225920,190112799178752,8192102912,174766788189184,7023616000,174759764573184,8184799232,15353041215488,6609920,15353034605568,25004544,190119829404672,7030225920,190112799178752,8192102912,174766788189184,7023616000,174759764573184,8184799232,15353041215488,6609920,15353034605568,25004544,74215861,2462,74213399,3000,26480527,886,26479641,1138,47735334,1576,47733758,1870,45740130,105,45740025,237,15619474,72,15619402,136,30120656,33,30120623,117,186878172834304,215434240,186877957400064,1362006016,171181933771776,209461248,171181724310528,1355517952,15696239062528,5972992,15696233089536,17771520,-1,0,361,0,0,3,0,0,0,0,0,0,0,0,188362764876682,7021254876,188355743621806,8176189728,173014986722816,7014793216,173007971929600,8169017344,15347778153866,6461660,15347771692206,24869876,8673820672,8673820672,0,8673820672,8642363392,8642363392,0,8642363392,31457280,31457280,0,31457280,361,361,0,361,346,346,0,346,15,15,0,15,,,,,,,,,,,,,,,,,,,,,,,,,,,,,,,,,,,,,,,,,,,,,,,,,,,,,,,,,,,,,,,,,,,,,,,,,,,,,,,,,,,,,,,,,,,,,,,,,,,,,,,,,,,,,,,,,,,,,,,,,,,,,,,,,,,,,,,,,,,,,,,,,,,,,,,,,,,,,,
,2049,,,,,,,,,,,,,,,,,,,,,,,,,,,,,,,,,,,,,,,,,,,,,,,,,,,,,,,,,,,,,,,,,,,,,,,,,,,,,,,,,,,,,,,,,,,,,,,,,,,,,,,,,,,,,,,,,,,,,,,,,,,74228232,2466,74225766,3000,26484509,886,26483623,1138,47743723,1580,47742143,1870,190146828265984,7030227968,190139798038016,8192102912,174791053126656,7023616000,174784029510656,8184799232,15355775139328,6611968,15355768527360,25004544,190146828265984,7030227968,190139798038016,8192102912,174791053126656,7023616000,174784029510656,8184799232,15355775139328,6611968,15355768527360,25004544,74228232,2466,74225766,3000,26484509,886,26483623,1138,47743723,1580,47742143,1870,45746877,106,45746771,237,15621639,72,15621567,136,30125238,34,30125204,117,186906232111104,215432192,186906016678912,1362006016,171207222307840,209461248,171207012846592,1355517952,15699009803264,5970944,15699003832320,17771520,-1,0,361,0,0,3,0,0,0,0,0,0,0,0,188389375445337,7021254892,188382354190445,8176189728,173038864326912,7014793216,173031849533696,8169017344,15350511118425,6461676,15350504656749,24869876,8673820672,8673820672,0,8673820672,8642363392,8642363392,0,8642363392,31457280,31457280,0,31457280,361,361,0,361,346,346,0,346,15,15,0,15,,,,,,,,,,,,,,,,,,,,,,,,,,,,,,,,,,,,
8.46592816381336e-07,2049,,,,,,,,,,,,,,,,,,,,,,,,,,,,,,,,,,,,,,,,,,,,,,,,,,,,,,,,,,,,,,,,,,,,,,,,,,,,,,,,,,,,,,,,,,,,,,,,,,,,,,,,,,,,,,,,,,,,,,,,,,,,,,,,,,,,,,,,,,,,,,,,,,,,,,,,,,,,,,,,,,,,,,,,,,,,,,,,,,,,,,,,,,,,,,,,,,,,,,,,,,,,,,,,,,,,,,,,,,,,,,,,,,,,,,,,,,,,,,,,,,,,,,,,,,,,,,,,,,,,,,,,,,,,,,,,,,,,,,,,
,2049,74228245,2462,74225783,3000,26484509,886,26483623,1138,47743736,1576,47742160,1870,190146828281856,7030232064,190139798049792,8192102912,174791053126656,7023616000,174784029510656,8184799232,15355775155200,6616064,15355768539136,25004544,190146828281856,7030232064,190139798049792,8192102912,174791053126656,7023616000,174784029510656,8184799232,15355775155200,6616064,15355768539136,25004544,74228245,2462,74225783,3000,26484509,886,26483623,1138,47743736,1576,47742160,1870,45746887,104,45746783,237,15621639,72,15621567,136,30125248,32,30125216,117,186906232122880,215428096,186906016694784,1362006016,171207222307840,209461248,171207012846592,1355517952,15699009815040,5966848,15699003848192,17771520,-1,0,361,0,0,3,0,0,0,0,0,0,0,0,188389375454789,7021259820,188382354194969,8176189728,173038864326912,7014793216,173031849533696,8169017344,15350511127877,6466604,15350504661273,24869876,8673820672,8673820672,0,8673820672,8642363392,8642363392,0,8642363392,31457280,31457280,0,31457280,361,361,0,361,346,346,0,346,15,15,0,15,,,,,,,,,,,,,,,,,,,,,,,,,,,,,,,,,,,,,,,,,,,,,,,,,,,,,,,,,,,,,,,,,,,,,,,,,,,,,,,,,,,,,,,,,,,,,,,,,,,,,,,,,,,,,,,,,,,,,,,,,,,,,,,,,,,,,,,,,,,,,,,,,,,,,,,,,,,,,,
,2049,,,,,,,,,,,,,,,,,,,,,,,,,,,,,,,,,,,,,,,,,,,,,,,,,,,,,,,,,,,,,,,,,,,,,,,,,,,,,,,,,,,,,,,,,,,,,,,,,,,,,,,,,,,,,,,,,,,,,,,,,,,74241116,2466,74238650,3000,26488717,886,26487831,1138,47752399,1580,47750819,1870,190175618184192,7030234112,190168587950080,8192102912,174817095330816,7023616000,174810071714816,8184799232,15358522853376,6618112,15358516235264,25004544,190175618184192,7030234112,190168587950080,8192102912,174817095330816,7023616000,174810071714816,8184799232,15358522853376,6618112,15358516235264,25004544,74241116,2466,74238650,3000,26488717,886,26487831,1138,47752399,1580,47750819,1870,45754046,108,45753938,237,15623811,72,15623739,136,30130235,36,30130199,117,186935894528512,215426048,186935679102464,1362006016,171234082819072,209461248,171233873357824,1355517952,15701811709440,5964800,15701805744640,17771520,-1,0,361,0,0,3,0,0,0,0,0,0,0,0,188417766998229,7021259896,188410745738333,8176189728,173064509105152,7014793216,173057494311936,8169017344,15353257893077,6466680,15353251426397,24869876,8673820672,8673820672,0,8673820672,8642363392,8642363392,0,8642363392,31457280,31457280,0,31457280,361,361,0,361,346,346,0,346,15,15,0,15,,,,,,,,,,,,,,,,,,,,,,,,,,,,,,,,,,,,
,2049,,,,,,,,,,,,,,,,,,,,,,,,,,,,,,,,,,,,,,,,,,,,,,,,,,,,,,,,,,,,,,,,,,,,,,,,,,,,,,,,,,,,,,,,,,,,,,,,,,,,,,,,,,,,,,,,,,,,,,,,,,,,,,,,,,,,,,,,,,,,,,,,,,,,,,,,,,,,,,,,,,,,,,,,,,,,,,,,,,,,,,,,,,,,,,,,,,,,,,,,,,,,,,,,,,,,,,,,,,,,,,,,,,,,,,,,,,,,,,,,,,,,,0.00011682510375976562,1.5894572413799324e-07,0.00011920928955078125,3,,,,,,,,,,,,,,,,,,,,,,,,,,,,,,,,
8.130245048674052e-07,2099,,,,,,,,,,,,,,,,,,,,,,,,,,,,,,,,,,,,,,,,,,,,,,,,,,,,,,,,,,,,,,,,,,,,,,,,,,,,,,,,,,,,,,,,,,,,,,,,,,,,,,,,,,,,,,,,,,,,,,,,,,,,,,,,,,,,,,,,,,,,,,,,,,,,,,,,,,,,,,,,,,,,,,,,,,,,,,,,,,,,,,,,,,,,,,,,,,,,,,,,,,,,,,,,,,,,,,,,,,,,,,,,,,,,,,,,,,,,,,,,,,,,,,,,,,,,,,,,,,,,,,,,,,,,,,,,,,,,,,,,
,2099,79141092,2462,79138630,3000,28224476,886,28223590,1138,50916616,1576,50915040,1870,202456007419392,7027042304,202448980377088,8192102912,186061972313088,7020429312,186054951883776,8184799232,16394035106304,6612992,16394028493312,25019904,202456007419392,7027042304,202448980377088,8192102912,186061972313088,7020429312,186054951883776,8184799232,16394035106304,6612992,16394028493312,25019904,79141092,2462,79138630,3000,28224476,886,28223590,1138,50916616,1576,50915040,1870,48665845,105,48665740,237,16645007,74,16644933,136,32020838,31,32020807,117,199199257994752,235395072,199199022599680,1396042240,182439490020352,231522304,182439258498048,1392988160,16759767974400,3872768,16759764101632,17771520,-1,0,361,0,0,3,0,0,0,0,0,0,0,0,200585951882697,7021257948,200578930624749,8176189728,184197525710848,7014793216,184190510917632,8169017344,16388426171849,6464732,16388419707117,24869876,8673820672,8673820672,0,8673820672,8642363392,8642363392,0,8642363392,31457280,31457280,0,31457280,361,361,0,361,346,346,0,346,15,15,0,15,,,,,,,,,,,,,,,,,,,,,,,,,,,,,,,,,,,,,,,,,,,,,,,,,,,,,,,,,,,,,,,,,,,,,,,,,,,,,,,,,,,,,,,,,,,,,,,,,,,,,,,,,,,,,,,,,,,,,,,,,,,,,,,,,,,,,,,,,,,,,,,,,,,,,,,,,,,,,,
,2099,,,,,,,,,,,,,,,,,,,,,,,,,,,,,,,,,,,,,,,,,,,,,,,,,,,,,,,,,,,,,,,,,,,,,,,,,,,,,,,,,,,,,,,,,,,,,,,,,,,,,,,,,,,,,,,,,,,,,,,,,,,79153462,2466,79150996,3000,28228463,886,28227577,1138,50924999,1580,50923419,1870,202483114362368,7032074240,202476082288128,8192102912,186086239278080,7025459200,186079213818880,8184799232,16396875084288,6615040,16396868469248,25019904,202483114362368,7032074240,202476082288128,8192102912,186086239278080,7025459200,186079213818880,8184799232,16396875084288,6615040,16396868469248,25019904,79153462,2466,79150996,3000,28228463,886,28227577,1138,50924999,1580,50923419,1870,48673710,108,48673602,237,16647424,72,16647352,136,32026286,36,32026250,117,199227346951680,211488768,199227135462912,1396042240,182464664683520,207618048,182464457065472,1392988160,16762682268160,3870720,16762678397440,17771520,-1,0,361,0,0,3,0,0,0,0,0,0,0,0,200612743597545,7021257964,200605722339581,8176189728,184221478353664,7014793216,184214463560448,8169017344,16391265243881,6464748,16391258779133,24869876,8673820672,8673820672,0,8673820672,8642363392,8642363392,0,8642363392,31457280,31457280,0,31457280,361,361,0,361,346,346,0,346,15,15,0,15,,,,,,,,,,,,,,,,,,,,,,,,,,,,,,,,,,,,
8.130245048674052e-07,2099,,,,,,,,,,,,,,,,,,,,,,,,,,,,,,,,,,,,,,,,,,,,,,,,,,,,,,,,,,,,,,,,,,,,,,,,,,,,,,,,,,,,,,,,,,,,,,,,,,,,,,,,,,,,,,,,,,,,,,,,,,,,,,,,,,,,,,,,,,,,,,,,,,,,,,,,,,,,,,,,,,,,,,,,,,,,,,,,,,,,,,,,,,,,,,,,,,,,,,,,,,,,,,,,,,,,,,,,,,,,,,,,,,,,,,,,,,,,,,,,,,,,,,,,,,,,,,,,,,,,,,,,,,,,,,,,,,,,,,,,
,2099,79153475,2462,79151013,3000,28228463,886,28227577,1138,50925012,1576,50923436,1870,202483114373632,7032070656,202476082302976,8192102912,186086239278080,7025459200,186079213818880,8184799232,16396875095552,6611456,16396868484096,25019904,202483114373632,7032070656,202476082302976,8192102912,186086239278080,7025459200,186079213818880,8184799232,16396875095552,6611456,16396868484096,25019904,79153475,2462,79151013,3000,28228463,886,28227577,1138,50925012,1576,50923436,1870,48673718,103,48673615,237,16647424,72,16647352,136,32026294,31,32026263,117,199227346966528,211492352,199227135474176,1396042240,182464664683520,207618048,182464457065472,1392988160,16762682283008,3874304,16762678408704,17771520,-1,0,361,0,0,3,0,0,0,0,0,0,0,0,200612743603901,7021256724,200605722347177,8176189728,184221478353664,7014793216,184214463560448,8169017344,16391265250237,6463508,16391258786729,24869876,8673820672,8673820672,0,8673820672,8642363392,8642363392,0,8642363392,31457280,31457280,0,31457280,361,361,0,361,346,346,0,346,15,15,0,15,,,,,,,,,,,,,,,,,,,,,,,,,,,,,,,,,,,,,,,,,,,,,,,,,,,,,,,,,,,,,,,,,,,,,,,,,,,,,,,,,,,,,,,,,,,,,,,,,,,,,,,,,,,,,,,,,,,,,,,,,,,,,,,,,,,,,,,,,,,,,,,,,,,,,,,,,,,,,,
,2099,,,,,,,,,,,,,,,,,,,,,,,,,,,,,,,,,,,,,,,,,,,,,,,,,,,,,,,,,,,,,,,,,,,,,,,,,,,,,,,,,,,,,,,,,,,,,,,,,,,,,,,,,,,,,,,,,,,,,,,,,,,79165797,2466,79163331,3000,28232445,886,28231559,1138,50933352,1580,50931772,1870,202510073380864,7032072704,202503041308160,8192102912,186110415750144,7025459200,186103390290944,8184799232,16399657630720,6613504,16399651017216,25019904,202510073380864,7032072704,202503041308160,8192102912,186110415750144,7025459200,186103390290944,8184799232,16399657630720,6613504,16399651017216,25019904,79165797,2466,79163331,3000,28232445,886,28231559,1138,50933352,1580,50931772,1870,48681532,108,48681424,237,16649706,72,16649634,136,32031826,36,32031790,117,199255939603968,211490304,199255728113664,1396042240,182490408711168,207618048,182490201093120,1392988160,16765530892800,3872256,16765527020544,17771520,-1,0,361,0,0,3,0,0,0,0,0,0,0,0,200639432322216,7021256800,200632411065416,8176189728,184245385448960,7014793216,184238370655744,8169017344,16394046873256,6463584,16394040409672,24869876,8673820672,8673820672,0,8673820672,8642363392,8642363392,0,8642363392,31457280,31457280,0,31457280,361,361,0,361,346,346,0,346,15,15,0,15,,,,,,,,,,,,,,,,,,,,,,,,,,,,,,,,,,,,
8.130245048674052e-07,2099,,,,,,,,,,,,,,,,,,,,,,,,,,,,,,,,,,,,,,,,,,,,,,,,,,,,,,,,,,,,,,,,,,,,,,,,,,,,,,,,,,,,,,,,,,,,,,,,,,,,,,,,,,,,,,,,,,,,,,,,,,,,,,,,,,,,,,,,,,,,,,,,,,,,,,,,,,,,,,,,,,,,,,,,,,,,,,,,,,,,,,,,,,,,,,,,,,,,,,,,,,,,,,,,,,,,,,,,,,,,,,,,,,,,,,,,,,,,,,,,,,,,,,,,,,,,,,,,,,,,,,,,,,,,,,,,,,,,,,,,
,2099,79165810,2462,79163348,3000,28232445,886,28231559,1138,50933365,1576,50931789,1870,202510073393664,7032072192,202503041321472,8192102912,186110415750144,7025459200,186103390290944,8184799232,16399657643520,6612992,16399651030528,25019904,202510073393664,7032072192,202503041321472,8192102912,186110415750144,7025459200,186103390290944,8184799232,16399657643520,6612992,16399651030528,25019904,79165810,2462,79163348,3000,28232445,886,28231559,1138,50933365,1576,50931789,1870,48681544,106,48681438,237,16649706,72,16649634,136,32031838,34,32031804,117,199255939617280,211490816,199255728126464,1396042240,182490408711168,207618048,182490201093120,1392988160,16765530906112,3872768,16765527033344,17771520,-1,0,361,0,0,3,0,0,0,0,0,0,0,0,200639432330012,7021258224,200632411071788,8176189728,184245385448960,7014793216,184238370655744,8169017344,16394046881052,6465008,16394040416044,24869876,8673820672,8673820672,0,8673820672,8642363392,8642363392,0,8642363392,31457280,31457280,0,31457280,361,361,0,361,346,346,0,346,15,15,0,15,,,,,,,,,,,,,,,,,,,,,,,,,,,,,,,,,,,,,,,,,,,,,,,,,,,,,,,,,,,,,,,,,,,,,,,,,,,,,,,,,,,,,,,,,,,,,,,,,,,,,,,,,,,,,,,,,,,,,,,,,,,,,,,,,,,,,,,,,,,,,,,,,,,,,,,,,,,,,,
,2099,,,,,,,,,,,,,,,,,,,,,,,,,,,,,,,,,,,,,,,,,,,,,,,,,,,,,,,,,,,,,,,,,,,,,,,,,,,,,,,,,,,,,,,,,,,,,,,,,,,,,,,,,,,,,,,,,,,,,,,,,,,79178132,2466,79175666,3000,28236528,886,28235642,1138,50941604,1580,50940024,1870,202537409365504,7032074240,202530377291264,8192102912,186134893753344,7025459200,186127868294144,8184799232,16402515612160,6615040,16402508997120,25019904,202537409365504,7032074240,202530377291264,8192102912,186134893753344,7025459200,186127868294144,8184799232,16402515612160,6615040,16402508997120,25019904,79178132,2466,79175666,3000,28236528,886,28235642,1138,50941604,1580,50940024,1870,48689444,110,48689334,237,16652153,72,16652081,136,32037291,38,32037253,117,199284913626624,211488768,199284702137856,1396042240,182516418585600,207618048,182516210967552,1392988160,16768495041024,3870720,16768491170304,17771520,-1,0,361,0,0,3,0,0,0,0,0,0,0,0,200666427912165,7021258240,200659406653925,8176189728,184269523935488,7014793216,184262509142272,8169017344,16396903976677,6465024,16396897511653,24869876,8673820672,8673820672,0,8673820672,8642363392,8642363392,0,8642363392,31457280,31457280,0,31457280,361,361,0,361,346,346,0,346,15,15,0,15,,,,,,,,,,,,,,,,,,,,,,,,,,,,,,,,,,,,
8.130245048674052e-07,2099,,,,,,,,,,,,,,,,,,,,,,,,,,,,,,,,,,,,,,,,,,,,,,,,,,,,,,,,,,,,,,,,,,,,,,,,,,,,,,,,,,,,,,,,,,,,,,,,,,,,,,,,,,,,,,,,,,,,,,,,,,,,,,,,,,,,,,,,,,,,,,,,,,,,,,,,,,,,,,,,,,,,,,,,,,,,,,,,,,,,,,,,,,,,,,,,,,,,,,,,,,,,,,,,,,,,,,,,,,,,,,,,,,,,,,,,,,,,,,,,,,,,,,,,,,,,,,,,,,,,,,,,,,,,,,,,,,,,,,,,
,2099,79178145,2462,79175683,3000,28236528,886,28235642,1138,50941617,1576,50940041,1870,202537409381376,7032075264,202530377306112,8192102912,186134893753344,7025459200,186127868294144,8184799232,16402515628032,6616064,16402509011968,25019904,202537409381376,7032075264,202530377306112,8192102912,186134893753344,7025459200,186127868294144,8184799232,16402515628032,6616064,16402509011968,25019904,79178145,2462,79175683,3000,28236528,886,28235642,1138,50941617,1576,50940041,1870,48689456,106,48689350,237,16652153,72,16652081,136,32037303,34,32037269,117,199284913641472,211487744,199284702153728,1396042240,182516418585600,207618048,182516210967552,1392988160,16768495055872,3869696,16768491186176,17771520,-1,0,361,0,0,3,0,0,0,0,0,0,0,0,200666427922145,7021260408,200659406661737,8176189728,184269523935488,7014793216,184262509142272,8169017344,16396903986657,6467192,16396897519465,24869876,8673820672,8673820672,0,8673820672,8642363392,8642363392,0,8642363392,31457280,31457280,0,31457280,361,361,0,361,346,346,0,346,15,15,0,15,,,,,,,,,,,,,,,,,,,,,,,,,,,,,,,,,,,,,,,,,,,,,,,,,,,,,,,,,,,,,,,,,,,,,,,,,,,,,,,,,,,,,,,,,,,,,,,,,,,,,,,,,,,,,,,,,,,,,,,,,,,,,,,,,,,,,,,,,,,,,,,,,,,,,,,,,,,,,,
,2099,,,,,,,,,,,,,,,,,,,,,,,,,,,,,,,,,,,,,,,,,,,,,,,,,,,,,,,,,,,,,,,,,,,,,,,,,,,,,,,,,,,,,,,,,,,,,,,,,,,,,,,,,,,,,,,,,,,,,,,,,,,79190516,2466,79188050,3000,28240515,886,28239629,1138,50950001,1580,50948421,1870,202564457454080,7032077312,202557425376768,8192102912,186159117329408,7025459200,186152091870208,8184799232,16405340124672,6618112,16405333506560,25019904,202564457454080,7032077312,202557425376768,8192102912,186159117329408,7025459200,186152091870208,8184799232,16405340124672,6618112,16405333506560,25019904,79190516,2466,79188050,3000,28240515,886,28239629,1138,50950001,1580,50948421,1870,48697306,109,48697197,237,16654452,72,16654380,136,32042854,37,32042817,117,199313609487872,211485696,199313398002176,1396042240,182542201533440,207618048,182541993915392,1392988160,16771407954432,3867648,16771404086784,17771520,-1,0,361,0,0,3,0,0,0,0,0,0,0,0,200693196344278,7021260364,200686175083914,8176189728,184293468775424,7014793216,184286453982208,8169017344,16399727568854,6467148,16399721101706,24869876,8673820672,8673820672,0,8673820672,8642363392,8642363392,0,8642363392,31457280,31457280,0,31457280,361,361,0,361,346,346,0,346,15,15,0,15,,,,,,,,,,,,,,,,,,,,,,,,,,,,,,,,,,,,
8.130245048674052e-07,2099,,,,,,,,,,,,,,,,,,,,,,,,,,,,,,,,,,,,,,,,,,,,,,,,,,,,,,,,,,,,,,,,,,,,,,,,,,,,,,,,,,,,,,,,,,,,,,,,,,,,,,,,,,,,,,,,,,,,,,,,,,,,,,,,,,,,,,,,,,,,,,,,,,,,,,,,,,,,,,,,,,,,,,,,,,,,,,,,,,,,,,,,,,,,,,,,,,,,,,,,,,,,,,,,,,,,,,,,,,,,,,,,,,,,,,,,,,,,,,,,,,,,,,,,,,,,,,,,,,,,,,,,,,,,,,,,,,,,,,,,
,2099,79190529,2462,79188067,3000,28240515,886,28239629,1138,50950014,1576,50948438,1870,202564457473024,7032078336,202557425394688,8192102912,186159117329408,7025459200,186152091870208,8184799232,16405340143616,6619136,16405333524480,25019904,202564457473024,7032078336,202557425394688,8192102912,186159117329408,7025459200,186152091870208,8184799232,16405340143616,6619136,16405333524480,25019904,79190529,2462,79188067,3000,28240515,886,28239629,1138,50950014,1576,50948438,1870,48697319,110,48697209,237,16654452,72,16654380,136,32042867,38,32042829,117,199313609505792,211484672,199313398021120,1396042240,182542201533440,207618048,182541993915392,1392988160,16771407972352,3866624,16771404105728,17771520,-1,0,361,0,0,3,0,0,0,0,0,0,0,0,200693196357738,7021263828,200686175093910,8176189728,184293468775424,7014793216,184286453982208,8169017344,16399727582314,6470612,16399721111702,24869876,8673820672,8673820672,0,8673820672,8642363392,8642363392,0,8642363392,31457280,31457280,0,31457280,361,361,0,361,346,346,0,346,15,15,0,15,,,,,,,,,,,,,,,,,,,,,,,,,,,,,,,,,,,,,,,,,,,,,,,,,,,,,,,,,,,,,,,,,,,,,,,,,,,,,,,,,,,,,,,,,,,,,,,,,,,,,,,,,,,,,,,,,,,,,,,,,,,,,,,,,,,,,,,,,,,,,,,,,,,,,,,,,,,,,,
,2099,,,,,,,,,,,,,,,,,,,,,,,,,,,,,,,,,,,,,,,,,,,,,,,,,,,,,,,,,,,,,,,,,,,,,,,,,,,,,,,,,,,,,,,,,,,,,,,,,,,,,,,,,,,,,,,,,,,,,,,,,,,79203403,2466,79200937,3000,28247406,886,28246520,1138,50955997,1580,50954417,1870,202619049111040,7032080384,202612017030656,8192102912,186212944577536,7025459200,186205919118336,8184799232,16406104533504,6621184,16406097912320,25019904,202619049111040,7032080384,202612017030656,8192102912,186212944577536,7025459200,186205919118336,8184799232,16406104533504,6621184,16406097912320,25019904,79203403,2466,79200937,3000,28247406,886,28246520,1138,50955997,1580,50954417,1870,48706162,114,48706048,237,16659491,72,16659419,136,32046671,42,32046629,117,199362150522368,211482624,199361939039744,1396042240,182589978162176,207618048,182589770544128,1392988160,16772172360192,3864576,16772168495616,17771520,-1,0,361,0,0,3,0,0,0,0,0,0,0,0,200747411078970,7021263904,200740389815066,8176189728,184346920027904,7014793216,184339905234688,8169017344,16400491051066,6470688,16400484580378,24869876,8673820672,8673820672,0,8673820672,8642363392,8642363392,0,8642363392,31457280,31457280,0,31457280,361,361,0,361,346,346,0,346,15,15,0,15,,,,,,,,,,,,,,,,,,,,,,,,,,,,,,,,,,,,
8.130245048674052e-07,2099,,,,,,,,,,,,,,,,,,,,,,,,,,,,,,,,,,,,,,,,,,,,,,,,,,,,,,,,,,,,,,,,,,,,,,,,,,,,,,,,,,,,,,,,,,,,,,,,,,,,,,,,,,,,,,,,,,,,,,,,,,,,,,,,,,,,,,,,,,,,,,,,,,,,,,,,,,,,,,,,,,,,,,,,,,,,,,,,,,,,,,,,,,,,,,,,,,,,,,,,,,,,,,,,,,,,,,,,,,,,,,,,,,,,,,,,,,,,,,,,,,,,,,,,,,,,,,,,,,,,,,,,,,,,,,,,,,,,,,,,
,2099,79203416,2462,79200954,3000,28247406,886,28246520,1138,50956010,1576,50954434,1870,202619049128448,7032076800,202612017051648,8192102912,186212944577536,7025459200,186205919118336,8184799232,16406104550912,6617600,16406097933312,25019904,202619049128448,7032076800,202612017051648,8192102912,186212944577536,7025459200,186205919118336,8184799232,16406104550912,6617600,16406097933312,25019904,79203416,2462,79200954,3000,28247406,886,28246520,1138,50956010,1576,50954434,1870,48706170,108,48706062,237,16659491,72,16659419,136,32046679,36,32046643,117,199362150543360,211486208,199361939057152,1396042240,182589978162176,207618048,182589770544128,1392988160,16772172381184,3868160,16772168513024,17771520,-1,0,361,0,0,3,0,0,0,0,0,0,0,0,200747411090438,7021261896,200740389828542,8176189728,184346920027904,7014793216,184339905234688,8169017344,16400491062534,6468680,16400484593854,24869876,8673820672,8673820672,0,8673820672,8642363392,8642363392,0,8642363392,31457280,31457280,0,31457280,361,361,0,361,346,346,0,346,15,15,0,15,,,,,,,,,,,,,,,,,,,,,,,,,,,,,,,,,,,,,,,,,,,,,,,,,,,,,,,,,,,,,,,,,,,,,,,,,,,,,,,,,,,,,,,,,,,,,,,,,,,,,,,,,,,,,,,,,,,,,,,,,,,,,,,,,,,,,,,,,,,,,,,,,,,,,,,,,,,,,,
,2099,,,,,,,,,,,,,,,,,,,,,,,,,,,,,,,,,,,,,,,,,,,,,,,,,,,,,,,,,,,,,,,,,,,,,,,,,,,,,,,,,,,,,,,,,,,,,,,,,,,,,,,,,,,,,,,,,,,,,,,,,,,79215787,2466,79213321,3000,28251489,886,28250603,1138,50964298,1580,50962718,1870,202646893846016,7032078848,202639861767168,8192102912,186237656175616,7025459200,186230630716416,8184799232,16409237670400,6619648,16409231050752,25019904,202646893846016,7032078848,202639861767168,8192102912,186237656175616,7025459200,186230630716416,8184799232,16409237670400,6619648,16409231050752,25019904,79215787,2466,79213321,3000,28251489,886,28250603,1138,50964298,1580,50962718,1870,48713997,109,48713888,237,16661916,72,16661844,136,32052081,37,32052044,117,199391601628160,211484160,199391390144000,1396042240,182616257577984,207618048,182616049959936,1392988160,16775344050176,3866112,16775340184064,17771520,-1,0,361,0,0,3,0,0,0,0,0,0,0,0,200774970427186,7021261852,200767949165334,8176189728,184371346979328,7014793216,184364332186112,8169017344,16403623447858,6468636,16403616979222,24869876,8673820672,8673820672,0,8673820672,8642363392,8642363392,0,8642363392,31457280,31457280,0,31457280,361,361,0,361,346,346,0,346,15,15,0,15,,,,,,,,,,,,,,,,,,,,,,,,,,,,,,,,,,,,
8.130245048674052e-07,2099,,,,,,,,,,,,,,,,,,,,,,,,,,,,,,,,,,,,,,,,,,,,,,,,,,,,,,,,,,,,,,,,,,,,,,,,,,,,,,,,,,,,,,,,,,,,,,,,,,,,,,,,,,,,,,,,,,,,,,,,,,,,,,,,,,,,,,,,,,,,,,,,,,,,,,,,,,,,,,,,,,,,,,,,,,,,,,,,,,,,,,,,,,,,,,,,,,,,,,,,,,,,,,,,,,,,,,,,,,,,,,,,,,,,,,,,,,,,,,,,,,,,,,,,,,,,,,,,,,,,,,,,,,,,,,,,,,,,,,,,
,2099,79215800,2462,79213338,3000,28251489,886,28250603,1138,50964311,1576,50962735,1870,202646893858816,7032072192,202639861786624,8192102912,186237656175616,7025459200,186230630716416,8184799232,16409237683200,6612992,16409231070208,25019904,202646893858816,7032072192,202639861786624,8192102912,186237656175616,7025459200,186230630716416,8184799232,16409237683200,6612992,16409231070208,25019904,79215800,2462,79213338,3000,28251489,886,28250603,1138,50964311,1576,50962735,1870,48714009,108,48713901,237,16661916,72,16661844,136,32052093,36,32052057,117,199391601647616,211490816,199391390156800,1396042240,182616257577984,207618048,182616049959936,1392988160,16775344069632,3872768,16775340196864,17771520,-1,0,361,0,0,3,0,0,0,0,0,0,0,0,200774970435078,7021258260,200767949176818,8176189728,184371346979328,7014793216,184364332186112,8169017344,16403623455750,6465044,16403616990706,24869876,8673820672,8673820672,0,8673820672,8642363392,8642363392,0,8642363392,31457280,31457280,0,31457280,361,361,0,361,346,346,0,346,15,15,0,15,,,,,,,,,,,,,,,,,,,,,,,,,,,,,,,,,,,,,,,,,,,,,,,,,,,,,,,,,,,,,,,,,,,,,,,,,,,,,,,,,,,,,,,,,,,,,,,,,,,,,,,,,,,,,,,,,,,,,,,,,,,,,,,,,,,,,,,,,,,,,,,,,,,,,,,,,,,,,,
,2099,,,,,,,,,,,,,,,,,,,,,,,,,,,,,,,,,,,,,,,,,,,,,,,,,,,,,,,,,,,,,,,,,,,,,,,,,,,,,,,,,,,,,,,,,,,,,,,,,,,,,,,,,,,,,,,,,,,,,,,,,,,79228171,2466,79225705,3000,28255476,886,28254590,1138,50972695,1580,50971115,1870,202673879358976,7032074240,202666847284736,8192102912,186261848704000,7025459200,186254823244800,8184799232,16412030654976,6615040,16412024039936,25019904,202673879358976,7032074240,202666847284736,8192102912,186261848704000,7025459200,186254823244800,8184799232,16412030654976,6615040,16412024039936,25019904,79228171,2466,79225705,3000,28255476,886,28254590,1138,50972695,1580,50971115,1870,48721686,111,48721575,237,16664203,72,16664131,136,32057483,39,32057444,117,199420216460800,211488768,199420004972032,1396042240,182642014934016,207618048,182641807315968,1392988160,16778201526784,3870720,16778197656064,17771520,-1,0,361,0,0,3,0,0,0,0,0,0,0,0,200801685957079,7021258276,200794664698803,8176189728,184395270458624,7014793216,184388255665408,8169017344,16406415498455,6465060,16406409033395,24869876,8673820672,8673820672,0,8673820672,8642363392,8642363392,0,8642363392,31457280,31457280,0,31457280,361,361,0,361,346,346,0,346,15,15,0,15,,,,,,,,,,,,,,,,,,,,,,,,,,,,,,,,,,,,
8.130245048674052e-07,2099,,,,,,,,,,,,,,,,,,,,,,,,,,,,,,,,,,,,,,,,,,,,,,,,,,,,,,,,,,,,,,,,,,,,,,,,,,,,,,,,,,,,,,,,,,,,,,,,,,,,,,,,,,,,,,,,,,,,,,,,,,,,,,,,,,,,,,,,,,,,,,,,,,,,,,,,,,,,,,,,,,,,,,,,,,,,,,,,,,,,,,,,,,,,,,,,,,,,,,,,,,,,,,,,,,,,,,,,,,,,,,,,,,,,,,,,,,,,,,,,,,,,,,,,,,,,,,,,,,,,,,,,,,,,,,,,,,,,,,,,
,2099,79228184,2462,79225722,3000,28255476,886,28254590,1138,50972708,1576,50971132,1870,202673879376384,7032076800,202666847299584,8192102912,186261848704000,7025459200,186254823244800,8184799232,16412030672384,6617600,16412024054784,25019904,202673879376384,7032076800,202666847299584,8192102912,186261848704000,7025459200,186254823244800,8184799232,16412030672384,6617600,16412024054784,25019904,79228184,2462,79225722,3000,28255476,886,28254590,1138,50972708,1576,50971132,1870,48721698,109,48721589,237,16664203,72,16664131,136,32057495,37,32057458,117,199420216475648,211486208,199420004989440,1396042240,182642014934016,207618048,182641807315968,1392988160,16778201541632,3868160,16778197673472,17771520,-1,0,361,0,0,3,0,0,0,0,0,0,0,0,200801685969627,7021262916,200794664706711,8176189728,184395270458624,7014793216,184388255665408,8169017344,16406415511003,6469700,16406409041303,24869876,8673820672,8673820672,0,8673820672,8642363392,8642363392,0,8642363392,31457280,31457280,0,31457280,361,361,0,361,346,346,0,346,15,15,0,15,,,,,,,,,,,,,,,,,,,,,,,,,,,,,,,,,,,,,,,,,,,,,,,,,,,,,,,,,,,,,,,,,,,,,,,,,,,,,,,,,,,,,,,,,,,,,,,,,,,,,,,,,,,,,,,,,,,,,,,,,,,,,,,,,,,,,,,,,,,,,,,,,,,,,,,,,,,,,,
,2099,,,,,,,,,,,,,,,,,,,,,,,,,,,,,,,,,,,,,,,,,,,,,,,,,,,,,,,,,,,,,,,,,,,,,,,,,,,,,,,,,,,,,,,,,,,,,,,,,,,,,,,,,,,,,,,,,,,,,,,,,,,79241104,2466,79238638,3000,28259780,886,28258894,1138,50981324,1580,50979744,1870,202703081388544,7032078848,202696049309696,8192102912,186288128041984,7025459200,186281102582784,8184799232,16414953346560,6619648,16414946726912,25019904,202703081388544,7032078848,202696049309696,8192102912,186288128041984,7025459200,186281102582784,8184799232,16414953346560,6619648,16414946726912,25019904,79241104,2466,79238638,3000,28259780,886,28258894,1138,50981324,1580,50979744,1870,48729807,115,48729692,237,16666821,72,16666749,136,32062986,43,32062943,117,199450888196096,211484160,199450676711936,1396042240,182669603353600,207618048,182669395735552,1392988160,16781284842496,3866112,16781280976384,17771520,-1,0,361,0,0,3,0,0,0,0,0,0,0,0,200830564437458,7021262932,200823543174526,8176189728,184421227114496,7014793216,184414212321280,8169017344,16409337322962,6469716,16409330853246,24869876,8673820672,8673820672,0,8673820672,8642363392,8642363392,0,8642363392,31457280,31457280,0,31457280,361,361,0,361,346,346,0,346,15,15,0,15,,,,,,,,,,,,,,,,,,,,,,,,,,,,,,,,,,,,
,2099,,,,,,,,,,,,,,,,,,,,,,,,,,,,,,,,,,,,,,,,,,,,,,,,,,,,,,,,,,,,,,,,,,,,,,,,,,,,,,,,,,,,,,,,,,,,,,,,,,,,,,,,,,,,,,,,,,,,,,,,,,,,,,,,,,,,,,,,,,,,,,,,,,,,,,,,,,,,,,,,,,,,,,,,,,,,,,,,,,,,,,,,,,,,,,,,,,,,,,,,,,,,,,,,,,,,,,,,,,,,,,,,,,,,,,,,,,,,,,,,,,,,,0.00104522705078125,1.363798673992278e-05,0.0012497968273237348,3,,,,,,,,,,,,,,,,,,,,,,,,,,,,,,,,
7.794561933534742e-07,2149,,,,,,,,,,,,,,,,,,,,,,,,,,,,,,,,,,,,,,,,,,,,,,,,,,,,,,,,,,,,,,,,,,,,,,,,,,,,,,,,,,,,,,,,,,,,,,,,,,,,,,,,,,,,,,,,,,,,,,,,,,,,,,,,,,,,,,,,,,,,,,,,,,,,,,,,,,,,,,,,,,,,,,,,,,,,,,,,,,,,,,,,,,,,,,,,,,,,,,,,,,,,,,,,,,,,,,,,,,,,,,,,,,,,,,,,,,,,,,,,,,,,,,,,,,,,,,,,,,,,,,,,,,,,,,,,,,,,,,,,
,2149,84146960,2462,84144498,3000,30018881,886,30017995,1138,54128079,1576,54126503,1870,215314250818560,7026603008,215307224215552,8192102912,197881916283904,7019986944,197874896296960,8184799232,17432334534656,6616064,17432327918592,25021440,215314250818560,7026603008,215307224215552,8192102912,197881916283904,7019986944,197874896296960,8184799232,17432334534656,6616064,17432327918592,25021440,84146960,2462,84144498,3000,30018881,886,30017995,1138,54128079,1576,54126503,1870,51688642,112,51688530,237,17702924,66,17702858,136,33985718,46,33985672,117,211938810940928,193891328,211938617049600,1396042240,194120465591296,177438720,194120288152576,1392988160,17818345349632,16452608,17818328897024,17955840,-1,0,361,0,0,3,0,0,0,0,0,0,0,0,213322970473135,7021261188,213315949211947,8176189728,195896596646912,7014793216,195889581853696,8169017344,17426373826223,6467972,17426367358251,24870008,8673820672,8673820672,0,8673820672,8642363392,8642363392,0,8642363392,31457280,31457280,0,31457280,361,361,0,361,346,346,0,346,15,15,0,15,,,,,,,,,,,,,,,,,,,,,,,,,,,,,,,,,,,,,,,,,,,,,,,,,,,,,,,,,,,,,,,,,,,,,,,,,,,,,,,,,,,,,,,,,,,,,,,,,,,,,,,,,,,,,,,,,,,,,,,,,,,,,,,,,,,,,,,,,,,,,,,,,,,,,,,,,,,,,,
,2149,,,,,,,,,,,,,,,,,,,,,,,,,,,,,,,,,,,,,,,,,,,,,,,,,,,,,,,,,,,,,,,,,,,,,,,,,,,,,,,,,,,,,,,,,,,,,,,,,,,,,,,,,,,,,,,,,,,,,,,,,,,84159331,2466,84156865,3000,30022964,886,30022078,1138,54136367,1580,54134787,1870,215341658883584,7031856128,215334627027456,8192102912,197906391055360,7025238016,197899365817344,8184799232,17435267828224,6618112,17435261210112,25021440,215341658883584,7031856128,215334627027456,8192102912,197906391055360,7025238016,197899365817344,8184799232,17435267828224,6618112,17435261210112,25021440,84159331,2466,84156865,3000,30022964,886,30022078,1138,54136367,1580,54134787,1870,51695603,105,51695498,237,17705165,66,17705099,136,33990438,39,33990399,117,211966590298112,182346752,211966407951360,1396042240,194145252576256,172187648,194145080388608,1392988160,17821337721856,10159104,17821327562752,17955840,-1,0,361,0,0,3,0,0,0,0,0,0,0,0,213350121715970,7021261204,213343100454766,8176189728,195920815447808,7014793216,195913800654592,8169017344,17429306268162,6467988,17429299800174,24870008,8673820672,8673820672,0,8673820672,8642363392,8642363392,0,8642363392,31457280,31457280,0,31457280,361,361,0,361,346,346,0,346,15,15,0,15,,,,,,,,,,,,,,,,,,,,,,,,,,,,,,,,,,,,
7.794561933534742e-07,2149,,,,,,,,,,,,,,,,,,,,,,,,,,,,,,,,,,,,,,,,,,,,,,,,,,,,,,,,,,,,,,,,,,,,,,,,,,,,,,,,,,,,,,,,,,,,,,,,,,,,,,,,,,,,,,,,,,,,,,,,,,,,,,,,,,,,,,,,,,,,,,,,,,,,,,,,,,,,,,,,,,,,,,,,,,,,,,,,,,,,,,,,,,,,,,,,,,,,,,,,,,,,,,,,,,,,,,,,,,,,,,,,,,,,,,,,,,,,,,,,,,,,,,,,,,,,,,,,,,,,,,,,,,,,,,,,,,,,,,,,
,2149,84159344,2462,84156882,3000,30022964,886,30022078,1138,54136380,1576,54134804,1870,215341658894848,7031849472,215334627045376,8192102912,197906391055360,7025238016,197899365817344,8184799232,17435267839488,6611456,17435261228032,25021440,215341658894848,7031849472,215334627045376,8192102912,197906391055360,7025238016,197899365817344,8184799232,17435267839488,6611456,17435261228032,25021440,84159344,2462,84156882,3000,30022964,886,30022078,1138,54136380,1576,54134804,1870,51695609,96,51695513,237,17705165,66,17705099,136,33990444,30,33990414,117,211966590316032,182353408,211966407962624,1396042240,194145252576256,172187648,194145080388608,1392988160,17821337739776,10165760,17821327574016,17955840,-1,0,361,0,0,3,0,0,0,0,0,0,0,0,213350121721462,7021255860,213343100465602,8176189728,195920815447808,7014793216,195913800654592,8169017344,17429306273654,6462644,17429299811010,24870008,8673820672,8673820672,0,8673820672,8642363392,8642363392,0,8642363392,31457280,31457280,0,31457280,361,361,0,361,346,346,0,346,15,15,0,15,,,,,,,,,,,,,,,,,,,,,,,,,,,,,,,,,,,,,,,,,,,,,,,,,,,,,,,,,,,,,,,,,,,,,,,,,,,,,,,,,,,,,,,,,,,,,,,,,,,,,,,,,,,,,,,,,,,,,,,,,,,,,,,,,,,,,,,,,,,,,,,,,,,,,,,,,,,,,,
,2149,,,,,,,,,,,,,,,,,,,,,,,,,,,,,,,,,,,,,,,,,,,,,,,,,,,,,,,,,,,,,,,,,,,,,,,,,,,,,,,,,,,,,,,,,,,,,,,,,,,,,,,,,,,,,,,,,,,,,,,,,,,84171715,2466,84169249,3000,30026946,886,30026060,1138,54144769,1580,54143189,1870,215368659415552,7031851520,215361627564032,8192102912,197930531703808,7025238016,197923506465792,8184799232,17438127711744,6613504,17438121098240,25021440,215368659415552,7031851520,215361627564032,8192102912,197930531703808,7025238016,197923506465792,8184799232,17438127711744,6613504,17438121098240,25021440,84171715,2466,84169249,3000,30026946,886,30026060,1138,54144769,1580,54143189,1870,51702558,104,51702454,237,17707132,66,17707066,136,33995426,38,33995388,117,211994932758016,182351360,211994750406656,1396042240,194170727283712,172187648,194170555096064,1392988160,17824205474304,10163712,17824195310592,17955840,-1,0,361,0,0,3,0,0,0,0,0,0,0,0,213376936940482,7021255876,213369915684606,8176189728,195944771695104,7014793216,195937756901888,8169017344,17432165245378,6462660,17432158782718,24870008,8673820672,8673820672,0,8673820672,8642363392,8642363392,0,8642363392,31457280,31457280,0,31457280,361,361,0,361,346,346,0,346,15,15,0,15,,,,,,,,,,,,,,,,,,,,,,,,,,,,,,,,,,,,
7.794561933534742e-07,2149,,,,,,,,,,,,,,,,,,,,,,,,,,,,,,,,,,,,,,,,,,,,,,,,,,,,,,,,,,,,,,,,,,,,,,,,,,,,,,,,,,,,,,,,,,,,,,,,,,,,,,,,,,,,,,,,,,,,,,,,,,,,,,,,,,,,,,,,,,,,,,,,,,,,,,,,,,,,,,,,,,,,,,,,,,,,,,,,,,,,,,,,,,,,,,,,,,,,,,,,,,,,,,,,,,,,,,,,,,,,,,,,,,,,,,,,,,,,,,,,,,,,,,,,,,,,,,,,,,,,,,,,,,,,,,,,,,,,,,,,
,2149,84171728,2462,84169266,3000,30026946,886,30026060,1138,54144782,1576,54143206,1870,215368659429888,7031852544,215361627577344,8192102912,197930531703808,7025238016,197923506465792,8184799232,17438127726080,6614528,17438121111552,25021440,215368659429888,7031852544,215361627577344,8192102912,197930531703808,7025238016,197923506465792,8184799232,17438127726080,6614528,17438121111552,25021440,84171728,2462,84169266,3000,30026946,886,30026060,1138,54144782,1576,54143206,1870,51702571,104,51702467,237,17707132,66,17707066,136,33995439,38,33995401,117,211994932771328,182350336,211994750420992,1396042240,194170727283712,172187648,194170555096064,1392988160,17824205487616,10162688,17824195324928,17955840,-1,0,361,0,0,3,0,0,0,0,0,0,0,0,213376936949862,7021259748,213369915690114,8176189728,195944771695104,7014793216,195937756901888,8169017344,17432165254758,6466532,17432158788226,24870008,8673820672,8673820672,0,8673820672,8642363392,8642363392,0,8642363392,31457280,31457280,0,31457280,361,361,0,361,346,346,0,346,15,15,0,15,,,,,,,,,,,,,,,,,,,,,,,,,,,,,,,,,,,,,,,,,,,,,,,,,,,,,,,,,,,,,,,,,,,,,,,,,,,,,,,,,,,,,,,,,,,,,,,,,,,,,,,,,,,,,,,,,,,,,,,,,,,,,,,,,,,,,,,,,,,,,,,,,,,,,,,,,,,,,,
,2149,,,,,,,,,,,,,,,,,,,,,,,,,,,,,,,,,,,,,,,,,,,,,,,,,,,,,,,,,,,,,,,,,,,,,,,,,,,,,,,,,,,,,,,,,,,,,,,,,,,,,,,,,,,,,,,,,,,,,,,,,,,84184099,2466,84181633,3000,30030933,886,30030047,1138,54153166,1580,54151586,1870,215395760555520,7031854592,215388728700928,8192102912,197954714663936,7025238016,197947689425920,8184799232,17441045891584,6616576,17441039275008,25021440,215395760555520,7031854592,215388728700928,8192102912,197954714663936,7025238016,197947689425920,8184799232,17441045891584,6616576,17441039275008,25021440,84184099,2466,84181633,3000,30030933,886,30030047,1138,54153166,1580,54151586,1870,51709556,103,51709453,237,17709110,66,17709044,136,34000446,37,34000409,117,212023374769664,182348288,212023192421376,1396042240,194196236962816,172187648,194196064775168,1392988160,17827137806848,10160640,17827127646208,17955840,-1,0,361,0,0,3,0,0,0,0,0,0,0,0,213403857597009,7021259764,213396836337245,8176189728,195968775046400,7014793216,195961760253184,8169017344,17435082550609,6466548,17435076084061,24870008,8673820672,8673820672,0,8673820672,8642363392,8642363392,0,8642363392,31457280,31457280,0,31457280,361,361,0,361,346,346,0,346,15,15,0,15,,,,,,,,,,,,,,,,,,,,,,,,,,,,,,,,,,,,
7.794561933534742e-07,2149,,,,,,,,,,,,,,,,,,,,,,,,,,,,,,,,,,,,,,,,,,,,,,,,,,,,,,,,,,,,,,,,,,,,,,,,,,,,,,,,,,,,,,,,,,,,,,,,,,,,,,,,,,,,,,,,,,,,,,,,,,,,,,,,,,,,,,,,,,,,,,,,,,,,,,,,,,,,,,,,,,,,,,,,,,,,,,,,,,,,,,,,,,,,,,,,,,,,,,,,,,,,,,,,,,,,,,,,,,,,,,,,,,,,,,,,,,,,,,,,,,,,,,,,,,,,,,,,,,,,,,,,,,,,,,,,,,,,,,,,
,2149,84184112,2462,84181650,3000,30030933,886,30030047,1138,54153179,1576,54151603,1870,215395760571392,7031854080,215388728717312,8192102912,197954714663936,7025238016,197947689425920,8184799232,17441045907456,6616064,17441039291392,25021440,215395760571392,7031854080,215388728717312,8192102912,197954714663936,7025238016,197947689425920,8184799232,17441045907456,6616064,17441039291392,25021440,84184112,2462,84181650,3000,30030933,886,30030047,1138,54153179,1576,54151603,1870,51709566,100,51709466,237,17709110,66,17709044,136,34000456,34,34000422,117,212023374786048,182348800,212023192437248,1396042240,194196236962816,172187648,194196064775168,1392988160,17827137823232,10161152,17827127662080,17955840,-1,0,361,0,0,3,0,0,0,0,0,0,0,0,213403857607997,7021261356,213396836346641,8176189728,195968775046400,7014793216,195961760253184,8169017344,17435082561597,6468140,17435076093457,24870008,8673820672,8673820672,0,8673820672,8642363392,8642363392,0,8642363392,31457280,31457280,0,31457280,361,361,0,361,346,346,0,346,15,15,0,15,,,,,,,,,,,,,,,,,,,,,,,,,,,,,,,,,,,,,,,,,,,,,,,,,,,,,,,,,,,,,,,,,,,,,,,,,,,,,,,,,,,,,,,,,,,,,,,,,,,,,,,,,,,,,,,,,,,,,,,,,,,,,,,,,,,,,,,,,,,,,,,,,,,,,,,,,,,,,,
,2149,,,,,,,,,,,,,,,,,,,,,,,,,,,,,,,,,,,,,,,,,,,,,,,,,,,,,,,,,,,,,,,,,,,,,,,,,,,,,,,,,,,,,,,,,,,,,,,,,,,,,,,,,,,,,,,,,,,,,,,,,,,84196483,2466,84194017,3000,30035016,886,30034130,1138,54161467,1580,54159887,1870,215423561286144,7031856128,215416529430016,8192102912,197979357441024,7025238016,197972332203008,8184799232,17444203845120,6618112,17444197227008,25021440,215423561286144,7031856128,215416529430016,8192102912,197979357441024,7025238016,197972332203008,8184799232,17444203845120,6618112,17444197227008,25021440,84196483,2466,84194017,3000,30035016,886,30034130,1138,54161467,1580,54159887,1870,51716666,105,51716561,237,17711187,66,17711121,136,34005479,39,34005440,117,212052416807936,182346752,212052234461184,1396042240,194222095096832,172187648,194221922909184,1392988160,17830321711104,10159104,17830311552000,17955840,-1,0,361,0,0,3,0,0,0,0,0,0,0,0,213431467382446,7021261372,213424446121074,8176189728,195993227601920,7014793216,195986212808704,8169017344,17438239780526,6468156,17438233312370,24870008,8673820672,8673820672,0,8673820672,8642363392,8642363392,0,8642363392,31457280,31457280,0,31457280,361,361,0,361,346,346,0,346,15,15,0,15,,,,,,,,,,,,,,,,,,,,,,,,,,,,,,,,,,,,
7.794561933534742e-07,2149,,,,,,,,,,,,,,,,,,,,,,,,,,,,,,,,,,,,,,,,,,,,,,,,,,,,,,,,,,,,,,,,,,,,,,,,,,,,,,,,,,,,,,,,,,,,,,,,,,,,,,,,,,,,,,,,,,,,,,,,,,,,,,,,,,,,,,,,,,,,,,,,,,,,,,,,,,,,,,,,,,,,,,,,,,,,,,,,,,,,,,,,,,,,,,,,,,,,,,,,,,,,,,,,,,,,,,,,,,,,,,,,,,,,,,,,,,,,,,,,,,,,,,,,,,,,,,,,,,,,,,,,,,,,,,,,,,,,,,,,
,2149,84196496,2462,84194034,3000,30035016,886,30034130,1138,54161480,1576,54159904,1870,215423561300480,7031852544,215416529447936,8192102912,197979357441024,7025238016,197972332203008,8184799232,17444203859456,6614528,17444197244928,25021440,215423561300480,7031852544,215416529447936,8192102912,197979357441024,7025238016,197972332203008,8184799232,17444203859456,6614528,17444197244928,25021440,84196496,2462,84194034,3000,30035016,886,30034130,1138,54161480,1576,54159904,1870,51716677,103,51716574,237,17711187,66,17711121,136,34005490,37,34005453,117,212052416825856,182350336,212052234475520,1396042240,194222095096832,172187648,194221922909184,1392988160,17830321729024,10162688,17830311566336,17955840,-1,0,361,0,0,3,0,0,0,0,0,0,0,0,213431467391250,7021259172,213424446132078,8176189728,195993227601920,7014793216,195986212808704,8169017344,17438239789330,6465956,17438233323374,24870008,8673820672,8673820672,0,8673820672,8642363392,8642363392,0,8642363392,31457280,31457280,0,31457280,361,361,0,361,346,346,0,346,15,15,0,15,,,,,,,,,,,,,,,,,,,,,,,,,,,,,,,,,,,,,,,,,,,,,,,,,,,,,,,,,,,,,,,,,,,,,,,,,,,,,,,,,,,,,,,,,,,,,,,,,,,,,,,,,,,,,,,,,,,,,,,,,,,,,,,,,,,,,,,,,,,,,,,,,,,,,,,,,,,,,,
,2149,,,,,,,,,,,,,,,,,,,,,,,,,,,,,,,,,,,,,,,,,,,,,,,,,,,,,,,,,,,,,,,,,,,,,,,,,,,,,,,,,,,,,,,,,,,,,,,,,,,,,,,,,,,,,,,,,,,,,,,,,,,84208867,2466,84206401,3000,30039099,886,30038213,1138,54169768,1580,54168188,1870,215451063637504,7031854592,215444031782912,8192102912,198003851836416,7025238016,197996826598400,8184799232,17447211801088,6616576,17447205184512,25021440,215451063637504,7031854592,215444031782912,8192102912,198003851836416,7025238016,197996826598400,8184799232,17447211801088,6616576,17447205184512,25021440,84208867,2466,84206401,3000,30039099,886,30038213,1138,54169768,1580,54168188,1870,51723845,108,51723737,237,17713264,66,17713198,136,34010581,42,34010539,117,212081211194880,182348288,212081028846592,1396042240,194247860292608,172187648,194247688104960,1392988160,17833350902272,10160640,17833340741632,17955840,-1,0,361,0,0,3,0,0,0,0,0,0,0,0,213458769543729,7021259188,213451748284541,8176189728,196017522621184,7014793216,196010507827968,8169017344,17441246922545,6465972,17441240456573,24870008,8673820672,8673820672,0,8673820672,8642363392,8642363392,0,8642363392,31457280,31457280,0,31457280,361,361,0,361,346,346,0,346,15,15,0,15,,,,,,,,,,,,,,,,,,,,,,,,,,,,,,,,,,,,
7.794561933534742e-07,2149,,,,,,,,,,,,,,,,,,,,,,,,,,,,,,,,,,,,,,,,,,,,,,,,,,,,,,,,,,,,,,,,,,,,,,,,,,,,,,,,,,,,,,,,,,,,,,,,,,,,,,,,,,,,,,,,,,,,,,,,,,,,,,,,,,,,,,,,,,,,,,,,,,,,,,,,,,,,,,,,,,,,,,,,,,,,,,,,,,,,,,,,,,,,,,,,,,,,,,,,,,,,,,,,,,,,,,,,,,,,,,,,,,,,,,,,,,,,,,,,,,,,,,,,,,,,,,,,,,,,,,,,,,,,,,,,,,,,,,,,
,2149,84208880,2462,84206418,3000,30039099,886,30038213,1138,54169781,1576,54168205,1870,215451063654912,7031855616,215444031799296,8192102912,198003851836416,7025238016,197996826598400,8184799232,17447211818496,6617600,17447205200896,25021440,215451063654912,7031855616,215444031799296,8192102912,198003851836416,7025238016,197996826598400,8184799232,17447211818496,6617600,17447205200896,25021440,84208880,2462,84206418,3000,30039099,886,30038213,1138,54169781,1576,54168205,1870,51723854,104,51723750,237,17713264,66,17713198,136,34010590,38,34010552,117,212081211211264,182347264,212081028864000,1396042240,194247860292608,172187648,194247688104960,1392988160,17833350918656,10159616,17833340759040,17955840,-1,0,361,0,0,3,0,0,0,0,0,0,0,0,213458769555437,7021262076,213451748293361,8176189728,196017522621184,7014793216,196010507827968,8169017344,17441246934253,6468860,17441240465393,24870008,8673820672,8673820672,0,8673820672,8642363392,8642363392,0,8642363392,31457280,31457280,0,31457280,361,361,0,361,346,346,0,346,15,15,0,15,,,,,,,,,,,,,,,,,,,,,,,,,,,,,,,,,,,,,,,,,,,,,,,,,,,,,,,,,,,,,,,,,,,,,,,,,,,,,,,,,,,,,,,,,,,,,,,,,,,,,,,,,,,,,,,,,,,,,,,,,,,,,,,,,,,,,,,,,,,,,,,,,,,,,,,,,,,,,,
,2149,,,,,,,,,,,,,,,,,,,,,,,,,,,,,,,,,,,,,,,,,,,,,,,,,,,,,,,,,,,,,,,,,,,,,,,,,,,,,,,,,,,,,,,,,,,,,,,,,,,,,,,,,,,,,,,,,,,,,,,,,,,84221251,2466,84218785,3000,30043182,886,30042296,1138,54178069,1580,54176489,1870,215478611838464,7031857664,215471579980800,8192102912,198028366638080,7025238016,198021341400064,8184799232,17450245200384,6619648,17450238580736,25021440,215478611838464,7031857664,215471579980800,8192102912,198028366638080,7025238016,198021341400064,8184799232,17450245200384,6619648,17450238580736,25021440,84221251,2466,84218785,3000,30043182,886,30042296,1138,54178069,1580,54176489,1870,51731078,106,51730972,237,17715341,66,17715275,136,34015737,40,34015697,117,212110052409856,182345216,212109870064640,1396042240,194273636654080,172187648,194273464466432,1392988160,17836415755776,10157568,17836405598208,17955840,-1,0,361,0,0,3,0,0,0,0,0,0,0,0,213486125430520,7021262092,213479104168428,8176189728,196041845906944,7014793216,196034831113728,8169017344,17444279523576,6468876,17444273054700,24870008,8673820672,8673820672,0,8673820672,8642363392,8642363392,0,8642363392,31457280,31457280,0,31457280,361,361,0,361,346,346,0,346,15,15,0,15,,,,,,,,,,,,,,,,,,,,,,,,,,,,,,,,,,,,
7.794561933534742e-07,2149,,,,,,,,,,,,,,,,,,,,,,,,,,,,,,,,,,,,,,,,,,,,,,,,,,,,,,,,,,,,,,,,,,,,,,,,,,,,,,,,,,,,,,,,,,,,,,,,,,,,,,,,,,,,,,,,,,,,,,,,,,,,,,,,,,,,,,,,,,,,,,,,,,,,,,,,,,,,,,,,,,,,,,,,,,,,,,,,,,,,,,,,,,,,,,,,,,,,,,,,,,,,,,,,,,,,,,,,,,,,,,,,,,,,,,,,,,,,,,,,,,,,,,,,,,,,,,,,,,,,,,,,,,,,,,,,,,,,,,,,
,2149,84221264,2462,84218802,3000,30043182,886,30042296,1138,54178082,1576,54176506,1870,215478611848192,7031847936,215471580000256,8192102912,198028366638080,7025238016,198021341400064,8184799232,17450245210112,6609920,17450238600192,25021440,215478611848192,7031847936,215471580000256,8192102912,198028366638080,7025238016,198021341400064,8184799232,17450245210112,6609920,17450238600192,25021440,84221264,2462,84218802,3000,30043182,886,30042296,1138,54178082,1576,54176506,1870,51731085,100,51730985,237,17715341,66,17715275,136,34015744,34,34015710,117,212110052429312,182354944,212109870074368,1396042240,194273636654080,172187648,194273464466432,1392988160,17836415775232,10167296,17836405607936,17955840,-1,0,361,0,0,3,0,0,0,0,0,0,0,0,213486125434140,7021253988,213479104180152,8176189728,196041845906944,7014793216,196034831113728,8169017344,17444279527196,6460772,17444273066424,24870008,8673820672,8673820672,0,8673820672,8642363392,8642363392,0,8642363392,31457280,31457280,0,31457280,361,361,0,361,346,346,0,346,15,15,0,15,,,,,,,,,,,,,,,,,,,,,,,,,,,,,,,,,,,,,,,,,,,,,,,,,,,,,,,,,,,,,,,,,,,,,,,,,,,,,,,,,,,,,,,,,,,,,,,,,,,,,,,,,,,,,,,,,,,,,,,,,,,,,,,,,,,,,,,,,,,,,,,,,,,,,,,,,,,,,,
,2149,,,,,,,,,,,,,,,,,,,,,,,,,,,,,,,,,,,,,,,,,,,,,,,,,,,,,,,,,,,,,,,,,,,,,,,,,,,,,,,,,,,,,,,,,,,,,,,,,,,,,,,,,,,,,,,,,,,,,,,,,,,84233586,2466,84231120,3000,30047164,886,30046278,1138,54186422,1580,54184842,1870,215505497504768,7031849984,215498465654784,8192102912,198052472347648,7025238016,198045447109632,8184799232,17453025157120,6611968,17453018545152,25021440,215505497504768,7031849984,215498465654784,8192102912,198052472347648,7025238016,198045447109632,8184799232,17453025157120,6611968,17453018545152,25021440,84233586,2466,84231120,3000,30047164,886,30046278,1138,54186422,1580,54184842,1870,51737977,107,51737870,237,17717308,66,17717242,136,34020669,41,34020628,117,212138281317888,182352896,212138098964992,1396042240,194299085597696,172187648,194298913410048,1392988160,17839195720192,10165248,17839185554944,17955840,-1,0,361,0,0,3,0,0,0,0,0,0,0,0,213512811562129,7021254064,213505790308065,8176189728,196065753002240,7014793216,196058738209024,8169017344,17447058559889,6460848,17447052099041,24870008,8673820672,8673820672,0,8673820672,8642363392,8642363392,0,8642363392,31457280,31457280,0,31457280,361,361,0,361,346,346,0,346,15,15,0,15,,,,,,,,,,,,,,,,,,,,,,,,,,,,,,,,,,,,
7.794561933534742e-07,2149,,,,,,,,,,,,,,,,,,,,,,,,,,,,,,,,,,,,,,,,,,,,,,,,,,,,,,,,,,,,,,,,,,,,,,,,,,,,,,,,,,,,,,,,,,,,,,,,,,,,,,,,,,,,,,,,,,,,,,,,,,,,,,,,,,,,,,,,,,,,,,,,,,,,,,,,,,,,,,,,,,,,,,,,,,,,,,,,,,,,,,,,,,,,,,,,,,,,,,,,,,,,,,,,,,,,,,,,,,,,,,,,,,,,,,,,,,,,,,,,,,,,,,,,,,,,,,,,,,,,,,,,,,,,,,,,,,,,,,,,
,2149,84233599,2462,84231137,3000,30047164,886,30046278,1138,54186435,1576,54184859,1870,215505497520640,7031854080,215498465666560,8192102912,198052472347648,7025238016,198045447109632,8184799232,17453025172992,6616064,17453018556928,25021440,215505497520640,7031854080,215498465666560,8192102912,198052472347648,7025238016,198045447109632,8184799232,17453025172992,6616064,17453018556928,25021440,84233599,2462,84231137,3000,30047164,886,30046278,1138,54186435,1576,54184859,1870,51737987,105,51737882,237,17717308,66,17717242,136,34020679,39,34020640,117,212138281329664,182348800,212138098980864,1396042240,194299085597696,172187648,194298913410048,1392988160,17839195731968,10161152,17839185570816,17955840,-1,0,361,0,0,3,0,0,0,0,0,0,0,0,213512811572397,7021260696,213505790311701,8176189728,196065753002240,7014793216,196058738209024,8169017344,17447058570157,6467480,17447052102677,24870008,8673820672,8673820672,0,8673820672,8642363392,8642363392,0,8642363392,31457280,31457280,0,31457280,361,361,0,361,346,346,0,346,15,15,0,15,,,,,,,,,,,,,,,,,,,,,,,,,,,,,,,,,,,,,,,,,,,,,,,,,,,,,,,,,,,,,,,,,,,,,,,,,,,,,,,,,,,,,,,,,,,,,,,,,,,,,,,,,,,,,,,,,,,,,,,,,,,,,,,,,,,,,,,,,,,,,,,,,,,,,,,,,,,,,,
,2149,,,,,,,,,,,,,,,,,,,,,,,,,,,,,,,,,,,,,,,,,,,,,,,,,,,,,,,,,,,,,,,,,,,,,,,,,,,,,,,,,,,,,,,,,,,,,,,,,,,,,,,,,,,,,,,,,,,,,,,,,,,84246470,2466,84244004,3000,30051372,886,30050486,1138,54195098,1580,54193518,1870,215534299086336,7031856128,215527267230208,8192102912,198078385249280,7025238016,198071360011264,8184799232,17455913837056,6618112,17455907218944,25021440,215534299086336,7031856128,215527267230208,8192102912,198078385249280,7025238016,198071360011264,8184799232,17455913837056,6618112,17455907218944,25021440,84246470,2466,84244004,3000,30051372,886,30050486,1138,54195098,1580,54193518,1870,51744929,102,51744827,237,17719281,66,17719215,136,34025648,36,34025612,117,212168213766144,182346752,212168031419392,1396042240,194326124653568,172187648,194325952465920,1392988160,17842089112576,10159104,17842078953472,17955840,-1,0,361,0,0,3,0,0,0,0,0,0,0,0,213541433197075,7021260712,213534411936363,8176189728,196091486827520,7014793216,196084472034304,8169017344,17449946369555,6467496,17449939902059,24870008,8673820672,8673820672,0,8673820672,8642363392,8642363392,0,8642363392,31457280,31457280,0,31457280,361,361,0,361,346,346,0,346,15,15,0,15,,,,,,,,,,,,,,,,,,,,,,,,,,,,,,,,,,,,
,2149,,,,,,,,,,,,,,,,,,,,,,,,,,,,,,,,,,,,,,,,,,,,,,,,,,,,,,,,,,,,,,,,,,,,,,,,,,,,,,,,,,,,,,,,,,,,,,,,,,,,,,,,,,,,,,,,,,,,,,,,,,,,,,,,,,,,,,,,,,,,,,,,,,,,,,,,,,,,,,,,,,,,,,,,,,,,,,,,,,,,,,,,,,,,,,,,,,,,,,,,,,,,,,,,,,,,,,,,,,,,,,,,,,,,,,,,,,,,,,,,,,,,,0.0006279945373535156,0.00036815801286138594,0.006150364875793457,3,,,,,,,,,,,,,,,,,,,,,,,,,,,,,,,,
7.458878818395434e-07,2199,,,,,,,,,,,,,,,,,,,,,,,,,,,,,,,,,,,,,,,,,,,,,,,,,,,,,,,,,,,,,,,,,,,,,,,,,,,,,,,,,,,,,,,,,,,,,,,,,,,,,,,,,,,,,,,,,,,,,,,,,,,,,,,,,,,,,,,,,,,,,,,,,,,,,,,,,,,,,,,,,,,,,,,,,,,,,,,,,,,,,,,,,,,,,,,,,,,,,,,,,,,,,,,,,,,,,,,,,,,,,,,,,,,,,,,,,,,,,,,,,,,,,,,,,,,,,,,,,,,,,,,,,,,,,,,,,,,,,,,,
,2199,89150114,2462,89147652,3000,31794821,886,31793935,1138,57355293,1576,57353717,1870,228120861348352,7024252416,228113837095936,8192102912,209634244834304,7017644032,209627227190272,8184799232,18486616514048,6608384,18486609905664,25021440,228120861348352,7024252416,228113837095936,8192102912,209634244834304,7017644032,209627227190272,8184799232,18486616514048,6608384,18486609905664,25021440,89150114,2462,89147652,3000,31794821,886,31793935,1138,57355293,1576,57353717,1870,54664144,94,54664050,237,18720982,66,18720916,136,35943162,28,35943134,117,224549007321088,240282112,224548767038976,1396042240,205656075678720,234307584,205655841371136,1392988160,18892931642368,5974528,18892925667840,18018304,-1,0,361,0,0,3,0,0,0,0,0,0,0,0,226018264741066,7021252980,226011243488086,8176189728,207537958228992,7014793216,207530943435776,8169017344,18480306512074,6459764,18480300052310,24870008,8673820672,8673820672,0,8673820672,8642363392,8642363392,0,8642363392,31457280,31457280,0,31457280,361,361,0,361,346,346,0,346,15,15,0,15,,,,,,,,,,,,,,,,,,,,,,,,,,,,,,,,,,,,,,,,,,,,,,,,,,,,,,,,,,,,,,,,,,,,,,,,,,,,,,,,,,,,,,,,,,,,,,,,,,,,,,,,,,,,,,,,,,,,,,,,,,,,,,,,,,,,,,,,,,,,,,,,,,,,,,,,,,,,,,
,2199,,,,,,,,,,,,,,,,,,,,,,,,,,,,,,,,,,,,,,,,,,,,,,,,,,,,,,,,,,,,,,,,,,,,,,,,,,,,,,,,,,,,,,,,,,,,,,,,,,,,,,,,,,,,,,,,,,,,,,,,,,,89162485,2466,89160019,3000,31798803,886,31797917,1138,57363682,1580,57362102,1870,228147577517568,7027793408,228140549724160,8192102912,209658260108288,7021182976,209651238925312,8184799232,18489317409280,6610432,18489310798848,25021440,228147577517568,7027793408,228140549724160,8192102912,209658260108288,7021182976,209651238925312,8184799232,18489317409280,6610432,18489310798848,25021440,89162485,2466,89160019,3000,31798803,886,31797917,1138,57363682,1580,57362102,1870,54671463,127,54671336,237,18723194,69,18723125,136,35948269,58,35948211,117,224576269232128,180118016,224576089114112,1396042240,205680588903424,176242688,205680412660736,1392988160,18895680328704,3875328,18895676453376,18018304,-1,0,361,0,0,3,0,0,0,0,0,0,0,0,226044822604674,7021252996,226037801351678,8176189728,207561816172288,7014793216,207554801379072,8169017344,18483006432386,6459780,18482999972606,24870008,8673820672,8673820672,0,8673820672,8642363392,8642363392,0,8642363392,31457280,31457280,0,31457280,361,361,0,361,346,346,0,346,15,15,0,15,,,,,,,,,,,,,,,,,,,,,,,,,,,,,,,,,,,,
7.458878818395434e-07,2199,,,,,,,,,,,,,,,,,,,,,,,,,,,,,,,,,,,,,,,,,,,,,,,,,,,,,,,,,,,,,,,,,,,,,,,,,,,,,,,,,,,,,,,,,,,,,,,,,,,,,,,,,,,,,,,,,,,,,,,,,,,,,,,,,,,,,,,,,,,,,,,,,,,,,,,,,,,,,,,,,,,,,,,,,,,,,,,,,,,,,,,,,,,,,,,,,,,,,,,,,,,,,,,,,,,,,,,,,,,,,,,,,,,,,,,,,,,,,,,,,,,,,,,,,,,,,,,,,,,,,,,,,,,,,,,,,,,,,,,,
,2199,89162498,2462,89160036,3000,31798803,886,31797917,1138,57363695,1576,57362119,1870,228147577536512,7027802112,228140549734400,8192102912,209658260108288,7021182976,209651238925312,8184799232,18489317428224,6619136,18489310809088,25021440,228147577536512,7027802112,228140549734400,8192102912,209658260108288,7021182976,209651238925312,8184799232,18489317428224,6619136,18489310809088,25021440,89162498,2462,89160036,3000,31798803,886,31797917,1138,57363695,1576,57362119,1870,54671473,126,54671347,237,18723194,69,18723125,136,35948279,57,35948222,117,224576269242368,180109312,224576089133056,1396042240,205680588903424,176242688,205680412660736,1392988160,18895680338944,3866624,18895676472320,18018304,-1,0,361,0,0,3,0,0,0,0,0,0,0,0,226044822618350,7021264044,226037801354306,8176189728,207561816172288,7014793216,207554801379072,8169017344,18483006446062,6470828,18482999975234,24870008,8673820672,8673820672,0,8673820672,8642363392,8642363392,0,8642363392,31457280,31457280,0,31457280,361,361,0,361,346,346,0,346,15,15,0,15,,,,,,,,,,,,,,,,,,,,,,,,,,,,,,,,,,,,,,,,,,,,,,,,,,,,,,,,,,,,,,,,,,,,,,,,,,,,,,,,,,,,,,,,,,,,,,,,,,,,,,,,,,,,,,,,,,,,,,,,,,,,,,,,,,,,,,,,,,,,,,,,,,,,,,,,,,,,,,
,2199,,,,,,,,,,,,,,,,,,,,,,,,,,,,,,,,,,,,,,,,,,,,,,,,,,,,,,,,,,,,,,,,,,,,,,,,,,,,,,,,,,,,,,,,,,,,,,,,,,,,,,,,,,,,,,,,,,,,,,,,,,,89175421,2466,89172955,3000,31805094,886,31804208,1138,57370327,1580,57368747,1870,228201820176384,7027804160,228194792372224,8192102912,209711127467008,7021182976,209704106284032,8184799232,18490692709376,6621184,18490686088192,25021440,228201820176384,7027804160,228194792372224,8192102912,209711127467008,7021182976,209704106284032,8184799232,18490692709376,6621184,18490686088192,25021440,89175421,2466,89172955,3000,31805094,886,31804208,1138,57370327,1580,57368747,1870,54679784,132,54679652,237,18727291,69,18727222,136,35952493,63,35952430,117,224626022096896,180107264,224625841989632,1396042240,205728965514240,176242688,205728789271552,1392988160,18897056582656,3864576,18897052718080,18018304,-1,0,361,0,0,3,0,0,0,0,0,0,0,0,226098745551967,7021264060,226091724287907,8176189728,207614364764672,7014793216,207607349971456,8169017344,18484380787295,6470844,18484374316451,24870008,8673820672,8673820672,0,8673820672,8642363392,8642363392,0,8642363392,31457280,31457280,0,31457280,361,361,0,361,346,346,0,346,15,15,0,15,,,,,,,,,,,,,,,,,,,,,,,,,,,,,,,,,,,,
7.458878818395434e-07,2199,,,,,,,,,,,,,,,,,,,,,,,,,,,,,,,,,,,,,,,,,,,,,,,,,,,,,,,,,,,,,,,,,,,,,,,,,,,,,,,,,,,,,,,,,,,,,,,,,,,,,,,,,,,,,,,,,,,,,,,,,,,,,,,,,,,,,,,,,,,,,,,,,,,,,,,,,,,,,,,,,,,,,,,,,,,,,,,,,,,,,,,,,,,,,,,,,,,,,,,,,,,,,,,,,,,,,,,,,,,,,,,,,,,,,,,,,,,,,,,,,,,,,,,,,,,,,,,,,,,,,,,,,,,,,,,,,,,,,,,,
,2199,89175434,2462,89172972,3000,31805094,886,31804208,1138,57370340,1576,57368764,1870,228201820189184,7027795968,228194792393216,8192102912,209711127467008,7021182976,209704106284032,8184799232,18490692722176,6612992,18490686109184,25021440,228201820189184,7027795968,228194792393216,8192102912,209711127467008,7021182976,209704106284032,8184799232,18490692722176,6612992,18490686109184,25021440,89175434,2462,89172972,3000,31805094,886,31804208,1138,57370340,1576,57368764,1870,54679795,132,54679663,237,18727291,69,18727222,136,35952504,63,35952441,117,224626022117888,180115456,224625842002432,1396042240,205728965514240,176242688,205728789271552,1392988160,18897056603648,3872768,18897052730880,18018304,-1,0,361,0,0,3,0,0,0,0,0,0,0,0,226098745559499,7021257900,226091724301599,8176189728,207614364764672,7014793216,207607349971456,8169017344,18484380794827,6464684,18484374330143,24870008,8673820672,8673820672,0,8673820672,8642363392,8642363392,0,8642363392,31457280,31457280,0,31457280,361,361,0,361,346,346,0,346,15,15,0,15,,,,,,,,,,,,,,,,,,,,,,,,,,,,,,,,,,,,,,,,,,,,,,,,,,,,,,,,,,,,,,,,,,,,,,,,,,,,,,,,,,,,,,,,,,,,,,,,,,,,,,,,,,,,,,,,,,,,,,,,,,,,,,,,,,,,,,,,,,,,,,,,,,,,,,,,,,,,,,
,2199,,,,,,,,,,,,,,,,,,,,,,,,,,,,,,,,,,,,,,,,,,,,,,,,,,,,,,,,,,,,,,,,,,,,,,,,,,,,,,,,,,,,,,,,,,,,,,,,,,,,,,,,,,,,,,,,,,,,,,,,,,,89187805,2466,89185339,3000,31809081,886,31808195,1138,57378724,1580,57377144,1870,228228682318848,7027798016,228221654520832,8192102912,209735181009920,7021182976,209728159826944,8184799232,18493501308928,6615040,18493494693888,25021440,228228682318848,7027798016,228221654520832,8192102912,209735181009920,7021182976,209728159826944,8184799232,18493501308928,6615040,18493494693888,25021440,89187805,2466,89185339,3000,31809081,886,31808195,1138,57378724,1580,57377144,1870,54687670,139,54687531,237,18729269,69,18729200,136,35958401,70,35958331,117,224655063759872,180113408,224654883646464,1396042240,205755107345408,176242688,205754931102720,1392988160,18899956414464,3870720,18899952543744,18018304,-1,0,361,0,0,3,0,0,0,0,0,0,0,0,226125486226708,7021257916,226118464968792,8176189728,207638297767168,7014793216,207631282973952,8169017344,18487188459540,6464700,18487181994840,24870008,8673820672,8673820672,0,8673820672,8642363392,8642363392,0,8642363392,31457280,31457280,0,31457280,361,361,0,361,346,346,0,346,15,15,0,15,,,,,,,,,,,,,,,,,,,,,,,,,,,,,,,,,,,,
7.458878818395434e-07,2199,,,,,,,,,,,,,,,,,,,,,,,,,,,,,,,,,,,,,,,,,,,,,,,,,,,,,,,,,,,,,,,,,,,,,,,,,,,,,,,,,,,,,,,,,,,,,,,,,,,,,,,,,,,,,,,,,,,,,,,,,,,,,,,,,,,,,,,,,,,,,,,,,,,,,,,,,,,,,,,,,,,,,,,,,,,,,,,,,,,,,,,,,,,,,,,,,,,,,,,,,,,,,,,,,,,,,,,,,,,,,,,,,,,,,,,,,,,,,,,,,,,,,,,,,,,,,,,,,,,,,,,,,,,,,,,,,,,,,,,,
,2199,89187818,2462,89185356,3000,31809081,886,31808195,1138,57378737,1576,57377161,1870,228228682333184,7027797504,228221654535680,8192102912,209735181009920,7021182976,209728159826944,8184799232,18493501323264,6614528,18493494708736,25021440,228228682333184,7027797504,228221654535680,8192102912,209735181009920,7021182976,209728159826944,8184799232,18493501323264,6614528,18493494708736,25021440,89187818,2462,89185356,3000,31809081,886,31808195,1138,57378737,1576,57377161,1870,54687679,132,54687547,237,18729269,69,18729200,136,35958410,63,35958347,117,224655063774720,180113920,224654883660800,1396042240,205755107345408,176242688,205754931102720,1392988160,18899956429312,3871232,18899952558080,18018304,-1,0,361,0,0,3,0,0,0,0,0,0,0,0,226125486236040,7021259700,226118464976340,8176189728,207638297767168,7014793216,207631282973952,8169017344,18487188468872,6466484,18487182002388,24870008,8673820672,8673820672,0,8673820672,8642363392,8642363392,0,8642363392,31457280,31457280,0,31457280,361,361,0,361,346,346,0,346,15,15,0,15,,,,,,,,,,,,,,,,,,,,,,,,,,,,,,,,,,,,,,,,,,,,,,,,,,,,,,,,,,,,,,,,,,,,,,,,,,,,,,,,,,,,,,,,,,,,,,,,,,,,,,,,,,,,,,,,,,,,,,,,,,,,,,,,,,,,,,,,,,,,,,,,,,,,,,,,,,,,,,
,2199,,,,,,,,,,,,,,,,,,,,,,,,,,,,,,,,,,,,,,,,,,,,,,,,,,,,,,,,,,,,,,,,,,,,,,,,,,,,,,,,,,,,,,,,,,,,,,,,,,,,,,,,,,,,,,,,,,,,,,,,,,,89200140,2466,89197674,3000,31813164,886,31812278,1138,57386976,1580,57385396,1870,228256035612160,7027799552,228249007812608,8192102912,209759576290304,7021182976,209752555107328,8184799232,18496459321856,6616576,18496452705280,25021440,228256035612160,7027799552,228249007812608,8192102912,209759576290304,7021182976,209752555107328,8184799232,18496459321856,6616576,18496452705280,25021440,89200140,2466,89197674,3000,31813164,886,31812278,1138,57386976,1580,57385396,1870,54695423,134,54695289,237,18731420,69,18731351,136,35964003,65,35963938,117,224684515661824,180111872,224684335549952,1396042240,205781506077696,176242688,205781329835008,1392988160,18903009584128,3869184,18903005714944,18018304,-1,0,361,0,0,3,0,0,0,0,0,0,0,0,226152686986387,7021259776,226145665726611,8176189728,207662541332480,7014793216,207655526539264,8169017344,18490145653907,6466560,18490139187347,24870008,8673820672,8673820672,0,8673820672,8642363392,8642363392,0,8642363392,31457280,31457280,0,31457280,361,361,0,361,346,346,0,346,15,15,0,15,,,,,,,,,,,,,,,,,,,,,,,,,,,,,,,,,,,,
7.458878818395434e-07,2199,,,,,,,,,,,,,,,,,,,,,,,,,,,,,,,,,,,,,,,,,,,,,,,,,,,,,,,,,,,,,,,,,,,,,,,,,,,,,,,,,,,,,,,,,,,,,,,,,,,,,,,,,,,,,,,,,,,,,,,,,,,,,,,,,,,,,,,,,,,,,,,,,,,,,,,,,,,,,,,,,,,,,,,,,,,,,,,,,,,,,,,,,,,,,,,,,,,,,,,,,,,,,,,,,,,,,,,,,,,,,,,,,,,,,,,,,,,,,,,,,,,,,,,,,,,,,,,,,,,,,,,,,,,,,,,,,,,,,,,,
,2199,89200153,2462,89197691,3000,31813164,886,31812278,1138,57386989,1576,57385413,1870,228256035628032,7027799040,228249007828992,8192102912,209759576290304,7021182976,209752555107328,8184799232,18496459337728,6616064,18496452721664,25021440,228256035628032,7027799040,228249007828992,8192102912,209759576290304,7021182976,209752555107328,8184799232,18496459337728,6616064,18496452721664,25021440,89200153,2462,89197691,3000,31813164,886,31812278,1138,57386989,1576,57385413,1870,54695434,132,54695302,237,18731420,69,18731351,136,35964014,63,35963951,117,224684515678208,180112384,224684335565824,1396042240,205781506077696,176242688,205781329835008,1392988160,18903009600512,3869696,18903005730816,18018304,-1,0,361,0,0,3,0,0,0,0,0,0,0,0,226152686996607,7021260648,226145665735959,8176189728,207662541332480,7014793216,207655526539264,8169017344,18490145664127,6467432,18490139196695,24870008,8673820672,8673820672,0,8673820672,8642363392,8642363392,0,8642363392,31457280,31457280,0,31457280,361,361,0,361,346,346,0,346,15,15,0,15,,,,,,,,,,,,,,,,,,,,,,,,,,,,,,,,,,,,,,,,,,,,,,,,,,,,,,,,,,,,,,,,,,,,,,,,,,,,,,,,,,,,,,,,,,,,,,,,,,,,,,,,,,,,,,,,,,,,,,,,,,,,,,,,,,,,,,,,,,,,,,,,,,,,,,,,,,,,,,
,2199,,,,,,,,,,,,,,,,,,,,,,,,,,,,,,,,,,,,,,,,,,,,,,,,,,,,,,,,,,,,,,,,,,,,,,,,,,,,,,,,,,,,,,,,,,,,,,,,,,,,,,,,,,,,,,,,,,,,,,,,,,,89212524,2466,89210058,3000,31817847,886,31816961,1138,57394677,1580,57393097,1870,228284199709184,7027801088,228277171908096,8192102912,209785133761536,7021182976,209778112578560,8184799232,18499065947648,6618112,18499059329536,25021440,228284199709184,7027801088,228277171908096,8192102912,209785133761536,7021182976,209778112578560,8184799232,18499065947648,6618112,18499059329536,25021440,89212524,2466,89210058,3000,31817847,886,31816961,1138,57394677,1580,57393097,1870,54702862,132,54702730,237,18733895,69,18733826,136,35968967,63,35968904,117,224714178917888,180110336,224713998807552,1396042240,205808525353984,176242688,205808349111296,1392988160,18905653563904,3867648,18905649696256,18018304,-1,0,361,0,0,3,0,0,0,0,0,0,0,0,226180474290893,7021260604,226173453030289,8176189728,207687723102976,7014793216,207680708309760,8169017344,18492751187917,6467388,18492744720529,24870008,8673820672,8673820672,0,8673820672,8642363392,8642363392,0,8642363392,31457280,31457280,0,31457280,361,361,0,361,346,346,0,346,15,15,0,15,,,,,,,,,,,,,,,,,,,,,,,,,,,,,,,,,,,,
7.458878818395434e-07,2199,,,,,,,,,,,,,,,,,,,,,,,,,,,,,,,,,,,,,,,,,,,,,,,,,,,,,,,,,,,,,,,,,,,,,,,,,,,,,,,,,,,,,,,,,,,,,,,,,,,,,,,,,,,,,,,,,,,,,,,,,,,,,,,,,,,,,,,,,,,,,,,,,,,,,,,,,,,,,,,,,,,,,,,,,,,,,,,,,,,,,,,,,,,,,,,,,,,,,,,,,,,,,,,,,,,,,,,,,,,,,,,,,,,,,,,,,,,,,,,,,,,,,,,,,,,,,,,,,,,,,,,,,,,,,,,,,,,,,,,,
,2199,89212537,2462,89210075,3000,31817847,886,31816961,1138,57394690,1576,57393114,1870,228284199725056,7027799040,228277171926016,8192102912,209785133761536,7021182976,209778112578560,8184799232,18499065963520,6616064,18499059347456,25021440,228284199725056,7027799040,228277171926016,8192102912,209785133761536,7021182976,209778112578560,8184799232,18499065963520,6616064,18499059347456,25021440,89212537,2462,89210075,3000,31817847,886,31816961,1138,57394690,1576,57393114,1870,54702873,133,54702740,237,18733895,69,18733826,136,35968978,64,35968914,117,224714178935808,180112384,224713998823424,1396042240,205808525353984,176242688,205808349111296,1392988160,18905653581824,3869696,18905649712128,18018304,-1,0,361,0,0,3,0,0,0,0,0,0,0,0,226180474301689,7021261164,226173453040525,8176189728,207687723102976,7014793216,207680708309760,8169017344,18492751198713,6467948,18492744730765,24870008,8673820672,8673820672,0,8673820672,8642363392,8642363392,0,8642363392,31457280,31457280,0,31457280,361,361,0,361,346,346,0,346,15,15,0,15,,,,,,,,,,,,,,,,,,,,,,,,,,,,,,,,,,,,,,,,,,,,,,,,,,,,,,,,,,,,,,,,,,,,,,,,,,,,,,,,,,,,,,,,,,,,,,,,,,,,,,,,,,,,,,,,,,,,,,,,,,,,,,,,,,,,,,,,,,,,,,,,,,,,,,,,,,,,,,
,2199,,,,,,,,,,,,,,,,,,,,,,,,,,,,,,,,,,,,,,,,,,,,,,,,,,,,,,,,,,,,,,,,,,,,,,,,,,,,,,,,,,,,,,,,,,,,,,,,,,,,,,,,,,,,,,,,,,,,,,,,,,,89224907,2466,89222441,3000,31821930,886,31821044,1138,57402977,1580,57401397,1870,228311468243968,7027801088,228304440442880,8192102912,209809506571264,7021182976,209802485388288,8184799232,18501961672704,6618112,18501955054592,25021440,228311468243968,7027801088,228304440442880,8192102912,209809506571264,7021182976,209802485388288,8184799232,18501961672704,6618112,18501955054592,25021440,89224907,2466,89222441,3000,31821930,886,31821044,1138,57402977,1580,57401397,1870,54710178,135,54710043,237,18736078,69,18736009,136,35974100,66,35974034,117,224743599515648,180110336,224743419405312,1396042240,205834944058368,176242688,205834767815680,1392988160,18908655457280,3867648,18908651589632,18018304,-1,0,361,0,0,3,0,0,0,0,0,0,0,0,226207549050697,7021261180,226200527789517,8176189728,207711903016448,7014793216,207704888223232,8169017344,18495646034249,6467964,18495639566285,24870008,8673820672,8673820672,0,8673820672,8642363392,8642363392,0,8642363392,31457280,31457280,0,31457280,361,361,0,361,346,346,0,346,15,15,0,15,,,,,,,,,,,,,,,,,,,,,,,,,,,,,,,,,,,,
7.458878818395434e-07,2199,,,,,,,,,,,,,,,,,,,,,,,,,,,,,,,,,,,,,,,,,,,,,,,,,,,,,,,,,,,,,,,,,,,,,,,,,,,,,,,,,,,,,,,,,,,,,,,,,,,,,,,,,,,,,,,,,,,,,,,,,,,,,,,,,,,,,,,,,,,,,,,,,,,,,,,,,,,,,,,,,,,,,,,,,,,,,,,,,,,,,,,,,,,,,,,,,,,,,,,,,,,,,,,,,,,,,,,,,,,,,,,,,,,,,,,,,,,,,,,,,,,,,,,,,,,,,,,,,,,,,,,,,,,,,,,,,,,,,,,,
,2199,89224920,2462,89222458,3000,31821930,886,31821044,1138,57402990,1576,57401414,1870,228311468256768,7027795968,228304440460800,8192102912,209809506571264,7021182976,209802485388288,8184799232,18501961685504,6612992,18501955072512,25021440,228311468256768,7027795968,228304440460800,8192102912,209809506571264,7021182976,209802485388288,8184799232,18501961685504,6612992,18501955072512,25021440,89224920,2462,89222458,3000,31821930,886,31821044,1138,57402990,1576,57401414,1870,54710185,130,54710055,237,18736078,69,18736009,136,35974107,61,35974046,117,224743599533568,180115456,224743419418112,1396042240,205834944058368,176242688,205834767815680,1392988160,18908655475200,3872768,18908651602432,18018304,-1,0,361,0,0,3,0,0,0,0,0,0,0,0,226207549058421,7021258092,226200527800329,8176189728,207711903016448,7014793216,207704888223232,8169017344,18495646041973,6464876,18495639577097,24870008,8673820672,8673820672,0,8673820672,8642363392,8642363392,0,8642363392,31457280,31457280,0,31457280,361,361,0,361,346,346,0,346,15,15,0,15,,,,,,,,,,,,,,,,,,,,,,,,,,,,,,,,,,,,,,,,,,,,,,,,,,,,,,,,,,,,,,,,,,,,,,,,,,,,,,,,,,,,,,,,,,,,,,,,,,,,,,,,,,,,,,,,,,,,,,,,,,,,,,,,,,,,,,,,,,,,,,,,,,,,,,,,,,,,,,
,2199,,,,,,,,,,,,,,,,,,,,,,,,,,,,,,,,,,,,,,,,,,,,,,,,,,,,,,,,,,,,,,,,,,,,,,,,,,,,,,,,,,,,,,,,,,,,,,,,,,,,,,,,,,,,,,,,,,,,,,,,,,,89237290,2466,89234824,3000,31826013,886,31825127,1138,57411277,1580,57409697,1870,228338918745600,7027798016,228331890947584,8192102912,209833936724992,7021182976,209826915542016,8184799232,18504982020608,6615040,18504975405568,25021440,228338918745600,7027798016,228331890947584,8192102912,209833936724992,7021182976,209826915542016,8184799232,18504982020608,6615040,18504975405568,25021440,89237290,2466,89234824,3000,31826013,886,31825127,1138,57411277,1580,57409697,1870,54718044,135,54717909,237,18738209,69,18738140,136,35979835,66,35979769,117,224773108579840,180113408,224772928466432,1396042240,205861352555520,176242688,205861176312832,1392988160,18911756024320,3870720,18911752153600,18018304,-1,0,361,0,0,3,0,0,0,0,0,0,0,0,226234875687991,7021258108,226227854429883,8176189728,207736210110720,7014793216,207729195317504,8169017344,18498665577271,6464892,18498659112379,24870008,8673820672,8673820672,0,8673820672,8642363392,8642363392,0,8642363392,31457280,31457280,0,31457280,361,361,0,361,346,346,0,346,15,15,0,15,,,,,,,,,,,,,,,,,,,,,,,,,,,,,,,,,,,,
7.458878818395434e-07,2199,,,,,,,,,,,,,,,,,,,,,,,,,,,,,,,,,,,,,,,,,,,,,,,,,,,,,,,,,,,,,,,,,,,,,,,,,,,,,,,,,,,,,,,,,,,,,,,,,,,,,,,,,,,,,,,,,,,,,,,,,,,,,,,,,,,,,,,,,,,,,,,,,,,,,,,,,,,,,,,,,,,,,,,,,,,,,,,,,,,,,,,,,,,,,,,,,,,,,,,,,,,,,,,,,,,,,,,,,,,,,,,,,,,,,,,,,,,,,,,,,,,,,,,,,,,,,,,,,,,,,,,,,,,,,,,,,,,,,,,,
,2199,89237303,2462,89234841,3000,31826013,886,31825127,1138,57411290,1576,57409714,1870,228338918761472,7027799040,228331890962432,8192102912,209833936724992,7021182976,209826915542016,8184799232,18504982036480,6616064,18504975420416,25021440,228338918761472,7027799040,228331890962432,8192102912,209833936724992,7021182976,209826915542016,8184799232,18504982036480,6616064,18504975420416,25021440,89237303,2462,89234841,3000,31826013,886,31825127,1138,57411290,1576,57409714,1870,54718054,133,54717921,237,18738209,69,18738140,136,35979845,64,35979781,117,224773108594688,180112384,224772928482304,1396042240,205861352555520,176242688,205861176312832,1392988160,18911756039168,3869696,18911752169472,18018304,-1,0,361,0,0,3,0,0,0,0,0,0,0,0,226234875698571,7021260948,226227854437623,8176189728,207736210110720,7014793216,207729195317504,8169017344,18498665587851,6467732,18498659120119,24870008,8673820672,8673820672,0,8673820672,8642363392,8642363392,0,8642363392,31457280,31457280,0,31457280,361,361,0,361,346,346,0,346,15,15,0,15,,,,,,,,,,,,,,,,,,,,,,,,,,,,,,,,,,,,,,,,,,,,,,,,,,,,,,,,,,,,,,,,,,,,,,,,,,,,,,,,,,,,,,,,,,,,,,,,,,,,,,,,,,,,,,,,,,,,,,,,,,,,,,,,,,,,,,,,,,,,,,,,,,,,,,,,,,,,,,
,2199,,,,,,,,,,,,,,,,,,,,,,,,,,,,,,,,,,,,,,,,,,,,,,,,,,,,,,,,,,,,,,,,,,,,,,,,,,,,,,,,,,,,,,,,,,,,,,,,,,,,,,,,,,,,,,,,,,,,,,,,,,,89250223,2466,89247757,3000,31830317,886,31829431,1138,57419906,1580,57418326,1870,228368092382720,7027801088,228361064581632,8192102912,209860100580352,7021182976,209853079397376,8184799232,18507991802368,6618112,18507985184256,25021440,228368092382720,7027801088,228361064581632,8192102912,209860100580352,7021182976,209853079397376,8184799232,18507991802368,6618112,18507985184256,25021440,89250223,2466,89247757,3000,31830317,886,31829431,1138,57419906,1580,57418326,1870,54725726,135,54725591,237,18740390,69,18740321,136,35985336,66,35985270,117,224804249022976,180110336,224804068912640,1396042240,205889398285312,176242688,205889222042624,1392988160,18914850737664,3867648,18914846870016,18018304,-1,0,361,0,0,3,0,0,0,0,0,0,0,0,226263930564453,7021260964,226256909303489,8176189728,207762256022528,7014793216,207755241229312,8169017344,18501674541925,6467748,18501668074177,24870008,8673820672,8673820672,0,8673820672,8642363392,8642363392,0,8642363392,31457280,31457280,0,31457280,361,361,0,361,346,346,0,346,15,15,0,15,,,,,,,,,,,,,,,,,,,,,,,,,,,,,,,,,,,,
,2199,,,,,,,,,,,,,,,,,,,,,,,,,,,,,,,,,,,,,,,,,,,,,,,,,,,,,,,,,,,,,,,,,,,,,,,,,,,,,,,,,,,,,,,,,,,,,,,,,,,,,,,,,,,,,,,,,,,,,,,,,,,,,,,,,,,,,,,,,,,,,,,,,,,,,,,,,,,,,,,,,,,,,,,,,,,,,,,,,,,,,,,,,,,,,,,,,,,,,,,,,,,,,,,,,,,,,,,,,,,,,,,,,,,,,,,,,,,,,,,,,,,,,6.80685043334961e-05,2.786597906379029e-05,0.00048605818301439285,3,,,,,,,,,,,,,,,,,,,,,,,,,,,,,,,,
7.123195703256126e-07,2249,,,,,,,,,,,,,,,,,,,,,,,,,,,,,,,,,,,,,,,,,,,,,,,,,,,,,,,,,,,,,,,,,,,,,,,,,,,,,,,,,,,,,,,,,,,,,,,,,,,,,,,,,,,,,,,,,,,,,,,,,,,,,,,,,,,,,,,,,,,,,,,,,,,,,,,,,,,,,,,,,,,,,,,,,,,,,,,,,,,,,,,,,,,,,,,,,,,,,,,,,,,,,,,,,,,,,,,,,,,,,,,,,,,,,,,,,,,,,,,,,,,,,,,,,,,,,,,,,,,,,,,,,,,,,,,,,,,,,,,,
,2249,94151480,2462,94149018,3000,33567791,886,33566905,1138,60583689,1576,60582113,1870,240894282387456,7029794816,240887252592640,8192102912,221350256561152,7023181824,221343233379328,8184799232,19544025826304,6612992,19544019213312,25021440,240894282387456,7029794816,240887252592640,8192102912,221350256561152,7023181824,221343233379328,8184799232,19544025826304,6612992,19544019213312,25021440,94151480,2462,94149018,3000,33567791,886,33566905,1138,60583689,1576,60582113,1870,57654203,111,57654092,237,19752331,65,19752266,137,37901872,46,37901826,117,237124916840448,184408064,237124732432384,1396042240,217151511067648,174243840,217151336823808,1392988160,19973405772800,10164224,19973395608576,18018304,-1,0,361,0,0,3,0,0,0,0,0,0,0,0,238664982061703,7021257120,238657960804583,8176189920,219127616595968,7014793216,219120601802752,8169017344,19537365465735,6463904,19537359001831,24870008,8673820672,8673820672,0,8673820672,8642363392,8642363392,0,8642363392,31457280,31457280,0,31457280,361,361,0,361,346,346,0,346,15,15,0,15,,,,,,,,,,,,,,,,,,,,,,,,,,,,,,,,,,,,,,,,,,,,,,,,,,,,,,,,,,,,,,,,,,,,,,,,,,,,,,,,,,,,,,,,,,,,,,,,,,,,,,,,,,,,,,,,,,,,,,,,,,,,,,,,,,,,,,,,,,,,,,,,,,,,,,,,,,,,,,
,2249,,,,,,,,,,,,,,,,,,,,,,,,,,,,,,,,,,,,,,,,,,,,,,,,,,,,,,,,,,,,,,,,,,,,,,,,,,,,,,,,,,,,,,,,,,,,,,,,,,,,,,,,,,,,,,,,,,,,,,,,,,,94163802,2466,94161336,3000,33572474,886,33571588,1138,60591328,1580,60589748,1870,240922568446976,7026405376,240915542041600,8192102912,221375936277504,7019790336,221368916487168,8184799232,19546632169472,6615040,19546625554432,25021440,240922568446976,7026405376,240915542041600,8192102912,221375936277504,7019790336,221368916487168,8184799232,19546632169472,6615040,19546625554432,25021440,94163802,2466,94161336,3000,33572474,886,33571588,1138,60591328,1580,60589748,1870,57661523,111,57661412,237,19755095,76,19755019,137,37906428,35,37906393,117,237154321580032,221351936,237154100228096,1396042240,217178309467136,213286912,217178096180224,1392988160,19976012112896,8065024,19976004047872,18018304,-1,0,361,0,0,3,0,0,0,0,0,0,0,0,238692766142847,7021257136,238685744885711,8176189920,219152795396864,7014793216,219145780603648,8169017344,19539970745983,6463920,19539964282063,24870008,8673820672,8673820672,0,8673820672,8642363392,8642363392,0,8642363392,31457280,31457280,0,31457280,361,361,0,361,346,346,0,346,15,15,0,15,,,,,,,,,,,,,,,,,,,,,,,,,,,,,,,,,,,,
7.123195703256126e-07,2249,,,,,,,,,,,,,,,,,,,,,,,,,,,,,,,,,,,,,,,,,,,,,,,,,,,,,,,,,,,,,,,,,,,,,,,,,,,,,,,,,,,,,,,,,,,,,,,,,,,,,,,,,,,,,,,,,,,,,,,,,,,,,,,,,,,,,,,,,,,,,,,,,,,,,,,,,,,,,,,,,,,,,,,,,,,,,,,,,,,,,,,,,,,,,,,,,,,,,,,,,,,,,,,,,,,,,,,,,,,,,,,,,,,,,,,,,,,,,,,,,,,,,,,,,,,,,,,,,,,,,,,,,,,,,,,,,,,,,,,,
,2249,94163815,2462,94161353,3000,33572474,886,33571588,1138,60591341,1576,60589765,1870,240922568464384,7026407936,240915542056448,8192102912,221375936277504,7019790336,221368916487168,8184799232,19546632186880,6617600,19546625569280,25021440,240922568464384,7026407936,240915542056448,8192102912,221375936277504,7019790336,221368916487168,8184799232,19546632186880,6617600,19546625569280,25021440,94163815,2462,94161353,3000,33572474,886,33571588,1138,60591341,1576,60589765,1870,57661532,108,57661424,237,19755095,76,19755019,137,37906437,32,37906405,117,237154321594880,221349376,237154100245504,1396042240,217178309467136,213286912,217178096180224,1392988160,19976012127744,8062464,19976004065280,18018304,-1,0,361,0,0,3,0,0,0,0,0,0,0,0,238692766154795,7021262376,238685744892419,8176189920,219152795396864,7014793216,219145780603648,8169017344,19539970757931,6469160,19539964288771,24870008,8673820672,8673820672,0,8673820672,8642363392,8642363392,0,8642363392,31457280,31457280,0,31457280,361,361,0,361,346,346,0,346,15,15,0,15,,,,,,,,,,,,,,,,,,,,,,,,,,,,,,,,,,,,,,,,,,,,,,,,,,,,,,,,,,,,,,,,,,,,,,,,,,,,,,,,,,,,,,,,,,,,,,,,,,,,,,,,,,,,,,,,,,,,,,,,,,,,,,,,,,,,,,,,,,,,,,,,,,,,,,,,,,,,,,
,2249,,,,,,,,,,,,,,,,,,,,,,,,,,,,,,,,,,,,,,,,,,,,,,,,,,,,,,,,,,,,,,,,,,,,,,,,,,,,,,,,,,,,,,,,,,,,,,,,,,,,,,,,,,,,,,,,,,,,,,,,,,,94176137,2466,94173671,3000,33576461,886,33575575,1138,60599676,1580,60598096,1870,240949416616448,7026409984,240942390206464,8192102912,221399991221248,7019790336,221392971430912,8184799232,19549425395200,6619648,19549418775552,25021440,240949416616448,7026409984,240942390206464,8192102912,221399991221248,7019790336,221392971430912,8184799232,19549425395200,6619648,19549418775552,25021440,94176137,2466,94173671,3000,33576461,886,33575575,1138,60599676,1580,60598096,1870,57668827,112,57668715,237,19757448,76,19757372,137,37911379,36,37911343,117,237182382431232,221347328,237182161083904,1396042240,217203557436416,213286912,217203344149504,1392988160,19978824994816,8060416,19978816934400,18018304,-1,0,361,0,0,3,0,0,0,0,0,0,0,0,238719485357262,7021262392,238712464094870,8176189920,219176722296320,7014793216,219169707503104,8169017344,19542763060942,6469176,19542756591766,24870008,8673820672,8673820672,0,8673820672,8642363392,8642363392,0,8642363392,31457280,31457280,0,31457280,361,361,0,361,346,346,0,346,15,15,0,15,,,,,,,,,,,,,,,,,,,,,,,,,,,,,,,,,,,,
7.123195703256126e-07,2249,,,,,,,,,,,,,,,,,,,,,,,,,,,,,,,,,,,,,,,,,,,,,,,,,,,,,,,,,,,,,,,,,,,,,,,,,,,,,,,,,,,,,,,,,,,,,,,,,,,,,,,,,,,,,,,,,,,,,,,,,,,,,,,,,,,,,,,,,,,,,,,,,,,,,,,,,,,,,,,,,,,,,,,,,,,,,,,,,,,,,,,,,,,,,,,,,,,,,,,,,,,,,,,,,,,,,,,,,,,,,,,,,,,,,,,,,,,,,,,,,,,,,,,,,,,,,,,,,,,,,,,,,,,,,,,,,,,,,,,,
,2249,94176150,2462,94173688,3000,33576461,886,33575575,1138,60599689,1576,60598113,1870,240949416629248,7026403328,240942390225920,8192102912,221399991221248,7019790336,221392971430912,8184799232,19549425408000,6612992,19549418795008,25021440,240949416629248,7026403328,240942390225920,8192102912,221399991221248,7019790336,221392971430912,8184799232,19549425408000,6612992,19549418795008,25021440,94176150,2462,94173688,3000,33576461,886,33575575,1138,60599689,1576,60598113,1870,57668836,110,57668726,237,19757448,76,19757372,137,37911388,34,37911354,117,237182382450688,221353984,237182161096704,1396042240,217203557436416,213286912,217203344149504,1392988160,19978825014272,8067072,19978816947200,18018304,-1,0,361,0,0,3,0,0,0,0,0,0,0,0,238719485364866,7021258032,238712464106834,8176189920,219176722296320,7014793216,219169707503104,8169017344,19542763068546,6464816,19542756603730,24870008,8673820672,8673820672,0,8673820672,8642363392,8642363392,0,8642363392,31457280,31457280,0,31457280,361,361,0,361,346,346,0,346,15,15,0,15,,,,,,,,,,,,,,,,,,,,,,,,,,,,,,,,,,,,,,,,,,,,,,,,,,,,,,,,,,,,,,,,,,,,,,,,,,,,,,,,,,,,,,,,,,,,,,,,,,,,,,,,,,,,,,,,,,,,,,,,,,,,,,,,,,,,,,,,,,,,,,,,,,,,,,,,,,,,,,
,2249,,,,,,,,,,,,,,,,,,,,,,,,,,,,,,,,,,,,,,,,,,,,,,,,,,,,,,,,,,,,,,,,,,,,,,,,,,,,,,,,,,,,,,,,,,,,,,,,,,,,,,,,,,,,,,,,,,,,,,,,,,,94188520,2466,94186054,3000,33580544,886,33579658,1138,60607976,1580,60606396,1870,240976684075008,7026405376,240969657669632,8192102912,221424363097088,7019790336,221417343306752,8184799232,19552320977920,6615040,19552314362880,25021440,240976684075008,7026405376,240969657669632,8192102912,221424363097088,7019790336,221417343306752,8184799232,19552320977920,6615040,19552314362880,25021440,94188520,2466,94186054,3000,33580544,886,33579658,1138,60607976,1580,60606396,1870,57675850,115,57675735,237,19759941,76,19759865,137,37915909,39,37915870,117,237210884600832,221351936,237210663248896,1396042240,217229079084032,213286912,217228865797120,1392988160,19981805516800,8065024,19981797451776,18018304,-1,0,361,0,0,3,0,0,0,0,0,0,0,0,238746557250650,7021257988,238739535992662,8176189920,219200899485952,7014793216,219193884692736,8169017344,19545657764698,6464772,19545651299926,24870008,8673820672,8673820672,0,8673820672,8642363392,8642363392,0,8642363392,31457280,31457280,0,31457280,361,361,0,361,346,346,0,346,15,15,0,15,,,,,,,,,,,,,,,,,,,,,,,,,,,,,,,,,,,,
7.123195703256126e-07,2249,,,,,,,,,,,,,,,,,,,,,,,,,,,,,,,,,,,,,,,,,,,,,,,,,,,,,,,,,,,,,,,,,,,,,,,,,,,,,,,,,,,,,,,,,,,,,,,,,,,,,,,,,,,,,,,,,,,,,,,,,,,,,,,,,,,,,,,,,,,,,,,,,,,,,,,,,,,,,,,,,,,,,,,,,,,,,,,,,,,,,,,,,,,,,,,,,,,,,,,,,,,,,,,,,,,,,,,,,,,,,,,,,,,,,,,,,,,,,,,,,,,,,,,,,,,,,,,,,,,,,,,,,,,,,,,,,,,,,,,,
,2249,94188533,2462,94186071,3000,33580544,886,33579658,1138,60607989,1576,60606413,1870,240976684092416,7026407936,240969657684480,8192102912,221424363097088,7019790336,221417343306752,8184799232,19552320995328,6617600,19552314377728,25021440,240976684092416,7026407936,240969657684480,8192102912,221424363097088,7019790336,221417343306752,8184799232,19552320995328,6617600,19552314377728,25021440,94188533,2462,94186071,3000,33580544,886,33579658,1138,60607989,1576,60606413,1870,57675861,114,57675747,237,19759941,76,19759865,137,37915920,38,37915882,117,237210884615680,221349376,237210663266304,1396042240,217229079084032,213286912,217228865797120,1392988160,19981805531648,8062464,19981797469184,18018304,-1,0,361,0,0,3,0,0,0,0,0,0,0,0,238746557262070,7021261788,238739536000282,8176189920,219200899485952,7014793216,219193884692736,8169017344,19545657776118,6468572,19545651307546,24870008,8673820672,8673820672,0,8673820672,8642363392,8642363392,0,8642363392,31457280,31457280,0,31457280,361,361,0,361,346,346,0,346,15,15,0,15,,,,,,,,,,,,,,,,,,,,,,,,,,,,,,,,,,,,,,,,,,,,,,,,,,,,,,,,,,,,,,,,,,,,,,,,,,,,,,,,,,,,,,,,,,,,,,,,,,,,,,,,,,,,,,,,,,,,,,,,,,,,,,,,,,,,,,,,,,,,,,,,,,,,,,,,,,,,,,
,2249,,,,,,,,,,,,,,,,,,,,,,,,,,,,,,,,,,,,,,,,,,,,,,,,,,,,,,,,,,,,,,,,,,,,,,,,,,,,,,,,,,,,,,,,,,,,,,,,,,,,,,,,,,,,,,,,,,,,,,,,,,,94200855,2466,94198389,3000,33584531,886,33583645,1138,60616324,1580,60614744,1870,241003555864064,7026409984,240996529454080,8192102912,221448426052608,7019790336,221441406262272,8184799232,19555129811456,6619648,19555123191808,25021440,241003555864064,7026409984,240996529454080,8192102912,221448426052608,7019790336,221441406262272,8184799232,19555129811456,6619648,19555123191808,25021440,94200855,2466,94198389,3000,33584531,886,33583645,1138,60616324,1580,60614744,1870,57683180,116,57683064,237,19762294,76,19762218,137,37920886,40,37920846,117,237238965925888,221347328,237238744578560,1396042240,217254332705792,213286912,217254119418880,1392988160,19984633220096,8060416,19984625159680,18018304,-1,0,361,0,0,3,0,0,0,0,0,0,0,0,238773301459049,7021261864,238766280197185,8176189920,219224835765248,7014793216,219217820972032,8169017344,19548465693801,6468648,19548459225153,24870008,8673820672,8673820672,0,8673820672,8642363392,8642363392,0,8642363392,31457280,31457280,0,31457280,361,361,0,361,346,346,0,346,15,15,0,15,,,,,,,,,,,,,,,,,,,,,,,,,,,,,,,,,,,,
7.123195703256126e-07,2249,,,,,,,,,,,,,,,,,,,,,,,,,,,,,,,,,,,,,,,,,,,,,,,,,,,,,,,,,,,,,,,,,,,,,,,,,,,,,,,,,,,,,,,,,,,,,,,,,,,,,,,,,,,,,,,,,,,,,,,,,,,,,,,,,,,,,,,,,,,,,,,,,,,,,,,,,,,,,,,,,,,,,,,,,,,,,,,,,,,,,,,,,,,,,,,,,,,,,,,,,,,,,,,,,,,,,,,,,,,,,,,,,,,,,,,,,,,,,,,,,,,,,,,,,,,,,,,,,,,,,,,,,,,,,,,,,,,,,,,,
,2249,94200868,2462,94198406,3000,33584531,886,33583645,1138,60616337,1576,60614761,1870,241003555876864,7026403328,240996529473536,8192102912,221448426052608,7019790336,221441406262272,8184799232,19555129824256,6612992,19555123211264,25021440,241003555876864,7026403328,240996529473536,8192102912,221448426052608,7019790336,221441406262272,8184799232,19555129824256,6612992,19555123211264,25021440,94200868,2462,94198406,3000,33584531,886,33583645,1138,60616337,1576,60614761,1870,57683188,111,57683077,237,19762294,76,19762218,137,37920894,35,37920859,117,237238965945344,221353984,237238744591360,1396042240,217254332705792,213286912,217254119418880,1392988160,19984633239552,8067072,19984625172480,18018304,-1,0,361,0,0,3,0,0,0,0,0,0,0,0,238773301465669,7021257048,238766280208621,8176189920,219224835765248,7014793216,219217820972032,8169017344,19548465700421,6463832,19548459236589,24870008,8673820672,8673820672,0,8673820672,8642363392,8642363392,0,8642363392,31457280,31457280,0,31457280,361,361,0,361,346,346,0,346,15,15,0,15,,,,,,,,,,,,,,,,,,,,,,,,,,,,,,,,,,,,,,,,,,,,,,,,,,,,,,,,,,,,,,,,,,,,,,,,,,,,,,,,,,,,,,,,,,,,,,,,,,,,,,,,,,,,,,,,,,,,,,,,,,,,,,,,,,,,,,,,,,,,,,,,,,,,,,,,,,,,,,
,2249,,,,,,,,,,,,,,,,,,,,,,,,,,,,,,,,,,,,,,,,,,,,,,,,,,,,,,,,,,,,,,,,,,,,,,,,,,,,,,,,,,,,,,,,,,,,,,,,,,,,,,,,,,,,,,,,,,,,,,,,,,,94213239,2466,94210773,3000,33588518,886,33587632,1138,60624721,1580,60623141,1870,241030471606784,7026405376,241023445201408,8192102912,221472502017024,7019790336,221465482226688,8184799232,19557969589760,6615040,19557962974720,25021440,241030471606784,7026405376,241023445201408,8192102912,221472502017024,7019790336,221465482226688,8184799232,19557969589760,6615040,19557962974720,25021440,94213239,2466,94210773,3000,33588518,886,33587632,1138,60624721,1580,60623141,1870,57690094,116,57689978,237,19764647,76,19764571,137,37925447,40,37925407,117,237267072339456,221351936,237266850987520,1396042240,217279594617856,213286912,217279381330944,1392988160,19987477721600,8065024,19987469656576,18018304,-1,0,361,0,0,3,0,0,0,0,0,0,0,0,238800092228377,7021257004,238793070971373,8176189920,219248787670784,7014793216,219241772877568,8169017344,19551304557593,6463788,19551298093805,24870008,8673820672,8673820672,0,8673820672,8642363392,8642363392,0,8642363392,31457280,31457280,0,31457280,361,361,0,361,346,346,0,346,15,15,0,15,,,,,,,,,,,,,,,,,,,,,,,,,,,,,,,,,,,,
7.123195703256126e-07,2249,,,,,,,,,,,,,,,,,,,,,,,,,,,,,,,,,,,,,,,,,,,,,,,,,,,,,,,,,,,,,,,,,,,,,,,,,,,,,,,,,,,,,,,,,,,,,,,,,,,,,,,,,,,,,,,,,,,,,,,,,,,,,,,,,,,,,,,,,,,,,,,,,,,,,,,,,,,,,,,,,,,,,,,,,,,,,,,,,,,,,,,,,,,,,,,,,,,,,,,,,,,,,,,,,,,,,,,,,,,,,,,,,,,,,,,,,,,,,,,,,,,,,,,,,,,,,,,,,,,,,,,,,,,,,,,,,,,,,,,,
,2249,94213252,2462,94210790,3000,33588518,886,33587632,1138,60624734,1576,60623158,1870,241030471616512,7026400256,241023445216256,8192102912,221472502017024,7019790336,221465482226688,8184799232,19557969599488,6609920,19557962989568,25021440,241030471616512,7026400256,241023445216256,8192102912,221472502017024,7019790336,221465482226688,8184799232,19557969599488,6609920,19557962989568,25021440,94213252,2462,94210790,3000,33588518,886,33587632,1138,60624734,1576,60623158,1870,57690105,114,57689991,237,19764647,76,19764571,137,37925458,38,37925420,117,237267072354304,221357056,237266850997248,1396042240,217279594617856,213286912,217279381330944,1392988160,19987477736448,8070144,19987469666304,18018304,-1,0,361,0,0,3,0,0,0,0,0,0,0,0,238800092231733,7021253724,238793070978009,8176189920,219248787670784,7014793216,219241772877568,8169017344,19551304560949,6460508,19551298100441,24870008,8673820672,8673820672,0,8673820672,8642363392,8642363392,0,8642363392,31457280,31457280,0,31457280,361,361,0,361,346,346,0,346,15,15,0,15,,,,,,,,,,,,,,,,,,,,,,,,,,,,,,,,,,,,,,,,,,,,,,,,,,,,,,,,,,,,,,,,,,,,,,,,,,,,,,,,,,,,,,,,,,,,,,,,,,,,,,,,,,,,,,,,,,,,,,,,,,,,,,,,,,,,,,,,,,,,,,,,,,,,,,,,,,,,,,
,2249,,,,,,,,,,,,,,,,,,,,,,,,,,,,,,,,,,,,,,,,,,,,,,,,,,,,,,,,,,,,,,,,,,,,,,,,,,,,,,,,,,,,,,,,,,,,,,,,,,,,,,,,,,,,,,,,,,,,,,,,,,,94225574,2466,94223108,3000,33592500,886,33591614,1138,60633074,1580,60631494,1870,241057383291904,7026402304,241050356889600,8192102912,221496571460608,7019790336,221489551670272,8184799232,19560811831296,6611968,19560805219328,25021440,241057383291904,7026402304,241050356889600,8192102912,221496571460608,7019790336,221489551670272,8184799232,19560811831296,6611968,19560805219328,25021440,94225574,2466,94223108,3000,33592500,886,33591614,1138,60633074,1580,60631494,1870,57697357,116,57697241,237,19766995,76,19766919,137,37930362,40,37930322,117,237295204578304,221355008,237294983223296,1396042240,217304850009088,213286912,217304636722176,1392988160,19990354569216,8068096,19990346501120,18018304,-1,0,361,0,0,3,0,0,0,0,0,0,0,0,238826879995426,7021253800,238819858741626,8176189920,219272734087680,7014793216,219265719294464,8169017344,19554145907746,6460584,19554139447162,24870008,8673820672,8673820672,0,8673820672,8642363392,8642363392,0,8642363392,31457280,31457280,0,31457280,361,361,0,361,346,346,0,346,15,15,0,15,,,,,,,,,,,,,,,,,,,,,,,,,,,,,,,,,,,,
7.123195703256126e-07,2249,,,,,,,,,,,,,,,,,,,,,,,,,,,,,,,,,,,,,,,,,,,,,,,,,,,,,,,,,,,,,,,,,,,,,,,,,,,,,,,,,,,,,,,,,,,,,,,,,,,,,,,,,,,,,,,,,,,,,,,,,,,,,,,,,,,,,,,,,,,,,,,,,,,,,,,,,,,,,,,,,,,,,,,,,,,,,,,,,,,,,,,,,,,,,,,,,,,,,,,,,,,,,,,,,,,,,,,,,,,,,,,,,,,,,,,,,,,,,,,,,,,,,,,,,,,,,,,,,,,,,,,,,,,,,,,,,,,,,,,,
,2249,94225587,2462,94223125,3000,33592500,886,33591614,1138,60633087,1576,60631511,1870,241057383336960,7026435584,241050356901376,8192102912,221496571460608,7019790336,221489551670272,8184799232,19560811876352,6645248,19560805231104,25021440,241057383336960,7026435584,241050356901376,8192102912,221496571460608,7019790336,221489551670272,8184799232,19560811876352,6645248,19560805231104,25021440,94225587,2462,94223125,3000,33592500,886,33591614,1138,60633087,1576,60631511,1870,57697366,114,57697252,237,19766995,76,19766919,137,37930371,38,37930333,117,237295204590080,221321728,237294983268352,1396042240,217304850009088,213286912,217304636722176,1392988160,19990354580992,8034816,19990346546176,18018304,-1,0,361,0,0,3,0,0,0,0,0,0,0,0,238826880034926,7021289928,238819858744998,8176189920,219272734087680,7014793216,219265719294464,8169017344,19554145947246,6496712,19554139450534,24870008,8673820672,8673820672,0,8673820672,8642363392,8642363392,0,8642363392,31457280,31457280,0,31457280,361,361,0,361,346,346,0,346,15,15,0,15,,,,,,,,,,,,,,,,,,,,,,,,,,,,,,,,,,,,,,,,,,,,,,,,,,,,,,,,,,,,,,,,,,,,,,,,,,,,,,,,,,,,,,,,,,,,,,,,,,,,,,,,,,,,,,,,,,,,,,,,,,,,,,,,,,,,,,,,,,,,,,,,,,,,,,,,,,,,,,
,2249,,,,,,,,,,,,,,,,,,,,,,,,,,,,,,,,,,,,,,,,,,,,,,,,,,,,,,,,,,,,,,,,,,,,,,,,,,,,,,,,,,,,,,,,,,,,,,,,,,,,,,,,,,,,,,,,,,,,,,,,,,,94238510,2466,94236044,3000,33599537,886,33598651,1138,60638973,1580,60637393,1870,241163815406080,7026437632,241156788968448,8192102912,221602362620928,7019790336,221595342830592,8184799232,19561452785152,6647296,19561446137856,25021440,241163815406080,7026437632,241156788968448,8192102912,221602362620928,7019790336,221595342830592,8184799232,19561452785152,6647296,19561446137856,25021440,94238510,2466,94236044,3000,33599537,886,33598651,1138,60638973,1580,60637393,1870,57705890,116,57705774,237,19771894,76,19771818,137,37933996,40,37933956,117,237346215098368,221319680,237345993778688,1396042240,217355219610624,213286912,217355006323712,1392988160,19990995487744,8032768,19990987454976,18018304,-1,0,361,0,0,3,0,0,0,0,0,0,0,0,238932456577843,7021289884,238925435287959,8176189920,219377670643968,7014793216,219370655850752,8169017344,19554785933875,6496668,19554779437207,24870008,8673820672,8673820672,0,8673820672,8642363392,8642363392,0,8642363392,31457280,31457280,0,31457280,361,361,0,361,346,346,0,346,15,15,0,15,,,,,,,,,,,,,,,,,,,,,,,,,,,,,,,,,,,,
7.123195703256126e-07,2249,,,,,,,,,,,,,,,,,,,,,,,,,,,,,,,,,,,,,,,,,,,,,,,,,,,,,,,,,,,,,,,,,,,,,,,,,,,,,,,,,,,,,,,,,,,,,,,,,,,,,,,,,,,,,,,,,,,,,,,,,,,,,,,,,,,,,,,,,,,,,,,,,,,,,,,,,,,,,,,,,,,,,,,,,,,,,,,,,,,,,,,,,,,,,,,,,,,,,,,,,,,,,,,,,,,,,,,,,,,,,,,,,,,,,,,,,,,,,,,,,,,,,,,,,,,,,,,,,,,,,,,,,,,,,,,,,,,,,,,,
,2249,94238523,2462,94236061,3000,33599537,886,33598651,1138,60638986,1576,60637410,1870,241163815418880,7026403328,241156789015552,8192102912,221602362620928,7019790336,221595342830592,8184799232,19561452797952,6612992,19561446184960,25021440,241163815418880,7026403328,241156789015552,8192102912,221602362620928,7019790336,221595342830592,8184799232,19561452797952,6612992,19561446184960,25021440,94238523,2462,94236061,3000,33599537,886,33598651,1138,60638986,1576,60637410,1870,57705898,111,57705787,237,19771894,76,19771818,137,37934004,35,37933969,117,237346215145472,221353984,237345993791488,1396042240,217355219610624,213286912,217355006323712,1392988160,19990995534848,8067072,19990987467776,18018304,-1,0,361,0,0,3,0,0,0,0,0,0,0,0,238932456584991,7021257516,238925435327475,8176189920,219377670643968,7014793216,219370655850752,8169017344,19554785941023,6464300,19554779476723,24870008,8673820672,8673820672,0,8673820672,8642363392,8642363392,0,8642363392,31457280,31457280,0,31457280,361,361,0,361,346,346,0,346,15,15,0,15,,,,,,,,,,,,,,,,,,,,,,,,,,,,,,,,,,,,,,,,,,,,,,,,,,,,,,,,,,,,,,,,,,,,,,,,,,,,,,,,,,,,,,,,,,,,,,,,,,,,,,,,,,,,,,,,,,,,,,,,,,,,,,,,,,,,,,,,,,,,,,,,,,,,,,,,,,,,,,
,2249,,,,,,,,,,,,,,,,,,,,,,,,,,,,,,,,,,,,,,,,,,,,,,,,,,,,,,,,,,,,,,,,,,,,,,,,,,,,,,,,,,,,,,,,,,,,,,,,,,,,,,,,,,,,,,,,,,,,,,,,,,,94251394,2466,94248928,3000,33603841,886,33602955,1138,60647553,1580,60645973,1870,241192998841344,7026405376,241185972435968,8192102912,221628599049216,7019790336,221621579258880,8184799232,19564399792128,6615040,19564393177088,25021440,241192998841344,7026405376,241185972435968,8192102912,221628599049216,7019790336,221621579258880,8184799232,19564399792128,6615040,19564393177088,25021440,94251394,2466,94248928,3000,33603841,886,33602955,1138,60647553,1580,60645973,1870,57713758,115,57713643,237,19774640,76,19774564,137,37939118,39,37939079,117,237376400201728,221351936,237376178849792,1396042240,217382385323008,213286912,217382172036096,1392988160,19994014878720,8065024,19994006813696,18018304,-1,0,361,0,0,3,0,0,0,0,0,0,0,0,238961380937809,7021257592,238954359680217,8176189920,219403648828416,7014793216,219396634035200,8169017344,19557732109393,6464376,19557725645017,24870008,8673820672,8673820672,0,8673820672,8642363392,8642363392,0,8642363392,31457280,31457280,0,31457280,361,361,0,361,346,346,0,346,15,15,0,15,,,,,,,,,,,,,,,,,,,,,,,,,,,,,,,,,,,,
,2249,,,,,,,,,,,,,,,,,,,,,,,,,,,,,,,,,,,,,,,,,,,,,,,,,,,,,,,,,,,,,,,,,,,,,,,,,,,,,,,,,,,,,,,,,,,,,,,,,,,,,,,,,,,,,,,,,,,,,,,,,,,,,,,,,,,,,,,,,,,,,,,,,,,,,,,,,,,,,,,,,,,,,,,,,,,,,,,,,,,,,,,,,,,,,,,,,,,,,,,,,,,,,,,,,,,,,,,,,,,,,,,,,,,,,,,,,,,,,,,,,,,,,0.0003046989440917969,7.867813110351562e-06,0.0004227161407470703,3,,,,,,,,,,,,,,,,,,,,,,,,,,,,,,,,
6.787512588116817e-07,2299,,,,,,,,,,,,,,,,,,,,,,,,,,,,,,,,,,,,,,,,,,,,,,,,,,,,,,,,,,,,,,,,,,,,,,,,,,,,,,,,,,,,,,,,,,,,,,,,,,,,,,,,,,,,,,,,,,,,,,,,,,,,,,,,,,,,,,,,,,,,,,,,,,,,,,,,,,,,,,,,,,,,,,,,,,,,,,,,,,,,,,,,,,,,,,,,,,,,,,,,,,,,,,,,,,,,,,,,,,,,,,,,,,,,,,,,,,,,,,,,,,,,,,,,,,,,,,,,,,,,,,,,,,,,,,,,,,,,,,,,
,2299,99155828,2462,99153366,3000,35360898,886,35360012,1138,63794930,1576,63793354,1870,253740488008704,7030687744,253733457320960,8192102912,233155067659264,7024074752,233148043584512,8184799232,20585420349440,6612992,20585413736448,25021440,253740488008704,7030687744,253733457320960,8192102912,233155067659264,7024074752,233148043584512,8184799232,20585420349440,6612992,20585413736448,25021440,99155828,2462,99153366,3000,35360898,886,35360012,1138,63794930,1576,63793354,1870,60658614,107,60658507,237,20831181,73,20831108,137,39827433,34,39827399,117,249835365783552,217069568,249835148713984,1396042240,228798389638144,209002496,228798180635648,1392988160,21036976145408,8067072,21036968078336,18018304,-1,0,361,0,0,3,0,0,0,0,0,0,0,0,251386182639529,7021257912,251379161381617,8176189920,230807772882944,7014793216,230800758089728,8169017344,20578409756585,6464696,20578403291889,24870008,8673820672,8673820672,0,8673820672,8642363392,8642363392,0,8642363392,31457280,31457280,0,31457280,361,361,0,361,346,346,0,346,15,15,0,15,,,,,,,,,,,,,,,,,,,,,,,,,,,,,,,,,,,,,,,,,,,,,,,,,,,,,,,,,,,,,,,,,,,,,,,,,,,,,,,,,,,,,,,,,,,,,,,,,,,,,,,,,,,,,,,,,,,,,,,,,,,,,,,,,,,,,,,,,,,,,,,,,,,,,,,,,,,,,,
,2299,,,,,,,,,,,,,,,,,,,,,,,,,,,,,,,,,,,,,,,,,,,,,,,,,,,,,,,,,,,,,,,,,,,,,,,,,,,,,,,,,,,,,,,,,,,,,,,,,,,,,,,,,,,,,,,,,,,,,,,,,,,99168150,2466,99165684,3000,35364885,886,35363999,1138,63803265,1580,63801685,1870,253767830975488,7031672832,253760799302656,8192102912,233179477025792,7025057792,233172451968000,8184799232,20588353949696,6615040,20588347334656,25021440,253767830975488,7031672832,253760799302656,8192102912,233179477025792,7025057792,233172451968000,8184799232,20588353949696,6615040,20588347334656,25021440,99168150,2466,99165684,3000,35364885,886,35363999,1138,63803265,1580,63801685,1870,60666394,105,60666289,237,20833497,72,20833425,137,39832897,33,39832864,117,249863375044608,211890176,249863163154432,1396042240,228823364719616,208019456,228823156700160,1392988160,21040010324992,3870720,21040006454272,18018304,-1,0,361,0,0,3,0,0,0,0,0,0,0,0,251413127005562,7021257928,251406105747634,8176189920,230831784487680,7014793216,230824769694464,8169017344,20581342517882,6464712,20581336053170,24870008,8673820672,8673820672,0,8673820672,8642363392,8642363392,0,8642363392,31457280,31457280,0,31457280,361,361,0,361,346,346,0,346,15,15,0,15,,,,,,,,,,,,,,,,,,,,,,,,,,,,,,,,,,,,
6.787512588116817e-07,2299,,,,,,,,,,,,,,,,,,,,,,,,,,,,,,,,,,,,,,,,,,,,,,,,,,,,,,,,,,,,,,,,,,,,,,,,,,,,,,,,,,,,,,,,,,,,,,,,,,,,,,,,,,,,,,,,,,,,,,,,,,,,,,,,,,,,,,,,,,,,,,,,,,,,,,,,,,,,,,,,,,,,,,,,,,,,,,,,,,,,,,,,,,,,,,,,,,,,,,,,,,,,,,,,,,,,,,,,,,,,,,,,,,,,,,,,,,,,,,,,,,,,,,,,,,,,,,,,,,,,,,,,,,,,,,,,,,,,,,,,
,2299,99168163,2462,99165701,3000,35364885,886,35363999,1138,63803278,1576,63801702,1870,253767830986752,7031669248,253760799317504,8192102912,233179477025792,7025057792,233172451968000,8184799232,20588353960960,6611456,20588347349504,25021440,253767830986752,7031669248,253760799317504,8192102912,233179477025792,7025057792,233172451968000,8184799232,20588353960960,6611456,20588347349504,25021440,99168163,2462,99165701,3000,35364885,886,35363999,1138,63803278,1576,63801702,1870,60666404,103,60666301,237,20833497,72,20833425,137,39832907,31,39832876,117,249863375059456,211893760,249863163165696,1396042240,228823364719616,208019456,228823156700160,1392988160,21040010339840,3874304,21040006465536,18018304,-1,0,361,0,0,3,0,0,0,0,0,0,0,0,251413127011438,7021256304,251406105755134,8176189920,230831784487680,7014793216,230824769694464,8169017344,20581342523758,6463088,20581336060670,24870008,8673820672,8673820672,0,8673820672,8642363392,8642363392,0,8642363392,31457280,31457280,0,31457280,361,361,0,361,346,346,0,346,15,15,0,15,,,,,,,,,,,,,,,,,,,,,,,,,,,,,,,,,,,,,,,,,,,,,,,,,,,,,,,,,,,,,,,,,,,,,,,,,,,,,,,,,,,,,,,,,,,,,,,,,,,,,,,,,,,,,,,,,,,,,,,,,,,,,,,,,,,,,,,,,,,,,,,,,,,,,,,,,,,,,,
,2299,,,,,,,,,,,,,,,,,,,,,,,,,,,,,,,,,,,,,,,,,,,,,,,,,,,,,,,,,,,,,,,,,,,,,,,,,,,,,,,,,,,,,,,,,,,,,,,,,,,,,,,,,,,,,,,,,,,,,,,,,,,99180534,2466,99178068,3000,35368963,886,35368077,1138,63811571,1580,63809991,1870,253795319748608,7031671296,253788288077312,8192102912,233204015694848,7025057792,233196990637056,8184799232,20591304053760,6613504,20591297440256,25021440,253795319748608,7031671296,253788288077312,8192102912,233204015694848,7025057792,233196990637056,8184799232,20591304053760,6613504,20591297440256,25021440,99180534,2466,99178068,3000,35368963,886,35368077,1138,63811571,1580,63809991,1870,60674536,109,60674427,237,20836171,72,20836099,137,39838365,37,39838328,117,249892299571712,211891712,249892087680000,1396042240,228849117762560,208019456,228848909743104,1392988160,21043181809152,3872256,21043177936896,18018304,-1,0,361,0,0,3,0,0,0,0,0,0,0,0,251440299106173,7021256260,251433277849913,8176189920,230856007335424,7014793216,230848992542208,8169017344,20584291770749,6463044,20584285307705,24870008,8673820672,8673820672,0,8673820672,8642363392,8642363392,0,8642363392,31457280,31457280,0,31457280,361,361,0,361,346,346,0,346,15,15,0,15,,,,,,,,,,,,,,,,,,,,,,,,,,,,,,,,,,,,
6.787512588116817e-07,2299,,,,,,,,,,,,,,,,,,,,,,,,,,,,,,,,,,,,,,,,,,,,,,,,,,,,,,,,,,,,,,,,,,,,,,,,,,,,,,,,,,,,,,,,,,,,,,,,,,,,,,,,,,,,,,,,,,,,,,,,,,,,,,,,,,,,,,,,,,,,,,,,,,,,,,,,,,,,,,,,,,,,,,,,,,,,,,,,,,,,,,,,,,,,,,,,,,,,,,,,,,,,,,,,,,,,,,,,,,,,,,,,,,,,,,,,,,,,,,,,,,,,,,,,,,,,,,,,,,,,,,,,,,,,,,,,,,,,,,,,
,2299,99180547,2462,99178085,3000,35368963,886,35368077,1138,63811584,1576,63810008,1870,253795319766016,7031675392,253788288090624,8192102912,233204015694848,7025057792,233196990637056,8184799232,20591304071168,6617600,20591297453568,25021440,253795319766016,7031675392,253788288090624,8192102912,233204015694848,7025057792,233196990637056,8184799232,20591304071168,6617600,20591297453568,25021440,99180547,2462,99178085,3000,35368963,886,35368077,1138,63811584,1576,63810008,1870,60674546,107,60674439,237,20836171,72,20836099,137,39838375,35,39838340,117,249892299585024,211887616,249892087697408,1396042240,228849117762560,208019456,228848909743104,1392988160,21043181822464,3868160,21043177954304,18018304,-1,0,361,0,0,3,0,0,0,0,0,0,0,0,251440299118577,7021262772,251433277855805,8176189920,230856007335424,7014793216,230848992542208,8169017344,20584291783153,6469556,20584285313597,24870008,8673820672,8673820672,0,8673820672,8642363392,8642363392,0,8642363392,31457280,31457280,0,31457280,361,361,0,361,346,346,0,346,15,15,0,15,,,,,,,,,,,,,,,,,,,,,,,,,,,,,,,,,,,,,,,,,,,,,,,,,,,,,,,,,,,,,,,,,,,,,,,,,,,,,,,,,,,,,,,,,,,,,,,,,,,,,,,,,,,,,,,,,,,,,,,,,,,,,,,,,,,,,,,,,,,,,,,,,,,,,,,,,,,,,,
,2299,,,,,,,,,,,,,,,,,,,,,,,,,,,,,,,,,,,,,,,,,,,,,,,,,,,,,,,,,,,,,,,,,,,,,,,,,,,,,,,,,,,,,,,,,,,,,,,,,,,,,,,,,,,,,,,,,,,,,,,,,,,99192869,2466,99190403,3000,35373046,886,35372160,1138,63819823,1580,63818243,1870,253822925898240,7031677440,253815894220800,8192102912,233228601013248,7025057792,233221575955456,8184799232,20594324884992,6619648,20594318265344,25021440,253822925898240,7031677440,253815894220800,8192102912,233228601013248,7025057792,233221575955456,8184799232,20594324884992,6619648,20594318265344,25021440,99192869,2466,99190403,3000,35373046,886,35372160,1138,63819823,1580,63818243,1870,60682298,106,60682192,237,20838851,72,20838779,137,39843447,34,39843413,117,249921316047872,211885568,249921104162304,1396042240,228874907444224,208019456,228874699424768,1392988160,21046408603648,3866112,21046404737536,18018304,-1,0,361,0,0,3,0,0,0,0,0,0,0,0,251467630101282,7021262848,251460608838434,8176189920,230880318279936,7014793216,230873303486720,8169017344,20587311821346,6469632,20587305351714,24870008,8673820672,8673820672,0,8673820672,8642363392,8642363392,0,8642363392,31457280,31457280,0,31457280,361,361,0,361,346,346,0,346,15,15,0,15,,,,,,,,,,,,,,,,,,,,,,,,,,,,,,,,,,,,
6.787512588116817e-07,2299,,,,,,,,,,,,,,,,,,,,,,,,,,,,,,,,,,,,,,,,,,,,,,,,,,,,,,,,,,,,,,,,,,,,,,,,,,,,,,,,,,,,,,,,,,,,,,,,,,,,,,,,,,,,,,,,,,,,,,,,,,,,,,,,,,,,,,,,,,,,,,,,,,,,,,,,,,,,,,,,,,,,,,,,,,,,,,,,,,,,,,,,,,,,,,,,,,,,,,,,,,,,,,,,,,,,,,,,,,,,,,,,,,,,,,,,,,,,,,,,,,,,,,,,,,,,,,,,,,,,,,,,,,,,,,,,,,,,,,,,
,2299,99192882,2462,99190420,3000,35373046,886,35372160,1138,63819836,1576,63818260,1870,253822925907968,7031667712,253815894240256,8192102912,233228601013248,7025057792,233221575955456,8184799232,20594324894720,6609920,20594318284800,25021440,253822925907968,7031667712,253815894240256,8192102912,233228601013248,7025057792,233221575955456,8184799232,20594324894720,6609920,20594318284800,25021440,99192882,2462,99190420,3000,35373046,886,35372160,1138,63819836,1576,63818260,1870,60682309,106,60682203,237,20838851,72,20838779,137,39843458,34,39843424,117,249921316067328,211895296,249921104172032,1396042240,228874907444224,208019456,228874699424768,1392988160,21046408623104,3875840,21046404747264,18018304,-1,0,361,0,0,3,0,0,0,0,0,0,0,0,251467630105814,7021254960,251460608850854,8176189920,230880318279936,7014793216,230873303486720,8169017344,20587311825878,6461744,20587305364134,24870008,8673820672,8673820672,0,8673820672,8642363392,8642363392,0,8642363392,31457280,31457280,0,31457280,361,361,0,361,346,346,0,346,15,15,0,15,,,,,,,,,,,,,,,,,,,,,,,,,,,,,,,,,,,,,,,,,,,,,,,,,,,,,,,,,,,,,,,,,,,,,,,,,,,,,,,,,,,,,,,,,,,,,,,,,,,,,,,,,,,,,,,,,,,,,,,,,,,,,,,,,,,,,,,,,,,,,,,,,,,,,,,,,,,,,,
,2299,,,,,,,,,,,,,,,,,,,,,,,,,,,,,,,,,,,,,,,,,,,,,,,,,,,,,,,,,,,,,,,,,,,,,,,,,,,,,,,,,,,,,,,,,,,,,,,,,,,,,,,,,,,,,,,,,,,,,,,,,,,99205253,2466,99202787,3000,35377124,886,35376238,1138,63828129,1580,63826549,1870,253850821390848,7031669760,253843789721088,8192102912,233253297939456,7025057792,233246272881664,8184799232,20597523451392,6611968,20597516839424,25021440,253850821390848,7031669760,253843789721088,8192102912,233253297939456,7025057792,233246272881664,8184799232,20597523451392,6611968,20597516839424,25021440,99205253,2466,99202787,3000,35377124,886,35376238,1138,63828129,1580,63826549,1870,60690467,110,60690357,237,20841511,72,20841439,137,39848956,38,39848918,117,249950476993024,211893248,249950265099776,1396042240,228900730991616,208019456,228900522972160,1392988160,21049746001408,3873792,21049742127616,18018304,-1,0,361,0,0,3,0,0,0,0,0,0,0,0,251495310334764,7021254916,251488289079848,8176189920,230904800650240,7014793216,230897785857024,8169017344,20590509684524,6461700,20590503222824,24870008,8673820672,8673820672,0,8673820672,8642363392,8642363392,0,8642363392,31457280,31457280,0,31457280,361,361,0,361,346,346,0,346,15,15,0,15,,,,,,,,,,,,,,,,,,,,,,,,,,,,,,,,,,,,
6.787512588116817e-07,2299,,,,,,,,,,,,,,,,,,,,,,,,,,,,,,,,,,,,,,,,,,,,,,,,,,,,,,,,,,,,,,,,,,,,,,,,,,,,,,,,,,,,,,,,,,,,,,,,,,,,,,,,,,,,,,,,,,,,,,,,,,,,,,,,,,,,,,,,,,,,,,,,,,,,,,,,,,,,,,,,,,,,,,,,,,,,,,,,,,,,,,,,,,,,,,,,,,,,,,,,,,,,,,,,,,,,,,,,,,,,,,,,,,,,,,,,,,,,,,,,,,,,,,,,,,,,,,,,,,,,,,,,,,,,,,,,,,,,,,,,
,2299,99205266,2462,99202804,3000,35377124,886,35376238,1138,63828142,1576,63826566,1870,253850821408256,7031675392,253843789732864,8192102912,233253297939456,7025057792,233246272881664,8184799232,20597523468800,6617600,20597516851200,25021440,253850821408256,7031675392,253843789732864,8192102912,233253297939456,7025057792,233246272881664,8184799232,20597523468800,6617600,20597516851200,25021440,99205266,2462,99202804,3000,35377124,886,35376238,1138,63828142,1576,63826566,1870,60690476,107,60690369,237,20841511,72,20841439,137,39848965,35,39848930,117,249950477004800,211887616,249950265117184,1396042240,228900730991616,208019456,228900522972160,1392988160,21049746013184,3868160,21049742145024,18018304,-1,0,361,0,0,3,0,0,0,0,0,0,0,0,251495310347216,7021262820,251488289084396,8176189920,230904800650240,7014793216,230897785857024,8169017344,20590509696976,6469604,20590503227372,24870008,8673820672,8673820672,0,8673820672,8642363392,8642363392,0,8642363392,31457280,31457280,0,31457280,361,361,0,361,346,346,0,346,15,15,0,15,,,,,,,,,,,,,,,,,,,,,,,,,,,,,,,,,,,,,,,,,,,,,,,,,,,,,,,,,,,,,,,,,,,,,,,,,,,,,,,,,,,,,,,,,,,,,,,,,,,,,,,,,,,,,,,,,,,,,,,,,,,,,,,,,,,,,,,,,,,,,,,,,,,,,,,,,,,,,,
,2299,,,,,,,,,,,,,,,,,,,,,,,,,,,,,,,,,,,,,,,,,,,,,,,,,,,,,,,,,,,,,,,,,,,,,,,,,,,,,,,,,,,,,,,,,,,,,,,,,,,,,,,,,,,,,,,,,,,,,,,,,,,99217636,2466,99215170,3000,35381111,886,35380225,1138,63836525,1580,63834945,1870,253877903604736,7031677440,253870871927296,8192102912,233277493097472,7025057792,233270468039680,8184799232,20600410507264,6619648,20600403887616,25021440,253877903604736,7031677440,253870871927296,8192102912,233277493097472,7025057792,233270468039680,8184799232,20600410507264,6619648,20600403887616,25021440,99217636,2466,99215170,3000,35381111,886,35380225,1138,63836525,1580,63834945,1870,60698491,112,60698379,237,20843989,72,20843917,137,39854502,40,39854462,117,249978824611328,211885568,249978612725760,1396042240,228926043825152,208019456,228925835805696,1392988160,21052780786176,3866112,21052776920064,18018304,-1,0,361,0,0,3,0,0,0,0,0,0,0,0,251522182814107,7021262836,251515161551271,8176189920,230928786962176,7014793216,230921772168960,8169017344,20593395851931,6469620,20593389382311,24870008,8673820672,8673820672,0,8673820672,8642363392,8642363392,0,8642363392,31457280,31457280,0,31457280,361,361,0,361,346,346,0,346,15,15,0,15,,,,,,,,,,,,,,,,,,,,,,,,,,,,,,,,,,,,
6.787512588116817e-07,2299,,,,,,,,,,,,,,,,,,,,,,,,,,,,,,,,,,,,,,,,,,,,,,,,,,,,,,,,,,,,,,,,,,,,,,,,,,,,,,,,,,,,,,,,,,,,,,,,,,,,,,,,,,,,,,,,,,,,,,,,,,,,,,,,,,,,,,,,,,,,,,,,,,,,,,,,,,,,,,,,,,,,,,,,,,,,,,,,,,,,,,,,,,,,,,,,,,,,,,,,,,,,,,,,,,,,,,,,,,,,,,,,,,,,,,,,,,,,,,,,,,,,,,,,,,,,,,,,,,,,,,,,,,,,,,,,,,,,,,,,
,2299,99217649,2462,99215187,3000,35381111,886,35380225,1138,63836538,1576,63834962,1870,253877903617536,7031670784,253870871946752,8192102912,233277493097472,7025057792,233270468039680,8184799232,20600410520064,6612992,20600403907072,25021440,253877903617536,7031670784,253870871946752,8192102912,233277493097472,7025057792,233270468039680,8184799232,20600410520064,6612992,20600403907072,25021440,99217649,2462,99215187,3000,35381111,886,35380225,1138,63836538,1576,63834962,1870,60698502,109,60698393,237,20843989,72,20843917,137,39854513,37,39854476,117,249978824630784,211892224,249978612738560,1396042240,228926043825152,208019456,228925835805696,1392988160,21052780805632,3872768,21052776932864,18018304,-1,0,361,0,0,3,0,0,0,0,0,0,0,0,251522182821831,7021258092,251515161563739,8176189920,230928786962176,7014793216,230921772168960,8169017344,20593395859655,6464876,20593389394779,24870008,8673820672,8673820672,0,8673820672,8642363392,8642363392,0,8642363392,31457280,31457280,0,31457280,361,361,0,361,346,346,0,346,15,15,0,15,,,,,,,,,,,,,,,,,,,,,,,,,,,,,,,,,,,,,,,,,,,,,,,,,,,,,,,,,,,,,,,,,,,,,,,,,,,,,,,,,,,,,,,,,,,,,,,,,,,,,,,,,,,,,,,,,,,,,,,,,,,,,,,,,,,,,,,,,,,,,,,,,,,,,,,,,,,,,,
,2299,,,,,,,,,,,,,,,,,,,,,,,,,,,,,,,,,,,,,,,,,,,,,,,,,,,,,,,,,,,,,,,,,,,,,,,,,,,,,,,,,,,,,,,,,,,,,,,,,,,,,,,,,,,,,,,,,,,,,,,,,,,99230020,2466,99227554,3000,35385098,886,35384212,1138,63844922,1580,63843342,1870,253904862998528,7031672832,253897831325696,8192102912,233301643969536,7025057792,233294618911744,8184799232,20603219028992,6615040,20603212413952,25021440,253904862998528,7031672832,253897831325696,8192102912,233301643969536,7025057792,233294618911744,8184799232,20603219028992,6615040,20603212413952,25021440,99230020,2466,99227554,3000,35385098,886,35384212,1138,63844922,1580,63843342,1870,60706362,111,60706251,237,20846459,72,20846387,137,39859903,39,39859864,117,250006974143488,211890176,250006762253312,1396042240,228951321916416,208019456,228951113896960,1392988160,21055652227072,3870720,21055648356352,18018304,-1,0,361,0,0,3,0,0,0,0,0,0,0,0,251548923615878,7021258108,251541902357770,8176189920,230952720169472,7014793216,230945705376256,8169017344,20596203446406,6464892,20596196981514,24870008,8673820672,8673820672,0,8673820672,8642363392,8642363392,0,8642363392,31457280,31457280,0,31457280,361,361,0,361,346,346,0,346,15,15,0,15,,,,,,,,,,,,,,,,,,,,,,,,,,,,,,,,,,,,
6.787512588116817e-07,2299,,,,,,,,,,,,,,,,,,,,,,,,,,,,,,,,,,,,,,,,,,,,,,,,,,,,,,,,,,,,,,,,,,,,,,,,,,,,,,,,,,,,,,,,,,,,,,,,,,,,,,,,,,,,,,,,,,,,,,,,,,,,,,,,,,,,,,,,,,,,,,,,,,,,,,,,,,,,,,,,,,,,,,,,,,,,,,,,,,,,,,,,,,,,,,,,,,,,,,,,,,,,,,,,,,,,,,,,,,,,,,,,,,,,,,,,,,,,,,,,,,,,,,,,,,,,,,,,,,,,,,,,,,,,,,,,,,,,,,,,
,2299,99230033,2462,99227571,3000,35385098,886,35384212,1138,63844935,1576,63843359,1870,253904863022080,7031681536,253897831340544,8192102912,233301643969536,7025057792,233294618911744,8184799232,20603219052544,6623744,20603212428800,25021440,253904863022080,7031681536,253897831340544,8192102912,233301643969536,7025057792,233294618911744,8184799232,20603219052544,6623744,20603212428800,25021440,99230033,2462,99227571,3000,35385098,886,35384212,1138,63844935,1576,63843359,1870,60706372,111,60706261,237,20846459,72,20846387,137,39859913,39,39859874,117,250006974158336,211881472,250006762276864,1396042240,228951321916416,208019456,228951113896960,1392988160,21055652241920,3862016,21055648379904,18018304,-1,0,361,0,0,3,0,0,0,0,0,0,0,0,251548923634186,7021268676,251541902365510,8176189920,230952720169472,7014793216,230945705376256,8169017344,20596203464714,6475460,20596196989254,24870008,8673820672,8673820672,0,8673820672,8642363392,8642363392,0,8642363392,31457280,31457280,0,31457280,361,361,0,361,346,346,0,346,15,15,0,15,,,,,,,,,,,,,,,,,,,,,,,,,,,,,,,,,,,,,,,,,,,,,,,,,,,,,,,,,,,,,,,,,,,,,,,,,,,,,,,,,,,,,,,,,,,,,,,,,,,,,,,,,,,,,,,,,,,,,,,,,,,,,,,,,,,,,,,,,,,,,,,,,,,,,,,,,,,,,,
,2299,,,,,,,,,,,,,,,,,,,,,,,,,,,,,,,,,,,,,,,,,,,,,,,,,,,,,,,,,,,,,,,,,,,,,,,,,,,,,,,,,,,,,,,,,,,,,,,,,,,,,,,,,,,,,,,,,,,,,,,,,,,99242956,2466,99240490,3000,35391989,886,35391103,1138,63850967,1580,63849387,1870,253959539751424,7031683584,253952508067840,8192102912,233355561821184,7025057792,233348536763392,8184799232,20603977930240,6625792,20603971304448,25021440,253959539751424,7031683584,253952508067840,8192102912,233355561821184,7025057792,233348536763392,8184799232,20603977930240,6625792,20603971304448,25021440,99242956,2466,99240490,3000,35391989,886,35391103,1138,63850967,1580,63849387,1870,60715064,110,60714954,237,20851629,72,20851557,137,39863435,38,39863397,117,250056329731072,211879424,250056117851648,1396042240,228999918613504,208019456,228999710594048,1392988160,21056411117568,3859968,21056407257600,18018304,-1,0,361,0,0,3,0,0,0,0,0,0,0,0,251603045553130,7021268692,251596024284438,8176189920,231006084168960,7014793216,230999069375744,8169017344,20596961384170,6475476,20596954908694,24870008,8673820672,8673820672,0,8673820672,8642363392,8642363392,0,8642363392,31457280,31457280,0,31457280,361,361,0,361,346,346,0,346,15,15,0,15,,,,,,,,,,,,,,,,,,,,,,,,,,,,,,,,,,,,
6.787512588116817e-07,2299,,,,,,,,,,,,,,,,,,,,,,,,,,,,,,,,,,,,,,,,,,,,,,,,,,,,,,,,,,,,,,,,,,,,,,,,,,,,,,,,,,,,,,,,,,,,,,,,,,,,,,,,,,,,,,,,,,,,,,,,,,,,,,,,,,,,,,,,,,,,,,,,,,,,,,,,,,,,,,,,,,,,,,,,,,,,,,,,,,,,,,,,,,,,,,,,,,,,,,,,,,,,,,,,,,,,,,,,,,,,,,,,,,,,,,,,,,,,,,,,,,,,,,,,,,,,,,,,,,,,,,,,,,,,,,,,,,,,,,,,
,2299,99242969,2462,99240507,3000,35391989,886,35391103,1138,63850980,1576,63849404,1870,253959539767296,7031673856,253952508093440,8192102912,233355561821184,7025057792,233348536763392,8184799232,20603977946112,6616064,20603971330048,25021440,253959539767296,7031673856,253952508093440,8192102912,233355561821184,7025057792,233348536763392,8184799232,20603977946112,6616064,20603971330048,25021440,99242969,2462,99240507,3000,35391989,886,35391103,1138,63850980,1576,63849404,1870,60715071,103,60714968,237,20851629,72,20851557,137,39863442,31,39863411,117,250056329756672,211889152,250056117867520,1396042240,228999918613504,208019456,228999710594048,1392988160,21056411143168,3869696,21056407273472,18018304,-1,0,361,0,0,3,0,0,0,0,0,0,0,0,251603045563662,7021260900,251596024302762,8176189920,231006084168960,7014793216,230999069375744,8169017344,20596961394702,6467684,20596954927018,24870008,8673820672,8673820672,0,8673820672,8642363392,8642363392,0,8642363392,31457280,31457280,0,31457280,361,361,0,361,346,346,0,346,15,15,0,15,,,,,,,,,,,,,,,,,,,,,,,,,,,,,,,,,,,,,,,,,,,,,,,,,,,,,,,,,,,,,,,,,,,,,,,,,,,,,,,,,,,,,,,,,,,,,,,,,,,,,,,,,,,,,,,,,,,,,,,,,,,,,,,,,,,,,,,,,,,,,,,,,,,,,,,,,,,,,,
,2299,,,,,,,,,,,,,,,,,,,,,,,,,,,,,,,,,,,,,,,,,,,,,,,,,,,,,,,,,,,,,,,,,,,,,,,,,,,,,,,,,,,,,,,,,,,,,,,,,,,,,,,,,,,,,,,,,,,,,,,,,,,99255840,2466,99253374,3000,35396293,886,35395407,1138,63859547,1580,63857967,1870,253988918005760,7031675904,253981886329856,8192102912,233381905396736,7025057792,233374880338944,8184799232,20607012609024,6618112,20607005990912,25021440,253988918005760,7031675904,253981886329856,8192102912,233381905396736,7025057792,233374880338944,8184799232,20607012609024,6618112,20607005990912,25021440,99255840,2466,99253374,3000,35396293,886,35395407,1138,63859547,1580,63857967,1870,60723447,112,60723335,237,20854311,72,20854239,137,39869136,40,39869096,117,250086873976832,211887104,250086662089728,1396042240,229027258377216,208019456,229027050357760,1392988160,21059615599616,3867648,21059611731968,18018304,-1,0,361,0,0,3,0,0,0,0,0,0,0,0,251632151296891,7021260976,251625130035915,8176189920,231032156012544,7014793216,231025141219328,8169017344,20599995284347,6467760,20599988816587,24870008,8673820672,8673820672,0,8673820672,8642363392,8642363392,0,8642363392,31457280,31457280,0,31457280,361,361,0,361,346,346,0,346,15,15,0,15,,,,,,,,,,,,,,,,,,,,,,,,,,,,,,,,,,,,
,2299,,,,,,,,,,,,,,,,,,,,,,,,,,,,,,,,,,,,,,,,,,,,,,,,,,,,,,,,,,,,,,,,,,,,,,,,,,,,,,,,,,,,,,,,,,,,,,,,,,,,,,,,,,,,,,,,,,,,,,,,,,,,,,,,,,,,,,,,,,,,,,,,,,,,,,,,,,,,,,,,,,,,,,,,,,,,,,,,,,,,,,,,,,,,,,,,,,,,,,,,,,,,,,,,,,,,,,,,,,,,,,,,,,,,,,,,,,,,,,,,,,,,,0.0010957717895507812,9.926882921718061e-05,0.0025848043151199818,3,,,,,,,,,,,,,,,,,,,,,,,,,,,,,,,,
6.451829472977509e-07,2349,,,,,,,,,,,,,,,,,,,,,,,,,,,,,,,,,,,,,,,,,,,,,,,,,,,,,,,,,,,,,,,,,,,,,,,,,,,,,,,,,,,,,,,,,,,,,,,,,,,,,,,,,,,,,,,,,,,,,,,,,,,,,,,,,,,,,,,,,,,,,,,,,,,,,,,,,,,,,,,,,,,,,,,,,,,,,,,,,,,,,,,,,,,,,,,,,,,,,,,,,,,,,,,,,,,,,,,,,,,,,,,,,,,,,,,,,,,,,,,,,,,,,,,,,,,,,,,,,,,,,,,,,,,,,,,,,,,,,,,,
,2349,104160535,2462,104158073,3000,37154760,886,37153874,1138,67005775,1576,67004199,1870,266417324836352,7031796736,266410293039616,8192102912,244790111450112,7025180672,244783086269440,8184799232,21627213386240,6616064,21627206770176,25021440,266417324836352,7031796736,266410293039616,8192102912,244790111450112,7025180672,244783086269440,8184799232,21627213386240,6616064,21627206770176,25021440,104160535,2462,104158073,3000,37154760,886,37153874,1138,67005775,1576,67004199,1870,63655235,107,63655128,237,21892986,73,21892913,137,41762249,34,41762215,117,262538430657024,230640640,262538200016384,1396042240,240435715079168,226770944,240435488308224,1392988160,22102715577856,3869696,22102711708160,18018304,-1,0,361,0,0,3,0,0,0,0,0,0,0,0,263942252471631,7021260924,263935231210707,8176189920,242322400935936,7014793216,242315386142720,8169017344,21619851535695,6467708,21619845067987,24870008,8673820672,8673820672,0,8673820672,8642363392,8642363392,0,8642363392,31457280,31457280,0,31457280,361,361,0,361,346,346,0,346,15,15,0,15,,,,,,,,,,,,,,,,,,,,,,,,,,,,,,,,,,,,,,,,,,,,,,,,,,,,,,,,,,,,,,,,,,,,,,,,,,,,,,,,,,,,,,,,,,,,,,,,,,,,,,,,,,,,,,,,,,,,,,,,,,,,,,,,,,,,,,,,,,,,,,,,,,,,,,,,,,,,,,
,2349,,,,,,,,,,,,,,,,,,,,,,,,,,,,,,,,,,,,,,,,,,,,,,,,,,,,,,,,,,,,,,,,,,,,,,,,,,,,,,,,,,,,,,,,,,,,,,,,,,,,,,,,,,,,,,,,,,,,,,,,,,,104172906,2466,104170440,3000,37158843,886,37157957,1138,67014063,1580,67012483,1870,266444794233856,7034338304,266437759895552,8192102912,244814635123712,7027720192,244807607403520,8184799232,21630159110144,6618112,21630152492032,25021440,266444794233856,7034338304,266437759895552,8192102912,244814635123712,7027720192,244807607403520,8184799232,21630159110144,6618112,21630152492032,25021440,104172906,2466,104170440,3000,37158843,886,37157957,1138,67014063,1580,67012483,1870,63662928,110,63662818,237,21895314,59,21895255,137,41767614,51,41767563,117,262566271223808,146310144,262566124913664,1396042240,240460523580416,134053888,240460389526528,1392988160,22105747643392,12256256,22105735387136,18018304,-1,0,361,0,0,3,0,0,0,0,0,0,0,0,263969428923009,7021260940,263962407662069,8176189920,242346632508160,7014793216,242339617714944,8169017344,21622796414849,6467724,21622789947125,24870008,8673820672,8673820672,0,8673820672,8642363392,8642363392,0,8642363392,31457280,31457280,0,31457280,361,361,0,361,346,346,0,346,15,15,0,15,,,,,,,,,,,,,,,,,,,,,,,,,,,,,,,,,,,,
6.451829472977509e-07,2349,,,,,,,,,,,,,,,,,,,,,,,,,,,,,,,,,,,,,,,,,,,,,,,,,,,,,,,,,,,,,,,,,,,,,,,,,,,,,,,,,,,,,,,,,,,,,,,,,,,,,,,,,,,,,,,,,,,,,,,,,,,,,,,,,,,,,,,,,,,,,,,,,,,,,,,,,,,,,,,,,,,,,,,,,,,,,,,,,,,,,,,,,,,,,,,,,,,,,,,,,,,,,,,,,,,,,,,,,,,,,,,,,,,,,,,,,,,,,,,,,,,,,,,,,,,,,,,,,,,,,,,,,,,,,,,,,,,,,,,,
,2349,104172919,2462,104170457,3000,37158843,886,37157957,1138,67014076,1576,67012500,1870,266444794246656,7034333184,266437759913472,8192102912,244814635123712,7027720192,244807607403520,8184799232,21630159122944,6612992,21630152509952,25021440,266444794246656,7034333184,266437759913472,8192102912,244814635123712,7027720192,244807607403520,8184799232,21630159122944,6612992,21630152509952,25021440,104172919,2462,104170457,3000,37158843,886,37157957,1138,67014076,1576,67012500,1870,63662934,102,63662832,237,21895314,59,21895255,137,41767620,43,41767577,117,262566271241728,146315264,262566124926464,1396042240,240460523580416,134053888,240460389526528,1392988160,22105747661312,12261376,22105735399936,18018304,-1,0,361,0,0,3,0,0,0,0,0,0,0,0,263969428930709,7021258068,263962407672641,8176189920,242346632508160,7014793216,242339617714944,8169017344,21622796422549,6464852,21622789957697,24870008,8673820672,8673820672,0,8673820672,8642363392,8642363392,0,8642363392,31457280,31457280,0,31457280,361,361,0,361,346,346,0,346,15,15,0,15,,,,,,,,,,,,,,,,,,,,,,,,,,,,,,,,,,,,,,,,,,,,,,,,,,,,,,,,,,,,,,,,,,,,,,,,,,,,,,,,,,,,,,,,,,,,,,,,,,,,,,,,,,,,,,,,,,,,,,,,,,,,,,,,,,,,,,,,,,,,,,,,,,,,,,,,,,,,,,
,2349,,,,,,,,,,,,,,,,,,,,,,,,,,,,,,,,,,,,,,,,,,,,,,,,,,,,,,,,,,,,,,,,,,,,,,,,,,,,,,,,,,,,,,,,,,,,,,,,,,,,,,,,,,,,,,,,,,,,,,,,,,,104185241,2466,104182775,3000,37162830,886,37161944,1138,67022411,1580,67020831,1870,266472142885376,7034335232,266465108550144,8192102912,244839065654272,7027720192,244832037934080,8184799232,21633077231104,6615040,21633070616064,25021440,266472142885376,7034335232,266465108550144,8192102912,244839065654272,7027720192,244832037934080,8184799232,21633077231104,6615040,21633070616064,25021440,104185241,2466,104182775,3000,37162830,886,37161944,1138,67022411,1580,67020831,1870,63670056,108,63669948,237,21897763,59,21897704,137,41772293,49,41772244,117,262595423224320,146313216,262595276911104,1396042240,240486755884032,134053888,240486621830144,1392988160,22108667340288,12259328,22108655080960,18018304,-1,0,361,0,0,3,0,0,0,0,0,0,0,0,263996348090433,7021258144,263989326832289,8176189920,242370634405376,7014793216,242363619612160,8169017344,21625713685057,6464928,21625707220129,24870008,8673820672,8673820672,0,8673820672,8642363392,8642363392,0,8642363392,31457280,31457280,0,31457280,361,361,0,361,346,346,0,346,15,15,0,15,,,,,,,,,,,,,,,,,,,,,,,,,,,,,,,,,,,,
6.451829472977509e-07,2349,,,,,,,,,,,,,,,,,,,,,,,,,,,,,,,,,,,,,,,,,,,,,,,,,,,,,,,,,,,,,,,,,,,,,,,,,,,,,,,,,,,,,,,,,,,,,,,,,,,,,,,,,,,,,,,,,,,,,,,,,,,,,,,,,,,,,,,,,,,,,,,,,,,,,,,,,,,,,,,,,,,,,,,,,,,,,,,,,,,,,,,,,,,,,,,,,,,,,,,,,,,,,,,,,,,,,,,,,,,,,,,,,,,,,,,,,,,,,,,,,,,,,,,,,,,,,,,,,,,,,,,,,,,,,,,,,,,,,,,,
,2349,104185254,2462,104182792,3000,37162830,886,37161944,1138,67022424,1576,67020848,1870,266472142898176,7034333184,266465108564992,8192102912,244839065654272,7027720192,244832037934080,8184799232,21633077243904,6612992,21633070630912,25021440,266472142898176,7034333184,266465108564992,8192102912,244839065654272,7027720192,244832037934080,8184799232,21633077243904,6612992,21633070630912,25021440,104185254,2462,104182792,3000,37162830,886,37161944,1138,67022424,1576,67020848,1870,63670066,104,63669962,237,21897763,59,21897704,137,41772303,45,41772258,117,262595423239168,146315264,262595276923904,1396042240,240486755884032,134053888,240486621830144,1392988160,22108667355136,12261376,22108655093760,18018304,-1,0,361,0,0,3,0,0,0,0,0,0,0,0,263996348097845,7021257840,263989326840005,8176189920,242370634405376,7014793216,242363619612160,8169017344,21625713692469,6464624,21625707227845,24870008,8673820672,8673820672,0,8673820672,8642363392,8642363392,0,8642363392,31457280,31457280,0,31457280,361,361,0,361,346,346,0,346,15,15,0,15,,,,,,,,,,,,,,,,,,,,,,,,,,,,,,,,,,,,,,,,,,,,,,,,,,,,,,,,,,,,,,,,,,,,,,,,,,,,,,,,,,,,,,,,,,,,,,,,,,,,,,,,,,,,,,,,,,,,,,,,,,,,,,,,,,,,,,,,,,,,,,,,,,,,,,,,,,,,,,
,2349,,,,,,,,,,,,,,,,,,,,,,,,,,,,,,,,,,,,,,,,,,,,,,,,,,,,,,,,,,,,,,,,,,,,,,,,,,,,,,,,,,,,,,,,,,,,,,,,,,,,,,,,,,,,,,,,,,,,,,,,,,,104197576,2466,104195110,3000,37166817,886,37165931,1138,67030759,1580,67029179,1870,266499355162624,7034335232,266492320827392,8192102912,244863391212544,7027720192,244856363492352,8184799232,21635963950080,6615040,21635957335040,25021440,266499355162624,7034335232,266492320827392,8192102912,244863391212544,7027720192,244856363492352,8184799232,21635963950080,6615040,21635957335040,25021440,104197576,2466,104195110,3000,37166817,886,37165931,1138,67030759,1580,67029179,1870,63677385,107,63677278,237,21900125,59,21900066,137,41777260,48,41777212,117,262624441239552,146313216,262624294926336,1396042240,240512887180288,134053888,240512753126400,1392988160,22111554059264,12259328,22111541799936,18018304,-1,0,361,0,0,3,0,0,0,0,0,0,0,0,264023215994910,7021257856,264016194737054,8176189920,242394616457472,7014793216,242387601664256,8169017344,21628599537438,6464640,21628593072798,24870008,8673820672,8673820672,0,8673820672,8642363392,8642363392,0,8642363392,31457280,31457280,0,31457280,361,361,0,361,346,346,0,346,15,15,0,15,,,,,,,,,,,,,,,,,,,,,,,,,,,,,,,,,,,,
6.451829472977509e-07,2349,,,,,,,,,,,,,,,,,,,,,,,,,,,,,,,,,,,,,,,,,,,,,,,,,,,,,,,,,,,,,,,,,,,,,,,,,,,,,,,,,,,,,,,,,,,,,,,,,,,,,,,,,,,,,,,,,,,,,,,,,,,,,,,,,,,,,,,,,,,,,,,,,,,,,,,,,,,,,,,,,,,,,,,,,,,,,,,,,,,,,,,,,,,,,,,,,,,,,,,,,,,,,,,,,,,,,,,,,,,,,,,,,,,,,,,,,,,,,,,,,,,,,,,,,,,,,,,,,,,,,,,,,,,,,,,,,,,,,,,,
,2349,104197589,2462,104195127,3000,37166817,886,37165931,1138,67030772,1576,67029196,1870,266499355178496,7034336256,266492320842240,8192102912,244863391212544,7027720192,244856363492352,8184799232,21635963965952,6616064,21635957349888,25021440,266499355178496,7034336256,266492320842240,8192102912,244863391212544,7027720192,244856363492352,8184799232,21635963965952,6616064,21635957349888,25021440,104197589,2462,104195127,3000,37166817,886,37165931,1138,67030772,1576,67029196,1870,63677396,105,63677291,237,21900125,59,21900066,137,41777271,46,41777225,117,262624441254400,146312192,262624294942208,1396042240,240512887180288,134053888,240512753126400,1392988160,22111554074112,12258304,22111541815808,18018304,-1,0,361,0,0,3,0,0,0,0,0,0,0,0,264023216005610,7021261128,264016194744482,8176189920,242394616457472,7014793216,242387601664256,8169017344,21628599548138,6467912,21628593080226,24870008,8673820672,8673820672,0,8673820672,8642363392,8642363392,0,8642363392,31457280,31457280,0,31457280,361,361,0,361,346,346,0,346,15,15,0,15,,,,,,,,,,,,,,,,,,,,,,,,,,,,,,,,,,,,,,,,,,,,,,,,,,,,,,,,,,,,,,,,,,,,,,,,,,,,,,,,,,,,,,,,,,,,,,,,,,,,,,,,,,,,,,,,,,,,,,,,,,,,,,,,,,,,,,,,,,,,,,,,,,,,,,,,,,,,,,
,2349,,,,,,,,,,,,,,,,,,,,,,,,,,,,,,,,,,,,,,,,,,,,,,,,,,,,,,,,,,,,,,,,,,,,,,,,,,,,,,,,,,,,,,,,,,,,,,,,,,,,,,,,,,,,,,,,,,,,,,,,,,,104209911,2466,104207445,3000,37170900,886,37170014,1138,67039011,1580,67037431,1870,266526773768704,7034338304,266519739430400,8192102912,244887964062720,7027720192,244880936342528,8184799232,21638809705984,6618112,21638803087872,25021440,266526773768704,7034338304,266519739430400,8192102912,244887964062720,7027720192,244880936342528,8184799232,21638809705984,6618112,21638803087872,25021440,104209911,2466,104207445,3000,37170900,886,37170014,1138,67039011,1580,67037431,1870,63684860,105,63684755,237,21902655,59,21902596,137,41782205,46,41782159,117,262653744027136,146310144,262653597716992,1396042240,240539295456256,134053888,240539161402368,1392988160,22114448570880,12256256,22114436314624,18018304,-1,0,361,0,0,3,0,0,0,0,0,0,0,0,264050188792590,7021261144,264043167531446,8176189920,242418744384512,7014793216,242411729591296,8169017344,21631444408078,6467928,21631437940150,24870008,8673820672,8673820672,0,8673820672,8642363392,8642363392,0,8642363392,31457280,31457280,0,31457280,361,361,0,361,346,346,0,346,15,15,0,15,,,,,,,,,,,,,,,,,,,,,,,,,,,,,,,,,,,,
6.451829472977509e-07,2349,,,,,,,,,,,,,,,,,,,,,,,,,,,,,,,,,,,,,,,,,,,,,,,,,,,,,,,,,,,,,,,,,,,,,,,,,,,,,,,,,,,,,,,,,,,,,,,,,,,,,,,,,,,,,,,,,,,,,,,,,,,,,,,,,,,,,,,,,,,,,,,,,,,,,,,,,,,,,,,,,,,,,,,,,,,,,,,,,,,,,,,,,,,,,,,,,,,,,,,,,,,,,,,,,,,,,,,,,,,,,,,,,,,,,,,,,,,,,,,,,,,,,,,,,,,,,,,,,,,,,,,,,,,,,,,,,,,,,,,,
,2349,104209924,2462,104207462,3000,37170900,886,37170014,1138,67039024,1576,67037448,1870,266526773778432,7034330112,266519739448320,8192102912,244887964062720,7027720192,244880936342528,8184799232,21638809715712,6609920,21638803105792,25021440,266526773778432,7034330112,266519739448320,8192102912,244887964062720,7027720192,244880936342528,8184799232,21638809715712,6609920,21638803105792,25021440,104209924,2462,104207462,3000,37170900,886,37170014,1138,67039024,1576,67037448,1870,63684871,104,63684767,237,21902655,59,21902596,137,41782216,45,41782171,117,262653744045056,146318336,262653597726720,1396042240,240539295456256,134053888,240539161402368,1392988160,22114448588800,12264448,22114436324352,18018304,-1,0,361,0,0,3,0,0,0,0,0,0,0,0,264050188795850,7021253688,264043167542162,8176189920,242418744384512,7014793216,242411729591296,8169017344,21631444411338,6460472,21631437950866,24870008,8673820672,8673820672,0,8673820672,8642363392,8642363392,0,8642363392,31457280,31457280,0,31457280,361,361,0,361,346,346,0,346,15,15,0,15,,,,,,,,,,,,,,,,,,,,,,,,,,,,,,,,,,,,,,,,,,,,,,,,,,,,,,,,,,,,,,,,,,,,,,,,,,,,,,,,,,,,,,,,,,,,,,,,,,,,,,,,,,,,,,,,,,,,,,,,,,,,,,,,,,,,,,,,,,,,,,,,,,,,,,,,,,,,,,
,2349,,,,,,,,,,,,,,,,,,,,,,,,,,,,,,,,,,,,,,,,,,,,,,,,,,,,,,,,,,,,,,,,,,,,,,,,,,,,,,,,,,,,,,,,,,,,,,,,,,,,,,,,,,,,,,,,,,,,,,,,,,,104222295,2466,104219829,3000,37174882,886,37173996,1138,67047413,1580,67045833,1870,266553816352256,7034332160,266546782020096,8192102912,244912226984960,7027720192,244905199264768,8184799232,21641589367296,6611968,21641582755328,25021440,266553816352256,7034332160,266546782020096,8192102912,244912226984960,7027720192,244905199264768,8184799232,21641589367296,6611968,21641582755328,25021440,104222295,2466,104219829,3000,37174882,886,37173996,1138,67047413,1580,67045833,1870,63691976,107,63691869,237,21905000,59,21904941,137,41786976,48,41786928,117,262682606232064,146316288,262682459915776,1396042240,240565377993728,134053888,240565243939840,1392988160,22117228238336,12262400,22117215975936,18018304,-1,0,361,0,0,3,0,0,0,0,0,0,0,0,264076874604047,7021253644,264069853350403,8176189920,242442651479808,7014793216,242435636686592,8169017344,21634223124239,6460428,21634216663811,24870008,8673820672,8673820672,0,8673820672,8642363392,8642363392,0,8642363392,31457280,31457280,0,31457280,361,361,0,361,346,346,0,346,15,15,0,15,,,,,,,,,,,,,,,,,,,,,,,,,,,,,,,,,,,,
6.451829472977509e-07,2349,,,,,,,,,,,,,,,,,,,,,,,,,,,,,,,,,,,,,,,,,,,,,,,,,,,,,,,,,,,,,,,,,,,,,,,,,,,,,,,,,,,,,,,,,,,,,,,,,,,,,,,,,,,,,,,,,,,,,,,,,,,,,,,,,,,,,,,,,,,,,,,,,,,,,,,,,,,,,,,,,,,,,,,,,,,,,,,,,,,,,,,,,,,,,,,,,,,,,,,,,,,,,,,,,,,,,,,,,,,,,,,,,,,,,,,,,,,,,,,,,,,,,,,,,,,,,,,,,,,,,,,,,,,,,,,,,,,,,,,,
,2349,104222308,2462,104219846,3000,37174882,886,37173996,1138,67047426,1576,67045850,1870,266553816371200,7034339328,266546782031872,8192102912,244912226984960,7027720192,244905199264768,8184799232,21641589386240,6619136,21641582767104,25021440,266553816371200,7034339328,266546782031872,8192102912,244912226984960,7027720192,244905199264768,8184799232,21641589386240,6619136,21641582767104,25021440,104222308,2462,104219846,3000,37174882,886,37173996,1138,67047426,1576,67045850,1870,63691986,105,63691881,237,21905000,59,21904941,137,41786986,46,41786940,117,262682606243840,146309120,262682459934720,1396042240,240565377993728,134053888,240565243939840,1392988160,22117228250112,12255232,22117215994880,18018304,-1,0,361,0,0,3,0,0,0,0,0,0,0,0,264076874616979,7021263300,264069853353679,8176189920,242442651479808,7014793216,242435636686592,8169017344,21634223137171,6470084,21634216667087,24870008,8673820672,8673820672,0,8673820672,8642363392,8642363392,0,8642363392,31457280,31457280,0,31457280,361,361,0,361,346,346,0,346,15,15,0,15,,,,,,,,,,,,,,,,,,,,,,,,,,,,,,,,,,,,,,,,,,,,,,,,,,,,,,,,,,,,,,,,,,,,,,,,,,,,,,,,,,,,,,,,,,,,,,,,,,,,,,,,,,,,,,,,,,,,,,,,,,,,,,,,,,,,,,,,,,,,,,,,,,,,,,,,,,,,,,
,2349,,,,,,,,,,,,,,,,,,,,,,,,,,,,,,,,,,,,,,,,,,,,,,,,,,,,,,,,,,,,,,,,,,,,,,,,,,,,,,,,,,,,,,,,,,,,,,,,,,,,,,,,,,,,,,,,,,,,,,,,,,,104235231,2466,104232765,3000,37181773,886,37180887,1138,67053458,1580,67051878,1870,266609468218368,7034341376,266602433876992,8192102912,244967071945728,7027720192,244960044225536,8184799232,21642396272640,6621184,21642389651456,25021440,266609468218368,7034341376,266602433876992,8192102912,244967071945728,7027720192,244960044225536,8184799232,21642396272640,6621184,21642389651456,25021440,104235231,2466,104232765,3000,37181773,886,37180887,1138,67053458,1580,67051878,1870,63700215,109,63700106,237,21910070,59,21910011,137,41790145,50,41790095,117,262732974896128,146307072,262732828589056,1396042240,240614939761664,134053888,240614805707776,1392988160,22118035134464,12253184,22118022881280,18018304,-1,0,361,0,0,3,0,0,0,0,0,0,0,0,264131770127287,7021263316,264124748863971,8176189920,242496740946432,7014793216,242489726153216,8169017344,21635029180855,6470100,21635022710755,24870008,8673820672,8673820672,0,8673820672,8642363392,8642363392,0,8642363392,31457280,31457280,0,31457280,361,361,0,361,346,346,0,346,15,15,0,15,,,,,,,,,,,,,,,,,,,,,,,,,,,,,,,,,,,,
6.451829472977509e-07,2349,,,,,,,,,,,,,,,,,,,,,,,,,,,,,,,,,,,,,,,,,,,,,,,,,,,,,,,,,,,,,,,,,,,,,,,,,,,,,,,,,,,,,,,,,,,,,,,,,,,,,,,,,,,,,,,,,,,,,,,,,,,,,,,,,,,,,,,,,,,,,,,,,,,,,,,,,,,,,,,,,,,,,,,,,,,,,,,,,,,,,,,,,,,,,,,,,,,,,,,,,,,,,,,,,,,,,,,,,,,,,,,,,,,,,,,,,,,,,,,,,,,,,,,,,,,,,,,,,,,,,,,,,,,,,,,,,,,,,,,,
,2349,104235244,2462,104232782,3000,37181773,886,37180887,1138,67053471,1576,67051895,1870,266609468232704,7034334720,266602433897984,8192102912,244967071945728,7027720192,244960044225536,8184799232,21642396286976,6614528,21642389672448,25021440,266609468232704,7034334720,266602433897984,8192102912,244967071945728,7027720192,244960044225536,8184799232,21642396286976,6614528,21642389672448,25021440,104235244,2462,104232782,3000,37181773,886,37180887,1138,67053471,1576,67051895,1870,63700226,106,63700120,237,21910070,59,21910011,137,41790156,47,41790109,117,262732974917120,146313728,262732828603392,1396042240,240614939761664,134053888,240614805707776,1392988160,22118035155456,12259840,22118022895616,18018304,-1,0,361,0,0,3,0,0,0,0,0,0,0,0,264131770136379,7021259460,264124748876919,8176189920,242496740946432,7014793216,242489726153216,8169017344,21635029189947,6466244,21635022723703,24870008,8673820672,8673820672,0,8673820672,8642363392,8642363392,0,8642363392,31457280,31457280,0,31457280,361,361,0,361,346,346,0,346,15,15,0,15,,,,,,,,,,,,,,,,,,,,,,,,,,,,,,,,,,,,,,,,,,,,,,,,,,,,,,,,,,,,,,,,,,,,,,,,,,,,,,,,,,,,,,,,,,,,,,,,,,,,,,,,,,,,,,,,,,,,,,,,,,,,,,,,,,,,,,,,,,,,,,,,,,,,,,,,,,,,,,
,2349,,,,,,,,,,,,,,,,,,,,,,,,,,,,,,,,,,,,,,,,,,,,,,,,,,,,,,,,,,,,,,,,,,,,,,,,,,,,,,,,,,,,,,,,,,,,,,,,,,,,,,,,,,,,,,,,,,,,,,,,,,,104247615,2466,104245149,3000,37185856,886,37184970,1138,67061759,1580,67060179,1870,266636903639040,7034336768,266629869302272,8192102912,244991649170432,7027720192,244984621450240,8184799232,21645254468608,6616576,21645247852032,25021440,266636903639040,7034336768,266629869302272,8192102912,244991649170432,7027720192,244984621450240,8184799232,21645254468608,6616576,21645247852032,25021440,104247615,2466,104245149,3000,37185856,886,37184970,1138,67061759,1580,67060179,1870,63707916,111,63707805,237,21912600,59,21912541,137,41795316,52,41795264,117,262762288984576,146311680,262762142672896,1396042240,240641348463616,134053888,240641214409728,1392988160,22120940520960,12257792,22120928263168,18018304,-1,0,361,0,0,3,0,0,0,0,0,0,0,0,264158766952267,7021259476,264151745692791,8176189920,242520880477440,7014793216,242513865684224,8169017344,21637886474827,6466260,21637880008567,24870008,8673820672,8673820672,0,8673820672,8642363392,8642363392,0,8642363392,31457280,31457280,0,31457280,361,361,0,361,346,346,0,346,15,15,0,15,,,,,,,,,,,,,,,,,,,,,,,,,,,,,,,,,,,,
6.451829472977509e-07,2349,,,,,,,,,,,,,,,,,,,,,,,,,,,,,,,,,,,,,,,,,,,,,,,,,,,,,,,,,,,,,,,,,,,,,,,,,,,,,,,,,,,,,,,,,,,,,,,,,,,,,,,,,,,,,,,,,,,,,,,,,,,,,,,,,,,,,,,,,,,,,,,,,,,,,,,,,,,,,,,,,,,,,,,,,,,,,,,,,,,,,,,,,,,,,,,,,,,,,,,,,,,,,,,,,,,,,,,,,,,,,,,,,,,,,,,,,,,,,,,,,,,,,,,,,,,,,,,,,,,,,,,,,,,,,,,,,,,,,,,,
,2349,104247628,2462,104245166,3000,37185856,886,37184970,1138,67061772,1576,67060196,1870,266636903653376,7034334720,266629869318656,8192102912,244991649170432,7027720192,244984621450240,8184799232,21645254482944,6614528,21645247868416,25021440,266636903653376,7034334720,266629869318656,8192102912,244991649170432,7027720192,244984621450240,8184799232,21645254482944,6614528,21645247868416,25021440,104247628,2462,104245166,3000,37185856,886,37184970,1138,67061772,1576,67060196,1870,63707926,107,63707819,237,21912600,59,21912541,137,41795326,48,41795278,117,262762289000960,146313728,262762142687232,1396042240,240641348463616,134053888,240641214409728,1392988160,22120940537344,12259840,22120928277504,18018304,-1,0,361,0,0,3,0,0,0,0,0,0,0,0,264158766961407,7021259508,264151745701899,8176189920,242520880477440,7014793216,242513865684224,8169017344,21637886483967,6466292,21637880017675,24870008,8673820672,8673820672,0,8673820672,8642363392,8642363392,0,8642363392,31457280,31457280,0,31457280,361,361,0,361,346,346,0,346,15,15,0,15,,,,,,,,,,,,,,,,,,,,,,,,,,,,,,,,,,,,,,,,,,,,,,,,,,,,,,,,,,,,,,,,,,,,,,,,,,,,,,,,,,,,,,,,,,,,,,,,,,,,,,,,,,,,,,,,,,,,,,,,,,,,,,,,,,,,,,,,,,,,,,,,,,,,,,,,,,,,,,
,2349,,,,,,,,,,,,,,,,,,,,,,,,,,,,,,,,,,,,,,,,,,,,,,,,,,,,,,,,,,,,,,,,,,,,,,,,,,,,,,,,,,,,,,,,,,,,,,,,,,,,,,,,,,,,,,,,,,,,,,,,,,,104260548,2466,104258082,3000,37190160,886,37189274,1138,67070388,1580,67068808,1870,266666126277632,7034336768,266659091940864,8192102912,245017987023872,7027720192,245010959303680,8184799232,21648139253760,6616576,21648132637184,25021440,266666126277632,7034336768,266659091940864,8192102912,245017987023872,7027720192,245010959303680,8184799232,21648139253760,6616576,21648132637184,25021440,104260548,2466,104258082,3000,37190160,886,37189274,1138,67070388,1580,67068808,1870,63715906,110,63715796,237,21915175,59,21915116,137,41800731,51,41800680,117,262793309521408,146311680,262793163209728,1396042240,240669440175104,134053888,240669306121216,1392988160,22123869346304,12257792,22123857088512,18018304,-1,0,361,0,0,3,0,0,0,0,0,0,0,0,264187565808943,7021259524,264180544549419,8176189920,242546795440128,7014793216,242539780646912,8169017344,21640770368815,6466308,21640763902507,24870008,8673820672,8673820672,0,8673820672,8642363392,8642363392,0,8642363392,31457280,31457280,0,31457280,361,361,0,361,346,346,0,346,15,15,0,15,,,,,,,,,,,,,,,,,,,,,,,,,,,,,,,,,,,,
,2349,,,,,,,,,,,,,,,,,,,,,,,,,,,,,,,,,,,,,,,,,,,,,,,,,,,,,,,,,,,,,,,,,,,,,,,,,,,,,,,,,,,,,,,,,,,,,,,,,,,,,,,,,,,,,,,,,,,,,,,,,,,,,,,,,,,,,,,,,,,,,,,,,,,,,,,,,,,,,,,,,,,,,,,,,,,,,,,,,,,,,,,,,,,,,,,,,,,,,,,,,,,,,,,,,,,,,,,,,,,,,,,,,,,,,,,,,,,,,,,,,,,,,0.00034880638122558594,2.0796844182768837e-05,0.0006607590476050973,3,,,,,,,,,,,,,,,,,,,,,,,,,,,,,,,,
6.1161463578382e-07,2399,,,,,,,,,,,,,,,,,,,,,,,,,,,,,,,,,,,,,,,,,,,,,,,,,,,,,,,,,,,,,,,,,,,,,,,,,,,,,,,,,,,,,,,,,,,,,,,,,,,,,,,,,,,,,,,,,,,,,,,,,,,,,,,,,,,,,,,,,,,,,,,,,,,,,,,,,,,,,,,,,,,,,,,,,,,,,,,,,,,,,,,,,,,,,,,,,,,,,,,,,,,,,,,,,,,,,,,,,,,,,,,,,,,,,,,,,,,,,,,,,,,,,,,,,,,,,,,,,,,,,,,,,,,,,,,,,,,,,,,,
,2399,109159785,2462,109157323,3000,38916418,886,38915532,1138,70243367,1576,70241791,1870,278895856818688,7034185216,278888822633472,8192102912,256203926873088,7027539968,256196899333120,8184799232,22691929945600,6645248,22691923300352,25021440,278895856818688,7034185216,278888822633472,8192102912,256203926873088,7027539968,256196899333120,8184799232,22691929945600,6645248,22691923300352,25021440,109159785,2462,109157323,3000,38916418,886,38915532,1138,70243367,1576,70241791,1870,66638503,115,66638388,237,22912529,70,22912459,137,43725974,45,43725929,117,275074521859584,211474944,275074310384640,1396042240,251885591047168,205537280,251885385509888,1392988160,23188930812416,5937664,23188924874752,18018304,-1,0,361,0,0,3,0,0,0,0,0,0,0,0,276300188118793,7021289856,276293166828937,8176189920,253615970672640,7014793216,253608955879424,8169017344,22684217446153,6496640,22684210949513,24870008,8673820672,8673820672,0,8673820672,8642363392,8642363392,0,8642363392,31457280,31457280,0,31457280,361,361,0,361,346,346,0,346,15,15,0,15,,,,,,,,,,,,,,,,,,,,,,,,,,,,,,,,,,,,,,,,,,,,,,,,,,,,,,,,,,,,,,,,,,,,,,,,,,,,,,,,,,,,,,,,,,,,,,,,,,,,,,,,,,,,,,,,,,,,,,,,,,,,,,,,,,,,,,,,,,,,,,,,,,,,,,,,,,,,,,
,2399,,,,,,,,,,,,,,,,,,,,,,,,,,,,,,,,,,,,,,,,,,,,,,,,,,,,,,,,,,,,,,,,,,,,,,,,,,,,,,,,,,,,,,,,,,,,,,,,,,,,,,,,,,,,,,,,,,,,,,,,,,,109172708,2466,109170242,3000,38923455,886,38922569,1138,70249253,1580,70247673,1870,279001843198976,7026486784,278994816712192,8192102912,256309279127552,7019839488,256302259288064,8184799232,22692564071424,6647296,22692557424128,25021440,279001843198976,7026486784,278994816712192,8192102912,256309279127552,7019839488,256302259288064,8184799232,22692564071424,6647296,22692557424128,25021440,109172708,2466,109170242,3000,38923455,886,38922569,1138,70249253,1580,70247673,1870,66646772,105,66646667,237,22917471,73,22917398,137,43729301,32,43729269,117,275128431939584,347099648,275128084839936,1396042240,251938867003392,341164032,251938525839360,1392988160,23189564936192,5935616,23189559000576,18018304,-1,0,361,0,0,3,0,0,0,0,0,0,0,0,276405479395046,7021289812,276398458105234,8176189920,253720628767488,7014793216,253713613974272,8169017344,22684850627558,6496596,22684844130962,24870008,8673820672,8673820672,0,8673820672,8642363392,8642363392,0,8642363392,31457280,31457280,0,31457280,361,361,0,361,346,346,0,346,15,15,0,15,,,,,,,,,,,,,,,,,,,,,,,,,,,,,,,,,,,,
6.1161463578382e-07,2399,,,,,,,,,,,,,,,,,,,,,,,,,,,,,,,,,,,,,,,,,,,,,,,,,,,,,,,,,,,,,,,,,,,,,,,,,,,,,,,,,,,,,,,,,,,,,,,,,,,,,,,,,,,,,,,,,,,,,,,,,,,,,,,,,,,,,,,,,,,,,,,,,,,,,,,,,,,,,,,,,,,,,,,,,,,,,,,,,,,,,,,,,,,,,,,,,,,,,,,,,,,,,,,,,,,,,,,,,,,,,,,,,,,,,,,,,,,,,,,,,,,,,,,,,,,,,,,,,,,,,,,,,,,,,,,,,,,,,,,,
,2399,109172721,2462,109170259,3000,38923455,886,38922569,1138,70249266,1576,70247690,1870,279001843213312,7026454016,278994816759296,8192102912,256309279127552,7019839488,256302259288064,8184799232,22692564085760,6614528,22692557471232,25021440,279001843213312,7026454016,278994816759296,8192102912,256309279127552,7019839488,256302259288064,8184799232,22692564085760,6614528,22692557471232,25021440,109172721,2462,109170259,3000,38923455,886,38922569,1138,70249266,1576,70247690,1870,66646778,97,66646681,237,22917471,73,22917398,137,43729307,24,43729283,117,275128431986688,347132416,275128084854272,1396042240,251938867003392,341164032,251938525839360,1392988160,23189564983296,5968384,23189559014912,18018304,-1,0,361,0,0,3,0,0,0,0,0,0,0,0,276405479403802,7021259124,276398458144678,8176189920,253720628767488,7014793216,253713613974272,8169017344,22684850636314,6465908,22684844170406,24870008,8673820672,8673820672,0,8673820672,8642363392,8642363392,0,8642363392,31457280,31457280,0,31457280,361,361,0,361,346,346,0,346,15,15,0,15,,,,,,,,,,,,,,,,,,,,,,,,,,,,,,,,,,,,,,,,,,,,,,,,,,,,,,,,,,,,,,,,,,,,,,,,,,,,,,,,,,,,,,,,,,,,,,,,,,,,,,,,,,,,,,,,,,,,,,,,,,,,,,,,,,,,,,,,,,,,,,,,,,,,,,,,,,,,,,
,2399,,,,,,,,,,,,,,,,,,,,,,,,,,,,,,,,,,,,,,,,,,,,,,,,,,,,,,,,,,,,,,,,,,,,,,,,,,,,,,,,,,,,,,,,,,,,,,,,,,,,,,,,,,,,,,,,,,,,,,,,,,,109185092,2466,109182626,3000,38927538,886,38926652,1138,70257554,1580,70255974,1870,279029344452608,7026456064,279022317996544,8192102912,256333934684160,7019839488,256326914844672,8184799232,22695409768448,6616576,22695403151872,25021440,279029344452608,7026456064,279022317996544,8192102912,256333934684160,7019839488,256326914844672,8184799232,22695409768448,6616576,22695403151872,25021440,109185092,2466,109182626,3000,38927538,886,38926652,1138,70257554,1580,70255974,1870,66654184,104,66654080,237,22920061,73,22919988,137,43734123,31,43734092,117,275156866675712,347130368,275156519545344,1396042240,251964333248512,341164032,251963992084480,1392988160,23192533427200,5966336,23192527460864,18018304,-1,0,361,0,0,3,0,0,0,0,0,0,0,0,276432450450170,7021259140,276425429191030,8176189920,253744755035648,7014793216,253737740242432,8169017344,22687695414522,6465924,22687688948598,24870008,8673820672,8673820672,0,8673820672,8642363392,8642363392,0,8642363392,31457280,31457280,0,31457280,361,361,0,361,346,346,0,346,15,15,0,15,,,,,,,,,,,,,,,,,,,,,,,,,,,,,,,,,,,,
6.1161463578382e-07,2399,,,,,,,,,,,,,,,,,,,,,,,,,,,,,,,,,,,,,,,,,,,,,,,,,,,,,,,,,,,,,,,,,,,,,,,,,,,,,,,,,,,,,,,,,,,,,,,,,,,,,,,,,,,,,,,,,,,,,,,,,,,,,,,,,,,,,,,,,,,,,,,,,,,,,,,,,,,,,,,,,,,,,,,,,,,,,,,,,,,,,,,,,,,,,,,,,,,,,,,,,,,,,,,,,,,,,,,,,,,,,,,,,,,,,,,,,,,,,,,,,,,,,,,,,,,,,,,,,,,,,,,,,,,,,,,,,,,,,,,,
,2399,109185105,2462,109182643,3000,38927538,886,38926652,1138,70257567,1576,70255991,1870,279029344468480,7026455552,279022318012928,8192102912,256333934684160,7019839488,256326914844672,8184799232,22695409784320,6616064,22695403168256,25021440,279029344468480,7026455552,279022318012928,8192102912,256333934684160,7019839488,256326914844672,8184799232,22695409784320,6616064,22695403168256,25021440,109185105,2462,109182643,3000,38927538,886,38926652,1138,70257567,1576,70255991,1870,66654194,101,66654093,237,22920061,73,22919988,137,43734133,28,43734105,117,275156866692096,347130880,275156519561216,1396042240,251964333248512,341164032,251963992084480,1392988160,23192533443584,5966848,23192527476736,18018304,-1,0,361,0,0,3,0,0,0,0,0,0,0,0,276432450460510,7021260708,276425429199802,8176189920,253744755035648,7014793216,253737740242432,8169017344,22687695424862,6467492,22687688957370,24870008,8673820672,8673820672,0,8673820672,8642363392,8642363392,0,8642363392,31457280,31457280,0,31457280,361,361,0,361,346,346,0,346,15,15,0,15,,,,,,,,,,,,,,,,,,,,,,,,,,,,,,,,,,,,,,,,,,,,,,,,,,,,,,,,,,,,,,,,,,,,,,,,,,,,,,,,,,,,,,,,,,,,,,,,,,,,,,,,,,,,,,,,,,,,,,,,,,,,,,,,,,,,,,,,,,,,,,,,,,,,,,,,,,,,,,
,2399,,,,,,,,,,,,,,,,,,,,,,,,,,,,,,,,,,,,,,,,,,,,,,,,,,,,,,,,,,,,,,,,,,,,,,,,,,,,,,,,,,,,,,,,,,,,,,,,,,,,,,,,,,,,,,,,,,,,,,,,,,,109197427,2466,109194961,3000,38931621,886,38930735,1138,70265806,1580,70264226,1870,279057191599616,7026457600,279050165142016,8192102912,256358736250880,7019839488,256351716411392,8184799232,22698455348736,6618112,22698448730624,25021440,279057191599616,7026457600,279050165142016,8192102912,256358736250880,7019839488,256351716411392,8184799232,22698455348736,6618112,22698448730624,25021440,109197427,2466,109194961,3000,38931621,886,38930735,1138,70265806,1580,70264226,1870,66661231,105,66661126,237,22922667,73,22922594,137,43738564,32,43738532,117,275185588937728,347128832,275185241808896,1396042240,251989873414144,341164032,251989532250112,1392988160,23195715523584,5964800,23195709558784,18018304,-1,0,361,0,0,3,0,0,0,0,0,0,0,0,276459830459996,7021260784,276452809199212,8176189920,253769090232576,7014793216,253762075439360,8169017344,22690740227420,6467568,22690733759852,24870008,8673820672,8673820672,0,8673820672,8642363392,8642363392,0,8642363392,31457280,31457280,0,31457280,361,361,0,361,346,346,0,346,15,15,0,15,,,,,,,,,,,,,,,,,,,,,,,,,,,,,,,,,,,,
6.1161463578382e-07,2399,,,,,,,,,,,,,,,,,,,,,,,,,,,,,,,,,,,,,,,,,,,,,,,,,,,,,,,,,,,,,,,,,,,,,,,,,,,,,,,,,,,,,,,,,,,,,,,,,,,,,,,,,,,,,,,,,,,,,,,,,,,,,,,,,,,,,,,,,,,,,,,,,,,,,,,,,,,,,,,,,,,,,,,,,,,,,,,,,,,,,,,,,,,,,,,,,,,,,,,,,,,,,,,,,,,,,,,,,,,,,,,,,,,,,,,,,,,,,,,,,,,,,,,,,,,,,,,,,,,,,,,,,,,,,,,,,,,,,,,,
,2399,109197440,2462,109194978,3000,38931621,886,38930735,1138,70265819,1576,70264243,1870,279057191618560,7026458624,279050165159936,8192102912,256358736250880,7019839488,256351716411392,8184799232,22698455367680,6619136,22698448748544,25021440,279057191618560,7026458624,279050165159936,8192102912,256358736250880,7019839488,256351716411392,8184799232,22698455367680,6619136,22698448748544,25021440,109197440,2462,109194978,3000,38931621,886,38930735,1138,70265819,1576,70264243,1870,66661241,102,66661139,237,22922667,73,22922594,137,43738574,29,43738545,117,275185588955648,347127808,275185241827840,1396042240,251989873414144,341164032,251989532250112,1392988160,23195715541504,5963776,23195709577728,18018304,-1,0,361,0,0,3,0,0,0,0,0,0,0,0,276459830472952,7021263384,276452809209568,8176189920,253769090232576,7014793216,253762075439360,8169017344,22690740240376,6470168,22690733770208,24870008,8673820672,8673820672,0,8673820672,8642363392,8642363392,0,8642363392,31457280,31457280,0,31457280,361,361,0,361,346,346,0,346,15,15,0,15,,,,,,,,,,,,,,,,,,,,,,,,,,,,,,,,,,,,,,,,,,,,,,,,,,,,,,,,,,,,,,,,,,,,,,,,,,,,,,,,,,,,,,,,,,,,,,,,,,,,,,,,,,,,,,,,,,,,,,,,,,,,,,,,,,,,,,,,,,,,,,,,,,,,,,,,,,,,,,
,2399,,,,,,,,,,,,,,,,,,,,,,,,,,,,,,,,,,,,,,,,,,,,,,,,,,,,,,,,,,,,,,,,,,,,,,,,,,,,,,,,,,,,,,,,,,,,,,,,,,,,,,,,,,,,,,,,,,,,,,,,,,,109210363,2466,109207897,3000,38938512,886,38937626,1138,70271851,1580,70270271,1870,279112233132032,7026460672,279105206671360,8192102912,256413004183552,7019839488,256405984344064,8184799232,22699228948480,6621184,22699222327296,25021440,279112233132032,7026460672,279105206671360,8192102912,256413004183552,7019839488,256405984344064,8184799232,22699228948480,6621184,22699222327296,25021440,109210363,2466,109207897,3000,38938512,886,38937626,1138,70271851,1580,70270271,1870,66669268,107,66669161,237,22927698,73,22927625,137,43741570,34,43741536,117,275237227256320,347125760,275236880130560,1396042240,252040738136064,341164032,252040396972032,1392988160,23196489120256,5961728,23196483158528,18018304,-1,0,361,0,0,3,0,0,0,0,0,0,0,0,276514190771745,7021263340,276507169508405,8176189920,253822677873664,7014793216,253815663080448,8169017344,22691512898081,6470124,22691506427957,24870008,8673820672,8673820672,0,8673820672,8642363392,8642363392,0,8642363392,31457280,31457280,0,31457280,361,361,0,361,346,346,0,346,15,15,0,15,,,,,,,,,,,,,,,,,,,,,,,,,,,,,,,,,,,,
6.1161463578382e-07,2399,,,,,,,,,,,,,,,,,,,,,,,,,,,,,,,,,,,,,,,,,,,,,,,,,,,,,,,,,,,,,,,,,,,,,,,,,,,,,,,,,,,,,,,,,,,,,,,,,,,,,,,,,,,,,,,,,,,,,,,,,,,,,,,,,,,,,,,,,,,,,,,,,,,,,,,,,,,,,,,,,,,,,,,,,,,,,,,,,,,,,,,,,,,,,,,,,,,,,,,,,,,,,,,,,,,,,,,,,,,,,,,,,,,,,,,,,,,,,,,,,,,,,,,,,,,,,,,,,,,,,,,,,,,,,,,,,,,,,,,,
,2399,109210376,2462,109207914,3000,38938512,886,38937626,1138,70271864,1576,70270288,1870,279112233143296,7026450944,279105206692352,8192102912,256413004183552,7019839488,256405984344064,8184799232,22699228959744,6611456,22699222348288,25021440,279112233143296,7026450944,279105206692352,8192102912,256413004183552,7019839488,256405984344064,8184799232,22699228959744,6611456,22699222348288,25021440,109210376,2462,109207914,3000,38938512,886,38937626,1138,70271864,1576,70270288,1870,66669277,102,66669175,237,22927698,73,22927625,137,43741579,29,43741550,117,275237227277312,347135488,275236880141824,1396042240,252040738136064,341164032,252040396972032,1392988160,23196489141248,5971456,23196483169792,18018304,-1,0,361,0,0,3,0,0,0,0,0,0,0,0,276514190777669,7021256292,276507169521377,8176189920,253822677873664,7014793216,253815663080448,8169017344,22691512904005,6463076,22691506440929,24870008,8673820672,8673820672,0,8673820672,8642363392,8642363392,0,8642363392,31457280,31457280,0,31457280,361,361,0,361,346,346,0,346,15,15,0,15,,,,,,,,,,,,,,,,,,,,,,,,,,,,,,,,,,,,,,,,,,,,,,,,,,,,,,,,,,,,,,,,,,,,,,,,,,,,,,,,,,,,,,,,,,,,,,,,,,,,,,,,,,,,,,,,,,,,,,,,,,,,,,,,,,,,,,,,,,,,,,,,,,,,,,,,,,,,,,
,2399,,,,,,,,,,,,,,,,,,,,,,,,,,,,,,,,,,,,,,,,,,,,,,,,,,,,,,,,,,,,,,,,,,,,,,,,,,,,,,,,,,,,,,,,,,,,,,,,,,,,,,,,,,,,,,,,,,,,,,,,,,,109222698,2466,109220232,3000,38943190,886,38942304,1138,70279508,1580,70277928,1870,279140987273728,7026452992,279133960820736,8192102912,256439139080192,7019839488,256432119240704,8184799232,22701848193536,6613504,22701841580032,25021440,279140987273728,7026452992,279133960820736,8192102912,256439139080192,7019839488,256432119240704,8184799232,22701848193536,6613504,22701841580032,25021440,109222698,2466,109220232,3000,38943190,886,38942304,1138,70279508,1580,70277928,1870,66677120,105,66677015,237,22930993,73,22930920,137,43746127,32,43746095,117,275266691037696,347133440,275266343904256,1396042240,252067509526528,341164032,252067168362496,1392988160,23199181511168,5969408,23199175541760,18018304,-1,0,361,0,0,3,0,0,0,0,0,0,0,0,276542050642368,7021256368,276535029386000,8176189920,253847919544064,7014793216,253840904750848,8169017344,22694131098304,6463152,22694124635152,24870008,8673820672,8673820672,0,8673820672,8642363392,8642363392,0,8642363392,31457280,31457280,0,31457280,361,361,0,361,346,346,0,346,15,15,0,15,,,,,,,,,,,,,,,,,,,,,,,,,,,,,,,,,,,,
6.1161463578382e-07,2399,,,,,,,,,,,,,,,,,,,,,,,,,,,,,,,,,,,,,,,,,,,,,,,,,,,,,,,,,,,,,,,,,,,,,,,,,,,,,,,,,,,,,,,,,,,,,,,,,,,,,,,,,,,,,,,,,,,,,,,,,,,,,,,,,,,,,,,,,,,,,,,,,,,,,,,,,,,,,,,,,,,,,,,,,,,,,,,,,,,,,,,,,,,,,,,,,,,,,,,,,,,,,,,,,,,,,,,,,,,,,,,,,,,,,,,,,,,,,,,,,,,,,,,,,,,,,,,,,,,,,,,,,,,,,,,,,,,,,,,,
,2399,109222711,2462,109220249,3000,38943190,886,38942304,1138,70279521,1576,70277945,1870,279140987291136,7026457088,279133960834048,8192102912,256439139080192,7019839488,256432119240704,8184799232,22701848210944,6617600,22701841593344,25021440,279140987291136,7026457088,279133960834048,8192102912,256439139080192,7019839488,256432119240704,8184799232,22701848210944,6617600,22701841593344,25021440,109222711,2462,109220249,3000,38943190,886,38942304,1138,70279521,1576,70277945,1870,66677129,102,66677027,237,22930993,73,22930920,137,43746136,29,43746107,117,275266691051008,347129344,275266343921664,1396042240,252067509526528,341164032,252067168362496,1392988160,23199181524480,5965312,23199175559168,18018304,-1,0,361,0,0,3,0,0,0,0,0,0,0,0,276542050654364,7021262424,276535029391940,8176189920,253847919544064,7014793216,253840904750848,8169017344,22694131110300,6469208,22694124641092,24870008,8673820672,8673820672,0,8673820672,8642363392,8642363392,0,8642363392,31457280,31457280,0,31457280,361,361,0,361,346,346,0,346,15,15,0,15,,,,,,,,,,,,,,,,,,,,,,,,,,,,,,,,,,,,,,,,,,,,,,,,,,,,,,,,,,,,,,,,,,,,,,,,,,,,,,,,,,,,,,,,,,,,,,,,,,,,,,,,,,,,,,,,,,,,,,,,,,,,,,,,,,,,,,,,,,,,,,,,,,,,,,,,,,,,,,
,2399,,,,,,,,,,,,,,,,,,,,,,,,,,,,,,,,,,,,,,,,,,,,,,,,,,,,,,,,,,,,,,,,,,,,,,,,,,,,,,,,,,,,,,,,,,,,,,,,,,,,,,,,,,,,,,,,,,,,,,,,,,,109235033,2466,109232567,3000,38947177,886,38946291,1138,70287856,1580,70286276,1870,279168190445568,7026459136,279161163986432,8192102912,256463517763584,7019839488,256456497924096,8184799232,22704672681984,6619648,22704666062336,25021440,279168190445568,7026459136,279161163986432,8192102912,256463517763584,7019839488,256456497924096,8184799232,22704672681984,6619648,22704666062336,25021440,109235033,2466,109232567,3000,38947177,886,38946291,1138,70287856,1580,70286276,1870,66684325,104,66684221,237,22933440,73,22933367,137,43750885,31,43750854,117,275294800672768,347127296,275294453545472,1396042240,252092716068864,341164032,252092374904832,1392988160,23202084603904,5963264,23202078640640,18018304,-1,0,361,0,0,3,0,0,0,0,0,0,0,0,276568820836143,7021262440,276561799573703,8176189920,253871866145280,7014793216,253864851352064,8169017344,22696954690863,6469224,22696948221639,24870008,8673820672,8673820672,0,8673820672,8642363392,8642363392,0,8642363392,31457280,31457280,0,31457280,361,361,0,361,346,346,0,346,15,15,0,15,,,,,,,,,,,,,,,,,,,,,,,,,,,,,,,,,,,,
6.1161463578382e-07,2399,,,,,,,,,,,,,,,,,,,,,,,,,,,,,,,,,,,,,,,,,,,,,,,,,,,,,,,,,,,,,,,,,,,,,,,,,,,,,,,,,,,,,,,,,,,,,,,,,,,,,,,,,,,,,,,,,,,,,,,,,,,,,,,,,,,,,,,,,,,,,,,,,,,,,,,,,,,,,,,,,,,,,,,,,,,,,,,,,,,,,,,,,,,,,,,,,,,,,,,,,,,,,,,,,,,,,,,,,,,,,,,,,,,,,,,,,,,,,,,,,,,,,,,,,,,,,,,,,,,,,,,,,,,,,,,,,,,,,,,,
,2399,109235046,2462,109232584,3000,38947177,886,38946291,1138,70287869,1576,70286293,1870,279168190458368,7026452480,279161164005888,8192102912,256463517763584,7019839488,256456497924096,8184799232,22704672694784,6612992,22704666081792,25021440,279168190458368,7026452480,279161164005888,8192102912,256463517763584,7019839488,256456497924096,8184799232,22704672694784,6612992,22704666081792,25021440,109235046,2462,109232584,3000,38947177,886,38946291,1138,70287869,1576,70286293,1870,66684333,100,66684233,237,22933440,73,22933367,137,43750893,27,43750866,117,275294800692224,347133952,275294453558272,1396042240,252092716068864,341164032,252092374904832,1392988160,23202084623360,5969920,23202078653440,18018304,-1,0,361,0,0,3,0,0,0,0,0,0,0,0,276568820842691,7021256976,276561799585715,8176189920,253871866145280,7014793216,253864851352064,8169017344,22696954697411,6463760,22696948233651,24870008,8673820672,8673820672,0,8673820672,8642363392,8642363392,0,8642363392,31457280,31457280,0,31457280,361,361,0,361,346,346,0,346,15,15,0,15,,,,,,,,,,,,,,,,,,,,,,,,,,,,,,,,,,,,,,,,,,,,,,,,,,,,,,,,,,,,,,,,,,,,,,,,,,,,,,,,,,,,,,,,,,,,,,,,,,,,,,,,,,,,,,,,,,,,,,,,,,,,,,,,,,,,,,,,,,,,,,,,,,,,,,,,,,,,,,
,2399,,,,,,,,,,,,,,,,,,,,,,,,,,,,,,,,,,,,,,,,,,,,,,,,,,,,,,,,,,,,,,,,,,,,,,,,,,,,,,,,,,,,,,,,,,,,,,,,,,,,,,,,,,,,,,,,,,,,,,,,,,,109247417,2466,109244951,3000,38951260,886,38950374,1138,70296157,1580,70294577,1870,279195690610688,7026454528,279188664156160,8192102912,256488172414976,7019839488,256481152575488,8184799232,22707518195712,6615040,22707511580672,25021440,279195690610688,7026454528,279188664156160,8192102912,256488172414976,7019839488,256481152575488,8184799232,22707518195712,6615040,22707511580672,25021440,109247417,2466,109244951,3000,38951260,886,38950374,1138,70296157,1580,70294577,1870,66691680,104,66691576,237,22936030,73,22935957,137,43755650,31,43755619,117,275323221238272,347131904,275322874106368,1396042240,252118181408768,341164032,252117840244736,1392988160,23205039829504,5967872,23205033861632,18018304,-1,0,361,0,0,3,0,0,0,0,0,0,0,0,276595789863097,7021256932,276588768606165,8176189920,253895990570240,7014793216,253888975777024,8169017344,22699799292857,6463716,22699792829141,24870008,8673820672,8673820672,0,8673820672,8642363392,8642363392,0,8642363392,31457280,31457280,0,31457280,361,361,0,361,346,346,0,346,15,15,0,15,,,,,,,,,,,,,,,,,,,,,,,,,,,,,,,,,,,,
6.1161463578382e-07,2399,,,,,,,,,,,,,,,,,,,,,,,,,,,,,,,,,,,,,,,,,,,,,,,,,,,,,,,,,,,,,,,,,,,,,,,,,,,,,,,,,,,,,,,,,,,,,,,,,,,,,,,,,,,,,,,,,,,,,,,,,,,,,,,,,,,,,,,,,,,,,,,,,,,,,,,,,,,,,,,,,,,,,,,,,,,,,,,,,,,,,,,,,,,,,,,,,,,,,,,,,,,,,,,,,,,,,,,,,,,,,,,,,,,,,,,,,,,,,,,,,,,,,,,,,,,,,,,,,,,,,,,,,,,,,,,,,,,,,,,,
,2399,109247430,2462,109244968,3000,38951260,886,38950374,1138,70296170,1576,70294594,1870,279195690631168,7026460160,279188664171008,8192102912,256488172414976,7019839488,256481152575488,8184799232,22707518216192,6620672,22707511595520,25021440,279195690631168,7026460160,279188664171008,8192102912,256488172414976,7019839488,256481152575488,8184799232,22707518216192,6620672,22707511595520,25021440,109247430,2462,109244968,3000,38951260,886,38950374,1138,70296170,1576,70294594,1870,66691691,103,66691588,237,22936030,73,22935957,137,43755661,30,43755631,117,275323221253120,347126272,275322874126848,1396042240,252118181408768,341164032,252117840244736,1392988160,23205039844352,5962240,23205033882112,18018304,-1,0,361,0,0,3,0,0,0,0,0,0,0,0,276595789878525,7021265796,276588768612729,8176189920,253895990570240,7014793216,253888975777024,8169017344,22699799308285,6472580,22699792835705,24870008,8673820672,8673820672,0,8673820672,8642363392,8642363392,0,8642363392,31457280,31457280,0,31457280,361,361,0,361,346,346,0,346,15,15,0,15,,,,,,,,,,,,,,,,,,,,,,,,,,,,,,,,,,,,,,,,,,,,,,,,,,,,,,,,,,,,,,,,,,,,,,,,,,,,,,,,,,,,,,,,,,,,,,,,,,,,,,,,,,,,,,,,,,,,,,,,,,,,,,,,,,,,,,,,,,,,,,,,,,,,,,,,,,,,,,
,2399,,,,,,,,,,,,,,,,,,,,,,,,,,,,,,,,,,,,,,,,,,,,,,,,,,,,,,,,,,,,,,,,,,,,,,,,,,,,,,,,,,,,,,,,,,,,,,,,,,,,,,,,,,,,,,,,,,,,,,,,,,,109260901,2466,109258435,3000,38958372,886,38957486,1138,70302529,1580,70300949,1870,279252681377792,7026462208,279245654915584,8192102912,256544381331456,7019839488,256537361491968,8184799232,22708300046336,6622720,22708293423616,25021440,279252681377792,7026462208,279245654915584,8192102912,256544381331456,7019839488,256537361491968,8184799232,22708300046336,6622720,22708293423616,25021440,109260901,2466,109258435,3000,38958372,886,38957486,1138,70302529,1580,70300949,1870,66700244,108,66700136,237,22941251,73,22941178,137,43758993,35,43758958,117,275376129252352,347124224,275375782128128,1396042240,252170307579904,341164032,252169966415872,1392988160,23205821672448,5960192,23205815712256,18018304,-1,0,361,0,0,3,0,0,0,0,0,0,0,0,276652001009960,7021265812,276644979744148,8176189920,253951420780544,7014793216,253944405987328,8169017344,22700580229416,6472596,22700573756820,24870008,8673820672,8673820672,0,8673820672,8642363392,8642363392,0,8642363392,31457280,31457280,0,31457280,361,361,0,361,346,346,0,346,15,15,0,15,,,,,,,,,,,,,,,,,,,,,,,,,,,,,,,,,,,,
,2399,,,,,,,,,,,,,,,,,,,,,,,,,,,,,,,,,,,,,,,,,,,,,,,,,,,,,,,,,,,,,,,,,,,,,,,,,,,,,,,,,,,,,,,,,,,,,,,,,,,,,,,,,,,,,,,,,,,,,,,,,,,,,,,,,,,,,,,,,,,,,,,,,,,,,,,,,,,,,,,,,,,,,,,,,,,,,,,,,,,,,,,,,,,,,,,,,,,,,,,,,,,,,,,,,,,,,,,,,,,,,,,,,,,,,,,,,,,,,,,,,,,,,0.008209228515625,0.010195296257734299,0.16113866865634918,3,,,,,,,,,,,,,,,,,,,,,,,,,,,,,,,,
5.780463242698892e-07,2449,,,,,,,,,,,,,,,,,,,,,,,,,,,,,,,,,,,,,,,,,,,,,,,,,,,,,,,,,,,,,,,,,,,,,,,,,,,,,,,,,,,,,,,,,,,,,,,,,,,,,,,,,,,,,,,,,,,,,,,,,,,,,,,,,,,,,,,,,,,,,,,,,,,,,,,,,,,,,,,,,,,,,,,,,,,,,,,,,,,,,,,,,,,,,,,,,,,,,,,,,,,,,,,,,,,,,,,,,,,,,,,,,,,,,,,,,,,,,,,,,,,,,,,,,,,,,,,,,,,,,,,,,,,,,,,,,,,,,,,,
,2449,114163442,2462,114160980,3000,40697423,886,40696537,1138,73466019,1576,73464443,1870,291725659809280,7025043456,291718634765824,8192102912,267982044333056,7018430464,267975025902592,8184799232,23743615476224,6612992,23743608863232,25021440,291725659809280,7025043456,291718634765824,8192102912,267982044333056,7018430464,267975025902592,8184799232,23743615476224,6612992,23743608863232,25021440,114163442,2462,114160980,3000,40697423,886,40696537,1138,73466019,1576,73464443,1870,69619876,117,69619759,237,23971220,73,23971147,137,45648656,44,45648612,117,287669142615040,275142656,287668867472384,1396042240,263408535428096,269172736,263408266255360,1392988160,24260607186944,5969920,24260601217024,18018304,-1,0,361,0,0,3,0,0,0,0,0,0,0,0,289006433979533,7021257264,288999412722269,8176189920,265270881430528,7014793216,265263866637312,8169017344,23735552549005,6464048,23735546084957,24870008,8673820672,8673820672,0,8673820672,8642363392,8642363392,0,8642363392,31457280,31457280,0,31457280,361,361,0,361,346,346,0,346,15,15,0,15,,,,,,,,,,,,,,,,,,,,,,,,,,,,,,,,,,,,,,,,,,,,,,,,,,,,,,,,,,,,,,,,,,,,,,,,,,,,,,,,,,,,,,,,,,,,,,,,,,,,,,,,,,,,,,,,,,,,,,,,,,,,,,,,,,,,,,,,,,,,,,,,,,,,,,,,,,,,,,
,2449,,,,,,,,,,,,,,,,,,,,,,,,,,,,,,,,,,,,,,,,,,,,,,,,,,,,,,,,,,,,,,,,,,,,,,,,,,,,,,,,,,,,,,,,,,,,,,,,,,,,,,,,,,,,,,,,,,,,,,,,,,,114175813,2466,114173347,3000,40701410,886,40700524,1138,73474403,1580,73472823,1870,291752468847616,7029272576,291745439575040,8192102912,268006123009024,7022657536,267999100351488,8184799232,23746345838592,6615040,23746339223552,25021440,291752468847616,7029272576,291745439575040,8192102912,268006123009024,7022657536,267999100351488,8184799232,23746345838592,6615040,23746339223552,25021440,114175813,2466,114173347,3000,40701410,886,40700524,1138,73474403,1580,73472823,1870,69627434,126,69627308,237,23973477,69,23973408,137,45653957,57,45653900,117,287696632283648,216387584,287696415896064,1396042240,263433256594432,210419712,263433046174720,1392988160,24263375689216,5967872,24263369721344,18018304,-1,0,361,0,0,3,0,0,0,0,0,0,0,0,289033046659097,7021257220,289026025401877,8176189920,265294764707584,7014793216,265287749914368,8169017344,23738281951513,6464004,23738275487509,24870008,8673820672,8673820672,0,8673820672,8642363392,8642363392,0,8642363392,31457280,31457280,0,31457280,361,361,0,361,346,346,0,346,15,15,0,15,,,,,,,,,,,,,,,,,,,,,,,,,,,,,,,,,,,,
5.780463242698892e-07,2449,,,,,,,,,,,,,,,,,,,,,,,,,,,,,,,,,,,,,,,,,,,,,,,,,,,,,,,,,,,,,,,,,,,,,,,,,,,,,,,,,,,,,,,,,,,,,,,,,,,,,,,,,,,,,,,,,,,,,,,,,,,,,,,,,,,,,,,,,,,,,,,,,,,,,,,,,,,,,,,,,,,,,,,,,,,,,,,,,,,,,,,,,,,,,,,,,,,,,,,,,,,,,,,,,,,,,,,,,,,,,,,,,,,,,,,,,,,,,,,,,,,,,,,,,,,,,,,,,,,,,,,,,,,,,,,,,,,,,,,,
,2449,114175826,2462,114173364,3000,40701410,886,40700524,1138,73474416,1576,73472840,1870,291752468858880,7029268992,291745439589888,8192102912,268006123009024,7022657536,267999100351488,8184799232,23746345849856,6611456,23746339238400,25021440,291752468858880,7029268992,291745439589888,8192102912,268006123009024,7022657536,267999100351488,8184799232,23746345849856,6611456,23746339238400,25021440,114175826,2462,114173364,3000,40701410,886,40700524,1138,73474416,1576,73472840,1870,69627441,118,69627323,237,23973477,69,23973408,137,45653964,49,45653915,117,287696632298496,216391168,287696415907328,1396042240,263433256594432,210419712,263433046174720,1392988160,24263375704064,5971456,24263369732608,18018304,-1,0,361,0,0,3,0,0,0,0,0,0,0,0,289033046664757,7021256028,289026025408729,8176189920,265294764707584,7014793216,265287749914368,8169017344,23738281957173,6462812,23738275494361,24870008,8673820672,8673820672,0,8673820672,8642363392,8642363392,0,8642363392,31457280,31457280,0,31457280,361,361,0,361,346,346,0,346,15,15,0,15,,,,,,,,,,,,,,,,,,,,,,,,,,,,,,,,,,,,,,,,,,,,,,,,,,,,,,,,,,,,,,,,,,,,,,,,,,,,,,,,,,,,,,,,,,,,,,,,,,,,,,,,,,,,,,,,,,,,,,,,,,,,,,,,,,,,,,,,,,,,,,,,,,,,,,,,,,,,,,
,2449,,,,,,,,,,,,,,,,,,,,,,,,,,,,,,,,,,,,,,,,,,,,,,,,,,,,,,,,,,,,,,,,,,,,,,,,,,,,,,,,,,,,,,,,,,,,,,,,,,,,,,,,,,,,,,,,,,,,,,,,,,,114188148,2466,114185682,3000,40705392,886,40704506,1138,73482756,1580,73481176,1870,291779265661440,7029271040,291772236390400,8192102912,268030137967616,7022657536,268023115310080,8184799232,23749127693824,6613504,23749121080320,25021440,291779265661440,7029271040,291772236390400,8192102912,268030137967616,7022657536,268023115310080,8184799232,23749127693824,6613504,23749121080320,25021440,114188148,2466,114185682,3000,40705392,886,40704506,1138,73482756,1580,73481176,1870,69634696,120,69634576,237,23975441,69,23975372,137,45659255,51,45659204,117,287724638746112,216389120,287724422356992,1396042240,263458419858432,210419712,263458209438720,1392988160,24266218887680,5969408,24266212918272,18018304,-1,0,361,0,0,3,0,0,0,0,0,0,0,0,289059734690693,7021256104,289052713434589,8176189920,265318671802880,7014793216,265311657009664,8169017344,23741062887813,6462888,23741056424925,24870008,8673820672,8673820672,0,8673820672,8642363392,8642363392,0,8642363392,31457280,31457280,0,31457280,361,361,0,361,346,346,0,346,15,15,0,15,,,,,,,,,,,,,,,,,,,,,,,,,,,,,,,,,,,,
5.780463242698892e-07,2449,,,,,,,,,,,,,,,,,,,,,,,,,,,,,,,,,,,,,,,,,,,,,,,,,,,,,,,,,,,,,,,,,,,,,,,,,,,,,,,,,,,,,,,,,,,,,,,,,,,,,,,,,,,,,,,,,,,,,,,,,,,,,,,,,,,,,,,,,,,,,,,,,,,,,,,,,,,,,,,,,,,,,,,,,,,,,,,,,,,,,,,,,,,,,,,,,,,,,,,,,,,,,,,,,,,,,,,,,,,,,,,,,,,,,,,,,,,,,,,,,,,,,,,,,,,,,,,,,,,,,,,,,,,,,,,,,,,,,,,,
,2449,114188161,2462,114185699,3000,40705392,886,40704506,1138,73482769,1576,73481193,1870,291779265674240,7029270528,291772236403712,8192102912,268030137967616,7022657536,268023115310080,8184799232,23749127706624,6612992,23749121093632,25021440,291779265674240,7029270528,291772236403712,8192102912,268030137967616,7022657536,268023115310080,8184799232,23749127706624,6612992,23749121093632,25021440,114188161,2462,114185699,3000,40705392,886,40704506,1138,73482769,1576,73481193,1870,69634709,119,69634590,237,23975441,69,23975372,137,45659268,50,45659218,117,287724638759424,216389632,287724422369792,1396042240,263458419858432,210419712,263458209438720,1392988160,24266218900992,5969920,24266212931072,18018304,-1,0,361,0,0,3,0,0,0,0,0,0,0,0,289059734698321,7021258056,289052713440265,8176189920,265318671802880,7014793216,265311657009664,8169017344,23741062895441,6464840,23741056430601,24870008,8673820672,8673820672,0,8673820672,8642363392,8642363392,0,8642363392,31457280,31457280,0,31457280,361,361,0,361,346,346,0,346,15,15,0,15,,,,,,,,,,,,,,,,,,,,,,,,,,,,,,,,,,,,,,,,,,,,,,,,,,,,,,,,,,,,,,,,,,,,,,,,,,,,,,,,,,,,,,,,,,,,,,,,,,,,,,,,,,,,,,,,,,,,,,,,,,,,,,,,,,,,,,,,,,,,,,,,,,,,,,,,,,,,,,
,2449,,,,,,,,,,,,,,,,,,,,,,,,,,,,,,,,,,,,,,,,,,,,,,,,,,,,,,,,,,,,,,,,,,,,,,,,,,,,,,,,,,,,,,,,,,,,,,,,,,,,,,,,,,,,,,,,,,,,,,,,,,,114200532,2466,114198066,3000,40709475,886,40708589,1138,73491057,1580,73489477,1870,291806979808768,7029272576,291799950536192,8192102912,268054681998336,7022657536,268047659340800,8184799232,23752297810432,6615040,23752291195392,25021440,291806979808768,7029272576,291799950536192,8192102912,268054681998336,7022657536,268047659340800,8184799232,23752297810432,6615040,23752291195392,25021440,114200532,2466,114198066,3000,40709475,886,40708589,1138,73491057,1580,73489477,1870,69641898,122,69641776,237,23977507,69,23977438,137,45664391,53,45664338,117,287753686082560,216387584,287753469694976,1396042240,263484233722880,210419712,263484023303168,1392988160,24269452359680,5967872,24269446391808,18018304,-1,0,361,0,0,3,0,0,0,0,0,0,0,0,289087366836122,7021258012,289080345578110,8176189920,265343134549248,7014793216,265336119756032,8169017344,23744232286874,6464796,23744225822078,24870008,8673820672,8673820672,0,8673820672,8642363392,8642363392,0,8642363392,31457280,31457280,0,31457280,361,361,0,361,346,346,0,346,15,15,0,15,,,,,,,,,,,,,,,,,,,,,,,,,,,,,,,,,,,,
5.780463242698892e-07,2449,,,,,,,,,,,,,,,,,,,,,,,,,,,,,,,,,,,,,,,,,,,,,,,,,,,,,,,,,,,,,,,,,,,,,,,,,,,,,,,,,,,,,,,,,,,,,,,,,,,,,,,,,,,,,,,,,,,,,,,,,,,,,,,,,,,,,,,,,,,,,,,,,,,,,,,,,,,,,,,,,,,,,,,,,,,,,,,,,,,,,,,,,,,,,,,,,,,,,,,,,,,,,,,,,,,,,,,,,,,,,,,,,,,,,,,,,,,,,,,,,,,,,,,,,,,,,,,,,,,,,,,,,,,,,,,,,,,,,,,,
,2449,114200545,2462,114198083,3000,40709475,886,40708589,1138,73491070,1576,73489494,1870,291806979835392,7029284352,291799950551040,8192102912,268054681998336,7022657536,268047659340800,8184799232,23752297837056,6626816,23752291210240,25021440,291806979835392,7029284352,291799950551040,8192102912,268054681998336,7022657536,268047659340800,8184799232,23752297837056,6626816,23752291210240,25021440,114200545,2462,114198083,3000,40709475,886,40708589,1138,73491070,1576,73489494,1870,69641910,124,69641786,237,23977507,69,23977438,137,45664403,55,45664348,117,287753686097408,216375808,287753469721600,1396042240,263484233722880,210419712,263484023303168,1392988160,24269452374528,5956096,24269446418432,18018304,-1,0,361,0,0,3,0,0,0,0,0,0,0,0,289087366857478,7021271724,289080345585754,8176189920,265343134549248,7014793216,265336119756032,8169017344,23744232308230,6478508,23744225829722,24870008,8673820672,8673820672,0,8673820672,8642363392,8642363392,0,8642363392,31457280,31457280,0,31457280,361,361,0,361,346,346,0,346,15,15,0,15,,,,,,,,,,,,,,,,,,,,,,,,,,,,,,,,,,,,,,,,,,,,,,,,,,,,,,,,,,,,,,,,,,,,,,,,,,,,,,,,,,,,,,,,,,,,,,,,,,,,,,,,,,,,,,,,,,,,,,,,,,,,,,,,,,,,,,,,,,,,,,,,,,,,,,,,,,,,,,
,2449,,,,,,,,,,,,,,,,,,,,,,,,,,,,,,,,,,,,,,,,,,,,,,,,,,,,,,,,,,,,,,,,,,,,,,,,,,,,,,,,,,,,,,,,,,,,,,,,,,,,,,,,,,,,,,,,,,,,,,,,,,,114213419,2466,114210953,3000,40716366,886,40715480,1138,73497053,1580,73495473,1870,291861511019008,7029286400,291854481732608,8192102912,268108454241280,7022657536,268101431583744,8184799232,23753056777728,6628864,23753050148864,25021440,291861511019008,7029286400,291854481732608,8192102912,268108454241280,7022657536,268101431583744,8184799232,23753056777728,6628864,23753050148864,25021440,114213419,2466,114210953,3000,40716366,886,40715480,1138,73497053,1580,73495473,1870,69649963,126,69649837,237,23982408,69,23982339,137,45667555,57,45667498,117,287800087710208,216373760,287799871336448,1396042240,263529876397056,210419712,263529665977344,1392988160,24270211313152,5954048,24270205359104,18018304,-1,0,361,0,0,3,0,0,0,0,0,0,0,0,289141491484501,7021271800,289134470212701,8176189920,265396501170176,7014793216,265389486376960,8169017344,23744990314325,6478584,23744983835741,24870008,8673820672,8673820672,0,8673820672,8642363392,8642363392,0,8642363392,31457280,31457280,0,31457280,361,361,0,361,346,346,0,346,15,15,0,15,,,,,,,,,,,,,,,,,,,,,,,,,,,,,,,,,,,,
5.780463242698892e-07,2449,,,,,,,,,,,,,,,,,,,,,,,,,,,,,,,,,,,,,,,,,,,,,,,,,,,,,,,,,,,,,,,,,,,,,,,,,,,,,,,,,,,,,,,,,,,,,,,,,,,,,,,,,,,,,,,,,,,,,,,,,,,,,,,,,,,,,,,,,,,,,,,,,,,,,,,,,,,,,,,,,,,,,,,,,,,,,,,,,,,,,,,,,,,,,,,,,,,,,,,,,,,,,,,,,,,,,,,,,,,,,,,,,,,,,,,,,,,,,,,,,,,,,,,,,,,,,,,,,,,,,,,,,,,,,,,,,,,,,,,,
,2449,114213432,2462,114210970,3000,40716366,886,40715480,1138,73497066,1576,73495490,1870,291861511034880,7029273600,291854481761280,8192102912,268108454241280,7022657536,268101431583744,8184799232,23753056793600,6616064,23753050177536,25021440,291861511034880,7029273600,291854481761280,8192102912,268108454241280,7022657536,268101431583744,8184799232,23753056793600,6616064,23753050177536,25021440,114213432,2462,114210970,3000,40716366,886,40715480,1138,73497066,1576,73495490,1870,69649971,123,69649848,237,23982408,69,23982339,137,45667563,54,45667509,117,287800087738880,216386560,287799871352320,1396042240,263529876397056,210419712,263529665977344,1392988160,24270211341824,5966848,24270205374976,18018304,-1,0,361,0,0,3,0,0,0,0,0,0,0,0,289141491494793,7021260720,289134470234073,8176189920,265396501170176,7014793216,265389486376960,8169017344,23744990324617,6467504,23744983857113,24870008,8673820672,8673820672,0,8673820672,8642363392,8642363392,0,8642363392,31457280,31457280,0,31457280,361,361,0,361,346,346,0,346,15,15,0,15,,,,,,,,,,,,,,,,,,,,,,,,,,,,,,,,,,,,,,,,,,,,,,,,,,,,,,,,,,,,,,,,,,,,,,,,,,,,,,,,,,,,,,,,,,,,,,,,,,,,,,,,,,,,,,,,,,,,,,,,,,,,,,,,,,,,,,,,,,,,,,,,,,,,,,,,,,,,,,
,2449,,,,,,,,,,,,,,,,,,,,,,,,,,,,,,,,,,,,,,,,,,,,,,,,,,,,,,,,,,,,,,,,,,,,,,,,,,,,,,,,,,,,,,,,,,,,,,,,,,,,,,,,,,,,,,,,,,,,,,,,,,,114225803,2466,114223337,3000,40720353,886,40719467,1138,73505450,1580,73503870,1870,291888514918912,7029275648,291881485643264,8192102912,268132555420672,7022657536,268125532763136,8184799232,23755959498240,6618112,23755952880128,25021440,291888514918912,7029275648,291881485643264,8192102912,268132555420672,7022657536,268125532763136,8184799232,23755959498240,6618112,23755952880128,25021440,114225803,2466,114223337,3000,40720353,886,40719467,1138,73505450,1580,73503870,1870,69657244,125,69657119,237,23984383,69,23984314,137,45672861,56,45672805,117,287828304094208,216384512,287828087709696,1396042240,263555118214144,210419712,263554907794432,1392988160,24273185880064,5964800,24273179915264,18018304,-1,0,361,0,0,3,0,0,0,0,0,0,0,0,289168387559955,7021260676,289161366299279,8176189920,265420495407872,7014793216,265413480614656,8169017344,23747892152083,6467460,23747885684623,24870008,8673820672,8673820672,0,8673820672,8642363392,8642363392,0,8642363392,31457280,31457280,0,31457280,361,361,0,361,346,346,0,346,15,15,0,15,,,,,,,,,,,,,,,,,,,,,,,,,,,,,,,,,,,,
5.780463242698892e-07,2449,,,,,,,,,,,,,,,,,,,,,,,,,,,,,,,,,,,,,,,,,,,,,,,,,,,,,,,,,,,,,,,,,,,,,,,,,,,,,,,,,,,,,,,,,,,,,,,,,,,,,,,,,,,,,,,,,,,,,,,,,,,,,,,,,,,,,,,,,,,,,,,,,,,,,,,,,,,,,,,,,,,,,,,,,,,,,,,,,,,,,,,,,,,,,,,,,,,,,,,,,,,,,,,,,,,,,,,,,,,,,,,,,,,,,,,,,,,,,,,,,,,,,,,,,,,,,,,,,,,,,,,,,,,,,,,,,,,,,,,,
,2449,114225816,2462,114223354,3000,40720353,886,40719467,1138,73505463,1576,73503887,1870,291888514934784,7029273600,291881485661184,8192102912,268132555420672,7022657536,268125532763136,8184799232,23755959514112,6616064,23755952898048,25021440,291888514934784,7029273600,291881485661184,8192102912,268132555420672,7022657536,268125532763136,8184799232,23755959514112,6616064,23755952898048,25021440,114225816,2462,114223354,3000,40720353,886,40719467,1138,73505463,1576,73503887,1870,69657255,122,69657133,237,23984383,69,23984314,137,45672872,53,45672819,117,287828304112128,216386560,287828087725568,1396042240,263555118214144,210419712,263554907794432,1392988160,24273185897984,5966848,24273179931136,18018304,-1,0,361,0,0,3,0,0,0,0,0,0,0,0,289168387570343,7021260756,289161366309587,8176189920,265420495407872,7014793216,265413480614656,8169017344,23747892162471,6467540,23747885694931,24870008,8673820672,8673820672,0,8673820672,8642363392,8642363392,0,8642363392,31457280,31457280,0,31457280,361,361,0,361,346,346,0,346,15,15,0,15,,,,,,,,,,,,,,,,,,,,,,,,,,,,,,,,,,,,,,,,,,,,,,,,,,,,,,,,,,,,,,,,,,,,,,,,,,,,,,,,,,,,,,,,,,,,,,,,,,,,,,,,,,,,,,,,,,,,,,,,,,,,,,,,,,,,,,,,,,,,,,,,,,,,,,,,,,,,,,
,2449,,,,,,,,,,,,,,,,,,,,,,,,,,,,,,,,,,,,,,,,,,,,,,,,,,,,,,,,,,,,,,,,,,,,,,,,,,,,,,,,,,,,,,,,,,,,,,,,,,,,,,,,,,,,,,,,,,,,,,,,,,,114238186,2466,114235720,3000,40724436,886,40723550,1138,73513750,1580,73512170,1870,291915838849024,7029275648,291908809573376,8192102912,268156933661696,7022657536,268149911004160,8184799232,23758905187328,6618112,23758898569216,25021440,291915838849024,7029275648,291908809573376,8192102912,268156933661696,7022657536,268149911004160,8184799232,23758905187328,6618112,23758898569216,25021440,114238186,2466,114235720,3000,40724436,886,40723550,1138,73513750,1580,73512170,1870,69664785,127,69664658,237,23986464,69,23986395,137,45678321,58,45678263,117,287856695628288,216384512,287856479243776,1396042240,263580455926784,210419712,263580245507072,1392988160,24276239701504,5964800,24276233736704,18018304,-1,0,361,0,0,3,0,0,0,0,0,0,0,0,289195563848664,7021260772,289188542587892,8176189920,265444726857216,7014793216,265437712064000,8169017344,23750836991448,6467556,23750830523892,24870008,8673820672,8673820672,0,8673820672,8642363392,8642363392,0,8642363392,31457280,31457280,0,31457280,361,361,0,361,346,346,0,346,15,15,0,15,,,,,,,,,,,,,,,,,,,,,,,,,,,,,,,,,,,,
5.780463242698892e-07,2449,,,,,,,,,,,,,,,,,,,,,,,,,,,,,,,,,,,,,,,,,,,,,,,,,,,,,,,,,,,,,,,,,,,,,,,,,,,,,,,,,,,,,,,,,,,,,,,,,,,,,,,,,,,,,,,,,,,,,,,,,,,,,,,,,,,,,,,,,,,,,,,,,,,,,,,,,,,,,,,,,,,,,,,,,,,,,,,,,,,,,,,,,,,,,,,,,,,,,,,,,,,,,,,,,,,,,,,,,,,,,,,,,,,,,,,,,,,,,,,,,,,,,,,,,,,,,,,,,,,,,,,,,,,,,,,,,,,,,,,,
,2449,114238199,2462,114235737,3000,40724436,886,40723550,1138,73513763,1576,73512187,1870,291915838864896,7029273600,291908809591296,8192102912,268156933661696,7022657536,268149911004160,8184799232,23758905203200,6616064,23758898587136,25021440,291915838864896,7029273600,291908809591296,8192102912,268156933661696,7022657536,268149911004160,8184799232,23758905203200,6616064,23758898587136,25021440,114238199,2462,114235737,3000,40724436,886,40723550,1138,73513763,1576,73512187,1870,69664796,124,69664672,237,23986464,69,23986395,137,45678332,55,45678277,117,287856695646208,216386560,287856479259648,1396042240,263580455926784,210419712,263580245507072,1392988160,24276239719424,5966848,24276233752576,18018304,-1,0,361,0,0,3,0,0,0,0,0,0,0,0,289195563859460,7021261164,289188542598296,8176189920,265444726857216,7014793216,265437712064000,8169017344,23750837002244,6467948,23750830534296,24870008,8673820672,8673820672,0,8673820672,8642363392,8642363392,0,8642363392,31457280,31457280,0,31457280,361,361,0,361,346,346,0,346,15,15,0,15,,,,,,,,,,,,,,,,,,,,,,,,,,,,,,,,,,,,,,,,,,,,,,,,,,,,,,,,,,,,,,,,,,,,,,,,,,,,,,,,,,,,,,,,,,,,,,,,,,,,,,,,,,,,,,,,,,,,,,,,,,,,,,,,,,,,,,,,,,,,,,,,,,,,,,,,,,,,,,
,2449,,,,,,,,,,,,,,,,,,,,,,,,,,,,,,,,,,,,,,,,,,,,,,,,,,,,,,,,,,,,,,,,,,,,,,,,,,,,,,,,,,,,,,,,,,,,,,,,,,,,,,,,,,,,,,,,,,,,,,,,,,,114250569,2466,114248103,3000,40728519,886,40727633,1138,73522050,1580,73520470,1870,291943534893568,7029275648,291936505617920,8192102912,268181471761408,7022657536,268174449103872,8184799232,23762063132160,6618112,23762056514048,25021440,291943534893568,7029275648,291936505617920,8192102912,268181471761408,7022657536,268174449103872,8184799232,23762063132160,6618112,23762056514048,25021440,114250569,2466,114248103,3000,40728519,886,40727633,1138,73522050,1580,73520470,1870,69672234,127,69672107,237,23988530,69,23988461,137,45683704,58,45683646,117,287885748022272,216384512,287885531637760,1396042240,263606267964416,210419712,263606057544704,1392988160,24279480057856,5964800,24279474093056,18018304,-1,0,361,0,0,3,0,0,0,0,0,0,0,0,289223173461849,7021261180,289216152200669,8176189920,265469179248896,7014793216,265462164455680,8169017344,23753994212953,6467964,23753987744989,24870008,8673820672,8673820672,0,8673820672,8642363392,8642363392,0,8642363392,31457280,31457280,0,31457280,361,361,0,361,346,346,0,346,15,15,0,15,,,,,,,,,,,,,,,,,,,,,,,,,,,,,,,,,,,,
5.780463242698892e-07,2449,,,,,,,,,,,,,,,,,,,,,,,,,,,,,,,,,,,,,,,,,,,,,,,,,,,,,,,,,,,,,,,,,,,,,,,,,,,,,,,,,,,,,,,,,,,,,,,,,,,,,,,,,,,,,,,,,,,,,,,,,,,,,,,,,,,,,,,,,,,,,,,,,,,,,,,,,,,,,,,,,,,,,,,,,,,,,,,,,,,,,,,,,,,,,,,,,,,,,,,,,,,,,,,,,,,,,,,,,,,,,,,,,,,,,,,,,,,,,,,,,,,,,,,,,,,,,,,,,,,,,,,,,,,,,,,,,,,,,,,,
,2449,114250582,2462,114248120,3000,40728519,886,40727633,1138,73522063,1576,73520487,1870,291943534903296,7029267456,291936505635840,8192102912,268181471761408,7022657536,268174449103872,8184799232,23762063141888,6609920,23762056531968,25021440,291943534903296,7029267456,291936505635840,8192102912,268181471761408,7022657536,268174449103872,8184799232,23762063141888,6609920,23762056531968,25021440,114250582,2462,114248120,3000,40728519,886,40727633,1138,73522063,1576,73520487,1870,69672244,124,69672120,237,23988530,69,23988461,137,45683714,55,45683659,117,287885748040192,216392704,287885531647488,1396042240,263606267964416,210419712,263606057544704,1392988160,24279480075776,5972992,24279474102784,18018304,-1,0,361,0,0,3,0,0,0,0,0,0,0,0,289223173465973,7021254492,289216152211481,8176189920,265469179248896,7014793216,265462164455680,8169017344,23753994217077,6461276,23753987755801,24870008,8673820672,8673820672,0,8673820672,8642363392,8642363392,0,8642363392,31457280,31457280,0,31457280,361,361,0,361,346,346,0,346,15,15,0,15,,,,,,,,,,,,,,,,,,,,,,,,,,,,,,,,,,,,,,,,,,,,,,,,,,,,,,,,,,,,,,,,,,,,,,,,,,,,,,,,,,,,,,,,,,,,,,,,,,,,,,,,,,,,,,,,,,,,,,,,,,,,,,,,,,,,,,,,,,,,,,,,,,,,,,,,,,,,,,
,2449,,,,,,,,,,,,,,,,,,,,,,,,,,,,,,,,,,,,,,,,,,,,,,,,,,,,,,,,,,,,,,,,,,,,,,,,,,,,,,,,,,,,,,,,,,,,,,,,,,,,,,,,,,,,,,,,,,,,,,,,,,,114263453,2466,114260987,3000,40732818,886,40731932,1138,73530635,1580,73529055,1870,291972975047680,7029269504,291965945778176,8192102912,268207749600256,7022657536,268200726942720,8184799232,23765225447424,6611968,23765218835456,25021440,291972975047680,7029269504,291965945778176,8192102912,268207749600256,7022657536,268200726942720,8184799232,23765225447424,6611968,23765218835456,25021440,114263453,2466,114260987,3000,40732818,886,40731932,1138,73530635,1580,73529055,1870,69679793,127,69679666,237,23990593,69,23990524,137,45689200,58,45689142,117,287916341128704,216390656,287916124738048,1396042240,263633615506432,210419712,263633405086720,1392988160,24282725622272,5970944,24282719651328,18018304,-1,0,361,0,0,3,0,0,0,0,0,0,0,0,289252527950994,7021254568,289245506696426,8176189920,265495372129280,7014793216,265488357336064,8169017344,23757155821714,6461352,23757149360362,24870008,8673820672,8673820672,0,8673820672,8642363392,8642363392,0,8642363392,31457280,31457280,0,31457280,361,361,0,361,346,346,0,346,15,15,0,15,,,,,,,,,,,,,,,,,,,,,,,,,,,,,,,,,,,,
,2449,,,,,,,,,,,,,,,,,,,,,,,,,,,,,,,,,,,,,,,,,,,,,,,,,,,,,,,,,,,,,,,,,,,,,,,,,,,,,,,,,,,,,,,,,,,,,,,,,,,,,,,,,,,,,,,,,,,,,,,,,,,,,,,,,,,,,,,,,,,,,,,,,,,,,,,,,,,,,,,,,,,,,,,,,,,,,,,,,,,,,,,,,,,,,,,,,,,,,,,,,,,,,,,,,,,,,,,,,,,,,,,,,,,,,,,,,,,,,,,,,,,,,0.00010752677917480469,2.225239995823358e-06,0.00014090538024902344,3,,,,,,,,,,,,,,,,,,,,,,,,,,,,,,,,
5.444780127559584e-07,2499,,,,,,,,,,,,,,,,,,,,,,,,,,,,,,,,,,,,,,,,,,,,,,,,,,,,,,,,,,,,,,,,,,,,,,,,,,,,,,,,,,,,,,,,,,,,,,,,,,,,,,,,,,,,,,,,,,,,,,,,,,,,,,,,,,,,,,,,,,,,,,,,,,,,,,,,,,,,,,,,,,,,,,,,,,,,,,,,,,,,,,,,,,,,,,,,,,,,,,,,,,,,,,,,,,,,,,,,,,,,,,,,,,,,,,,,,,,,,,,,,,,,,,,,,,,,,,,,,,,,,,,,,,,,,,,,,,,,,,,,
,2499,119162432,2462,119159970,3000,42455579,886,42454693,1138,76706853,1576,76705277,1870,304200375677440,7030141952,304193345535488,8192102912,279392072343552,7023525888,279385048817664,8184799232,24808303333888,6616064,24808296717824,25021440,304200375677440,7030141952,304193345535488,8192102912,279392072343552,7023525888,279385048817664,8184799232,24808303333888,6616064,24808296717824,25021440,119162432,2462,119159970,3000,42455579,886,42454693,1138,76706853,1576,76705277,1870,72550102,113,72549989,237,24987891,65,24987826,138,47562211,48,47562163,117,300168553590272,181963776,300168371626496,1396042240,274823268644864,173899776,274823094745088,1392988160,25345284945408,8064000,25345276881408,18018304,-1,0,361,0,0,3,0,0,0,0,0,0,0,0,301377493596211,7021259988,301370472336223,8176189920,276577603081216,7014793216,276570588288000,8169017344,24799890514995,6466772,24799884048223,24870008,8673820672,8673820672,0,8673820672,8642363392,8642363392,0,8642363392,31457280,31457280,0,31457280,361,361,0,361,346,346,0,346,15,15,0,15,,,,,,,,,,,,,,,,,,,,,,,,,,,,,,,,,,,,,,,,,,,,,,,,,,,,,,,,,,,,,,,,,,,,,,,,,,,,,,,,,,,,,,,,,,,,,,,,,,,,,,,,,,,,,,,,,,,,,,,,,,,,,,,,,,,,,,,,,,,,,,,,,,,,,,,,,,,,,,
,2499,,,,,,,,,,,,,,,,,,,,,,,,,,,,,,,,,,,,,,,,,,,,,,,,,,,,,,,,,,,,,,,,,,,,,,,,,,,,,,,,,,,,,,,,,,,,,,,,,,,,,,,,,,,,,,,,,,,,,,,,,,,119174754,2466,119172288,3000,42459662,886,42458776,1138,76715092,1580,76713512,1870,304227666209280,7029210112,304220636999168,8192102912,279416492040192,7022592000,279409469448192,8184799232,24811174169088,6618112,24811167550976,25021440,304227666209280,7029210112,304220636999168,8192102912,279416492040192,7022592000,279409469448192,8184799232,24811174169088,6618112,24811167550976,25021440,119174754,2466,119172288,3000,42459662,886,42458776,1138,76715092,1580,76713512,1870,72557354,112,72557242,237,24990140,62,24990078,138,47567214,50,47567164,117,300196221681152,149341184,300196072339968,1396042240,274848018765824,139182080,274847879583744,1392988160,25348202915328,10159104,25348192756224,18018304,-1,0,361,0,0,3,0,0,0,0,0,0,0,0,301404516441443,7021260064,301397495181379,8176189920,276601755956992,7014793216,276594741163776,8169017344,24802760484451,6466848,24802754017603,24870008,8673820672,8673820672,0,8673820672,8642363392,8642363392,0,8642363392,31457280,31457280,0,31457280,361,361,0,361,346,346,0,346,15,15,0,15,,,,,,,,,,,,,,,,,,,,,,,,,,,,,,,,,,,,
5.444780127559584e-07,2499,,,,,,,,,,,,,,,,,,,,,,,,,,,,,,,,,,,,,,,,,,,,,,,,,,,,,,,,,,,,,,,,,,,,,,,,,,,,,,,,,,,,,,,,,,,,,,,,,,,,,,,,,,,,,,,,,,,,,,,,,,,,,,,,,,,,,,,,,,,,,,,,,,,,,,,,,,,,,,,,,,,,,,,,,,,,,,,,,,,,,,,,,,,,,,,,,,,,,,,,,,,,,,,,,,,,,,,,,,,,,,,,,,,,,,,,,,,,,,,,,,,,,,,,,,,,,,,,,,,,,,,,,,,,,,,,,,,,,,,,
,2499,119174767,2462,119172305,3000,42459662,886,42458776,1138,76715105,1576,76713529,1870,304227666229760,7029212672,304220637017088,8192102912,279416492040192,7022592000,279409469448192,8184799232,24811174189568,6620672,24811167568896,25021440,304227666229760,7029212672,304220637017088,8192102912,279416492040192,7022592000,279409469448192,8184799232,24811174189568,6620672,24811167568896,25021440,119174767,2462,119172305,3000,42459662,886,42458776,1138,76715105,1576,76713529,1870,72557359,104,72557255,237,24990140,62,24990078,138,47567219,42,47567177,117,300196221698560,147241472,300196074457088,1396042240,274848018765824,139182080,274847879583744,1392988160,25348202932736,8059392,25348194873344,18018304,-1,0,361,0,0,3,0,0,0,0,0,0,0,0,301404516456991,7021265976,301397495191015,8176189920,276601755956992,7014793216,276594741163776,8169017344,24802760499999,6472760,24802754027239,24870008,8673820672,8673820672,0,8673820672,8642363392,8642363392,0,8642363392,31457280,31457280,0,31457280,361,361,0,361,346,346,0,346,15,15,0,15,,,,,,,,,,,,,,,,,,,,,,,,,,,,,,,,,,,,,,,,,,,,,,,,,,,,,,,,,,,,,,,,,,,,,,,,,,,,,,,,,,,,,,,,,,,,,,,,,,,,,,,,,,,,,,,,,,,,,,,,,,,,,,,,,,,,,,,,,,,,,,,,,,,,,,,,,,,,,,
,2499,,,,,,,,,,,,,,,,,,,,,,,,,,,,,,,,,,,,,,,,,,,,,,,,,,,,,,,,,,,,,,,,,,,,,,,,,,,,,,,,,,,,,,,,,,,,,,,,,,,,,,,,,,,,,,,,,,,,,,,,,,,119187689,2466,119185223,3000,42466553,886,42465667,1138,76721136,1580,76719556,1870,304282987263488,7029214720,304275958048768,8192102912,279471017619456,7022592000,279463995027456,8184799232,24811969644032,6622720,24811963021312,25021440,304282987263488,7029214720,304275958048768,8192102912,279471017619456,7022592000,279463995027456,8184799232,24811969644032,6622720,24811963021312,25021440,119187689,2466,119185223,3000,42466553,886,42465667,1138,76721136,1580,76719556,1870,72565150,107,72565043,237,24995055,62,24994993,138,47570095,45,47570050,117,300243485349376,147239424,300243338109952,1396042240,274894486964224,139182080,274894347782144,1392988160,25348998385152,8057344,25348990327808,18018304,-1,0,361,0,0,3,0,0,0,0,0,0,0,0,301459219983090,7021265932,301452198717158,8176189920,276655664896512,7014793216,276648650103296,8169017344,24803555086578,6472716,24803548613862,24870008,8673820672,8673820672,0,8673820672,8642363392,8642363392,0,8642363392,31457280,31457280,0,31457280,361,361,0,361,346,346,0,346,15,15,0,15,,,,,,,,,,,,,,,,,,,,,,,,,,,,,,,,,,,,
5.444780127559584e-07,2499,,,,,,,,,,,,,,,,,,,,,,,,,,,,,,,,,,,,,,,,,,,,,,,,,,,,,,,,,,,,,,,,,,,,,,,,,,,,,,,,,,,,,,,,,,,,,,,,,,,,,,,,,,,,,,,,,,,,,,,,,,,,,,,,,,,,,,,,,,,,,,,,,,,,,,,,,,,,,,,,,,,,,,,,,,,,,,,,,,,,,,,,,,,,,,,,,,,,,,,,,,,,,,,,,,,,,,,,,,,,,,,,,,,,,,,,,,,,,,,,,,,,,,,,,,,,,,,,,,,,,,,,,,,,,,,,,,,,,,,,
,2499,119187702,2462,119185240,3000,42466553,886,42465667,1138,76721149,1576,76719573,1870,304282987276288,7029204992,304275958071296,8192102912,279471017619456,7022592000,279463995027456,8184799232,24811969656832,6612992,24811963043840,25021440,304282987276288,7029204992,304275958071296,8192102912,279471017619456,7022592000,279463995027456,8184799232,24811969656832,6612992,24811963043840,25021440,119187702,2462,119185240,3000,42466553,886,42465667,1138,76721149,1576,76719573,1870,72565160,104,72565056,237,24995055,62,24994993,138,47570105,42,47570063,117,300243485371904,147249152,300243338122752,1396042240,274894486964224,139182080,274894347782144,1392988160,25348998407680,8067072,25348990340608,18018304,-1,0,361,0,0,3,0,0,0,0,0,0,0,0,301459219990718,7021257996,301452198732722,8176189920,276655664896512,7014793216,276648650103296,8169017344,24803555094206,6464780,24803548629426,24870008,8673820672,8673820672,0,8673820672,8642363392,8642363392,0,8642363392,31457280,31457280,0,31457280,361,361,0,361,346,346,0,346,15,15,0,15,,,,,,,,,,,,,,,,,,,,,,,,,,,,,,,,,,,,,,,,,,,,,,,,,,,,,,,,,,,,,,,,,,,,,,,,,,,,,,,,,,,,,,,,,,,,,,,,,,,,,,,,,,,,,,,,,,,,,,,,,,,,,,,,,,,,,,,,,,,,,,,,,,,,,,,,,,,,,,
,2499,,,,,,,,,,,,,,,,,,,,,,,,,,,,,,,,,,,,,,,,,,,,,,,,,,,,,,,,,,,,,,,,,,,,,,,,,,,,,,,,,,,,,,,,,,,,,,,,,,,,,,,,,,,,,,,,,,,,,,,,,,,119200073,2466,119197607,3000,42470540,886,42469654,1138,76729533,1580,76727953,1870,304309870270976,7029207040,304302841063936,8192102912,279495170260992,7022592000,279488147668992,8184799232,24814700009984,6615040,24814693394944,25021440,304309870270976,7029207040,304302841063936,8192102912,279495170260992,7022592000,279488147668992,8184799232,24814700009984,6615040,24814693394944,25021440,119200073,2466,119197607,3000,42470540,886,42469654,1138,76729533,1580,76727953,1870,72571654,106,72571548,237,24997136,62,24997074,138,47574518,44,47574474,117,300272118118400,147247104,300271970871296,1396042240,274920368912384,139182080,274920229730304,1392988160,25351749206016,8065024,25351741140992,18018304,-1,0,361,0,0,3,0,0,0,0,0,0,0,0,301485833358013,7021258012,301478812100001,8176189920,276679548869888,7014793216,276672534076672,8169017344,24806284488125,6464796,24806278023329,24870008,8673820672,8673820672,0,8673820672,8642363392,8642363392,0,8642363392,31457280,31457280,0,31457280,361,361,0,361,346,346,0,346,15,15,0,15,,,,,,,,,,,,,,,,,,,,,,,,,,,,,,,,,,,,
5.444780127559584e-07,2499,,,,,,,,,,,,,,,,,,,,,,,,,,,,,,,,,,,,,,,,,,,,,,,,,,,,,,,,,,,,,,,,,,,,,,,,,,,,,,,,,,,,,,,,,,,,,,,,,,,,,,,,,,,,,,,,,,,,,,,,,,,,,,,,,,,,,,,,,,,,,,,,,,,,,,,,,,,,,,,,,,,,,,,,,,,,,,,,,,,,,,,,,,,,,,,,,,,,,,,,,,,,,,,,,,,,,,,,,,,,,,,,,,,,,,,,,,,,,,,,,,,,,,,,,,,,,,,,,,,,,,,,,,,,,,,,,,,,,,,,
,2499,119200086,2462,119197624,3000,42470540,886,42469654,1138,76729546,1576,76727970,1870,304309870283776,7029204992,304302841078784,8192102912,279495170260992,7022592000,279488147668992,8184799232,24814700022784,6612992,24814693409792,25021440,304309870283776,7029204992,304302841078784,8192102912,279495170260992,7022592000,279488147668992,8184799232,24814700022784,6612992,24814693409792,25021440,119200086,2462,119197624,3000,42470540,886,42469654,1138,76729546,1576,76727970,1870,72571666,103,72571563,237,24997136,62,24997074,138,47574530,41,47574489,117,300272118133248,147249152,300271970884096,1396042240,274920368912384,139182080,274920229730304,1392988160,25351749220864,8067072,25351741153792,18018304,-1,0,361,0,0,3,0,0,0,0,0,0,0,0,301485833365521,7021257876,301478812107645,8176189920,276679548869888,7014793216,276672534076672,8169017344,24806284495633,6464660,24806278030973,24870008,8673820672,8673820672,0,8673820672,8642363392,8642363392,0,8642363392,31457280,31457280,0,31457280,361,361,0,361,346,346,0,346,15,15,0,15,,,,,,,,,,,,,,,,,,,,,,,,,,,,,,,,,,,,,,,,,,,,,,,,,,,,,,,,,,,,,,,,,,,,,,,,,,,,,,,,,,,,,,,,,,,,,,,,,,,,,,,,,,,,,,,,,,,,,,,,,,,,,,,,,,,,,,,,,,,,,,,,,,,,,,,,,,,,,,
,2499,,,,,,,,,,,,,,,,,,,,,,,,,,,,,,,,,,,,,,,,,,,,,,,,,,,,,,,,,,,,,,,,,,,,,,,,,,,,,,,,,,,,,,,,,,,,,,,,,,,,,,,,,,,,,,,,,,,,,,,,,,,119212456,2466,119209990,3000,42474623,886,42473737,1138,76737833,1580,76736253,1870,304337332621312,7029207040,304330303414272,8192102912,279519724634112,7022592000,279512702042112,8184799232,24817607987200,6615040,24817601372160,25021440,304337332621312,7029207040,304330303414272,8192102912,279519724634112,7022592000,279512702042112,8184799232,24817607987200,6615040,24817601372160,25021440,119212456,2466,119209990,3000,42474623,886,42473737,1138,76737833,1580,76736253,1870,72578287,107,72578180,237,24999440,62,24999378,138,47578847,45,47578802,117,300301379292672,147247104,300301232045568,1396042240,274946630096896,139182080,274946490914816,1392988160,25354749195776,8065024,25354741130752,18018304,-1,0,361,0,0,3,0,0,0,0,0,0,0,0,301512930588187,7021257892,301505909330295,8176189920,276703738994688,7014793216,276696724201472,8169017344,24809191593499,6464676,24809185128823,24870008,8673820672,8673820672,0,8673820672,8642363392,8642363392,0,8642363392,31457280,31457280,0,31457280,361,361,0,361,346,346,0,346,15,15,0,15,,,,,,,,,,,,,,,,,,,,,,,,,,,,,,,,,,,,
5.444780127559584e-07,2499,,,,,,,,,,,,,,,,,,,,,,,,,,,,,,,,,,,,,,,,,,,,,,,,,,,,,,,,,,,,,,,,,,,,,,,,,,,,,,,,,,,,,,,,,,,,,,,,,,,,,,,,,,,,,,,,,,,,,,,,,,,,,,,,,,,,,,,,,,,,,,,,,,,,,,,,,,,,,,,,,,,,,,,,,,,,,,,,,,,,,,,,,,,,,,,,,,,,,,,,,,,,,,,,,,,,,,,,,,,,,,,,,,,,,,,,,,,,,,,,,,,,,,,,,,,,,,,,,,,,,,,,,,,,,,,,,,,,,,,,
,2499,119212469,2462,119210007,3000,42474623,886,42473737,1138,76737846,1576,76736270,1870,304337332635648,7029206528,304330303429120,8192102912,279519724634112,7022592000,279512702042112,8184799232,24817608001536,6614528,24817601387008,25021440,304337332635648,7029206528,304330303429120,8192102912,279519724634112,7022592000,279512702042112,8184799232,24817608001536,6614528,24817601387008,25021440,119212469,2462,119210007,3000,42474623,886,42473737,1138,76737846,1576,76736270,1870,72578299,105,72578194,237,24999440,62,24999378,138,47578859,43,47578816,117,300301379307520,147247616,300301232059904,1396042240,274946630096896,139182080,274946490914816,1392988160,25354749210624,8065536,25354741145088,18018304,-1,0,361,0,0,3,0,0,0,0,0,0,0,0,301512930596463,7021258644,301505909337819,8176189920,276703738994688,7014793216,276696724201472,8169017344,24809191601775,6465428,24809185136347,24870008,8673820672,8673820672,0,8673820672,8642363392,8642363392,0,8642363392,31457280,31457280,0,31457280,361,361,0,361,346,346,0,346,15,15,0,15,,,,,,,,,,,,,,,,,,,,,,,,,,,,,,,,,,,,,,,,,,,,,,,,,,,,,,,,,,,,,,,,,,,,,,,,,,,,,,,,,,,,,,,,,,,,,,,,,,,,,,,,,,,,,,,,,,,,,,,,,,,,,,,,,,,,,,,,,,,,,,,,,,,,,,,,,,,,,,
,2499,,,,,,,,,,,,,,,,,,,,,,,,,,,,,,,,,,,,,,,,,,,,,,,,,,,,,,,,,,,,,,,,,,,,,,,,,,,,,,,,,,,,,,,,,,,,,,,,,,,,,,,,,,,,,,,,,,,,,,,,,,,119224840,2466,119222374,3000,42478706,886,42477820,1138,76746134,1580,76744554,1870,304364943420416,7029208576,304357914211840,8192102912,279544327671808,7022592000,279537305079808,8184799232,24820615748608,6616576,24820609132032,25021440,304364943420416,7029208576,304357914211840,8192102912,279544327671808,7022592000,279537305079808,8184799232,24820615748608,6616576,24820609132032,25021440,119224840,2466,119222374,3000,42478706,886,42477820,1138,76746134,1580,76744554,1870,72585259,108,72585151,237,25001732,62,25001670,138,47583527,46,47583481,117,300330763289600,147245568,300330616044032,1396042240,274972942632960,139182080,274972803450880,1392988160,25357820656640,8063488,25357812593152,18018304,-1,0,361,0,0,3,0,0,0,0,0,0,0,0,301540232184470,7021258660,301533210925810,8176189920,276728033645312,7014793216,276721018852096,8169017344,24812198539158,6465444,24812192073714,24870008,8673820672,8673820672,0,8673820672,8642363392,8642363392,0,8642363392,31457280,31457280,0,31457280,361,361,0,361,346,346,0,346,15,15,0,15,,,,,,,,,,,,,,,,,,,,,,,,,,,,,,,,,,,,
5.444780127559584e-07,2499,,,,,,,,,,,,,,,,,,,,,,,,,,,,,,,,,,,,,,,,,,,,,,,,,,,,,,,,,,,,,,,,,,,,,,,,,,,,,,,,,,,,,,,,,,,,,,,,,,,,,,,,,,,,,,,,,,,,,,,,,,,,,,,,,,,,,,,,,,,,,,,,,,,,,,,,,,,,,,,,,,,,,,,,,,,,,,,,,,,,,,,,,,,,,,,,,,,,,,,,,,,,,,,,,,,,,,,,,,,,,,,,,,,,,,,,,,,,,,,,,,,,,,,,,,,,,,,,,,,,,,,,,,,,,,,,,,,,,,,,
,2499,119224853,2462,119222391,3000,42478706,886,42477820,1138,76746147,1576,76744571,1870,304364943436288,7029208064,304357914228224,8192102912,279544327671808,7022592000,279537305079808,8184799232,24820615764480,6616064,24820609148416,25021440,304364943436288,7029208064,304357914228224,8192102912,279544327671808,7022592000,279537305079808,8184799232,24820615764480,6616064,24820609148416,25021440,119224853,2462,119222391,3000,42478706,886,42477820,1138,76746147,1576,76744571,1870,72585271,105,72585166,237,25001732,62,25001670,138,47583539,43,47583496,117,300330763305984,147246080,300330616059904,1396042240,274972942632960,139182080,274972803450880,1392988160,25357820673024,8064000,25357812609024,18018304,-1,0,361,0,0,3,0,0,0,0,0,0,0,0,301540232194042,7021259940,301533210934102,8176189920,276728033645312,7014793216,276721018852096,8169017344,24812198548730,6466724,24812192082006,24870008,8673820672,8673820672,0,8673820672,8642363392,8642363392,0,8642363392,31457280,31457280,0,31457280,361,361,0,361,346,346,0,346,15,15,0,15,,,,,,,,,,,,,,,,,,,,,,,,,,,,,,,,,,,,,,,,,,,,,,,,,,,,,,,,,,,,,,,,,,,,,,,,,,,,,,,,,,,,,,,,,,,,,,,,,,,,,,,,,,,,,,,,,,,,,,,,,,,,,,,,,,,,,,,,,,,,,,,,,,,,,,,,,,,,,,
,2499,,,,,,,,,,,,,,,,,,,,,,,,,,,,,,,,,,,,,,,,,,,,,,,,,,,,,,,,,,,,,,,,,,,,,,,,,,,,,,,,,,,,,,,,,,,,,,,,,,,,,,,,,,,,,,,,,,,,,,,,,,,119237224,2466,119234758,3000,42482789,886,42481903,1138,76754435,1580,76752855,1870,304392406467584,7029210112,304385377257472,8192102912,279568882647040,7022592000,279561860055040,8184799232,24823523820544,6618112,24823517202432,25021440,304392406467584,7029210112,304385377257472,8192102912,279568882647040,7022592000,279561860055040,8184799232,24823523820544,6618112,24823517202432,25021440,119237224,2466,119234758,3000,42482789,886,42481903,1138,76754435,1580,76752855,1870,72592123,108,72592015,237,25004036,62,25003974,138,47588087,46,47588041,117,300360004711936,147244032,300359857467904,1396042240,274999204419584,139182080,274999065237504,1392988160,25360800292352,8061952,25360792230400,18018304,-1,0,361,0,0,3,0,0,0,0,0,0,0,0,301567331267616,7021259956,301560310007660,8176189920,276752225531392,7014793216,276745210738176,8169017344,24815105736224,6466740,24815099269484,24870008,8673820672,8673820672,0,8673820672,8642363392,8642363392,0,8642363392,31457280,31457280,0,31457280,361,361,0,361,346,346,0,346,15,15,0,15,,,,,,,,,,,,,,,,,,,,,,,,,,,,,,,,,,,,
5.444780127559584e-07,2499,,,,,,,,,,,,,,,,,,,,,,,,,,,,,,,,,,,,,,,,,,,,,,,,,,,,,,,,,,,,,,,,,,,,,,,,,,,,,,,,,,,,,,,,,,,,,,,,,,,,,,,,,,,,,,,,,,,,,,,,,,,,,,,,,,,,,,,,,,,,,,,,,,,,,,,,,,,,,,,,,,,,,,,,,,,,,,,,,,,,,,,,,,,,,,,,,,,,,,,,,,,,,,,,,,,,,,,,,,,,,,,,,,,,,,,,,,,,,,,,,,,,,,,,,,,,,,,,,,,,,,,,,,,,,,,,,,,,,,,,
,2499,119237237,2462,119234775,3000,42482789,886,42481903,1138,76754448,1576,76752872,1870,304392406478848,7029203456,304385377275392,8192102912,279568882647040,7022592000,279561860055040,8184799232,24823523831808,6611456,24823517220352,25021440,304392406478848,7029203456,304385377275392,8192102912,279568882647040,7022592000,279561860055040,8184799232,24823523831808,6611456,24823517220352,25021440,119237237,2462,119234775,3000,42482789,886,42481903,1138,76754448,1576,76752872,1870,72592134,104,72592030,237,25004036,62,25003974,138,47588098,42,47588056,117,300360004729856,147250688,300359857479168,1396042240,274999204419584,139182080,274999065237504,1392988160,25360800310272,8068608,25360792241664,18018304,-1,0,361,0,0,3,0,0,0,0,0,0,0,0,301567331272892,7021255644,301560310017248,8176189920,276752225531392,7014793216,276745210738176,8169017344,24815105741500,6462428,24815099279072,24870008,8673820672,8673820672,0,8673820672,8642363392,8642363392,0,8642363392,31457280,31457280,0,31457280,361,361,0,361,346,346,0,346,15,15,0,15,,,,,,,,,,,,,,,,,,,,,,,,,,,,,,,,,,,,,,,,,,,,,,,,,,,,,,,,,,,,,,,,,,,,,,,,,,,,,,,,,,,,,,,,,,,,,,,,,,,,,,,,,,,,,,,,,,,,,,,,,,,,,,,,,,,,,,,,,,,,,,,,,,,,,,,,,,,,,,
,2499,,,,,,,,,,,,,,,,,,,,,,,,,,,,,,,,,,,,,,,,,,,,,,,,,,,,,,,,,,,,,,,,,,,,,,,,,,,,,,,,,,,,,,,,,,,,,,,,,,,,,,,,,,,,,,,,,,,,,,,,,,,119249608,2466,119247142,3000,42486771,886,42485885,1138,76762837,1580,76761257,1870,304419684082688,7029205504,304412654877184,8192102912,279593238073344,7022592000,279586215481344,8184799232,24826446009344,6613504,24826439395840,25021440,304419684082688,7029205504,304412654877184,8192102912,279593238073344,7022592000,279586215481344,8184799232,24826446009344,6613504,24826439395840,25021440,119249608,2466,119247142,3000,42486771,886,42485885,1138,76762837,1580,76761257,1870,72599018,108,72598910,237,25006217,62,25006155,138,47592801,46,47592755,117,300388960258048,147248640,300388813009408,1396042240,275025235412992,139182080,275025096230912,1392988160,25363724845056,8066560,25363716778496,18018304,-1,0,361,0,0,3,0,0,0,0,0,0,0,0,301594248147979,7021255660,301587226892319,8176189920,276776221100288,7014793216,276769206307072,8169017344,24818027047691,6462444,24818020585247,24870008,8673820672,8673820672,0,8673820672,8642363392,8642363392,0,8642363392,31457280,31457280,0,31457280,361,361,0,361,346,346,0,346,15,15,0,15,,,,,,,,,,,,,,,,,,,,,,,,,,,,,,,,,,,,
5.444780127559584e-07,2499,,,,,,,,,,,,,,,,,,,,,,,,,,,,,,,,,,,,,,,,,,,,,,,,,,,,,,,,,,,,,,,,,,,,,,,,,,,,,,,,,,,,,,,,,,,,,,,,,,,,,,,,,,,,,,,,,,,,,,,,,,,,,,,,,,,,,,,,,,,,,,,,,,,,,,,,,,,,,,,,,,,,,,,,,,,,,,,,,,,,,,,,,,,,,,,,,,,,,,,,,,,,,,,,,,,,,,,,,,,,,,,,,,,,,,,,,,,,,,,,,,,,,,,,,,,,,,,,,,,,,,,,,,,,,,,,,,,,,,,,
,2499,119249621,2462,119247159,3000,42486771,886,42485885,1138,76762850,1576,76761274,1870,304419684100096,7029209600,304412654890496,8192102912,279593238073344,7022592000,279586215481344,8184799232,24826446026752,6617600,24826439409152,25021440,304419684100096,7029209600,304412654890496,8192102912,279593238073344,7022592000,279586215481344,8184799232,24826446026752,6617600,24826439409152,25021440,119249621,2462,119247159,3000,42486771,886,42485885,1138,76762850,1576,76761274,1870,72599029,107,72598922,237,25006217,62,25006155,138,47592812,45,47592767,117,300388960271360,147244544,300388813026816,1396042240,275025235412992,139182080,275025096230912,1392988160,25363724858368,8062464,25363716795904,18018304,-1,0,361,0,0,3,0,0,0,0,0,0,0,0,301594248159471,7021261860,301587226897611,8176189920,276776221100288,7014793216,276769206307072,8169017344,24818027059183,6468644,24818020590539,24870008,8673820672,8673820672,0,8673820672,8642363392,8642363392,0,8642363392,31457280,31457280,0,31457280,361,361,0,361,346,346,0,346,15,15,0,15,,,,,,,,,,,,,,,,,,,,,,,,,,,,,,,,,,,,,,,,,,,,,,,,,,,,,,,,,,,,,,,,,,,,,,,,,,,,,,,,,,,,,,,,,,,,,,,,,,,,,,,,,,,,,,,,,,,,,,,,,,,,,,,,,,,,,,,,,,,,,,,,,,,,,,,,,,,,,,
,2499,,,,,,,,,,,,,,,,,,,,,,,,,,,,,,,,,,,,,,,,,,,,,,,,,,,,,,,,,,,,,,,,,,,,,,,,,,,,,,,,,,,,,,,,,,,,,,,,,,,,,,,,,,,,,,,,,,,,,,,,,,,119262492,2466,119260026,3000,42491675,886,42490789,1138,76770817,1580,76769237,1870,304449800805888,7029211648,304442771594240,8192102912,279620735819776,7022592000,279613713227776,8184799232,24829064986112,6619648,24829058366464,25021440,304449800805888,7029211648,304442771594240,8192102912,279620735819776,7022592000,279613713227776,8184799232,24829064986112,6619648,24829058366464,25021440,119262492,2466,119260026,3000,42491675,886,42490789,1138,76770817,1580,76769237,1870,72606657,110,72606547,237,25009241,62,25009179,138,47597416,48,47597368,117,300421089749504,147242496,300420942507008,1396042240,275054745933824,139182080,275054606751744,1392988160,25366343815680,8060416,25366335755264,18018304,-1,0,361,0,0,3,0,0,0,0,0,0,0,0,301623889561819,7021261936,301616868299883,8176189920,276803244579840,7014793216,276796229786624,8169017344,24820644981979,6468720,24820638513259,24870008,8673820672,8673820672,0,8673820672,8642363392,8642363392,0,8642363392,31457280,31457280,0,31457280,361,361,0,361,346,346,0,346,15,15,0,15,,,,,,,,,,,,,,,,,,,,,,,,,,,,,,,,,,,,
,2499,,,,,,,,,,,,,,,,,,,,,,,,,,,,,,,,,,,,,,,,,,,,,,,,,,,,,,,,,,,,,,,,,,,,,,,,,,,,,,,,,,,,,,,,,,,,,,,,,,,,,,,,,,,,,,,,,,,,,,,,,,,,,,,,,,,,,,,,,,,,,,,,,,,,,,,,,,,,,,,,,,,,,,,,,,,,,,,,,,,,,,,,,,,,,,,,,,,,,,,,,,,,,,,,,,,,,,,,,,,,,,,,,,,,,,,,,,,,,,,,,,,,,6.73532485961914e-05,9.536743306171047e-08,6.878376007080078e-05,3,,,,,,,,,,,,,,,,,,,,,,,,,,,,,,,,
5.109097012420275e-07,2549,,,,,,,,,,,,,,,,,,,,,,,,,,,,,,,,,,,,,,,,,,,,,,,,,,,,,,,,,,,,,,,,,,,,,,,,,,,,,,,,,,,,,,,,,,,,,,,,,,,,,,,,,,,,,,,,,,,,,,,,,,,,,,,,,,,,,,,,,,,,,,,,,,,,,,,,,,,,,,,,,,,,,,,,,,,,,,,,,,,,,,,,,,,,,,,,,,,,,,,,,,,,,,,,,,,,,,,,,,,,,,,,,,,,,,,,,,,,,,,,,,,,,,,,,,,,,,,,,,,,,,,,,,,,,,,,,,,,,,,,
,2549,124165631,2462,124163169,3000,44236912,886,44236026,1138,79928719,1576,79927143,1870,316915114779648,7031329792,316908083449856,8192102912,291060049483776,7024713728,291053024770048,8184799232,25855065295872,6616064,25855058679808,25021440,316915114779648,7031329792,316908083449856,8192102912,291060049483776,7024713728,291053024770048,8184799232,25855065295872,6616064,25855058679808,25021440,124165631,2462,124163169,3000,44236912,886,44236026,1138,79928719,1576,79927143,1870,75513962,101,75513861,237,26033294,66,26033228,138,49480668,35,49480633,117,312811335079936,178678784,312811156401152,1396042240,286400626067456,172711936,286400453355520,1392988160,26410709012480,5966848,26410703045632,18018304,-1,0,361,0,0,3,0,0,0,0,0,0,0,0,313973617332675,7021260540,313966596072135,8176189920,288127316946944,7014793216,288120302153728,8169017344,25846300385731,6467324,25846293918407,24870008,8673820672,8673820672,0,8673820672,8642363392,8642363392,0,8642363392,31457280,31457280,0,31457280,361,361,0,361,346,346,0,346,15,15,0,15,,,,,,,,,,,,,,,,,,,,,,,,,,,,,,,,,,,,,,,,,,,,,,,,,,,,,,,,,,,,,,,,,,,,,,,,,,,,,,,,,,,,,,,,,,,,,,,,,,,,,,,,,,,,,,,,,,,,,,,,,,,,,,,,,,,,,,,,,,,,,,,,,,,,,,,,,,,,,,
,2549,,,,,,,,,,,,,,,,,,,,,,,,,,,,,,,,,,,,,,,,,,,,,,,,,,,,,,,,,,,,,,,,,,,,,,,,,,,,,,,,,,,,,,,,,,,,,,,,,,,,,,,,,,,,,,,,,,,,,,,,,,,124178001,2466,124175535,3000,44240995,886,44240109,1138,79937006,1580,79935426,1870,316942879404032,7029357568,316935850046464,8192102912,291084656076800,7022739456,291077633337344,8184799232,25858223327232,6618112,25858216709120,25021440,316942879404032,7029357568,316935850046464,8192102912,291084656076800,7022739456,291077633337344,8184799232,25858223327232,6618112,25858216709120,25021440,124178001,2466,124175535,3000,44240995,886,44240109,1138,79937006,1580,79935426,1870,75521625,111,75521514,237,26035500,71,26035429,138,49486125,40,49486085,117,312839060704256,218399744,312838842304512,1396042240,286425131292672,210337792,286424920954880,1392988160,26413929411584,8061952,26413921349632,18018304,-1,0,361,0,0,3,0,0,0,0,0,0,0,0,314001226443499,7021260556,313994205182943,8176189920,288151768744704,7014793216,288144753951488,8169017344,25849457698795,6467340,25849451231455,24870008,8673820672,8673820672,0,8673820672,8642363392,8642363392,0,8642363392,31457280,31457280,0,31457280,361,361,0,361,346,346,0,346,15,15,0,15,,,,,,,,,,,,,,,,,,,,,,,,,,,,,,,,,,,,
5.109097012420275e-07,2549,,,,,,,,,,,,,,,,,,,,,,,,,,,,,,,,,,,,,,,,,,,,,,,,,,,,,,,,,,,,,,,,,,,,,,,,,,,,,,,,,,,,,,,,,,,,,,,,,,,,,,,,,,,,,,,,,,,,,,,,,,,,,,,,,,,,,,,,,,,,,,,,,,,,,,,,,,,,,,,,,,,,,,,,,,,,,,,,,,,,,,,,,,,,,,,,,,,,,,,,,,,,,,,,,,,,,,,,,,,,,,,,,,,,,,,,,,,,,,,,,,,,,,,,,,,,,,,,,,,,,,,,,,,,,,,,,,,,,,,,
,2549,124178014,2462,124175552,3000,44240995,886,44240109,1138,79937019,1576,79935443,1870,316942879422976,7029358592,316935850064384,8192102912,291084656076800,7022739456,291077633337344,8184799232,25858223346176,6619136,25858216727040,25021440,316942879422976,7029358592,316935850064384,8192102912,291084656076800,7022739456,291077633337344,8184799232,25858223346176,6619136,25858216727040,25021440,124178014,2462,124175552,3000,44240995,886,44240109,1138,79937019,1576,79935443,1870,75521630,105,75521525,237,26035500,71,26035429,138,49486130,34,49486096,117,312839060722176,218398720,312838842323456,1396042240,286425131292672,210337792,286424920954880,1392988160,26413929429504,8060928,26413921368576,18018304,-1,0,361,0,0,3,0,0,0,0,0,0,0,0,314001226456167,7021263036,313994205193131,8176189920,288151768744704,7014793216,288144753951488,8169017344,25849457711463,6469820,25849451241643,24870008,8673820672,8673820672,0,8673820672,8642363392,8642363392,0,8642363392,31457280,31457280,0,31457280,361,361,0,361,346,346,0,346,15,15,0,15,,,,,,,,,,,,,,,,,,,,,,,,,,,,,,,,,,,,,,,,,,,,,,,,,,,,,,,,,,,,,,,,,,,,,,,,,,,,,,,,,,,,,,,,,,,,,,,,,,,,,,,,,,,,,,,,,,,,,,,,,,,,,,,,,,,,,,,,,,,,,,,,,,,,,,,,,,,,,,
,2549,,,,,,,,,,,,,,,,,,,,,,,,,,,,,,,,,,,,,,,,,,,,,,,,,,,,,,,,,,,,,,,,,,,,,,,,,,,,,,,,,,,,,,,,,,,,,,,,,,,,,,,,,,,,,,,,,,,,,,,,,,,124190937,2466,124188471,3000,44247286,886,44246400,1138,79943651,1580,79942071,1870,316996961991168,7029360640,316989932630528,8192102912,291137408952320,7022739456,291130386212864,8184799232,25859553038848,6621184,25859546417664,25021440,316996961991168,7029360640,316989932630528,8192102912,291137408952320,7022739456,291130386212864,8184799232,25859553038848,6621184,25859546417664,25021440,124190937,2466,124188471,3000,44247286,886,44246400,1138,79943651,1580,79942071,1870,75529245,111,75529134,237,26039803,71,26039732,138,49489442,40,49489402,117,312880675154432,218396672,312880456757760,1396042240,286465397159936,210337792,286465186822144,1392988160,26415277994496,8058880,26415269935616,18018304,-1,0,361,0,0,3,0,0,0,0,0,0,0,0,314055051081785,7021263052,314048029818733,8176189920,288204264633856,7014793216,288197249840640,8169017344,25850786447929,6469836,25850779978093,24870008,8673820672,8673820672,0,8673820672,8642363392,8642363392,0,8642363392,31457280,31457280,0,31457280,361,361,0,361,346,346,0,346,15,15,0,15,,,,,,,,,,,,,,,,,,,,,,,,,,,,,,,,,,,,
5.109097012420275e-07,2549,,,,,,,,,,,,,,,,,,,,,,,,,,,,,,,,,,,,,,,,,,,,,,,,,,,,,,,,,,,,,,,,,,,,,,,,,,,,,,,,,,,,,,,,,,,,,,,,,,,,,,,,,,,,,,,,,,,,,,,,,,,,,,,,,,,,,,,,,,,,,,,,,,,,,,,,,,,,,,,,,,,,,,,,,,,,,,,,,,,,,,,,,,,,,,,,,,,,,,,,,,,,,,,,,,,,,,,,,,,,,,,,,,,,,,,,,,,,,,,,,,,,,,,,,,,,,,,,,,,,,,,,,,,,,,,,,,,,,,,,
,2549,124190950,2462,124188488,3000,44247286,886,44246400,1138,79943664,1576,79942088,1870,316996962005504,7029353984,316989932651520,8192102912,291137408952320,7022739456,291130386212864,8184799232,25859553053184,6614528,25859546438656,25021440,316996962005504,7029353984,316989932651520,8192102912,291137408952320,7022739456,291130386212864,8184799232,25859553053184,6614528,25859546438656,25021440,124190950,2462,124188488,3000,44247286,886,44246400,1138,79943664,1576,79942088,1870,75529256,108,75529148,237,26039803,71,26039732,138,49489453,37,49489416,117,312880675175424,218403328,312880456772096,1396042240,286465397159936,210337792,286465186822144,1392988160,26415278015488,8065536,26415269949952,18018304,-1,0,361,0,0,3,0,0,0,0,0,0,0,0,314055051090157,7021258740,314048029831417,8176189920,288204264633856,7014793216,288197249840640,8169017344,25850786456301,6465524,25850779990777,24870008,8673820672,8673820672,0,8673820672,8642363392,8642363392,0,8642363392,31457280,31457280,0,31457280,361,361,0,361,346,346,0,346,15,15,0,15,,,,,,,,,,,,,,,,,,,,,,,,,,,,,,,,,,,,,,,,,,,,,,,,,,,,,,,,,,,,,,,,,,,,,,,,,,,,,,,,,,,,,,,,,,,,,,,,,,,,,,,,,,,,,,,,,,,,,,,,,,,,,,,,,,,,,,,,,,,,,,,,,,,,,,,,,,,,,,
,2549,,,,,,,,,,,,,,,,,,,,,,,,,,,,,,,,,,,,,,,,,,,,,,,,,,,,,,,,,,,,,,,,,,,,,,,,,,,,,,,,,,,,,,,,,,,,,,,,,,,,,,,,,,,,,,,,,,,,,,,,,,,124203321,2466,124200855,3000,44251369,886,44250483,1138,79951952,1580,79950372,1870,317024473048576,7029356032,317017443692544,8192102912,291161862133760,7022739456,291154839394304,8184799232,25862610914816,6616576,25862604298240,25021440,317024473048576,7029356032,317017443692544,8192102912,291161862133760,7022739456,291154839394304,8184799232,25862610914816,6616576,25862604298240,25021440,124203321,2466,124200855,3000,44251369,886,44250483,1138,79951952,1580,79950372,1870,75536589,108,75536481,237,26042049,71,26041978,138,49494540,37,49494503,117,312909055682560,218401280,312908837281280,1396042240,286490682451968,210337792,286490472114176,1392988160,26418373230592,8063488,26418365167104,18018304,-1,0,361,0,0,3,0,0,0,0,0,0,0,0,314082454727728,7021258756,314075433468972,8176189920,288228611188992,7014793216,288221596395776,8169017344,25853843538736,6465540,25853837073196,24870008,8673820672,8673820672,0,8673820672,8642363392,8642363392,0,8642363392,31457280,31457280,0,31457280,361,361,0,361,346,346,0,346,15,15,0,15,,,,,,,,,,,,,,,,,,,,,,,,,,,,,,,,,,,,
5.109097012420275e-07,2549,,,,,,,,,,,,,,,,,,,,,,,,,,,,,,,,,,,,,,,,,,,,,,,,,,,,,,,,,,,,,,,,,,,,,,,,,,,,,,,,,,,,,,,,,,,,,,,,,,,,,,,,,,,,,,,,,,,,,,,,,,,,,,,,,,,,,,,,,,,,,,,,,,,,,,,,,,,,,,,,,,,,,,,,,,,,,,,,,,,,,,,,,,,,,,,,,,,,,,,,,,,,,,,,,,,,,,,,,,,,,,,,,,,,,,,,,,,,,,,,,,,,,,,,,,,,,,,,,,,,,,,,,,,,,,,,,,,,,,,,
,2549,124203334,2462,124200872,3000,44251369,886,44250483,1138,79951965,1576,79950389,1870,317024473061376,7029352448,317017443708928,8192102912,291161862133760,7022739456,291154839394304,8184799232,25862610927616,6612992,25862604314624,25021440,317024473061376,7029352448,317017443708928,8192102912,291161862133760,7022739456,291154839394304,8184799232,25862610927616,6612992,25862604314624,25021440,124203334,2462,124200872,3000,44251369,886,44250483,1138,79951965,1576,79950389,1870,75536598,104,75536494,237,26042049,71,26041978,138,49494549,33,49494516,117,312909055698944,218404864,312908837294080,1396042240,286490682451968,210337792,286490472114176,1392988160,26418373246976,8067072,26418365179904,18018304,-1,0,361,0,0,3,0,0,0,0,0,0,0,0,314082454735164,7021257804,314075433477360,8176189920,288228611188992,7014793216,288221596395776,8169017344,25853843546172,6464588,25853837081584,24870008,8673820672,8673820672,0,8673820672,8642363392,8642363392,0,8642363392,31457280,31457280,0,31457280,361,361,0,361,346,346,0,346,15,15,0,15,,,,,,,,,,,,,,,,,,,,,,,,,,,,,,,,,,,,,,,,,,,,,,,,,,,,,,,,,,,,,,,,,,,,,,,,,,,,,,,,,,,,,,,,,,,,,,,,,,,,,,,,,,,,,,,,,,,,,,,,,,,,,,,,,,,,,,,,,,,,,,,,,,,,,,,,,,,,,,
,2549,,,,,,,,,,,,,,,,,,,,,,,,,,,,,,,,,,,,,,,,,,,,,,,,,,,,,,,,,,,,,,,,,,,,,,,,,,,,,,,,,,,,,,,,,,,,,,,,,,,,,,,,,,,,,,,,,,,,,,,,,,,124215705,2466,124213239,3000,44255356,886,44254470,1138,79960349,1580,79958769,1870,317051375708672,7029354496,317044346354176,8192102912,291185924937728,7022739456,291178902198272,8184799232,25865450770944,6615040,25865444155904,25021440,317051375708672,7029354496,317044346354176,8192102912,291185924937728,7022739456,291178902198272,8184799232,25865450770944,6615040,25865444155904,25021440,124215705,2466,124213239,3000,44255356,886,44254470,1138,79960349,1580,79958769,1870,75543906,111,75543795,237,26044141,71,26044070,138,49499765,40,49499725,117,312937243439616,218402816,312937025036800,1396042240,286516017768448,210337792,286515807430656,1392988160,26421225671168,8065024,26421217606144,18018304,-1,0,361,0,0,3,0,0,0,0,0,0,0,0,314109246252601,7021257820,314102224994781,8176189920,288252563770368,7014793216,288245548977152,8169017344,25856682482233,6464604,25856676017629,24870008,8673820672,8673820672,0,8673820672,8642363392,8642363392,0,8642363392,31457280,31457280,0,31457280,361,361,0,361,346,346,0,346,15,15,0,15,,,,,,,,,,,,,,,,,,,,,,,,,,,,,,,,,,,,
5.109097012420275e-07,2549,,,,,,,,,,,,,,,,,,,,,,,,,,,,,,,,,,,,,,,,,,,,,,,,,,,,,,,,,,,,,,,,,,,,,,,,,,,,,,,,,,,,,,,,,,,,,,,,,,,,,,,,,,,,,,,,,,,,,,,,,,,,,,,,,,,,,,,,,,,,,,,,,,,,,,,,,,,,,,,,,,,,,,,,,,,,,,,,,,,,,,,,,,,,,,,,,,,,,,,,,,,,,,,,,,,,,,,,,,,,,,,,,,,,,,,,,,,,,,,,,,,,,,,,,,,,,,,,,,,,,,,,,,,,,,,,,,,,,,,,
,2549,124215718,2462,124213256,3000,44255356,886,44254470,1138,79960362,1576,79958786,1870,317051375727616,7029358592,317044346369024,8192102912,291185924937728,7022739456,291178902198272,8184799232,25865450789888,6619136,25865444170752,25021440,317051375727616,7029358592,317044346369024,8192102912,291185924937728,7022739456,291178902198272,8184799232,25865450789888,6619136,25865444170752,25021440,124215718,2462,124213256,3000,44255356,886,44254470,1138,79960362,1576,79958786,1870,75543917,109,75543808,237,26044141,71,26044070,138,49499776,38,49499738,117,312937243454464,218398720,312937025055744,1396042240,286516017768448,210337792,286515807430656,1392988160,26421225686016,8060928,26421217625088,18018304,-1,0,361,0,0,3,0,0,0,0,0,0,0,0,314109246265797,7021263564,314102225002233,8176189920,288252563770368,7014793216,288245548977152,8169017344,25856682495429,6470348,25856676025081,24870008,8673820672,8673820672,0,8673820672,8642363392,8642363392,0,8642363392,31457280,31457280,0,31457280,361,361,0,361,346,346,0,346,15,15,0,15,,,,,,,,,,,,,,,,,,,,,,,,,,,,,,,,,,,,,,,,,,,,,,,,,,,,,,,,,,,,,,,,,,,,,,,,,,,,,,,,,,,,,,,,,,,,,,,,,,,,,,,,,,,,,,,,,,,,,,,,,,,,,,,,,,,,,,,,,,,,,,,,,,,,,,,,,,,,,,
,2549,,,,,,,,,,,,,,,,,,,,,,,,,,,,,,,,,,,,,,,,,,,,,,,,,,,,,,,,,,,,,,,,,,,,,,,,,,,,,,,,,,,,,,,,,,,,,,,,,,,,,,,,,,,,,,,,,,,,,,,,,,,124228592,2466,124226126,3000,44262247,886,44261361,1138,79966345,1580,79964765,1870,317106806272512,7029360640,317099776911872,8192102912,291240536422400,7022739456,291233513682944,8184799232,25866269850112,6621184,25866263228928,25021440,317106806272512,7029360640,317099776911872,8192102912,291240536422400,7022739456,291233513682944,8184799232,25866269850112,6621184,25866263228928,25021440,124228592,2466,124226126,3000,44262247,886,44261361,1138,79966345,1580,79964765,1870,75552145,109,75552036,237,26049054,71,26048983,138,49503091,38,49503053,117,312983024189952,218396672,312982805793280,1396042240,286560979445760,210337792,286560769107968,1392988160,26422044744192,8058880,26422036685312,18018304,-1,0,361,0,0,3,0,0,0,0,0,0,0,0,314164336681161,7021263640,314157315417521,8176189920,288306835914496,7014793216,288299821121280,8169017344,25857500766665,6470424,25857494296241,24870008,8673820672,8673820672,0,8673820672,8642363392,8642363392,0,8642363392,31457280,31457280,0,31457280,361,361,0,361,346,346,0,346,15,15,0,15,,,,,,,,,,,,,,,,,,,,,,,,,,,,,,,,,,,,
5.109097012420275e-07,2549,,,,,,,,,,,,,,,,,,,,,,,,,,,,,,,,,,,,,,,,,,,,,,,,,,,,,,,,,,,,,,,,,,,,,,,,,,,,,,,,,,,,,,,,,,,,,,,,,,,,,,,,,,,,,,,,,,,,,,,,,,,,,,,,,,,,,,,,,,,,,,,,,,,,,,,,,,,,,,,,,,,,,,,,,,,,,,,,,,,,,,,,,,,,,,,,,,,,,,,,,,,,,,,,,,,,,,,,,,,,,,,,,,,,,,,,,,,,,,,,,,,,,,,,,,,,,,,,,,,,,,,,,,,,,,,,,,,,,,,,
,2549,124228605,2462,124226143,3000,44262247,886,44261361,1138,79966358,1576,79964782,1870,317106806289920,7029357056,317099776932864,8192102912,291240536422400,7022739456,291233513682944,8184799232,25866269867520,6617600,25866263249920,25021440,317106806289920,7029357056,317099776932864,8192102912,291240536422400,7022739456,291233513682944,8184799232,25866269867520,6617600,25866263249920,25021440,124228605,2462,124226143,3000,44262247,886,44261361,1138,79966358,1576,79964782,1870,75552154,104,75552050,237,26049054,71,26048983,138,49503100,33,49503067,117,312983024210944,218400256,312982805810688,1396042240,286560979445760,210337792,286560769107968,1392988160,26422044765184,8062464,26422036702720,18018304,-1,0,361,0,0,3,0,0,0,0,0,0,0,0,314164336692749,7021262016,314157315430733,8176189920,288306835914496,7014793216,288299821121280,8169017344,25857500778253,6468800,25857494309453,24870008,8673820672,8673820672,0,8673820672,8642363392,8642363392,0,8642363392,31457280,31457280,0,31457280,361,361,0,361,346,346,0,346,15,15,0,15,,,,,,,,,,,,,,,,,,,,,,,,,,,,,,,,,,,,,,,,,,,,,,,,,,,,,,,,,,,,,,,,,,,,,,,,,,,,,,,,,,,,,,,,,,,,,,,,,,,,,,,,,,,,,,,,,,,,,,,,,,,,,,,,,,,,,,,,,,,,,,,,,,,,,,,,,,,,,,
,2549,,,,,,,,,,,,,,,,,,,,,,,,,,,,,,,,,,,,,,,,,,,,,,,,,,,,,,,,,,,,,,,,,,,,,,,,,,,,,,,,,,,,,,,,,,,,,,,,,,,,,,,,,,,,,,,,,,,,,,,,,,,124240976,2466,124238510,3000,44266234,886,44265348,1138,79974742,1580,79973162,1870,317133817411072,7029359104,317126788051968,8192102912,291264644868096,7022739456,291257622128640,8184799232,25869172542976,6619648,25869165923328,25021440,317133817411072,7029359104,317126788051968,8192102912,291264644868096,7022739456,291257622128640,8184799232,25869172542976,6619648,25869165923328,25021440,124240976,2466,124238510,3000,44266234,886,44265348,1138,79974742,1580,79973162,1870,75559056,105,75558951,237,26051167,71,26051096,138,49507889,34,49507855,117,313011337186304,218398208,313011118788096,1396042240,286586354604032,210337792,286586144266240,1392988160,26424982582272,8060416,26424974521856,18018304,-1,0,361,0,0,3,0,0,0,0,0,0,0,0,314191233875037,7021261972,314184212613065,8176189920,288330831299072,7014793216,288323816505856,8169017344,25860402575965,6468756,25860396107209,24870008,8673820672,8673820672,0,8673820672,8642363392,8642363392,0,8642363392,31457280,31457280,0,31457280,361,361,0,361,346,346,0,346,15,15,0,15,,,,,,,,,,,,,,,,,,,,,,,,,,,,,,,,,,,,
5.109097012420275e-07,2549,,,,,,,,,,,,,,,,,,,,,,,,,,,,,,,,,,,,,,,,,,,,,,,,,,,,,,,,,,,,,,,,,,,,,,,,,,,,,,,,,,,,,,,,,,,,,,,,,,,,,,,,,,,,,,,,,,,,,,,,,,,,,,,,,,,,,,,,,,,,,,,,,,,,,,,,,,,,,,,,,,,,,,,,,,,,,,,,,,,,,,,,,,,,,,,,,,,,,,,,,,,,,,,,,,,,,,,,,,,,,,,,,,,,,,,,,,,,,,,,,,,,,,,,,,,,,,,,,,,,,,,,,,,,,,,,,,,,,,,,
,2549,124240989,2462,124238527,3000,44266234,886,44265348,1138,79974755,1576,79973179,1870,317133817430016,7029358592,317126788071424,8192102912,291264644868096,7022739456,291257622128640,8184799232,25869172561920,6619136,25869165942784,25021440,317133817430016,7029358592,317126788071424,8192102912,291264644868096,7022739456,291257622128640,8184799232,25869172561920,6619136,25869165942784,25021440,124240989,2462,124238527,3000,44266234,886,44265348,1138,79974755,1576,79973179,1870,75559068,105,75558963,237,26051167,71,26051096,138,49507901,34,49507867,117,313011337205760,218398720,313011118807040,1396042240,286586354604032,210337792,286586144266240,1392988160,26424982601728,8060928,26424974540800,18018304,-1,0,361,0,0,3,0,0,0,0,0,0,0,0,314191233888713,7021264044,314184212624669,8176189920,288330831299072,7014793216,288323816505856,8169017344,25860402589641,6470828,25860396118813,24870008,8673820672,8673820672,0,8673820672,8642363392,8642363392,0,8642363392,31457280,31457280,0,31457280,361,361,0,361,346,346,0,346,15,15,0,15,,,,,,,,,,,,,,,,,,,,,,,,,,,,,,,,,,,,,,,,,,,,,,,,,,,,,,,,,,,,,,,,,,,,,,,,,,,,,,,,,,,,,,,,,,,,,,,,,,,,,,,,,,,,,,,,,,,,,,,,,,,,,,,,,,,,,,,,,,,,,,,,,,,,,,,,,,,,,,
,2549,,,,,,,,,,,,,,,,,,,,,,,,,,,,,,,,,,,,,,,,,,,,,,,,,,,,,,,,,,,,,,,,,,,,,,,,,,,,,,,,,,,,,,,,,,,,,,,,,,,,,,,,,,,,,,,,,,,,,,,,,,,124253912,2466,124251446,3000,44272525,886,44271639,1138,79981387,1580,79979807,1870,317188156493824,7029360640,317181127133184,8192102912,291317608650752,7022739456,291310585911296,8184799232,25870547843072,6621184,25870541221888,25021440,317188156493824,7029360640,317181127133184,8192102912,291317608650752,7022739456,291310585911296,8184799232,25870547843072,6621184,25870541221888,25021440,124253912,2466,124251446,3000,44272525,886,44271639,1138,79981387,1580,79979807,1870,75566743,111,75566632,237,26055437,71,26055366,138,49511306,40,49511266,117,313060208328704,218396672,313059989932032,1396042240,286633850447872,210337792,286633640110080,1392988160,26426357880832,8058880,26426349821952,18018304,-1,0,361,0,0,3,0,0,0,0,0,0,0,0,314245156822330,7021264060,314238135558270,8176189920,288383379891456,7014793216,288376365098240,8169017344,25861776930874,6470844,25861770460030,24870008,8673820672,8673820672,0,8673820672,8642363392,8642363392,0,8642363392,31457280,31457280,0,31457280,361,361,0,361,346,346,0,346,15,15,0,15,,,,,,,,,,,,,,,,,,,,,,,,,,,,,,,,,,,,
5.109097012420275e-07,2549,,,,,,,,,,,,,,,,,,,,,,,,,,,,,,,,,,,,,,,,,,,,,,,,,,,,,,,,,,,,,,,,,,,,,,,,,,,,,,,,,,,,,,,,,,,,,,,,,,,,,,,,,,,,,,,,,,,,,,,,,,,,,,,,,,,,,,,,,,,,,,,,,,,,,,,,,,,,,,,,,,,,,,,,,,,,,,,,,,,,,,,,,,,,,,,,,,,,,,,,,,,,,,,,,,,,,,,,,,,,,,,,,,,,,,,,,,,,,,,,,,,,,,,,,,,,,,,,,,,,,,,,,,,,,,,,,,,,,,,,
,2549,124253925,2462,124251463,3000,44272525,886,44271639,1138,79981400,1576,79979824,1870,317188156503552,7029349376,317181127154176,8192102912,291317608650752,7022739456,291310585911296,8184799232,25870547852800,6609920,25870541242880,25021440,317188156503552,7029349376,317181127154176,8192102912,291317608650752,7022739456,291310585911296,8184799232,25870547852800,6609920,25870541242880,25021440,124253925,2462,124251463,3000,44272525,886,44271639,1138,79981400,1576,79979824,1870,75566751,106,75566645,237,26055437,71,26055366,138,49511314,35,49511279,117,313060208349696,218407936,313059989941760,1396042240,286633850447872,210337792,286633640110080,1392988160,26426357901824,8070144,26426349831680,18018304,-1,0,361,0,0,3,0,0,0,0,0,0,0,0,314245156826406,7021254444,314238135571962,8176189920,288383379891456,7014793216,288376365098240,8169017344,25861776934950,6461228,25861770473722,24870008,8673820672,8673820672,0,8673820672,8642363392,8642363392,0,8642363392,31457280,31457280,0,31457280,361,361,0,361,346,346,0,346,15,15,0,15,,,,,,,,,,,,,,,,,,,,,,,,,,,,,,,,,,,,,,,,,,,,,,,,,,,,,,,,,,,,,,,,,,,,,,,,,,,,,,,,,,,,,,,,,,,,,,,,,,,,,,,,,,,,,,,,,,,,,,,,,,,,,,,,,,,,,,,,,,,,,,,,,,,,,,,,,,,,,,
,2549,,,,,,,,,,,,,,,,,,,,,,,,,,,,,,,,,,,,,,,,,,,,,,,,,,,,,,,,,,,,,,,,,,,,,,,,,,,,,,,,,,,,,,,,,,,,,,,,,,,,,,,,,,,,,,,,,,,,,,,,,,,124266845,2466,124264379,3000,44276728,886,44275842,1138,79990117,1580,79988537,1870,317216869712896,7029351424,317209840361472,8192102912,291343446054912,7022739456,291336423315456,8184799232,25873423657984,6611968,25873417046016,25021440,317216869712896,7029351424,317209840361472,8192102912,291343446054912,7022739456,291336423315456,8184799232,25873423657984,6611968,25873417046016,25021440,124266845,2466,124264379,3000,44276728,886,44275842,1138,79990117,1580,79988537,1870,75574294,110,75574184,237,26057595,71,26057524,138,49516699,39,49516660,117,313090007382016,218405888,313089788976128,1396042240,286660753229824,210337792,286660542892032,1392988160,26429254152192,8068096,26429246084096,18018304,-1,0,361,0,0,3,0,0,0,0,0,0,0,0,314273747250436,7021254460,314266725995976,8176189920,288409095407616,7014793216,288402080614400,8169017344,25864651842820,6461244,25864645381576,24870008,8673820672,8673820672,0,8673820672,8642363392,8642363392,0,8642363392,31457280,31457280,0,31457280,361,361,0,361,346,346,0,346,15,15,0,15,,,,,,,,,,,,,,,,,,,,,,,,,,,,,,,,,,,,
,2549,,,,,,,,,,,,,,,,,,,,,,,,,,,,,,,,,,,,,,,,,,,,,,,,,,,,,,,,,,,,,,,,,,,,,,,,,,,,,,,,,,,,,,,,,,,,,,,,,,,,,,,,,,,,,,,,,,,,,,,,,,,,,,,,,,,,,,,,,,,,,,,,,,,,,,,,,,,,,,,,,,,,,,,,,,,,,,,,,,,,,,,,,,,,,,,,,,,,,,,,,,,,,,,,,,,,,,,,,,,,,,,,,,,,,,,,,,,,,,,,,,,,,0.0019092559814453125,9.820340892474633e-06,0.00205656117759645,3,,,,,,,,,,,,,,,,,,,,,,,,,,,,,,,,
4.773413897280967e-07,2599,,,,,,,,,,,,,,,,,,,,,,,,,,,,,,,,,,,,,,,,,,,,,,,,,,,,,,,,,,,,,,,,,,,,,,,,,,,,,,,,,,,,,,,,,,,,,,,,,,,,,,,,,,,,,,,,,,,,,,,,,,,,,,,,,,,,,,,,,,,,,,,,,,,,,,,,,,,,,,,,,,,,,,,,,,,,,,,,,,,,,,,,,,,,,,,,,,,,,,,,,,,,,,,,,,,,,,,,,,,,,,,,,,,,,,,,,,,,,,,,,,,,,,,,,,,,,,,,,,,,,,,,,,,,,,,,,,,,,,,,
,2599,129171244,2462,129168782,3000,46029814,886,46028928,1138,83141430,1576,83139854,1870,329810741840384,7029427712,329803712412672,8192102912,302916486514688,7022813184,302909463701504,8184799232,26894255325696,6614528,26894248711168,25021440,329810741840384,7029427712,329803712412672,8192102912,302916486514688,7022813184,302909463701504,8184799232,26894255325696,6614528,26894248711168,25021440,129171244,2462,129168782,3000,46029814,886,46028928,1138,83141430,1576,83139854,1870,78501312,111,78501201,237,27091714,71,27091643,138,51409598,40,51409558,117,325477545789440,222523904,325477323265536,1396042240,298005367941120,210264064,298005157677056,1392988160,27472177848320,12259840,27472165588480,18018304,-1,0,361,0,0,3,0,0,0,0,0,0,0,0,326751927687643,7021258284,326744906429359,8176189920,299866789312512,7014793216,299859774519296,8169017344,26885138375131,6465068,26885131910063,24870008,8673820672,8673820672,0,8673820672,8642363392,8642363392,0,8642363392,31457280,31457280,0,31457280,361,361,0,361,346,346,0,346,15,15,0,15,,,,,,,,,,,,,,,,,,,,,,,,,,,,,,,,,,,,,,,,,,,,,,,,,,,,,,,,,,,,,,,,,,,,,,,,,,,,,,,,,,,,,,,,,,,,,,,,,,,,,,,,,,,,,,,,,,,,,,,,,,,,,,,,,,,,,,,,,,,,,,,,,,,,,,,,,,,,,,
,2599,,,,,,,,,,,,,,,,,,,,,,,,,,,,,,,,,,,,,,,,,,,,,,,,,,,,,,,,,,,,,,,,,,,,,,,,,,,,,,,,,,,,,,,,,,,,,,,,,,,,,,,,,,,,,,,,,,,,,,,,,,,129183615,2466,129181149,3000,46033897,886,46033011,1138,83149718,1580,83148138,1870,329838078870016,7029216768,329831049653248,8192102912,302940903118848,7022600192,302933880518656,8184799232,26897175751168,6616576,26897169134592,25021440,329838078870016,7029216768,329831049653248,8192102912,302940903118848,7022600192,302933880518656,8184799232,26897175751168,6616576,26897169134592,25021440,129183615,2466,129181149,3000,46033897,886,46033011,1138,83149718,1580,83148138,1870,78508661,115,78508546,237,27093878,61,27093817,138,51414783,54,51414729,117,325504728146944,180791808,325504547355136,1396042240,298029527414784,174825472,298029352589312,1392988160,27475200732160,5966336,27475194765824,18018304,-1,0,361,0,0,3,0,0,0,0,0,0,0,0,326779050721220,7021258300,326772029462920,8176189920,299890992782080,7014793216,299883977988864,8169017344,26888057939140,6465084,26888051474056,24870008,8673820672,8673820672,0,8673820672,8642363392,8642363392,0,8642363392,31457280,31457280,0,31457280,361,361,0,361,346,346,0,346,15,15,0,15,,,,,,,,,,,,,,,,,,,,,,,,,,,,,,,,,,,,
4.773413897280967e-07,2599,,,,,,,,,,,,,,,,,,,,,,,,,,,,,,,,,,,,,,,,,,,,,,,,,,,,,,,,,,,,,,,,,,,,,,,,,,,,,,,,,,,,,,,,,,,,,,,,,,,,,,,,,,,,,,,,,,,,,,,,,,,,,,,,,,,,,,,,,,,,,,,,,,,,,,,,,,,,,,,,,,,,,,,,,,,,,,,,,,,,,,,,,,,,,,,,,,,,,,,,,,,,,,,,,,,,,,,,,,,,,,,,,,,,,,,,,,,,,,,,,,,,,,,,,,,,,,,,,,,,,,,,,,,,,,,,,,,,,,,,
,2599,129183628,2462,129181166,3000,46033897,886,46033011,1138,83149731,1576,83148155,1870,329838078882816,7029213184,329831049669632,8192102912,302940903118848,7022600192,302933880518656,8184799232,26897175763968,6612992,26897169150976,25021440,329838078882816,7029213184,329831049669632,8192102912,302940903118848,7022600192,302933880518656,8184799232,26897175763968,6612992,26897169150976,25021440,129183628,2462,129181166,3000,46033897,886,46033011,1138,83149731,1576,83148155,1870,78508666,105,78508561,237,27093878,61,27093817,138,51414788,44,51414744,117,325504728163328,180795392,325504547367936,1396042240,298029527414784,174825472,298029352589312,1392988160,27475200748544,5969920,27475194778624,18018304,-1,0,361,0,0,3,0,0,0,0,0,0,0,0,326779050728872,7021258020,326772029470852,8176189920,299890992782080,7014793216,299883977988864,8169017344,26888057946792,6464804,26888051481988,24870008,8673820672,8673820672,0,8673820672,8642363392,8642363392,0,8642363392,31457280,31457280,0,31457280,361,361,0,361,346,346,0,346,15,15,0,15,,,,,,,,,,,,,,,,,,,,,,,,,,,,,,,,,,,,,,,,,,,,,,,,,,,,,,,,,,,,,,,,,,,,,,,,,,,,,,,,,,,,,,,,,,,,,,,,,,,,,,,,,,,,,,,,,,,,,,,,,,,,,,,,,,,,,,,,,,,,,,,,,,,,,,,,,,,,,,
,2599,,,,,,,,,,,,,,,,,,,,,,,,,,,,,,,,,,,,,,,,,,,,,,,,,,,,,,,,,,,,,,,,,,,,,,,,,,,,,,,,,,,,,,,,,,,,,,,,,,,,,,,,,,,,,,,,,,,,,,,,,,,129195999,2466,129193533,3000,46037980,886,46037094,1138,83158019,1580,83156439,1870,329865729864192,7029215232,329858700648960,8192102912,302965608761344,7022600192,302958586161152,8184799232,26900121102848,6615040,26900114487808,25021440,329865729864192,7029215232,329858700648960,8192102912,302965608761344,7022600192,302958586161152,8184799232,26900121102848,6615040,26900114487808,25021440,129195999,2466,129193533,3000,46037980,886,46037094,1138,83158019,1580,83156439,1870,78516053,110,78515943,237,27096149,61,27096088,138,51419904,49,51419855,117,325533695269376,180793344,325533514476032,1396042240,298055409174528,174825472,298055234349056,1392988160,27478286094848,5967872,27478280126976,18018304,-1,0,361,0,0,3,0,0,0,0,0,0,0,0,326806224439204,7021258036,326799203181168,8176189920,299915221999104,7014793216,299908207205888,8169017344,26891002440100,6464820,26890995975280,24870008,8673820672,8673820672,0,8673820672,8642363392,8642363392,0,8642363392,31457280,31457280,0,31457280,361,361,0,361,346,346,0,346,15,15,0,15,,,,,,,,,,,,,,,,,,,,,,,,,,,,,,,,,,,,
4.773413897280967e-07,2599,,,,,,,,,,,,,,,,,,,,,,,,,,,,,,,,,,,,,,,,,,,,,,,,,,,,,,,,,,,,,,,,,,,,,,,,,,,,,,,,,,,,,,,,,,,,,,,,,,,,,,,,,,,,,,,,,,,,,,,,,,,,,,,,,,,,,,,,,,,,,,,,,,,,,,,,,,,,,,,,,,,,,,,,,,,,,,,,,,,,,,,,,,,,,,,,,,,,,,,,,,,,,,,,,,,,,,,,,,,,,,,,,,,,,,,,,,,,,,,,,,,,,,,,,,,,,,,,,,,,,,,,,,,,,,,,,,,,,,,,
,2599,129196012,2462,129193550,3000,46037980,886,46037094,1138,83158032,1576,83156456,1870,329865729881600,7029217792,329858700663808,8192102912,302965608761344,7022600192,302958586161152,8184799232,26900121120256,6617600,26900114502656,25021440,329865729881600,7029217792,329858700663808,8192102912,302965608761344,7022600192,302958586161152,8184799232,26900121120256,6617600,26900114502656,25021440,129196012,2462,129193550,3000,46037980,886,46037094,1138,83158032,1576,83156456,1870,78516064,108,78515956,237,27096149,61,27096088,138,51419915,47,51419868,117,325533695284224,180790784,325533514493440,1396042240,298055409174528,174825472,298055234349056,1392988160,27478286109696,5965312,27478280144384,18018304,-1,0,361,0,0,3,0,0,0,0,0,0,0,0,326806224451440,7021262604,326799203188836,8176189920,299915221999104,7014793216,299908207205888,8169017344,26891002452336,6469388,26890995982948,24870008,8673820672,8673820672,0,8673820672,8642363392,8642363392,0,8642363392,31457280,31457280,0,31457280,361,361,0,361,346,346,0,346,15,15,0,15,,,,,,,,,,,,,,,,,,,,,,,,,,,,,,,,,,,,,,,,,,,,,,,,,,,,,,,,,,,,,,,,,,,,,,,,,,,,,,,,,,,,,,,,,,,,,,,,,,,,,,,,,,,,,,,,,,,,,,,,,,,,,,,,,,,,,,,,,,,,,,,,,,,,,,,,,,,,,,
,2599,,,,,,,,,,,,,,,,,,,,,,,,,,,,,,,,,,,,,,,,,,,,,,,,,,,,,,,,,,,,,,,,,,,,,,,,,,,,,,,,,,,,,,,,,,,,,,,,,,,,,,,,,,,,,,,,,,,,,,,,,,,129208334,2466,129205868,3000,46042063,886,46041177,1138,83166271,1580,83164691,1870,329893273055232,7029219840,329886243835392,8192102912,302990281201664,7022600192,302983258601472,8184799232,26902991853568,6619648,26902985233920,25021440,329893273055232,7029219840,329886243835392,8192102912,302990281201664,7022600192,302983258601472,8184799232,26902991853568,6619648,26902985233920,25021440,129208334,2466,129205868,3000,46042063,886,46041177,1138,83166271,1580,83164691,1870,78523588,111,78523477,237,27098413,61,27098352,138,51425175,50,51425125,117,325562573246976,180788736,325562392458240,1396042240,298081276803072,174825472,298081101977600,1392988160,27481296443904,5963264,27481290480640,18018304,-1,0,361,0,0,3,0,0,0,0,0,0,0,0,326833249529779,7021262680,326826228267099,8176189920,299939377209600,7014793216,299932362416384,8169017344,26893872320179,6469464,26893865850715,24870008,8673820672,8673820672,0,8673820672,8642363392,8642363392,0,8642363392,31457280,31457280,0,31457280,361,361,0,361,346,346,0,346,15,15,0,15,,,,,,,,,,,,,,,,,,,,,,,,,,,,,,,,,,,,
4.773413897280967e-07,2599,,,,,,,,,,,,,,,,,,,,,,,,,,,,,,,,,,,,,,,,,,,,,,,,,,,,,,,,,,,,,,,,,,,,,,,,,,,,,,,,,,,,,,,,,,,,,,,,,,,,,,,,,,,,,,,,,,,,,,,,,,,,,,,,,,,,,,,,,,,,,,,,,,,,,,,,,,,,,,,,,,,,,,,,,,,,,,,,,,,,,,,,,,,,,,,,,,,,,,,,,,,,,,,,,,,,,,,,,,,,,,,,,,,,,,,,,,,,,,,,,,,,,,,,,,,,,,,,,,,,,,,,,,,,,,,,,,,,,,,,
,2599,129208347,2462,129205885,3000,46042063,886,46041177,1138,83166284,1576,83164708,1870,329893273068032,7029213184,329886243854848,8192102912,302990281201664,7022600192,302983258601472,8184799232,26902991866368,6612992,26902985253376,25021440,329893273068032,7029213184,329886243854848,8192102912,302990281201664,7022600192,302983258601472,8184799232,26902991866368,6612992,26902985253376,25021440,129208347,2462,129205885,3000,46042063,886,46041177,1138,83166284,1576,83164708,1870,78523598,108,78523490,237,27098413,61,27098352,138,51425185,47,51425138,117,325562573266432,180795392,325562392471040,1396042240,298081276803072,174825472,298081101977600,1392988160,27481296463360,5969920,27481290493440,18018304,-1,0,361,0,0,3,0,0,0,0,0,0,0,0,326833249537215,7021257864,326826228279351,8176189920,299939377209600,7014793216,299932362416384,8169017344,26893872327615,6464648,26893865862967,24870008,8673820672,8673820672,0,8673820672,8642363392,8642363392,0,8642363392,31457280,31457280,0,31457280,361,361,0,361,346,346,0,346,15,15,0,15,,,,,,,,,,,,,,,,,,,,,,,,,,,,,,,,,,,,,,,,,,,,,,,,,,,,,,,,,,,,,,,,,,,,,,,,,,,,,,,,,,,,,,,,,,,,,,,,,,,,,,,,,,,,,,,,,,,,,,,,,,,,,,,,,,,,,,,,,,,,,,,,,,,,,,,,,,,,,,
,2599,,,,,,,,,,,,,,,,,,,,,,,,,,,,,,,,,,,,,,,,,,,,,,,,,,,,,,,,,,,,,,,,,,,,,,,,,,,,,,,,,,,,,,,,,,,,,,,,,,,,,,,,,,,,,,,,,,,,,,,,,,,129220669,2466,129218203,3000,46046050,886,46045164,1138,83174619,1580,83173039,1870,329920712018432,7029215232,329913682803200,8192102912,303014802098176,7022600192,303007779497984,8184799232,26905909920256,6615040,26905903305216,25021440,329920712018432,7029215232,329913682803200,8192102912,303014802098176,7022600192,303007779497984,8184799232,26905909920256,6615040,26905903305216,25021440,129220669,2466,129218203,3000,46046050,886,46045164,1138,83174619,1580,83173039,1870,78530895,111,78530784,237,27100582,61,27100521,138,51430313,50,51430263,117,325591301537280,180793344,325591120743936,1396042240,298107005601792,174825472,298106830776320,1392988160,27484295935488,5967872,27484289967616,18018304,-1,0,361,0,0,3,0,0,0,0,0,0,0,0,326860168437442,7021257880,326853147179562,8176189920,299963378902016,7014793216,299956364108800,8169017344,26896789535426,6464664,26896783070762,24870008,8673820672,8673820672,0,8673820672,8642363392,8642363392,0,8642363392,31457280,31457280,0,31457280,361,361,0,361,346,346,0,346,15,15,0,15,,,,,,,,,,,,,,,,,,,,,,,,,,,,,,,,,,,,
4.773413897280967e-07,2599,,,,,,,,,,,,,,,,,,,,,,,,,,,,,,,,,,,,,,,,,,,,,,,,,,,,,,,,,,,,,,,,,,,,,,,,,,,,,,,,,,,,,,,,,,,,,,,,,,,,,,,,,,,,,,,,,,,,,,,,,,,,,,,,,,,,,,,,,,,,,,,,,,,,,,,,,,,,,,,,,,,,,,,,,,,,,,,,,,,,,,,,,,,,,,,,,,,,,,,,,,,,,,,,,,,,,,,,,,,,,,,,,,,,,,,,,,,,,,,,,,,,,,,,,,,,,,,,,,,,,,,,,,,,,,,,,,,,,,,,
,2599,129220682,2462,129218220,3000,46046050,886,46045164,1138,83174632,1576,83173056,1870,329920712031232,7029213184,329913682818048,8192102912,303014802098176,7022600192,303007779497984,8184799232,26905909933056,6612992,26905903320064,25021440,329920712031232,7029213184,329913682818048,8192102912,303014802098176,7022600192,303007779497984,8184799232,26905909933056,6612992,26905903320064,25021440,129220682,2462,129218220,3000,46046050,886,46045164,1138,83174632,1576,83173056,1870,78530905,109,78530796,237,27100582,61,27100521,138,51430323,48,51430275,117,325591301552128,180795392,325591120756736,1396042240,298107005601792,174825472,298106830776320,1392988160,27484295950336,5969920,27484289980416,18018304,-1,0,361,0,0,3,0,0,0,0,0,0,0,0,326860168444422,7021257408,326853147187014,8176189920,299963378902016,7014793216,299956364108800,8169017344,26896789542406,6464192,26896783078214,24870008,8673820672,8673820672,0,8673820672,8642363392,8642363392,0,8642363392,31457280,31457280,0,31457280,361,361,0,361,346,346,0,346,15,15,0,15,,,,,,,,,,,,,,,,,,,,,,,,,,,,,,,,,,,,,,,,,,,,,,,,,,,,,,,,,,,,,,,,,,,,,,,,,,,,,,,,,,,,,,,,,,,,,,,,,,,,,,,,,,,,,,,,,,,,,,,,,,,,,,,,,,,,,,,,,,,,,,,,,,,,,,,,,,,,,,
,2599,,,,,,,,,,,,,,,,,,,,,,,,,,,,,,,,,,,,,,,,,,,,,,,,,,,,,,,,,,,,,,,,,,,,,,,,,,,,,,,,,,,,,,,,,,,,,,,,,,,,,,,,,,,,,,,,,,,,,,,,,,,129233004,2466,129230538,3000,46050133,886,46049247,1138,83182871,1580,83181291,1870,329948282167296,7029215232,329941252952064,8192102912,303039476889600,7022600192,303032454289408,8184799232,26908805277696,6615040,26908798662656,25021440,329948282167296,7029215232,329941252952064,8192102912,303039476889600,7022600192,303032454289408,8184799232,26908805277696,6615040,26908798662656,25021440,129233004,2466,129230538,3000,46050133,886,46049247,1138,83182871,1580,83181291,1870,78538596,111,78538485,237,27102846,61,27102785,138,51435750,50,51435700,117,325620203040768,180793344,325620022247424,1396042240,298132869224448,174825472,298132694398976,1392988160,27487333816320,5967872,27487327848448,18018304,-1,0,361,0,0,3,0,0,0,0,0,0,0,0,326887239676318,7021257424,326880218418894,8176189920,299987555641088,7014793216,299980540847872,8169017344,26899684035230,6464208,26899677571022,24870008,8673820672,8673820672,0,8673820672,8642363392,8642363392,0,8642363392,31457280,31457280,0,31457280,361,361,0,361,346,346,0,346,15,15,0,15,,,,,,,,,,,,,,,,,,,,,,,,,,,,,,,,,,,,
4.773413897280967e-07,2599,,,,,,,,,,,,,,,,,,,,,,,,,,,,,,,,,,,,,,,,,,,,,,,,,,,,,,,,,,,,,,,,,,,,,,,,,,,,,,,,,,,,,,,,,,,,,,,,,,,,,,,,,,,,,,,,,,,,,,,,,,,,,,,,,,,,,,,,,,,,,,,,,,,,,,,,,,,,,,,,,,,,,,,,,,,,,,,,,,,,,,,,,,,,,,,,,,,,,,,,,,,,,,,,,,,,,,,,,,,,,,,,,,,,,,,,,,,,,,,,,,,,,,,,,,,,,,,,,,,,,,,,,,,,,,,,,,,,,,,,
,2599,129233017,2462,129230555,3000,46050133,886,46049247,1138,83182884,1576,83181308,1870,329948282178560,7029211648,329941252966912,8192102912,303039476889600,7022600192,303032454289408,8184799232,26908805288960,6611456,26908798677504,25021440,329948282178560,7029211648,329941252966912,8192102912,303039476889600,7022600192,303032454289408,8184799232,26908805288960,6611456,26908798677504,25021440,129233017,2462,129230555,3000,46050133,886,46049247,1138,83182884,1576,83181308,1870,78538607,106,78538501,237,27102846,61,27102785,138,51435761,45,51435716,117,325620203055616,180796928,325620022258688,1396042240,298132869224448,174825472,298132694398976,1392988160,27487333831168,5971456,27487327859712,18018304,-1,0,361,0,0,3,0,0,0,0,0,0,0,0,326887239682242,7021256352,326880218425890,8176189920,299987555641088,7014793216,299980540847872,8169017344,26899684041154,6463136,26899677578018,24870008,8673820672,8673820672,0,8673820672,8642363392,8642363392,0,8642363392,31457280,31457280,0,31457280,361,361,0,361,346,346,0,346,15,15,0,15,,,,,,,,,,,,,,,,,,,,,,,,,,,,,,,,,,,,,,,,,,,,,,,,,,,,,,,,,,,,,,,,,,,,,,,,,,,,,,,,,,,,,,,,,,,,,,,,,,,,,,,,,,,,,,,,,,,,,,,,,,,,,,,,,,,,,,,,,,,,,,,,,,,,,,,,,,,,,,
,2599,,,,,,,,,,,,,,,,,,,,,,,,,,,,,,,,,,,,,,,,,,,,,,,,,,,,,,,,,,,,,,,,,,,,,,,,,,,,,,,,,,,,,,,,,,,,,,,,,,,,,,,,,,,,,,,,,,,,,,,,,,,129245388,2466,129242922,3000,46054115,886,46053229,1138,83191273,1580,83189693,1870,329975347756032,7029213696,329968318542336,8192102912,303063776012288,7022600192,303056753412096,8184799232,26911571743744,6613504,26911565130240,25021440,329975347756032,7029213696,329968318542336,8192102912,303063776012288,7022600192,303056753412096,8184799232,26911571743744,6613504,26911565130240,25021440,129245388,2466,129242922,3000,46054115,886,46053229,1138,83191273,1580,83189693,1870,78546054,109,78545945,237,27104867,61,27104806,138,51441187,48,51441139,117,325648524022272,180794880,325648343227392,1396042240,298158394271744,174825472,298158219446272,1392988160,27490129750528,5969408,27490123781120,18018304,-1,0,361,0,0,3,0,0,0,0,0,0,0,0,326913902457389,7021256308,326906881201081,8176189920,300011452905984,7014793216,300004438112768,8169017344,26902449551405,6463092,26902443088313,24870008,8673820672,8673820672,0,8673820672,8642363392,8642363392,0,8642363392,31457280,31457280,0,31457280,361,361,0,361,346,346,0,346,15,15,0,15,,,,,,,,,,,,,,,,,,,,,,,,,,,,,,,,,,,,
4.773413897280967e-07,2599,,,,,,,,,,,,,,,,,,,,,,,,,,,,,,,,,,,,,,,,,,,,,,,,,,,,,,,,,,,,,,,,,,,,,,,,,,,,,,,,,,,,,,,,,,,,,,,,,,,,,,,,,,,,,,,,,,,,,,,,,,,,,,,,,,,,,,,,,,,,,,,,,,,,,,,,,,,,,,,,,,,,,,,,,,,,,,,,,,,,,,,,,,,,,,,,,,,,,,,,,,,,,,,,,,,,,,,,,,,,,,,,,,,,,,,,,,,,,,,,,,,,,,,,,,,,,,,,,,,,,,,,,,,,,,,,,,,,,,,,
,2599,129245401,2462,129242939,3000,46054115,886,46053229,1138,83191286,1576,83189710,1870,329975347768832,7029213184,329968318555648,8192102912,303063776012288,7022600192,303056753412096,8184799232,26911571756544,6612992,26911565143552,25021440,329975347768832,7029213184,329968318555648,8192102912,303063776012288,7022600192,303056753412096,8184799232,26911571756544,6612992,26911565143552,25021440,129245401,2462,129242939,3000,46054115,886,46053229,1138,83191286,1576,83189710,1870,78546064,106,78545958,237,27104867,61,27104806,138,51441197,45,51441152,117,325648524035584,180795392,325648343240192,1396042240,298158394271744,174825472,298158219446272,1392988160,27490129763840,5969920,27490123793920,18018304,-1,0,361,0,0,3,0,0,0,0,0,0,0,0,326913902464753,7021257732,326906881207021,8176189920,300011452905984,7014793216,300004438112768,8169017344,26902449558769,6464516,26902443094253,24870008,8673820672,8673820672,0,8673820672,8642363392,8642363392,0,8642363392,31457280,31457280,0,31457280,361,361,0,361,346,346,0,346,15,15,0,15,,,,,,,,,,,,,,,,,,,,,,,,,,,,,,,,,,,,,,,,,,,,,,,,,,,,,,,,,,,,,,,,,,,,,,,,,,,,,,,,,,,,,,,,,,,,,,,,,,,,,,,,,,,,,,,,,,,,,,,,,,,,,,,,,,,,,,,,,,,,,,,,,,,,,,,,,,,,,,
,2599,,,,,,,,,,,,,,,,,,,,,,,,,,,,,,,,,,,,,,,,,,,,,,,,,,,,,,,,,,,,,,,,,,,,,,,,,,,,,,,,,,,,,,,,,,,,,,,,,,,,,,,,,,,,,,,,,,,,,,,,,,,129257771,2466,129255305,3000,46058102,886,46057216,1138,83199669,1580,83198089,1870,330002808736256,7029215232,329995779521024,8192102912,303088303314944,7022600192,303081280714752,8184799232,26914505421312,6615040,26914498806272,25021440,330002808736256,7029215232,329995779521024,8192102912,303088303314944,7022600192,303081280714752,8184799232,26914505421312,6615040,26914498806272,25021440,129257771,2466,129255305,3000,46058102,886,46057216,1138,83199669,1580,83198089,1870,78553734,111,78553623,237,27107032,61,27106971,138,51446702,50,51446652,117,325677252639232,180793344,325677071845888,1396042240,298184126298112,174825472,298183951472640,1392988160,27493126341120,5967872,27493120373248,18018304,-1,0,361,0,0,3,0,0,0,0,0,0,0,0,326940846749483,7021257748,326933825491735,8176189920,300035464387840,7014793216,300028449594624,8169017344,26905382361643,6464532,26905375897111,24870008,8673820672,8673820672,0,8673820672,8642363392,8642363392,0,8642363392,31457280,31457280,0,31457280,361,361,0,361,346,346,0,346,15,15,0,15,,,,,,,,,,,,,,,,,,,,,,,,,,,,,,,,,,,,
4.773413897280967e-07,2599,,,,,,,,,,,,,,,,,,,,,,,,,,,,,,,,,,,,,,,,,,,,,,,,,,,,,,,,,,,,,,,,,,,,,,,,,,,,,,,,,,,,,,,,,,,,,,,,,,,,,,,,,,,,,,,,,,,,,,,,,,,,,,,,,,,,,,,,,,,,,,,,,,,,,,,,,,,,,,,,,,,,,,,,,,,,,,,,,,,,,,,,,,,,,,,,,,,,,,,,,,,,,,,,,,,,,,,,,,,,,,,,,,,,,,,,,,,,,,,,,,,,,,,,,,,,,,,,,,,,,,,,,,,,,,,,,,,,,,,,
,2599,129257784,2462,129255322,3000,46058102,886,46057216,1138,83199682,1576,83198106,1870,330002808753664,7029217792,329995779535872,8192102912,303088303314944,7022600192,303081280714752,8184799232,26914505438720,6617600,26914498821120,25021440,330002808753664,7029217792,329995779535872,8192102912,303088303314944,7022600192,303081280714752,8184799232,26914505438720,6617600,26914498821120,25021440,129257784,2462,129255322,3000,46058102,886,46057216,1138,83199682,1576,83198106,1870,78553744,107,78553637,237,27107032,61,27106971,138,51446712,46,51446666,117,325677252654080,180790784,325677071863296,1396042240,298184126298112,174825472,298183951472640,1392988160,27493126355968,5965312,27493120390656,18018304,-1,0,361,0,0,3,0,0,0,0,0,0,0,0,326940846761143,7021262028,326933825499115,8176189920,300035464387840,7014793216,300028449594624,8169017344,26905382373303,6468812,26905375904491,24870008,8673820672,8673820672,0,8673820672,8642363392,8642363392,0,8642363392,31457280,31457280,0,31457280,361,361,0,361,346,346,0,346,15,15,0,15,,,,,,,,,,,,,,,,,,,,,,,,,,,,,,,,,,,,,,,,,,,,,,,,,,,,,,,,,,,,,,,,,,,,,,,,,,,,,,,,,,,,,,,,,,,,,,,,,,,,,,,,,,,,,,,,,,,,,,,,,,,,,,,,,,,,,,,,,,,,,,,,,,,,,,,,,,,,,,
,2599,,,,,,,,,,,,,,,,,,,,,,,,,,,,,,,,,,,,,,,,,,,,,,,,,,,,,,,,,,,,,,,,,,,,,,,,,,,,,,,,,,,,,,,,,,,,,,,,,,,,,,,,,,,,,,,,,,,,,,,,,,,129270655,2466,129268189,3000,46062406,886,46061520,1138,83208249,1580,83206669,1870,330032310466560,7029219840,330025281246720,8192102912,303114795026432,7022600192,303107772426240,8184799232,26917515440128,6619648,26917508820480,25021440,330032310466560,7029219840,330025281246720,8192102912,303114795026432,7022600192,303107772426240,8184799232,26917515440128,6619648,26917508820480,25021440,129270655,2466,129268189,3000,46062406,886,46061520,1138,83208249,1580,83206669,1870,78561403,112,78561291,237,27109304,61,27109243,138,51452099,51,51452048,117,325707849876992,180788736,325707669088256,1396042240,298211584026624,174825472,298211409201152,1392988160,27496265850368,5963264,27496259887104,18018304,-1,0,361,0,0,3,0,0,0,0,0,0,0,0,326969902706066,7021262104,326962881443962,8176189920,300061511118848,7014793216,300054496325632,8169017344,26908391587218,6468888,26908385118330,24870008,8673820672,8673820672,0,8673820672,8642363392,8642363392,0,8642363392,31457280,31457280,0,31457280,361,361,0,361,346,346,0,346,15,15,0,15,,,,,,,,,,,,,,,,,,,,,,,,,,,,,,,,,,,,
,2599,,,,,,,,,,,,,,,,,,,,,,,,,,,,,,,,,,,,,,,,,,,,,,,,,,,,,,,,,,,,,,,,,,,,,,,,,,,,,,,,,,,,,,,,,,,,,,,,,,,,,,,,,,,,,,,,,,,,,,,,,,,,,,,,,,,,,,,,,,,,,,,,,,,,,,,,,,,,,,,,,,,,,,,,,,,,,,,,,,,,,,,,,,,,,,,,,,,,,,,,,,,,,,,,,,,,,,,,,,,,,,,,,,,,,,,,,,,,,,,,,,,,,0.0003898143768310547,0.00031033685081638396,0.005044867284595966,3,,,,,,,,,,,,,,,,,,,,,,,,,,,,,,,,
,2647,,,,,,,,,,,,,,,,,,,,,,,,,,,,,,,,,,,,,,,,,,,,,,,,,,,,,,,,,,,,,,,,,,,,,,,,,,,,,,,,,,,,,,,,,,,,,,,,,,,,,,,,,,,,,,,,,,,,,,,,,,,,,,,,,,,,,,,,,,,,,,,,,,,,,,,,,,,,,,,,,,,,,,,,,,,,,,,,,,,,,,,,,,,,,,,,,,,,,,,,,,,,,,,,,,,,,,,,,,,,,,,,,,,,,,,,,,,,,,,,,,,,,,,,3,0.9994331002235413,0.9991020560264587,0.9994012117385864,0.999251663684845,0.8431607484817505,0.8434131741523743,0.84328693151474,0.985763430595398,0.9826887249946594,0.9842236638069153,0.985763430595398,0.9826887249946594,0.9842236638069153,0.9848247766494751,0.9817529916763306,0.9832864999771118,0.7585106492042542,0.676950991153717,0.7342519760131836,0.7044382095336914,0.5408348441123962,0.586614191532135,0.562795102596283,0.3818973898887634,0.8176165819168091,0.5206202864646912,0.384728342294693,0.814507782459259,0.522606372833252,0.31473323702812195,0.6663212180137634,0.427526593208313
4.4377307821416583e-07,2649,,,,,,,,,,,,,,,,,,,,,,,,,,,,,,,,,,,,,,,,,,,,,,,,,,,,,,,,,,,,,,,,,,,,,,,,,,,,,,,,,,,,,,,,,,,,,,,,,,,,,,,,,,,,,,,,,,,,,,,,,,,,,,,,,,,,,,,,,,,,,,,,,,,,,,,,,,,,,,,,,,,,,,,,,,,,,,,,,,,,,,,,,,,,,,,,,,,,,,,,,,,,,,,,,,,,,,,,,,,,,,,,,,,,,,,,,,,,,,,,,,,,,,,,,,,,,,,,,,,,,,,,,,,,,,,,,,,,,,,,
,2649,135759634,2462,135757172,3000,48441725,886,48440839,1138,87317909,1576,87316333,1870,347805500239872,7024916992,347798475322880,8192102912,319742524932096,7018299392,319735506632704,8184799232,28062975307776,6617600,28062968690176,25021440,347805500239872,7024916992,347798475322880,8192102912,319742524932096,7018299392,319735506632704,8184799232,28062975307776,6617600,28062968690176,25021440,135759634,2462,135757172,3000,48441725,886,48440839,1138,87317909,1576,87316333,1870,82371544,105,82371439,237,28553950,74,28553876,138,53817594,31,53817563,117,341364197153280,237520384,341363959632896,1396042240,312698789965824,233652224,312698556313600,1392988160,28665407187456,3868160,28665403319296,18018304,-1,0,361,0,0,3,0,0,0,0,0,0,0,0,344597199822384,7021262040,344590178560344,8176189920,316543861770240,7014793216,316536846977024,8169017344,28053338052144,6468824,28053331583320,24870008,8673820672,8673820672,0,8673820672,8642363392,8642363392,0,8642363392,31457280,31457280,0,31457280,361,361,0,361,346,346,0,346,15,15,0,15,,,,,,,,,,,,,,,,,,,,,,,,,,,,,,,,,,,,,,,,,,,,,,,,,,,,,,,,,,,,,,,,,,,,,,,,,,,,,,,,,,,,,,,,,,,,,,,,,,,,,,,,,,,,,,,,,,,,,,,,,,,,,,,,,,,,,,,,,,,,,,,,,,,,,,,,,,,,,,
,2649,,,,,,,,,,,,,,,,,,,,,,,,,,,,,,,,,,,,,,,,,,,,,,,,,,,,,,,,,,,,,,,,,,,,,,,,,,,,,,,,,,,,,,,,,,,,,,,,,,,,,,,,,,,,,,,,,,,,,,,,,,,135772005,2466,135769539,3000,48445712,886,48444826,1138,87326293,1580,87324713,1870,347832760271872,7031079424,347825729192448,8192102912,319766866657280,7024459776,319759842197504,8184799232,28065893614592,6619648,28065886994944,25021440,347832760271872,7031079424,347825729192448,8192102912,319766866657280,7024459776,319759842197504,8184799232,28065893614592,6619648,28065886994944,25021440,135772005,2466,135769539,3000,48445712,886,48444826,1138,87326293,1580,87324713,1870,82379153,116,82379037,237,28556215,69,28556146,138,53822938,47,53822891,117,341391712947712,185220608,341391527727104,1396042240,312723312840704,172965888,312723139874816,1392988160,28668400107008,12254720,28668387852288,18018304,-1,0,361,0,0,3,0,0,0,0,0,0,0,0,344624122494328,7021261996,344617101232332,8176189920,316567867005696,7014793216,316560852212480,8169017344,28056255488632,6468780,28056249019852,24870008,8673820672,8673820672,0,8673820672,8642363392,8642363392,0,8642363392,31457280,31457280,0,31457280,361,361,0,361,346,346,0,346,15,15,0,15,,,,,,,,,,,,,,,,,,,,,,,,,,,,,,,,,,,,
4.4377307821416583e-07,2649,,,,,,,,,,,,,,,,,,,,,,,,,,,,,,,,,,,,,,,,,,,,,,,,,,,,,,,,,,,,,,,,,,,,,,,,,,,,,,,,,,,,,,,,,,,,,,,,,,,,,,,,,,,,,,,,,,,,,,,,,,,,,,,,,,,,,,,,,,,,,,,,,,,,,,,,,,,,,,,,,,,,,,,,,,,,,,,,,,,,,,,,,,,,,,,,,,,,,,,,,,,,,,,,,,,,,,,,,,,,,,,,,,,,,,,,,,,,,,,,,,,,,,,,,,,,,,,,,,,,,,,,,,,,,,,,,,,,,,,,
,2649,135772018,2462,135769556,3000,48445712,886,48444826,1138,87326306,1576,87324730,1870,347832760289280,7031077376,347825729211904,8192102912,319766866657280,7024459776,319759842197504,8184799232,28065893632000,6617600,28065887014400,25021440,347832760289280,7031077376,347825729211904,8192102912,319766866657280,7024459776,319759842197504,8184799232,28065893632000,6617600,28065887014400,25021440,135772018,2462,135769556,3000,48445712,886,48444826,1138,87326306,1576,87324730,1870,82379165,117,82379048,237,28556215,69,28556146,138,53822950,48,53822902,117,341391712967168,185222656,341391527744512,1396042240,312723312840704,172965888,312723139874816,1392988160,28668400126464,12256768,28668387869696,18018304,-1,0,361,0,0,3,0,0,0,0,0,0,0,0,344624122505844,7021261884,344617101243960,8176189920,316567867005696,7014793216,316560852212480,8169017344,28056255500148,6468668,28056249031480,24870008,8673820672,8673820672,0,8673820672,8642363392,8642363392,0,8642363392,31457280,31457280,0,31457280,361,361,0,361,346,346,0,346,15,15,0,15,,,,,,,,,,,,,,,,,,,,,,,,,,,,,,,,,,,,,,,,,,,,,,,,,,,,,,,,,,,,,,,,,,,,,,,,,,,,,,,,,,,,,,,,,,,,,,,,,,,,,,,,,,,,,,,,,,,,,,,,,,,,,,,,,,,,,,,,,,,,,,,,,,,,,,,,,,,,,,
,2649,,,,,,,,,,,,,,,,,,,,,,,,,,,,,,,,,,,,,,,,,,,,,,,,,,,,,,,,,,,,,,,,,,,,,,,,,,,,,,,,,,,,,,,,,,,,,,,,,,,,,,,,,,,,,,,,,,,,,,,,,,,135784389,2466,135781923,3000,48449699,886,48448813,1138,87334690,1580,87333110,1870,347859955667968,7031079424,347852924588544,8192102912,319791190667264,7024459776,319784166207488,8184799232,28068765000704,6619648,28068758381056,25021440,347859955667968,7031079424,347852924588544,8192102912,319791190667264,7024459776,319784166207488,8184799232,28068765000704,6619648,28068758381056,25021440,135784389,2466,135781923,3000,48449699,886,48448813,1138,87334690,1580,87333110,1870,82386405,125,82386280,237,28558400,69,28558331,138,53828005,56,53827949,117,341421012540928,185220608,341420827320320,1396042240,312749741047808,172965888,312749568081920,1392988160,28671271493120,12254720,28671259238400,18018304,-1,0,361,0,0,3,0,0,0,0,0,0,0,0,344650968664599,7021261900,344643947402699,8176189920,316591842688512,7014793216,316584827895296,8169017344,28059125976087,6468684,28059119507403,24870008,8673820672,8673820672,0,8673820672,8642363392,8642363392,0,8642363392,31457280,31457280,0,31457280,361,361,0,361,346,346,0,346,15,15,0,15,,,,,,,,,,,,,,,,,,,,,,,,,,,,,,,,,,,,
4.4377307821416583e-07,2649,,,,,,,,,,,,,,,,,,,,,,,,,,,,,,,,,,,,,,,,,,,,,,,,,,,,,,,,,,,,,,,,,,,,,,,,,,,,,,,,,,,,,,,,,,,,,,,,,,,,,,,,,,,,,,,,,,,,,,,,,,,,,,,,,,,,,,,,,,,,,,,,,,,,,,,,,,,,,,,,,,,,,,,,,,,,,,,,,,,,,,,,,,,,,,,,,,,,,,,,,,,,,,,,,,,,,,,,,,,,,,,,,,,,,,,,,,,,,,,,,,,,,,,,,,,,,,,,,,,,,,,,,,,,,,,,,,,,,,,,
,2649,135784402,2462,135781940,3000,48449699,886,48448813,1138,87334703,1576,87333127,1870,347859955685376,7031077376,347852924608000,8192102912,319791190667264,7024459776,319784166207488,8184799232,28068765018112,6617600,28068758400512,25021440,347859955685376,7031077376,347852924608000,8192102912,319791190667264,7024459776,319784166207488,8184799232,28068765018112,6617600,28068758400512,25021440,135784402,2462,135781940,3000,48449699,886,48448813,1138,87334703,1576,87333127,1870,82386415,122,82386293,237,28558400,69,28558331,138,53828015,53,53827962,117,341421012560384,185222656,341420827337728,1396042240,312749741047808,172965888,312749568081920,1392988160,28671271512576,12256768,28671259255808,18018304,-1,0,361,0,0,3,0,0,0,0,0,0,0,0,344650968675923,7021261692,344643947414231,8176189920,316591842688512,7014793216,316584827895296,8169017344,28059125987411,6468476,28059119518935,24870008,8673820672,8673820672,0,8673820672,8642363392,8642363392,0,8642363392,31457280,31457280,0,31457280,361,361,0,361,346,346,0,346,15,15,0,15,,,,,,,,,,,,,,,,,,,,,,,,,,,,,,,,,,,,,,,,,,,,,,,,,,,,,,,,,,,,,,,,,,,,,,,,,,,,,,,,,,,,,,,,,,,,,,,,,,,,,,,,,,,,,,,,,,,,,,,,,,,,,,,,,,,,,,,,,,,,,,,,,,,,,,,,,,,,,,
,2649,,,,,,,,,,,,,,,,,,,,,,,,,,,,,,,,,,,,,,,,,,,,,,,,,,,,,,,,,,,,,,,,,,,,,,,,,,,,,,,,,,,,,,,,,,,,,,,,,,,,,,,,,,,,,,,,,,,,,,,,,,,135796724,2466,135794258,3000,48453782,886,48452896,1138,87342942,1580,87341362,1870,347887990336000,7031079424,347880959256576,8192102912,319816017453056,7024459776,319808992993280,8184799232,28071972882944,6619648,28071966263296,25021440,347887990336000,7031079424,347880959256576,8192102912,319816017453056,7024459776,319808992993280,8184799232,28071972882944,6619648,28071966263296,25021440,135796724,2466,135794258,3000,48453782,886,48452896,1138,87342942,1580,87341362,1870,82393723,122,82393601,237,28560635,69,28560566,138,53833088,53,53833035,117,341451085009920,185220608,341450899789312,1396042240,312776591085568,172965888,312776418119680,1392988160,28674493924352,12254720,28674481669632,18018304,-1,0,361,0,0,3,0,0,0,0,0,0,0,0,344678680621032,7021261768,344671659359264,8176189920,316616347435264,7014793216,316609332642048,8169017344,28062333185768,6468552,28062326717216,24870008,8673820672,8673820672,0,8673820672,8642363392,8642363392,0,8642363392,31457280,31457280,0,31457280,361,361,0,361,346,346,0,346,15,15,0,15,,,,,,,,,,,,,,,,,,,,,,,,,,,,,,,,,,,,
4.4377307821416583e-07,2649,,,,,,,,,,,,,,,,,,,,,,,,,,,,,,,,,,,,,,,,,,,,,,,,,,,,,,,,,,,,,,,,,,,,,,,,,,,,,,,,,,,,,,,,,,,,,,,,,,,,,,,,,,,,,,,,,,,,,,,,,,,,,,,,,,,,,,,,,,,,,,,,,,,,,,,,,,,,,,,,,,,,,,,,,,,,,,,,,,,,,,,,,,,,,,,,,,,,,,,,,,,,,,,,,,,,,,,,,,,,,,,,,,,,,,,,,,,,,,,,,,,,,,,,,,,,,,,,,,,,,,,,,,,,,,,,,,,,,,,,
,2649,135796737,2462,135794275,3000,48453782,886,48452896,1138,87342955,1576,87341379,1870,347887990356480,7031080448,347880959276032,8192102912,319816017453056,7024459776,319808992993280,8184799232,28071972903424,6620672,28071966282752,25021440,347887990356480,7031080448,347880959276032,8192102912,319816017453056,7024459776,319808992993280,8184799232,28071972903424,6620672,28071966282752,25021440,135796737,2462,135794275,3000,48453782,886,48452896,1138,87342955,1576,87341379,1870,82393734,121,82393613,237,28560635,69,28560566,138,53833099,52,53833047,117,341451085029376,185219584,341450899809792,1396042240,312776591085568,172965888,312776418119680,1392988160,28674493943808,12253696,28674481690112,18018304,-1,0,361,0,0,3,0,0,0,0,0,0,0,0,344678680636436,7021265832,344671659370604,8176189920,316616347435264,7014793216,316609332642048,8169017344,28062333201172,6472616,28062326728556,24870008,8673820672,8673820672,0,8673820672,8642363392,8642363392,0,8642363392,31457280,31457280,0,31457280,361,361,0,361,346,346,0,346,15,15,0,15,,,,,,,,,,,,,,,,,,,,,,,,,,,,,,,,,,,,,,,,,,,,,,,,,,,,,,,,,,,,,,,,,,,,,,,,,,,,,,,,,,,,,,,,,,,,,,,,,,,,,,,,,,,,,,,,,,,,,,,,,,,,,,,,,,,,,,,,,,,,,,,,,,,,,,,,,,,,,,
,2649,,,,,,,,,,,,,,,,,,,,,,,,,,,,,,,,,,,,,,,,,,,,,,,,,,,,,,,,,,,,,,,,,,,,,,,,,,,,,,,,,,,,,,,,,,,,,,,,,,,,,,,,,,,,,,,,,,,,,,,,,,,135809659,2466,135807193,3000,48460673,886,48459787,1138,87348986,1580,87347406,1870,347942836628992,7031082496,347935805546496,8192102912,319870086561792,7024459776,319863062102016,8184799232,28072750067200,6622720,28072743444480,25021440,347942836628992,7031082496,347935805546496,8192102912,319870086561792,7024459776,319863062102016,8184799232,28072750067200,6622720,28072743444480,25021440,135809659,2466,135807193,3000,48460673,886,48459787,1138,87348986,1580,87347406,1870,82402020,123,82401897,237,28565373,69,28565304,138,53836647,54,53836593,117,341500016290816,185217536,341499831073280,1396042240,312824745185280,172965888,312824572219392,1392988160,28675271105536,12251648,28675258853888,18018304,-1,0,361,0,0,3,0,0,0,0,0,0,0,0,344733092025899,7021265788,344726070760111,8176189920,316669982573568,7014793216,316662967780352,8169017344,28063109452331,6472572,28063102979759,24870008,8673820672,8673820672,0,8673820672,8642363392,8642363392,0,8642363392,31457280,31457280,0,31457280,361,361,0,361,346,346,0,346,15,15,0,15,,,,,,,,,,,,,,,,,,,,,,,,,,,,,,,,,,,,
4.4377307821416583e-07,2649,,,,,,,,,,,,,,,,,,,,,,,,,,,,,,,,,,,,,,,,,,,,,,,,,,,,,,,,,,,,,,,,,,,,,,,,,,,,,,,,,,,,,,,,,,,,,,,,,,,,,,,,,,,,,,,,,,,,,,,,,,,,,,,,,,,,,,,,,,,,,,,,,,,,,,,,,,,,,,,,,,,,,,,,,,,,,,,,,,,,,,,,,,,,,,,,,,,,,,,,,,,,,,,,,,,,,,,,,,,,,,,,,,,,,,,,,,,,,,,,,,,,,,,,,,,,,,,,,,,,,,,,,,,,,,,,,,,,,,,,
,2649,135809672,2462,135807210,3000,48460673,886,48459787,1138,87348999,1576,87347423,1870,347942836641792,7031072768,347935805569024,8192102912,319870086561792,7024459776,319863062102016,8184799232,28072750080000,6612992,28072743467008,25021440,347942836641792,7031072768,347935805569024,8192102912,319870086561792,7024459776,319863062102016,8184799232,28072750080000,6612992,28072743467008,25021440,135809672,2462,135807210,3000,48460673,886,48459787,1138,87348999,1576,87347423,1870,82402033,121,82401912,237,28565373,69,28565304,138,53836660,52,53836608,117,341500016313344,185227264,341499831086080,1396042240,312824745185280,172965888,312824572219392,1392988160,28675271128064,12261376,28675258866688,18018304,-1,0,361,0,0,3,0,0,0,0,0,0,0,0,344733092032855,7021257324,344726070775531,8176189920,316669982573568,7014793216,316662967780352,8169017344,28063109459287,6464108,28063102995179,24870008,8673820672,8673820672,0,8673820672,8642363392,8642363392,0,8642363392,31457280,31457280,0,31457280,361,361,0,361,346,346,0,346,15,15,0,15,,,,,,,,,,,,,,,,,,,,,,,,,,,,,,,,,,,,,,,,,,,,,,,,,,,,,,,,,,,,,,,,,,,,,,,,,,,,,,,,,,,,,,,,,,,,,,,,,,,,,,,,,,,,,,,,,,,,,,,,,,,,,,,,,,,,,,,,,,,,,,,,,,,,,,,,,,,,,,
,2649,,,,,,,,,,,,,,,,,,,,,,,,,,,,,,,,,,,,,,,,,,,,,,,,,,,,,,,,,,,,,,,,,,,,,,,,,,,,,,,,,,,,,,,,,,,,,,,,,,,,,,,,,,,,,,,,,,,,,,,,,,,135821994,2466,135819528,3000,48464660,886,48463774,1138,87357334,1580,87355754,1870,347970006188032,7031074816,347962975113216,8192102912,319894400724992,7024459776,319887376265216,8184799232,28075605463040,6615040,28075598848000,25021440,347970006188032,7031074816,347962975113216,8192102912,319894400724992,7024459776,319887376265216,8184799232,28075605463040,6615040,28075598848000,25021440,135821994,2466,135819528,3000,48464660,886,48463774,1138,87357334,1580,87355754,1870,82409464,124,82409340,237,28567558,69,28567489,138,53841906,55,53841851,117,341529291684864,185225216,341529106459648,1396042240,312851165175808,172965888,312850992209920,1392988160,28678126509056,12259328,28678114249728,18018304,-1,0,361,0,0,3,0,0,0,0,0,0,0,0,344759908561943,7021257400,344752887304543,8176189920,316693944596224,7014793216,316686929803008,8169017344,28065963965719,6464184,28065957501535,24870008,8673820672,8673820672,0,8673820672,8642363392,8642363392,0,8642363392,31457280,31457280,0,31457280,361,361,0,361,346,346,0,346,15,15,0,15,,,,,,,,,,,,,,,,,,,,,,,,,,,,,,,,,,,,
4.4377307821416583e-07,2649,,,,,,,,,,,,,,,,,,,,,,,,,,,,,,,,,,,,,,,,,,,,,,,,,,,,,,,,,,,,,,,,,,,,,,,,,,,,,,,,,,,,,,,,,,,,,,,,,,,,,,,,,,,,,,,,,,,,,,,,,,,,,,,,,,,,,,,,,,,,,,,,,,,,,,,,,,,,,,,,,,,,,,,,,,,,,,,,,,,,,,,,,,,,,,,,,,,,,,,,,,,,,,,,,,,,,,,,,,,,,,,,,,,,,,,,,,,,,,,,,,,,,,,,,,,,,,,,,,,,,,,,,,,,,,,,,,,,,,,,
,2649,135822007,2462,135819545,3000,48464660,886,48463774,1138,87357347,1576,87355771,1870,347970006205440,7031077376,347962975128064,8192102912,319894400724992,7024459776,319887376265216,8184799232,28075605480448,6617600,28075598862848,25021440,347970006205440,7031077376,347962975128064,8192102912,319894400724992,7024459776,319887376265216,8184799232,28075605480448,6617600,28075598862848,25021440,135822007,2462,135819545,3000,48464660,886,48463774,1138,87357347,1576,87355771,1870,82409475,120,82409355,237,28567558,69,28567489,138,53841917,51,53841866,117,341529291699712,185222656,341529106477056,1396042240,312851165175808,172965888,312850992209920,1392988160,28678126523904,12256768,28678114267136,18018304,-1,0,361,0,0,3,0,0,0,0,0,0,0,0,344759908573075,7021261560,344752887311515,8176189920,316693944596224,7014793216,316686929803008,8169017344,28065963976851,6468344,28065957508507,24870008,8673820672,8673820672,0,8673820672,8642363392,8642363392,0,8642363392,31457280,31457280,0,31457280,361,361,0,361,346,346,0,346,15,15,0,15,,,,,,,,,,,,,,,,,,,,,,,,,,,,,,,,,,,,,,,,,,,,,,,,,,,,,,,,,,,,,,,,,,,,,,,,,,,,,,,,,,,,,,,,,,,,,,,,,,,,,,,,,,,,,,,,,,,,,,,,,,,,,,,,,,,,,,,,,,,,,,,,,,,,,,,,,,,,,,
,2649,,,,,,,,,,,,,,,,,,,,,,,,,,,,,,,,,,,,,,,,,,,,,,,,,,,,,,,,,,,,,,,,,,,,,,,,,,,,,,,,,,,,,,,,,,,,,,,,,,,,,,,,,,,,,,,,,,,,,,,,,,,135834329,2466,135831863,3000,48468743,886,48467857,1138,87365586,1580,87364006,1870,347997859941888,7031079424,347990828862464,8192102912,319919146524672,7024459776,319912122064896,8184799232,28078713417216,6619648,28078706797568,25021440,347997859941888,7031079424,347990828862464,8192102912,319919146524672,7024459776,319912122064896,8184799232,28078713417216,6619648,28078706797568,25021440,135834329,2466,135831863,3000,48468743,886,48467857,1138,87365586,1580,87364006,1870,82416668,122,82416546,237,28569790,69,28569721,138,53846878,53,53846825,117,341559242840064,185220608,341559057619456,1396042240,312877977169920,172965888,312877804204032,1392988160,28681265670144,12254720,28681253415424,18018304,-1,0,361,0,0,3,0,0,0,0,0,0,0,0,344787416578247,7021261576,344780395316671,8176189920,316718345390592,7014793216,316711330597376,8169017344,28069071187655,6468360,28069064719295,24870008,8673820672,8673820672,0,8673820672,8642363392,8642363392,0,8642363392,31457280,31457280,0,31457280,361,361,0,361,346,346,0,346,15,15,0,15,,,,,,,,,,,,,,,,,,,,,,,,,,,,,,,,,,,,
4.4377307821416583e-07,2649,,,,,,,,,,,,,,,,,,,,,,,,,,,,,,,,,,,,,,,,,,,,,,,,,,,,,,,,,,,,,,,,,,,,,,,,,,,,,,,,,,,,,,,,,,,,,,,,,,,,,,,,,,,,,,,,,,,,,,,,,,,,,,,,,,,,,,,,,,,,,,,,,,,,,,,,,,,,,,,,,,,,,,,,,,,,,,,,,,,,,,,,,,,,,,,,,,,,,,,,,,,,,,,,,,,,,,,,,,,,,,,,,,,,,,,,,,,,,,,,,,,,,,,,,,,,,,,,,,,,,,,,,,,,,,,,,,,,,,,,
,2649,135834342,2462,135831880,3000,48468743,886,48467857,1138,87365599,1576,87364023,1870,347997859954688,7031072768,347990828881920,8192102912,319919146524672,7024459776,319912122064896,8184799232,28078713430016,6612992,28078706817024,25021440,347997859954688,7031072768,347990828881920,8192102912,319919146524672,7024459776,319912122064896,8184799232,28078713430016,6612992,28078706817024,25021440,135834342,2462,135831880,3000,48468743,886,48467857,1138,87365599,1576,87364023,1870,82416679,118,82416561,237,28569790,69,28569721,138,53846889,49,53846840,117,341559242859520,185227264,341559057632256,1396042240,312877977169920,172965888,312877804204032,1392988160,28681265689600,12261376,28681253428224,18018304,-1,0,361,0,0,3,0,0,0,0,0,0,0,0,344787416585659,7021257840,344780395327819,8176189920,316718345390592,7014793216,316711330597376,8169017344,28069071195067,6464624,28069064730443,24870008,8673820672,8673820672,0,8673820672,8642363392,8642363392,0,8642363392,31457280,31457280,0,31457280,361,361,0,361,346,346,0,346,15,15,0,15,,,,,,,,,,,,,,,,,,,,,,,,,,,,,,,,,,,,,,,,,,,,,,,,,,,,,,,,,,,,,,,,,,,,,,,,,,,,,,,,,,,,,,,,,,,,,,,,,,,,,,,,,,,,,,,,,,,,,,,,,,,,,,,,,,,,,,,,,,,,,,,,,,,,,,,,,,,,,,
,2649,,,,,,,,,,,,,,,,,,,,,,,,,,,,,,,,,,,,,,,,,,,,,,,,,,,,,,,,,,,,,,,,,,,,,,,,,,,,,,,,,,,,,,,,,,,,,,,,,,,,,,,,,,,,,,,,,,,,,,,,,,,135846712,2466,135844246,3000,48472826,886,48471940,1138,87373886,1580,87372306,1870,348025288840192,7031074816,348018257765376,8192102912,319943717388288,7024459776,319936692928512,8184799232,28081571451904,6615040,28081564836864,25021440,348025288840192,7031074816,348018257765376,8192102912,319943717388288,7024459776,319936692928512,8184799232,28081571451904,6615040,28081564836864,25021440,135846712,2466,135844246,3000,48472826,886,48471940,1138,87373886,1580,87372306,1870,82424012,124,82423888,237,28572121,69,28572052,138,53851891,55,53851836,117,341588507029504,185225216,341588321804288,1396042240,312904383320064,172965888,312904210354176,1392988160,28684123709440,12259328,28684111450112,18018304,-1,0,361,0,0,3,0,0,0,0,0,0,0,0,344814411849701,7021257796,344807390591905,8176189920,316742483528960,7014793216,316735468735744,8169017344,28071928320741,6464580,28071921856161,24870008,8673820672,8673820672,0,8673820672,8642363392,8642363392,0,8642363392,31457280,31457280,0,31457280,361,361,0,361,346,346,0,346,15,15,0,15,,,,,,,,,,,,,,,,,,,,,,,,,,,,,,,,,,,,
4.4377307821416583e-07,2649,,,,,,,,,,,,,,,,,,,,,,,,,,,,,,,,,,,,,,,,,,,,,,,,,,,,,,,,,,,,,,,,,,,,,,,,,,,,,,,,,,,,,,,,,,,,,,,,,,,,,,,,,,,,,,,,,,,,,,,,,,,,,,,,,,,,,,,,,,,,,,,,,,,,,,,,,,,,,,,,,,,,,,,,,,,,,,,,,,,,,,,,,,,,,,,,,,,,,,,,,,,,,,,,,,,,,,,,,,,,,,,,,,,,,,,,,,,,,,,,,,,,,,,,,,,,,,,,,,,,,,,,,,,,,,,,,,,,,,,,
,2649,135846725,2462,135844263,3000,48472826,886,48471940,1138,87373899,1576,87372323,1870,348025288851456,7031071232,348018257780224,8192102912,319943717388288,7024459776,319936692928512,8184799232,28081571463168,6611456,28081564851712,25021440,348025288851456,7031071232,348018257780224,8192102912,319943717388288,7024459776,319936692928512,8184799232,28081571463168,6611456,28081564851712,25021440,135846725,2462,135844263,3000,48472826,886,48471940,1138,87373899,1576,87372323,1870,82424024,121,82423903,237,28572121,69,28572052,138,53851903,52,53851851,117,341588507044352,185228800,341588321815552,1396042240,312904383320064,172965888,312904210354176,1392988160,28684123724288,12262912,28684111461376,18018304,-1,0,361,0,0,3,0,0,0,0,0,0,0,0,344814411855625,7021256292,344807390599333,8176189920,316742483528960,7014793216,316735468735744,8169017344,28071928326665,6463076,28071921863589,24870008,8673820672,8673820672,0,8673820672,8642363392,8642363392,0,8642363392,31457280,31457280,0,31457280,361,361,0,361,346,346,0,346,15,15,0,15,,,,,,,,,,,,,,,,,,,,,,,,,,,,,,,,,,,,,,,,,,,,,,,,,,,,,,,,,,,,,,,,,,,,,,,,,,,,,,,,,,,,,,,,,,,,,,,,,,,,,,,,,,,,,,,,,,,,,,,,,,,,,,,,,,,,,,,,,,,,,,,,,,,,,,,,,,,,,,
,2649,,,,,,,,,,,,,,,,,,,,,,,,,,,,,,,,,,,,,,,,,,,,,,,,,,,,,,,,,,,,,,,,,,,,,,,,,,,,,,,,,,,,,,,,,,,,,,,,,,,,,,,,,,,,,,,,,,,,,,,,,,,135859596,2466,135857130,3000,48477125,886,48476239,1138,87382471,1580,87380891,1870,348054447345152,7031073280,348047416271872,8192102912,319970024009728,7024459776,319962999549952,8184799232,28084423335424,6613504,28084416721920,25021440,348054447345152,7031073280,348047416271872,8192102912,319970024009728,7024459776,319962999549952,8184799232,28084423335424,6613504,28084416721920,25021440,135859596,2466,135857130,3000,48477125,886,48476239,1138,87382471,1580,87380891,1870,82431480,121,82431359,237,28574497,69,28574428,138,53856983,52,53856931,117,341619403845632,185226752,341619218618880,1396042240,312932428251136,172965888,312932255285248,1392988160,28686975594496,12260864,28686963333632,18018304,-1,0,361,0,0,3,0,0,0,0,0,0,0,0,344843131320113,7021256368,344836110063745,8176189920,316768352006144,7014793216,316761337212928,8169017344,28074779313969,6463152,28074772850817,24870008,8673820672,8673820672,0,8673820672,8642363392,8642363392,0,8642363392,31457280,31457280,0,31457280,361,361,0,361,346,346,0,346,15,15,0,15,,,,,,,,,,,,,,,,,,,,,,,,,,,,,,,,,,,,
,2649,,,,,,,,,,,,,,,,,,,,,,,,,,,,,,,,,,,,,,,,,,,,,,,,,,,,,,,,,,,,,,,,,,,,,,,,,,,,,,,,,,,,,,,,,,,,,,,,,,,,,,,,,,,,,,,,,,,,,,,,,,,,,,,,,,,,,,,,,,,,,,,,,,,,,,,,,,,,,,,,,,,,,,,,,,,,,,,,,,,,,,,,,,,,,,,,,,,,,,,,,,,,,,,,,,,,,,,,,,,,,,,,,,,,,,,,,,,,,,,,,,,,,7.295608520507812e-05,0.0,7.295608520507812e-05,4,,,,,,,,,,,,,,,,,,,,,,,,,,,,,,,,
4.10204766700235e-07,2699,,,,,,,,,,,,,,,,,,,,,,,,,,,,,,,,,,,,,,,,,,,,,,,,,,,,,,,,,,,,,,,,,,,,,,,,,,,,,,,,,,,,,,,,,,,,,,,,,,,,,,,,,,,,,,,,,,,,,,,,,,,,,,,,,,,,,,,,,,,,,,,,,,,,,,,,,,,,,,,,,,,,,,,,,,,,,,,,,,,,,,,,,,,,,,,,,,,,,,,,,,,,,,,,,,,,,,,,,,,,,,,,,,,,,,,,,,,,,,,,,,,,,,,,,,,,,,,,,,,,,,,,,,,,,,,,,,,,,,,,
,2699,140763855,2462,140761393,3000,50226922,886,50226036,1138,90536933,1576,90535357,1870,360702725143552,7029851648,360695695291904,8192102912,331591740535808,7023206400,331584717329408,8184799232,29110984607744,6645248,29110977962496,25021440,360702725143552,7029851648,360695695291904,8192102912,331591740535808,7023206400,331584717329408,8184799232,29110984607744,6645248,29110977962496,25021440,140763855,2462,140761393,3000,50226922,886,50226036,1138,90536933,1576,90535357,1870,85440047,107,85439940,237,29584074,61,29584013,138,55855973,46,55855927,117,354036469618176,148699648,354036320918528,1396042240,324301411623936,138567680,324301273056256,1392988160,29735057994240,10131968,29735047862272,18018304,-1,0,361,0,0,3,0,0,0,0,0,0,0,0,357382189250802,7021289772,357375167961030,8176189920,328281191711744,7014793216,328274176918528,8169017344,29100997539058,6496556,29100991042502,24870008,8673820672,8673820672,0,8673820672,8642363392,8642363392,0,8642363392,31457280,31457280,0,31457280,361,361,0,361,346,346,0,346,15,15,0,15,,,,,,,,,,,,,,,,,,,,,,,,,,,,,,,,,,,,,,,,,,,,,,,,,,,,,,,,,,,,,,,,,,,,,,,,,,,,,,,,,,,,,,,,,,,,,,,,,,,,,,,,,,,,,,,,,,,,,,,,,,,,,,,,,,,,,,,,,,,,,,,,,,,,,,,,,,,,,,
,2699,,,,,,,,,,,,,,,,,,,,,,,,,,,,,,,,,,,,,,,,,,,,,,,,,,,,,,,,,,,,,,,,,,,,,,,,,,,,,,,,,,,,,,,,,,,,,,,,,,,,,,,,,,,,,,,,,,,,,,,,,,,140776778,2466,140774312,3000,50233959,886,50233073,1138,90542819,1580,90541239,1870,360808551483904,7027994112,360801523489792,8192102912,331696935011328,7021346816,331689913664512,8184799232,29111616472576,6647296,29111609825280,25021440,360808551483904,7027994112,360801523489792,8192102912,331696935011328,7021346816,331689913664512,8184799232,29111616472576,6647296,29111609825280,25021440,140776778,2466,140774312,3000,50233959,886,50233073,1138,90542819,1580,90541239,1870,85448596,118,85448478,237,29588949,72,29588877,138,55859647,46,55859601,117,354090301266944,345592320,354089955674624,1396042240,324354611442688,339656704,324354271785984,1392988160,29735689824256,5935616,29735683888640,18018304,-1,0,361,0,0,3,0,0,0,0,0,0,0,0,357487385438167,7021289788,357480364148379,8176189920,328385756986112,7014793216,328378742192896,8169017344,29101628452055,6496572,29101621955483,24870008,8673820672,8673820672,0,8673820672,8642363392,8642363392,0,8642363392,31457280,31457280,0,31457280,361,361,0,361,346,346,0,346,15,15,0,15,,,,,,,,,,,,,,,,,,,,,,,,,,,,,,,,,,,,
4.10204766700235e-07,2699,,,,,,,,,,,,,,,,,,,,,,,,,,,,,,,,,,,,,,,,,,,,,,,,,,,,,,,,,,,,,,,,,,,,,,,,,,,,,,,,,,,,,,,,,,,,,,,,,,,,,,,,,,,,,,,,,,,,,,,,,,,,,,,,,,,,,,,,,,,,,,,,,,,,,,,,,,,,,,,,,,,,,,,,,,,,,,,,,,,,,,,,,,,,,,,,,,,,,,,,,,,,,,,,,,,,,,,,,,,,,,,,,,,,,,,,,,,,,,,,,,,,,,,,,,,,,,,,,,,,,,,,,,,,,,,,,,,,,,,,
,2699,140776791,2462,140774329,3000,50233959,886,50233073,1138,90542832,1576,90541256,1870,360808551499776,7027962880,360801523536896,8192102912,331696935011328,7021346816,331689913664512,8184799232,29111616488448,6616064,29111609872384,25021440,360808551499776,7027962880,360801523536896,8192102912,331696935011328,7021346816,331689913664512,8184799232,29111616488448,6616064,29111609872384,25021440,140776791,2462,140774329,3000,50233959,886,50233073,1138,90542832,1576,90541256,1870,85448606,117,85448489,237,29588949,72,29588877,138,55859657,45,55859612,117,354090301314048,345623552,354089955690496,1396042240,324354611442688,339656704,324354271785984,1392988160,29735689871360,5966848,29735683904512,18018304,-1,0,361,0,0,3,0,0,0,0,0,0,0,0,357487385448507,7021260708,357480364187799,8176189920,328385756986112,7014793216,328378742192896,8169017344,29101628462395,6467492,29101621994903,24870008,8673820672,8673820672,0,8673820672,8642363392,8642363392,0,8642363392,31457280,31457280,0,31457280,361,361,0,361,346,346,0,346,15,15,0,15,,,,,,,,,,,,,,,,,,,,,,,,,,,,,,,,,,,,,,,,,,,,,,,,,,,,,,,,,,,,,,,,,,,,,,,,,,,,,,,,,,,,,,,,,,,,,,,,,,,,,,,,,,,,,,,,,,,,,,,,,,,,,,,,,,,,,,,,,,,,,,,,,,,,,,,,,,,,,,
,2699,,,,,,,,,,,,,,,,,,,,,,,,,,,,,,,,,,,,,,,,,,,,,,,,,,,,,,,,,,,,,,,,,,,,,,,,,,,,,,,,,,,,,,,,,,,,,,,,,,,,,,,,,,,,,,,,,,,,,,,,,,,140789113,2466,140786647,3000,50238042,886,50237156,1138,90551071,1580,90549491,1870,360836359385088,7027964928,360829331420160,8192102912,331721659921408,7021346816,331714638574592,8184799232,29114699463680,6618112,29114692845568,25021440,360836359385088,7027964928,360829331420160,8192102912,331721659921408,7021346816,331714638574592,8184799232,29114699463680,6618112,29114692845568,25021440,140789113,2466,140786647,3000,50238042,886,50237156,1138,90551071,1580,90549491,1870,85456151,120,85456031,237,29591283,72,29591211,138,55864868,48,55864820,117,354119220597760,345621504,354118874976256,1396042240,324380353487872,339656704,324380013831168,1392988160,29738867109888,5964800,29738861145088,18018304,-1,0,361,0,0,3,0,0,0,0,0,0,0,0,357514841829688,7021260784,357507820568904,8176189920,328410131131904,7014793216,328403116338688,8169017344,29104710697784,6467568,29104704230216,24870008,8673820672,8673820672,0,8673820672,8642363392,8642363392,0,8642363392,31457280,31457280,0,31457280,361,361,0,361,346,346,0,346,15,15,0,15,,,,,,,,,,,,,,,,,,,,,,,,,,,,,,,,,,,,
4.10204766700235e-07,2699,,,,,,,,,,,,,,,,,,,,,,,,,,,,,,,,,,,,,,,,,,,,,,,,,,,,,,,,,,,,,,,,,,,,,,,,,,,,,,,,,,,,,,,,,,,,,,,,,,,,,,,,,,,,,,,,,,,,,,,,,,,,,,,,,,,,,,,,,,,,,,,,,,,,,,,,,,,,,,,,,,,,,,,,,,,,,,,,,,,,,,,,,,,,,,,,,,,,,,,,,,,,,,,,,,,,,,,,,,,,,,,,,,,,,,,,,,,,,,,,,,,,,,,,,,,,,,,,,,,,,,,,,,,,,,,,,,,,,,,,
,2699,140789126,2462,140786664,3000,50238042,886,50237156,1138,90551084,1576,90549508,1870,360836359400960,7027962880,360829331438080,8192102912,331721659921408,7021346816,331714638574592,8184799232,29114699479552,6616064,29114692863488,25021440,360836359400960,7027962880,360829331438080,8192102912,331721659921408,7021346816,331714638574592,8184799232,29114699479552,6616064,29114692863488,25021440,140789126,2462,140786664,3000,50238042,886,50237156,1138,90551084,1576,90549508,1870,85456161,117,85456044,237,29591283,72,29591211,138,55864878,45,55864833,117,354119220615680,345623552,354118874992128,1396042240,324380353487872,339656704,324380013831168,1392988160,29738867127808,5966848,29738861160960,18018304,-1,0,361,0,0,3,0,0,0,0,0,0,0,0,357514841840580,7021261320,357507820579260,8176189920,328410131131904,7014793216,328403116338688,8169017344,29104710708676,6468104,29104704240572,24870008,8673820672,8673820672,0,8673820672,8642363392,8642363392,0,8642363392,31457280,31457280,0,31457280,361,361,0,361,346,346,0,346,15,15,0,15,,,,,,,,,,,,,,,,,,,,,,,,,,,,,,,,,,,,,,,,,,,,,,,,,,,,,,,,,,,,,,,,,,,,,,,,,,,,,,,,,,,,,,,,,,,,,,,,,,,,,,,,,,,,,,,,,,,,,,,,,,,,,,,,,,,,,,,,,,,,,,,,,,,,,,,,,,,,,,
,2699,,,,,,,,,,,,,,,,,,,,,,,,,,,,,,,,,,,,,,,,,,,,,,,,,,,,,,,,,,,,,,,,,,,,,,,,,,,,,,,,,,,,,,,,,,,,,,,,,,,,,,,,,,,,,,,,,,,,,,,,,,,140801497,2466,140799031,3000,50242125,886,50241239,1138,90559372,1580,90557792,1870,360863913210880,7027964928,360856885245952,8192102912,331746293048320,7021346816,331739271701504,8184799232,29117620162560,6618112,29117613544448,25021440,360863913210880,7027964928,360856885245952,8192102912,331746293048320,7021346816,331739271701504,8184799232,29117620162560,6618112,29117613544448,25021440,140801497,2466,140799031,3000,50242125,886,50241239,1138,90559372,1580,90557792,1870,85463603,119,85463484,237,29593626,72,29593554,138,55869977,47,55869930,117,354147948722176,345621504,354147603100672,1396042240,324406062609408,339656704,324405722952704,1392988160,29741886112768,5964800,29741880147968,18018304,-1,0,361,0,0,3,0,0,0,0,0,0,0,0,357541967611708,7021261276,357534946350432,8176189920,328434337079552,7014793216,328427322286336,8169017344,29107630532156,6468060,29107624064096,24870008,8673820672,8673820672,0,8673820672,8642363392,8642363392,0,8642363392,31457280,31457280,0,31457280,361,361,0,361,346,346,0,346,15,15,0,15,,,,,,,,,,,,,,,,,,,,,,,,,,,,,,,,,,,,
4.10204766700235e-07,2699,,,,,,,,,,,,,,,,,,,,,,,,,,,,,,,,,,,,,,,,,,,,,,,,,,,,,,,,,,,,,,,,,,,,,,,,,,,,,,,,,,,,,,,,,,,,,,,,,,,,,,,,,,,,,,,,,,,,,,,,,,,,,,,,,,,,,,,,,,,,,,,,,,,,,,,,,,,,,,,,,,,,,,,,,,,,,,,,,,,,,,,,,,,,,,,,,,,,,,,,,,,,,,,,,,,,,,,,,,,,,,,,,,,,,,,,,,,,,,,,,,,,,,,,,,,,,,,,,,,,,,,,,,,,,,,,,,,,,,,,
,2699,140801510,2462,140799048,3000,50242125,886,50241239,1138,90559385,1576,90557809,1870,360863913228288,7027964416,360856885263872,8192102912,331746293048320,7021346816,331739271701504,8184799232,29117620179968,6617600,29117613562368,25021440,360863913228288,7027964416,360856885263872,8192102912,331746293048320,7021346816,331739271701504,8184799232,29117620179968,6617600,29117613562368,25021440,140801510,2462,140799048,3000,50242125,886,50241239,1138,90559385,1576,90557809,1870,85463612,117,85463495,237,29593626,72,29593554,138,55869986,45,55869941,117,354147948740096,345622016,354147603118080,1396042240,324406062609408,339656704,324405722952704,1392988160,29741886130688,5965312,29741880165376,18018304,-1,0,361,0,0,3,0,0,0,0,0,0,0,0,357541967623272,7021261932,357534946361340,8176189920,328434337079552,7014793216,328427322286336,8169017344,29107630543720,6468716,29107624075004,24870008,8673820672,8673820672,0,8673820672,8642363392,8642363392,0,8642363392,31457280,31457280,0,31457280,361,361,0,361,346,346,0,346,15,15,0,15,,,,,,,,,,,,,,,,,,,,,,,,,,,,,,,,,,,,,,,,,,,,,,,,,,,,,,,,,,,,,,,,,,,,,,,,,,,,,,,,,,,,,,,,,,,,,,,,,,,,,,,,,,,,,,,,,,,,,,,,,,,,,,,,,,,,,,,,,,,,,,,,,,,,,,,,,,,,,,
,2699,,,,,,,,,,,,,,,,,,,,,,,,,,,,,,,,,,,,,,,,,,,,,,,,,,,,,,,,,,,,,,,,,,,,,,,,,,,,,,,,,,,,,,,,,,,,,,,,,,,,,,,,,,,,,,,,,,,,,,,,,,,140813881,2466,140811415,3000,50246208,886,50245322,1138,90567673,1580,90566093,1870,360891922670592,7027966464,360884894704128,8192102912,331771107202048,7021346816,331764085855232,8184799232,29120815468544,6619648,29120808848896,25021440,360891922670592,7027966464,360884894704128,8192102912,331771107202048,7021346816,331764085855232,8184799232,29120815468544,6619648,29120808848896,25021440,140813881,2466,140811415,3000,50246208,886,50245322,1138,90567673,1580,90566093,1870,85471106,119,85470987,237,29595960,72,29595888,138,55875146,47,55875099,117,354176974488064,345619968,354176628868096,1396042240,324431859844096,339656704,324431520187392,1392988160,29745114643968,5963264,29745108680704,18018304,-1,0,361,0,0,3,0,0,0,0,0,0,0,0,357569654250698,7021261948,357562632988750,8176189920,328458829116416,7014793216,328451814323200,8169017344,29110825134282,6468732,29110818665550,24870008,8673820672,8673820672,0,8673820672,8642363392,8642363392,0,8642363392,31457280,31457280,0,31457280,361,361,0,361,346,346,0,346,15,15,0,15,,,,,,,,,,,,,,,,,,,,,,,,,,,,,,,,,,,,
4.10204766700235e-07,2699,,,,,,,,,,,,,,,,,,,,,,,,,,,,,,,,,,,,,,,,,,,,,,,,,,,,,,,,,,,,,,,,,,,,,,,,,,,,,,,,,,,,,,,,,,,,,,,,,,,,,,,,,,,,,,,,,,,,,,,,,,,,,,,,,,,,,,,,,,,,,,,,,,,,,,,,,,,,,,,,,,,,,,,,,,,,,,,,,,,,,,,,,,,,,,,,,,,,,,,,,,,,,,,,,,,,,,,,,,,,,,,,,,,,,,,,,,,,,,,,,,,,,,,,,,,,,,,,,,,,,,,,,,,,,,,,,,,,,,,,
,2699,140813894,2462,140811432,3000,50246208,886,50245322,1138,90567686,1576,90566110,1870,360891922681856,7027958272,360884894723584,8192102912,331771107202048,7021346816,331764085855232,8184799232,29120815479808,6611456,29120808868352,25021440,360891922681856,7027958272,360884894723584,8192102912,331771107202048,7021346816,331764085855232,8184799232,29120815479808,6611456,29120808868352,25021440,140813894,2462,140811432,3000,50246208,886,50245322,1138,90567686,1576,90566110,1870,85471116,114,85471002,237,29595960,72,29595888,138,55875156,42,55875114,117,354176974507520,345628160,354176628879360,1396042240,324431859844096,339656704,324431520187392,1392988160,29745114663424,5971456,29745108691968,18018304,-1,0,361,0,0,3,0,0,0,0,0,0,0,0,357569654256814,7021256484,357562633000330,8176189920,328458829116416,7014793216,328451814323200,8169017344,29110825140398,6463268,29110818677130,24870008,8673820672,8673820672,0,8673820672,8642363392,8642363392,0,8642363392,31457280,31457280,0,31457280,361,361,0,361,346,346,0,346,15,15,0,15,,,,,,,,,,,,,,,,,,,,,,,,,,,,,,,,,,,,,,,,,,,,,,,,,,,,,,,,,,,,,,,,,,,,,,,,,,,,,,,,,,,,,,,,,,,,,,,,,,,,,,,,,,,,,,,,,,,,,,,,,,,,,,,,,,,,,,,,,,,,,,,,,,,,,,,,,,,,,,
,2699,,,,,,,,,,,,,,,,,,,,,,,,,,,,,,,,,,,,,,,,,,,,,,,,,,,,,,,,,,,,,,,,,,,,,,,,,,,,,,,,,,,,,,,,,,,,,,,,,,,,,,,,,,,,,,,,,,,,,,,,,,,140826265,2466,140823799,3000,50250286,886,50249400,1138,90575979,1580,90574399,1870,360919526635520,7027960320,360912498675200,8192102912,331795748340736,7021346816,331788726993920,8184799232,29123778294784,6613504,29123771681280,25021440,360919526635520,7027960320,360912498675200,8192102912,331795748340736,7021346816,331788726993920,8184799232,29123778294784,6613504,29123771681280,25021440,140826265,2466,140823799,3000,50250286,886,50249400,1138,90575979,1580,90574399,1870,85478843,118,85478725,237,29598299,72,29598227,138,55880544,46,55880498,117,354205738528256,345626112,354205392902144,1396042240,324457565893632,339656704,324457226236928,1392988160,29748172634624,5969408,29748166665216,18018304,-1,0,361,0,0,3,0,0,0,0,0,0,0,0,357596852057482,7021256500,357589830800982,8176189920,328483064940288,7014793216,328476050147072,8169017344,29113787117194,6463284,29113780653910,24870008,8673820672,8673820672,0,8673820672,8642363392,8642363392,0,8642363392,31457280,31457280,0,31457280,361,361,0,361,346,346,0,346,15,15,0,15,,,,,,,,,,,,,,,,,,,,,,,,,,,,,,,,,,,,
4.10204766700235e-07,2699,,,,,,,,,,,,,,,,,,,,,,,,,,,,,,,,,,,,,,,,,,,,,,,,,,,,,,,,,,,,,,,,,,,,,,,,,,,,,,,,,,,,,,,,,,,,,,,,,,,,,,,,,,,,,,,,,,,,,,,,,,,,,,,,,,,,,,,,,,,,,,,,,,,,,,,,,,,,,,,,,,,,,,,,,,,,,,,,,,,,,,,,,,,,,,,,,,,,,,,,,,,,,,,,,,,,,,,,,,,,,,,,,,,,,,,,,,,,,,,,,,,,,,,,,,,,,,,,,,,,,,,,,,,,,,,,,,,,,,,,
,2699,140826278,2462,140823816,3000,50250286,886,50249400,1138,90575992,1576,90574416,1870,360919526646784,7027958272,360912498688512,8192102912,331795748340736,7021346816,331788726993920,8184799232,29123778306048,6611456,29123771694592,25021440,360919526646784,7027958272,360912498688512,8192102912,331795748340736,7021346816,331788726993920,8184799232,29123778306048,6611456,29123771694592,25021440,140826278,2462,140823816,3000,50250286,886,50249400,1138,90575992,1576,90574416,1870,85478855,116,85478739,237,29598299,72,29598227,138,55880556,44,55880512,117,354205738541568,345628160,354205392913408,1396042240,324457565893632,339656704,324457226236928,1392988160,29748172647936,5971456,29748166676480,18018304,-1,0,361,0,0,3,0,0,0,0,0,0,0,0,357596852062326,7021255212,357589830807114,8176189920,328483064940288,7014793216,328476050147072,8169017344,29113787122038,6461996,29113780660042,24870008,8673820672,8673820672,0,8673820672,8642363392,8642363392,0,8642363392,31457280,31457280,0,31457280,361,361,0,361,346,346,0,346,15,15,0,15,,,,,,,,,,,,,,,,,,,,,,,,,,,,,,,,,,,,,,,,,,,,,,,,,,,,,,,,,,,,,,,,,,,,,,,,,,,,,,,,,,,,,,,,,,,,,,,,,,,,,,,,,,,,,,,,,,,,,,,,,,,,,,,,,,,,,,,,,,,,,,,,,,,,,,,,,,,,,,
,2699,,,,,,,,,,,,,,,,,,,,,,,,,,,,,,,,,,,,,,,,,,,,,,,,,,,,,,,,,,,,,,,,,,,,,,,,,,,,,,,,,,,,,,,,,,,,,,,,,,,,,,,,,,,,,,,,,,,,,,,,,,,140838649,2466,140836183,3000,50254364,886,50253478,1138,90584285,1580,90582705,1870,360946964017152,7027960320,360939936056832,8192102912,331820336419840,7021346816,331813315073024,8184799232,29126627597312,6613504,29126620983808,25021440,360946964017152,7027960320,360939936056832,8192102912,331820336419840,7021346816,331813315073024,8184799232,29126627597312,6613504,29126620983808,25021440,140838649,2466,140836183,3000,50254364,886,50253478,1138,90584285,1580,90582705,1870,85486841,117,85486724,237,29600637,72,29600565,138,55886204,45,55886159,117,354234391643648,345626112,354234046017536,1396042240,324483247809536,339656704,324482908152832,1392988160,29751143834112,5969408,29751137864704,18018304,-1,0,361,0,0,3,0,0,0,0,0,0,0,0,357623819486165,7021255228,357616798230937,8176189920,328507183979008,7014793216,328500169185792,8169017344,29116635507157,6462012,29116629045145,24870008,8673820672,8673820672,0,8673820672,8642363392,8642363392,0,8642363392,31457280,31457280,0,31457280,361,361,0,361,346,346,0,346,15,15,0,15,,,,,,,,,,,,,,,,,,,,,,,,,,,,,,,,,,,,
4.10204766700235e-07,2699,,,,,,,,,,,,,,,,,,,,,,,,,,,,,,,,,,,,,,,,,,,,,,,,,,,,,,,,,,,,,,,,,,,,,,,,,,,,,,,,,,,,,,,,,,,,,,,,,,,,,,,,,,,,,,,,,,,,,,,,,,,,,,,,,,,,,,,,,,,,,,,,,,,,,,,,,,,,,,,,,,,,,,,,,,,,,,,,,,,,,,,,,,,,,,,,,,,,,,,,,,,,,,,,,,,,,,,,,,,,,,,,,,,,,,,,,,,,,,,,,,,,,,,,,,,,,,,,,,,,,,,,,,,,,,,,,,,,,,,,
,2699,140838662,2462,140836200,3000,50254364,886,50253478,1138,90584298,1576,90582722,1870,360946964033024,7027962880,360939936070144,8192102912,331820336419840,7021346816,331813315073024,8184799232,29126627613184,6616064,29126620997120,25021440,360946964033024,7027962880,360939936070144,8192102912,331820336419840,7021346816,331813315073024,8184799232,29126627613184,6616064,29126620997120,25021440,140838662,2462,140836200,3000,50254364,886,50253478,1138,90584298,1576,90582722,1870,85486853,119,85486734,237,29600637,72,29600565,138,55886216,47,55886169,117,354234391656960,345623552,354234046033408,1396042240,324483247809536,339656704,324482908152832,1392988160,29751143847424,5966848,29751137880576,18018304,-1,0,361,0,0,3,0,0,0,0,0,0,0,0,357623819496265,7021260468,357616798235797,8176189920,328507183979008,7014793216,328500169185792,8169017344,29116635517257,6467252,29116629050005,24870008,8673820672,8673820672,0,8673820672,8642363392,8642363392,0,8642363392,31457280,31457280,0,31457280,361,361,0,361,346,346,0,346,15,15,0,15,,,,,,,,,,,,,,,,,,,,,,,,,,,,,,,,,,,,,,,,,,,,,,,,,,,,,,,,,,,,,,,,,,,,,,,,,,,,,,,,,,,,,,,,,,,,,,,,,,,,,,,,,,,,,,,,,,,,,,,,,,,,,,,,,,,,,,,,,,,,,,,,,,,,,,,,,,,,,,
,2699,,,,,,,,,,,,,,,,,,,,,,,,,,,,,,,,,,,,,,,,,,,,,,,,,,,,,,,,,,,,,,,,,,,,,,,,,,,,,,,,,,,,,,,,,,,,,,,,,,,,,,,,,,,,,,,,,,,,,,,,,,,140851033,2466,140848567,3000,50258351,886,50257465,1138,90592682,1580,90591102,1870,360974119184384,7027964928,360967091219456,8192102912,331844620178432,7021346816,331837598831616,8184799232,29129499005952,6618112,29129492387840,25021440,360974119184384,7027964928,360967091219456,8192102912,331844620178432,7021346816,331837598831616,8184799232,29129499005952,6618112,29129492387840,25021440,140851033,2466,140848567,3000,50258351,886,50257465,1138,90592682,1580,90591102,1870,85494351,124,85494227,237,29602776,72,29602704,138,55891575,52,55891523,117,354262745181184,345621504,354262399559680,1396042240,324508634768384,339656704,324508295111680,1392988160,29754110412800,5964800,29754104448000,18018304,-1,0,361,0,0,3,0,0,0,0,0,0,0,0,357650664430254,7021260484,357643643169770,8176189920,328531158412544,7014793216,328524143619328,8169017344,29119506017710,6467268,29119499550442,24870008,8673820672,8673820672,0,8673820672,8642363392,8642363392,0,8642363392,31457280,31457280,0,31457280,361,361,0,361,346,346,0,346,15,15,0,15,,,,,,,,,,,,,,,,,,,,,,,,,,,,,,,,,,,,
4.10204766700235e-07,2699,,,,,,,,,,,,,,,,,,,,,,,,,,,,,,,,,,,,,,,,,,,,,,,,,,,,,,,,,,,,,,,,,,,,,,,,,,,,,,,,,,,,,,,,,,,,,,,,,,,,,,,,,,,,,,,,,,,,,,,,,,,,,,,,,,,,,,,,,,,,,,,,,,,,,,,,,,,,,,,,,,,,,,,,,,,,,,,,,,,,,,,,,,,,,,,,,,,,,,,,,,,,,,,,,,,,,,,,,,,,,,,,,,,,,,,,,,,,,,,,,,,,,,,,,,,,,,,,,,,,,,,,,,,,,,,,,,,,,,,,
,2699,140851046,2462,140848584,3000,50258351,886,50257465,1138,90592695,1576,90591119,1870,360974119197184,7027959808,360967091237376,8192102912,331844620178432,7021346816,331837598831616,8184799232,29129499018752,6612992,29129492405760,25021440,360974119197184,7027959808,360967091237376,8192102912,331844620178432,7021346816,331837598831616,8184799232,29129499018752,6612992,29129492405760,25021440,140851046,2462,140848584,3000,50258351,886,50257465,1138,90592695,1576,90591119,1870,85494360,117,85494243,237,29602776,72,29602704,138,55891584,45,55891539,117,354262745199104,345626624,354262399572480,1396042240,324508634768384,339656704,324508295111680,1392988160,29754110430720,5969920,29754104460800,18018304,-1,0,361,0,0,3,0,0,0,0,0,0,0,0,357650664437306,7021257420,357643643179886,8176189920,328531158412544,7014793216,328524143619328,8169017344,29119506024762,6464204,29119499560558,24870008,8673820672,8673820672,0,8673820672,8642363392,8642363392,0,8642363392,31457280,31457280,0,31457280,361,361,0,361,346,346,0,346,15,15,0,15,,,,,,,,,,,,,,,,,,,,,,,,,,,,,,,,,,,,,,,,,,,,,,,,,,,,,,,,,,,,,,,,,,,,,,,,,,,,,,,,,,,,,,,,,,,,,,,,,,,,,,,,,,,,,,,,,,,,,,,,,,,,,,,,,,,,,,,,,,,,,,,,,,,,,,,,,,,,,,
,2699,,,,,,,,,,,,,,,,,,,,,,,,,,,,,,,,,,,,,,,,,,,,,,,,,,,,,,,,,,,,,,,,,,,,,,,,,,,,,,,,,,,,,,,,,,,,,,,,,,,,,,,,,,,,,,,,,,,,,,,,,,,140863966,2466,140861500,3000,50262655,886,50261769,1138,90601311,1580,90599731,1870,361003511180288,7027961856,360996483218432,8192102912,331871027733504,7021346816,331864006386688,8184799232,29132483446784,6615040,29132476831744,25021440,361003511180288,7027961856,360996483218432,8192102912,331871027733504,7021346816,331864006386688,8184799232,29132483446784,6615040,29132476831744,25021440,140863966,2466,140861500,3000,50262655,886,50261769,1138,90601311,1580,90599731,1870,85501830,119,85501711,237,29605114,72,29605042,138,55896716,47,55896669,117,354293085887488,345624576,354292740262912,1396042240,324535896658944,339656704,324535557002240,1392988160,29757189228544,5967872,29757183260672,18018304,-1,0,361,0,0,3,0,0,0,0,0,0,0,0,357679665088851,7021257436,357672643831415,8176189920,328557175463936,7014793216,328550160670720,8169017344,29122489624915,6464220,29122483160695,24870008,8673820672,8673820672,0,8673820672,8642363392,8642363392,0,8642363392,31457280,31457280,0,31457280,361,361,0,361,346,346,0,346,15,15,0,15,,,,,,,,,,,,,,,,,,,,,,,,,,,,,,,,,,,,
,2699,,,,,,,,,,,,,,,,,,,,,,,,,,,,,,,,,,,,,,,,,,,,,,,,,,,,,,,,,,,,,,,,,,,,,,,,,,,,,,,,,,,,,,,,,,,,,,,,,,,,,,,,,,,,,,,,,,,,,,,,,,,,,,,,,,,,,,,,,,,,,,,,,,,,,,,,,,,,,,,,,,,,,,,,,,,,,,,,,,,,,,,,,,,,,,,,,,,,,,,,,,,,,,,,,,,,,,,,,,,,,,,,,,,,,,,,,,,,,,,,,,,,,4.00543212890625e-05,1.951545345946215e-05,0.00033278611954301596,4,,,,,,,,,,,,,,,,,,,,,,,,,,,,,,,,
3.766364551863041e-07,2749,,,,,,,,,,,,,,,,,,,,,,,,,,,,,,,,,,,,,,,,,,,,,,,,,,,,,,,,,,,,,,,,,,,,,,,,,,,,,,,,,,,,,,,,,,,,,,,,,,,,,,,,,,,,,,,,,,,,,,,,,,,,,,,,,,,,,,,,,,,,,,,,,,,,,,,,,,,,,,,,,,,,,,,,,,,,,,,,,,,,,,,,,,,,,,,,,,,,,,,,,,,,,,,,,,,,,,,,,,,,,,,,,,,,,,,,,,,,,,,,,,,,,,,,,,,,,,,,,,,,,,,,,,,,,,,,,,,,,,,,
,2749,145775817,2462,145773355,3000,52052157,886,52051271,1138,93723660,1576,93722084,1870,373927797127168,7032008192,373920765118976,8192102912,343797036168192,7025393664,343790010774528,8184799232,30130760958976,6614528,30130754344448,25021440,373927797127168,7032008192,373920765118976,8192102912,343797036168192,7025393664,343790010774528,8184799232,30130760958976,6614528,30130754344448,25021440,145775817,2462,145773355,3000,52052157,886,52051271,1138,93723660,1576,93722084,1870,88582640,102,88582538,237,30694293,66,30694227,138,57888347,36,57888311,117,366971985074176,178000384,366971807073792,1396042240,336196444556288,172032000,336196272524288,1392988160,30775540517888,5968384,30775534549504,18018304,-1,0,361,0,0,3,0,0,0,0,0,0,0,0,370473064418696,7021258944,370466043159752,8176189920,340352639532032,7014793216,340345624738816,8169017344,30120424886664,6465728,30120418420936,24870008,8673820672,8673820672,0,8673820672,8642363392,8642363392,0,8642363392,31457280,31457280,0,31457280,361,361,0,361,346,346,0,346,15,15,0,15,,,,,,,,,,,,,,,,,,,,,,,,,,,,,,,,,,,,,,,,,,,,,,,,,,,,,,,,,,,,,,,,,,,,,,,,,,,,,,,,,,,,,,,,,,,,,,,,,,,,,,,,,,,,,,,,,,,,,,,,,,,,,,,,,,,,,,,,,,,,,,,,,,,,,,,,,,,,,,
,2749,,,,,,,,,,,,,,,,,,,,,,,,,,,,,,,,,,,,,,,,,,,,,,,,,,,,,,,,,,,,,,,,,,,,,,,,,,,,,,,,,,,,,,,,,,,,,,,,,,,,,,,,,,,,,,,,,,,,,,,,,,,145788188,2466,145785722,3000,52056240,886,52055354,1138,93731948,1580,93730368,1870,373955044344832,7030339072,373948014005760,8192102912,343821425271808,7023722496,343814401549312,8184799232,30133619073024,6616576,30133612456448,25021440,373955044344832,7030339072,373948014005760,8192102912,343821425271808,7023722496,343814401549312,8184799232,30133619073024,6616576,30133612456448,25021440,145788188,2466,145785722,3000,52056240,886,52055354,1138,93731948,1580,93730368,1870,88590255,100,88590155,237,30696521,62,30696459,138,57893734,38,57893696,117,366999812234240,144017920,366999668216320,1396042240,336221295148032,138051584,336221157096448,1392988160,30778517086208,5966336,30778511119872,18018304,-1,0,361,0,0,3,0,0,0,0,0,0,0,0,370500060695303,7021258900,370493039436403,8176189920,340376778592000,7014793216,340369763798784,8169017344,30123282103303,6465684,30123275637619,24870008,8673820672,8673820672,0,8673820672,8642363392,8642363392,0,8642363392,31457280,31457280,0,31457280,361,361,0,361,346,346,0,346,15,15,0,15,,,,,,,,,,,,,,,,,,,,,,,,,,,,,,,,,,,,
3.766364551863041e-07,2749,,,,,,,,,,,,,,,,,,,,,,,,,,,,,,,,,,,,,,,,,,,,,,,,,,,,,,,,,,,,,,,,,,,,,,,,,,,,,,,,,,,,,,,,,,,,,,,,,,,,,,,,,,,,,,,,,,,,,,,,,,,,,,,,,,,,,,,,,,,,,,,,,,,,,,,,,,,,,,,,,,,,,,,,,,,,,,,,,,,,,,,,,,,,,,,,,,,,,,,,,,,,,,,,,,,,,,,,,,,,,,,,,,,,,,,,,,,,,,,,,,,,,,,,,,,,,,,,,,,,,,,,,,,,,,,,,,,,,,,,
,2749,145788201,2462,145785739,3000,52056240,886,52055354,1138,93731961,1576,93730385,1870,373955044356096,7030333952,373948014022144,8192102912,343821425271808,7023722496,343814401549312,8184799232,30133619084288,6611456,30133612472832,25021440,373955044356096,7030333952,373948014022144,8192102912,343821425271808,7023722496,343814401549312,8184799232,30133619084288,6611456,30133612472832,25021440,145788201,2462,145785739,3000,52056240,886,52055354,1138,93731961,1576,93730385,1870,88590268,100,88590168,237,30696521,62,30696459,138,57893747,38,57893709,117,366999812250624,144023040,366999668227584,1396042240,336221295148032,138051584,336221157096448,1392988160,30778517102592,5971456,30778511131136,18018304,-1,0,361,0,0,3,0,0,0,0,0,0,0,0,370500060701419,7021256484,370493039444935,8176189920,340376778592000,7014793216,340369763798784,8169017344,30123282109419,6463268,30123275646151,24870008,8673820672,8673820672,0,8673820672,8642363392,8642363392,0,8642363392,31457280,31457280,0,31457280,361,361,0,361,346,346,0,346,15,15,0,15,,,,,,,,,,,,,,,,,,,,,,,,,,,,,,,,,,,,,,,,,,,,,,,,,,,,,,,,,,,,,,,,,,,,,,,,,,,,,,,,,,,,,,,,,,,,,,,,,,,,,,,,,,,,,,,,,,,,,,,,,,,,,,,,,,,,,,,,,,,,,,,,,,,,,,,,,,,,,,
,2749,,,,,,,,,,,,,,,,,,,,,,,,,,,,,,,,,,,,,,,,,,,,,,,,,,,,,,,,,,,,,,,,,,,,,,,,,,,,,,,,,,,,,,,,,,,,,,,,,,,,,,,,,,,,,,,,,,,,,,,,,,,145800523,2466,145798057,3000,52060318,886,52059432,1138,93740205,1580,93738625,1870,373982413749760,7030336000,373975383413760,8192102912,343845844362240,7023722496,343838820639744,8184799232,30136569387520,6613504,30136562774016,25021440,373982413749760,7030336000,373975383413760,8192102912,343845844362240,7023722496,343838820639744,8184799232,30136569387520,6613504,30136562774016,25021440,145800523,2466,145798057,3000,52060318,886,52059432,1138,93740205,1580,93738625,1870,88597845,99,88597746,237,30698535,62,30698473,138,57899310,37,57899273,117,367028907483648,144020992,367028763462656,1396042240,336247331478528,138051584,336247193426944,1392988160,30781576005120,5969408,30781570035712,18018304,-1,0,361,0,0,3,0,0,0,0,0,0,0,0,370527233030819,7021256560,370520211774259,8176189920,340401001439744,7014793216,340393986646528,8169017344,30126231591075,6463344,30126225127731,24870008,8673820672,8673820672,0,8673820672,8642363392,8642363392,0,8642363392,31457280,31457280,0,31457280,361,361,0,361,346,346,0,346,15,15,0,15,,,,,,,,,,,,,,,,,,,,,,,,,,,,,,,,,,,,
3.766364551863041e-07,2749,,,,,,,,,,,,,,,,,,,,,,,,,,,,,,,,,,,,,,,,,,,,,,,,,,,,,,,,,,,,,,,,,,,,,,,,,,,,,,,,,,,,,,,,,,,,,,,,,,,,,,,,,,,,,,,,,,,,,,,,,,,,,,,,,,,,,,,,,,,,,,,,,,,,,,,,,,,,,,,,,,,,,,,,,,,,,,,,,,,,,,,,,,,,,,,,,,,,,,,,,,,,,,,,,,,,,,,,,,,,,,,,,,,,,,,,,,,,,,,,,,,,,,,,,,,,,,,,,,,,,,,,,,,,,,,,,,,,,,,,
,2749,145800536,2462,145798074,3000,52060318,886,52059432,1138,93740218,1576,93738642,1870,373982413765632,7030338560,373975383427072,8192102912,343845844362240,7023722496,343838820639744,8184799232,30136569403392,6616064,30136562787328,25021440,373982413765632,7030338560,373975383427072,8192102912,343845844362240,7023722496,343838820639744,8184799232,30136569403392,6616064,30136562787328,25021440,145800536,2462,145798074,3000,52060318,886,52059432,1138,93740218,1576,93738642,1870,88597857,99,88597758,237,30698535,62,30698473,138,57899322,37,57899285,117,367028907496960,144018432,367028763478528,1396042240,336247331478528,138051584,336247193426944,1392988160,30781576018432,5966848,30781570051584,18018304,-1,0,361,0,0,3,0,0,0,0,0,0,0,0,370527233040583,7021260192,370520211780391,8176189920,340401001439744,7014793216,340393986646528,8169017344,30126231600839,6466976,30126225133863,24870008,8673820672,8673820672,0,8673820672,8642363392,8642363392,0,8642363392,31457280,31457280,0,31457280,361,361,0,361,346,346,0,346,15,15,0,15,,,,,,,,,,,,,,,,,,,,,,,,,,,,,,,,,,,,,,,,,,,,,,,,,,,,,,,,,,,,,,,,,,,,,,,,,,,,,,,,,,,,,,,,,,,,,,,,,,,,,,,,,,,,,,,,,,,,,,,,,,,,,,,,,,,,,,,,,,,,,,,,,,,,,,,,,,,,,,
,2749,,,,,,,,,,,,,,,,,,,,,,,,,,,,,,,,,,,,,,,,,,,,,,,,,,,,,,,,,,,,,,,,,,,,,,,,,,,,,,,,,,,,,,,,,,,,,,,,,,,,,,,,,,,,,,,,,,,,,,,,,,,145812858,2466,145810392,3000,52064401,886,52063515,1138,93748457,1580,93746877,1870,374009787063296,7030340608,374002756722688,8192102912,343870271910912,7023722496,343863248188416,8184799232,30139515152384,6618112,30139508534272,25021440,374009787063296,7030340608,374002756722688,8192102912,343870271910912,7023722496,343863248188416,8184799232,30139515152384,6618112,30139508534272,25021440,145812858,2466,145810392,3000,52064401,886,52063515,1138,93748457,1580,93746877,1870,88605061,103,88604958,237,30700554,62,30700492,138,57904507,41,57904466,117,367058006560256,144016384,367057862543872,1396042240,336273376267264,138051584,336273238215680,1392988160,30784630292992,5964800,30784624328192,18018304,-1,0,361,0,0,3,0,0,0,0,0,0,0,0,370554408823751,7021260208,370547387563543,8176189920,340425232295168,7014793216,340418217501952,8169017344,30129176528583,6466992,30129170061591,24870008,8673820672,8673820672,0,8673820672,8642363392,8642363392,0,8642363392,31457280,31457280,0,31457280,361,361,0,361,346,346,0,346,15,15,0,15,,,,,,,,,,,,,,,,,,,,,,,,,,,,,,,,,,,,
3.766364551863041e-07,2749,,,,,,,,,,,,,,,,,,,,,,,,,,,,,,,,,,,,,,,,,,,,,,,,,,,,,,,,,,,,,,,,,,,,,,,,,,,,,,,,,,,,,,,,,,,,,,,,,,,,,,,,,,,,,,,,,,,,,,,,,,,,,,,,,,,,,,,,,,,,,,,,,,,,,,,,,,,,,,,,,,,,,,,,,,,,,,,,,,,,,,,,,,,,,,,,,,,,,,,,,,,,,,,,,,,,,,,,,,,,,,,,,,,,,,,,,,,,,,,,,,,,,,,,,,,,,,,,,,,,,,,,,,,,,,,,,,,,,,,,
,2749,145812871,2462,145810409,3000,52064401,886,52063515,1138,93748470,1576,93746894,1870,374009787080704,7030340096,374002756740608,8192102912,343870271910912,7023722496,343863248188416,8184799232,30139515169792,6617600,30139508552192,25021440,374009787080704,7030340096,374002756740608,8192102912,343870271910912,7023722496,343863248188416,8184799232,30139515169792,6617600,30139508552192,25021440,145812871,2462,145810409,3000,52064401,886,52063515,1138,93748470,1576,93746894,1870,88605073,104,88604969,237,30700554,62,30700492,138,57904519,42,57904477,117,367058006578176,144016896,367057862561280,1396042240,336273376267264,138051584,336273238215680,1392988160,30784630310912,5965312,30784624345600,18018304,-1,0,361,0,0,3,0,0,0,0,0,0,0,0,370554408835243,7021261920,370547387573323,8176189920,340425232295168,7014793216,340418217501952,8169017344,30129176540075,6468704,30129170071371,24870008,8673820672,8673820672,0,8673820672,8642363392,8642363392,0,8642363392,31457280,31457280,0,31457280,361,361,0,361,346,346,0,346,15,15,0,15,,,,,,,,,,,,,,,,,,,,,,,,,,,,,,,,,,,,,,,,,,,,,,,,,,,,,,,,,,,,,,,,,,,,,,,,,,,,,,,,,,,,,,,,,,,,,,,,,,,,,,,,,,,,,,,,,,,,,,,,,,,,,,,,,,,,,,,,,,,,,,,,,,,,,,,,,,,,,,
,2749,,,,,,,,,,,,,,,,,,,,,,,,,,,,,,,,,,,,,,,,,,,,,,,,,,,,,,,,,,,,,,,,,,,,,,,,,,,,,,,,,,,,,,,,,,,,,,,,,,,,,,,,,,,,,,,,,,,,,,,,,,,145825242,2466,145822776,3000,52068388,886,52067502,1138,93756854,1580,93755274,1870,374036758423552,7030342144,374029728081408,8192102912,343894387516416,7023722496,343887363793920,8184799232,30142370907136,6619648,30142364287488,25021440,374036758423552,7030342144,374029728081408,8192102912,343894387516416,7023722496,343887363793920,8184799232,30142370907136,6619648,30142364287488,25021440,145825242,2466,145822776,3000,52068388,886,52067502,1138,93756854,1580,93755274,1870,88612259,104,88612155,237,30702400,62,30702338,138,57909859,42,57909817,117,367086713861120,144014848,367086569846272,1396042240,336299153890304,138051584,336299015838720,1392988160,30787559970816,5963264,30787554007552,18018304,-1,0,361,0,0,3,0,0,0,0,0,0,0,0,370581229504342,7021261876,370574208242466,8176189920,340449198127104,7014793216,340442183333888,8169017344,30132031377238,6468660,30132024908578,24870008,8673820672,8673820672,0,8673820672,8642363392,8642363392,0,8642363392,31457280,31457280,0,31457280,361,361,0,361,346,346,0,346,15,15,0,15,,,,,,,,,,,,,,,,,,,,,,,,,,,,,,,,,,,,
3.766364551863041e-07,2749,,,,,,,,,,,,,,,,,,,,,,,,,,,,,,,,,,,,,,,,,,,,,,,,,,,,,,,,,,,,,,,,,,,,,,,,,,,,,,,,,,,,,,,,,,,,,,,,,,,,,,,,,,,,,,,,,,,,,,,,,,,,,,,,,,,,,,,,,,,,,,,,,,,,,,,,,,,,,,,,,,,,,,,,,,,,,,,,,,,,,,,,,,,,,,,,,,,,,,,,,,,,,,,,,,,,,,,,,,,,,,,,,,,,,,,,,,,,,,,,,,,,,,,,,,,,,,,,,,,,,,,,,,,,,,,,,,,,,,,,
,2749,145825255,2462,145822793,3000,52068388,886,52067502,1138,93756867,1576,93755291,1870,374036758434816,7030333952,374029728100864,8192102912,343894387516416,7023722496,343887363793920,8184799232,30142370918400,6611456,30142364306944,25021440,374036758434816,7030333952,374029728100864,8192102912,343894387516416,7023722496,343887363793920,8184799232,30142370918400,6611456,30142364306944,25021440,145825255,2462,145822793,3000,52068388,886,52067502,1138,93756867,1576,93755291,1870,88612269,100,88612169,237,30702400,62,30702338,138,57909869,38,57909831,117,367086713880576,144023040,367086569857536,1396042240,336299153890304,138051584,336299015838720,1392988160,30787559990272,5971456,30787554018816,18018304,-1,0,361,0,0,3,0,0,0,0,0,0,0,0,370581229510674,7021256700,370574208253974,8176189920,340449198127104,7014793216,340442183333888,8169017344,30132031383570,6463484,30132024920086,24870008,8673820672,8673820672,0,8673820672,8642363392,8642363392,0,8642363392,31457280,31457280,0,31457280,361,361,0,361,346,346,0,346,15,15,0,15,,,,,,,,,,,,,,,,,,,,,,,,,,,,,,,,,,,,,,,,,,,,,,,,,,,,,,,,,,,,,,,,,,,,,,,,,,,,,,,,,,,,,,,,,,,,,,,,,,,,,,,,,,,,,,,,,,,,,,,,,,,,,,,,,,,,,,,,,,,,,,,,,,,,,,,,,,,,,,
,2749,,,,,,,,,,,,,,,,,,,,,,,,,,,,,,,,,,,,,,,,,,,,,,,,,,,,,,,,,,,,,,,,,,,,,,,,,,,,,,,,,,,,,,,,,,,,,,,,,,,,,,,,,,,,,,,,,,,,,,,,,,,145837577,2466,145835111,3000,52072466,886,52071580,1138,93765111,1580,93763531,1870,374064022371840,7030336000,374056992035840,8192102912,343918750872576,7023722496,343911727150080,8184799232,30145271499264,6613504,30145264885760,25021440,374064022371840,7030336000,374056992035840,8192102912,343918750872576,7023722496,343911727150080,8184799232,30145271499264,6613504,30145264885760,25021440,145837577,2466,145835111,3000,52072466,886,52071580,1138,93765111,1580,93763531,1870,88619794,103,88619691,237,30704399,62,30704337,138,57915395,41,57915354,117,367115736457728,144020992,367115592436736,1396042240,336325148478464,138051584,336325010426880,1392988160,30790587979264,5969408,30790582009856,18018304,-1,0,361,0,0,3,0,0,0,0,0,0,0,0,370608300184003,7021256776,370601278927227,8176189920,340473369070336,7014793216,340466354277120,8169017344,30134931113667,6463560,30134924650107,24870008,8673820672,8673820672,0,8673820672,8642363392,8642363392,0,8642363392,31457280,31457280,0,31457280,361,361,0,361,346,346,0,346,15,15,0,15,,,,,,,,,,,,,,,,,,,,,,,,,,,,,,,,,,,,
3.766364551863041e-07,2749,,,,,,,,,,,,,,,,,,,,,,,,,,,,,,,,,,,,,,,,,,,,,,,,,,,,,,,,,,,,,,,,,,,,,,,,,,,,,,,,,,,,,,,,,,,,,,,,,,,,,,,,,,,,,,,,,,,,,,,,,,,,,,,,,,,,,,,,,,,,,,,,,,,,,,,,,,,,,,,,,,,,,,,,,,,,,,,,,,,,,,,,,,,,,,,,,,,,,,,,,,,,,,,,,,,,,,,,,,,,,,,,,,,,,,,,,,,,,,,,,,,,,,,,,,,,,,,,,,,,,,,,,,,,,,,,,,,,,,,,
,2749,145837590,2462,145835128,3000,52072466,886,52071580,1138,93765124,1576,93763548,1870,374064022387712,7030338560,374056992049152,8192102912,343918750872576,7023722496,343911727150080,8184799232,30145271515136,6616064,30145264899072,25021440,374064022387712,7030338560,374056992049152,8192102912,343918750872576,7023722496,343911727150080,8184799232,30145271515136,6616064,30145264899072,25021440,145837590,2462,145835128,3000,52072466,886,52071580,1138,93765124,1576,93763548,1870,88619806,102,88619704,237,30704399,62,30704337,138,57915407,40,57915367,117,367115736471040,144018432,367115592452608,1396042240,336325148478464,138051584,336325010426880,1392988160,30790587992576,5966848,30790582025728,18018304,-1,0,361,0,0,3,0,0,0,0,0,0,0,0,370608300194127,7021260552,370601278933575,8176189920,340473369070336,7014793216,340466354277120,8169017344,30134931123791,6467336,30134924656455,24870008,8673820672,8673820672,0,8673820672,8642363392,8642363392,0,8642363392,31457280,31457280,0,31457280,361,361,0,361,346,346,0,346,15,15,0,15,,,,,,,,,,,,,,,,,,,,,,,,,,,,,,,,,,,,,,,,,,,,,,,,,,,,,,,,,,,,,,,,,,,,,,,,,,,,,,,,,,,,,,,,,,,,,,,,,,,,,,,,,,,,,,,,,,,,,,,,,,,,,,,,,,,,,,,,,,,,,,,,,,,,,,,,,,,,,,
,2749,,,,,,,,,,,,,,,,,,,,,,,,,,,,,,,,,,,,,,,,,,,,,,,,,,,,,,,,,,,,,,,,,,,,,,,,,,,,,,,,,,,,,,,,,,,,,,,,,,,,,,,,,,,,,,,,,,,,,,,,,,,145849961,2466,145847495,3000,52076453,886,52075567,1138,93773508,1580,93771928,1870,374091032025600,7030340608,374084001684992,8192102912,343942873486336,7023722496,343935849763840,8184799232,30148158539264,6618112,30148151921152,25021440,374091032025600,7030340608,374084001684992,8192102912,343942873486336,7023722496,343935849763840,8184799232,30148158539264,6618112,30148151921152,25021440,145849961,2466,145847495,3000,52076453,886,52075567,1138,93773508,1580,93771928,1870,88626985,102,88626883,237,30706244,62,30706182,138,57920741,40,57920701,117,367144471067648,144016384,367144327051264,1396042240,336350929783808,138051584,336350791732224,1392988160,30793541283840,5964800,30793535319040,18018304,-1,0,361,0,0,3,0,0,0,0,0,0,0,0,370635170617940,7021260508,370628149357432,8176189920,340497353354752,7014793216,340490338561536,8169017344,30137817263188,6467292,30137810795896,24870008,8673820672,8673820672,0,8673820672,8642363392,8642363392,0,8642363392,31457280,31457280,0,31457280,361,361,0,361,346,346,0,346,15,15,0,15,,,,,,,,,,,,,,,,,,,,,,,,,,,,,,,,,,,,
3.766364551863041e-07,2749,,,,,,,,,,,,,,,,,,,,,,,,,,,,,,,,,,,,,,,,,,,,,,,,,,,,,,,,,,,,,,,,,,,,,,,,,,,,,,,,,,,,,,,,,,,,,,,,,,,,,,,,,,,,,,,,,,,,,,,,,,,,,,,,,,,,,,,,,,,,,,,,,,,,,,,,,,,,,,,,,,,,,,,,,,,,,,,,,,,,,,,,,,,,,,,,,,,,,,,,,,,,,,,,,,,,,,,,,,,,,,,,,,,,,,,,,,,,,,,,,,,,,,,,,,,,,,,,,,,,,,,,,,,,,,,,,,,,,,,,
,2749,145849974,2462,145847512,3000,52076453,886,52075567,1138,93773521,1576,93771945,1870,374091032036864,7030333952,374084001702912,8192102912,343942873486336,7023722496,343935849763840,8184799232,30148158550528,6611456,30148151939072,25021440,374091032036864,7030333952,374084001702912,8192102912,343942873486336,7023722496,343935849763840,8184799232,30148158550528,6611456,30148151939072,25021440,145849974,2462,145847512,3000,52076453,886,52075567,1138,93773521,1576,93771945,1870,88626995,98,88626897,237,30706244,62,30706182,138,57920751,36,57920715,117,367144471085568,144023040,367144327062528,1396042240,336350929783808,138051584,336350791732224,1392988160,30793541301760,5971456,30793535330304,18018304,-1,0,361,0,0,3,0,0,0,0,0,0,0,0,370635170623216,7021255644,370628149367572,8176189920,340497353354752,7014793216,340490338561536,8169017344,30137817268464,6462428,30137810806036,24870008,8673820672,8673820672,0,8673820672,8642363392,8642363392,0,8642363392,31457280,31457280,0,31457280,361,361,0,361,346,346,0,346,15,15,0,15,,,,,,,,,,,,,,,,,,,,,,,,,,,,,,,,,,,,,,,,,,,,,,,,,,,,,,,,,,,,,,,,,,,,,,,,,,,,,,,,,,,,,,,,,,,,,,,,,,,,,,,,,,,,,,,,,,,,,,,,,,,,,,,,,,,,,,,,,,,,,,,,,,,,,,,,,,,,,,
,2749,,,,,,,,,,,,,,,,,,,,,,,,,,,,,,,,,,,,,,,,,,,,,,,,,,,,,,,,,,,,,,,,,,,,,,,,,,,,,,,,,,,,,,,,,,,,,,,,,,,,,,,,,,,,,,,,,,,,,,,,,,,145862345,2466,145859879,3000,52080435,886,52079549,1138,93781910,1580,93780330,1870,374117855552000,7030336000,374110825216000,8192102912,343966931059712,7023722496,343959907337216,8184799232,30150924492288,6613504,30150917878784,25021440,374117855552000,7030336000,374110825216000,8192102912,343966931059712,7023722496,343959907337216,8184799232,30150924492288,6613504,30150917878784,25021440,145862345,2466,145859879,3000,52080435,886,52079549,1138,93781910,1580,93780330,1870,88634317,106,88634211,237,30708068,62,30708006,138,57926249,44,57926205,117,367173009831424,144020992,367172865810432,1396042240,336376659352576,138051584,336376521300992,1392988160,30796350478848,5969408,30796344509440,18018304,-1,0,361,0,0,3,0,0,0,0,0,0,0,0,370661832885102,7021255660,370654811629442,8176189920,340521250619648,7014793216,340514235826432,8169017344,30140582265454,6462444,30140575803010,24870008,8673820672,8673820672,0,8673820672,8642363392,8642363392,0,8642363392,31457280,31457280,0,31457280,361,361,0,361,346,346,0,346,15,15,0,15,,,,,,,,,,,,,,,,,,,,,,,,,,,,,,,,,,,,
3.766364551863041e-07,2749,,,,,,,,,,,,,,,,,,,,,,,,,,,,,,,,,,,,,,,,,,,,,,,,,,,,,,,,,,,,,,,,,,,,,,,,,,,,,,,,,,,,,,,,,,,,,,,,,,,,,,,,,,,,,,,,,,,,,,,,,,,,,,,,,,,,,,,,,,,,,,,,,,,,,,,,,,,,,,,,,,,,,,,,,,,,,,,,,,,,,,,,,,,,,,,,,,,,,,,,,,,,,,,,,,,,,,,,,,,,,,,,,,,,,,,,,,,,,,,,,,,,,,,,,,,,,,,,,,,,,,,,,,,,,,,,,,,,,,,,
,2749,145862358,2462,145859896,3000,52080435,886,52079549,1138,93781923,1576,93780347,1870,374117855561728,7030332416,374110825229312,8192102912,343966931059712,7023722496,343959907337216,8184799232,30150924502016,6609920,30150917892096,25021440,374117855561728,7030332416,374110825229312,8192102912,343966931059712,7023722496,343959907337216,8184799232,30150924502016,6609920,30150917892096,25021440,145862358,2462,145859896,3000,52080435,886,52079549,1138,93781923,1576,93780347,1870,88634329,106,88634223,237,30708068,62,30708006,138,57926261,44,57926217,117,367173009844736,144024576,367172865820160,1396042240,336376659352576,138051584,336376521300992,1392988160,30796350492160,5972992,30796344519168,18018304,-1,0,361,0,0,3,0,0,0,0,0,0,0,0,370661832889394,7021254660,370654811634734,8176189920,340521250619648,7014793216,340514235826432,8169017344,30140582269746,6461444,30140575808302,24870008,8673820672,8673820672,0,8673820672,8642363392,8642363392,0,8642363392,31457280,31457280,0,31457280,361,361,0,361,346,346,0,346,15,15,0,15,,,,,,,,,,,,,,,,,,,,,,,,,,,,,,,,,,,,,,,,,,,,,,,,,,,,,,,,,,,,,,,,,,,,,,,,,,,,,,,,,,,,,,,,,,,,,,,,,,,,,,,,,,,,,,,,,,,,,,,,,,,,,,,,,,,,,,,,,,,,,,,,,,,,,,,,,,,,,,
,2749,,,,,,,,,,,,,,,,,,,,,,,,,,,,,,,,,,,,,,,,,,,,,,,,,,,,,,,,,,,,,,,,,,,,,,,,,,,,,,,,,,,,,,,,,,,,,,,,,,,,,,,,,,,,,,,,,,,,,,,,,,,145875229,2466,145872763,3000,52084638,886,52083752,1138,93790591,1580,93789011,1870,374146471032832,7030334464,374139440698368,8192102912,343992748688384,7023722496,343985724965888,8184799232,30153722344448,6611968,30153715732480,25021440,374146471032832,7030334464,374139440698368,8192102912,343992748688384,7023722496,343985724965888,8184799232,30153722344448,6611968,30153715732480,25021440,145875229,2466,145872763,3000,52084638,886,52083752,1138,93790591,1580,93789011,1870,88641817,106,88641711,237,30709942,62,30709880,138,57931875,44,57931831,117,367203220804096,144022528,367203076781568,1396042240,336404044160000,138051584,336403906108416,1392988160,30799176644096,5970944,30799170673152,18018304,-1,0,361,0,0,3,0,0,0,0,0,0,0,0,370690296186009,7021254736,370683274931273,8176189920,340546916983808,7014793216,340539902190592,8169017344,30143379202201,6461520,30143372740681,24870008,8673820672,8673820672,0,8673820672,8642363392,8642363392,0,8642363392,31457280,31457280,0,31457280,361,361,0,361,346,346,0,346,15,15,0,15,,,,,,,,,,,,,,,,,,,,,,,,,,,,,,,,,,,,
,2749,,,,,,,,,,,,,,,,,,,,,,,,,,,,,,,,,,,,,,,,,,,,,,,,,,,,,,,,,,,,,,,,,,,,,,,,,,,,,,,,,,,,,,,,,,,,,,,,,,,,,,,,,,,,,,,,,,,,,,,,,,,,,,,,,,,,,,,,,,,,,,,,,,,,,,,,,,,,,,,,,,,,,,,,,,,,,,,,,,,,,,,,,,,,,,,,,,,,,,,,,,,,,,,,,,,,,,,,,,,,,,,,,,,,,,,,,,,,,,,,,,,,,0.00010645389556884766,0.0003376960812602192,0.0051718950271606445,4,,,,,,,,,,,,,,,,,,,,,,,,,,,,,,,,
3.430681436723732e-07,2799,,,,,,,,,,,,,,,,,,,,,,,,,,,,,,,,,,,,,,,,,,,,,,,,,,,,,,,,,,,,,,,,,,,,,,,,,,,,,,,,,,,,,,,,,,,,,,,,,,,,,,,,,,,,,,,,,,,,,,,,,,,,,,,,,,,,,,,,,,,,,,,,,,,,,,,,,,,,,,,,,,,,,,,,,,,,,,,,,,,,,,,,,,,,,,,,,,,,,,,,,,,,,,,,,,,,,,,,,,,,,,,,,,,,,,,,,,,,,,,,,,,,,,,,,,,,,,,,,,,,,,,,,,,,,,,,,,,,,,,,
,2799,150780224,2462,150777762,3000,53842684,886,53841798,1138,96937540,1576,96935964,1870,386820447688192,7031580672,386813416107520,8192102912,355651045038080,7024967680,355644020070400,8184799232,31169402650112,6612992,31169396037120,25021440,386820447688192,7031580672,386813416107520,8192102912,355651045038080,7024967680,355644020070400,8184799232,31169402650112,6612992,31169396037120,25021440,150780224,2462,150777762,3000,53842684,886,53841798,1138,96937540,1576,96935964,1870,91673369,122,91673247,237,31747799,71,31747728,138,59925570,51,59925519,117,379644671197696,220370944,379644450826752,1396042240,347811898916864,208109568,347811690807296,1392988160,31832772280832,12261376,31832760019456,18018304,-1,0,361,0,0,3,0,0,0,0,0,0,0,0,383242913736976,7021257264,383235892479712,8176189920,352084199968768,7014793216,352077185175552,8169017344,31158713768208,6464048,31158707304160,24870008,8673820672,8673820672,0,8673820672,8642363392,8642363392,0,8642363392,31457280,31457280,0,31457280,361,361,0,361,346,346,0,346,15,15,0,15,,,,,,,,,,,,,,,,,,,,,,,,,,,,,,,,,,,,,,,,,,,,,,,,,,,,,,,,,,,,,,,,,,,,,,,,,,,,,,,,,,,,,,,,,,,,,,,,,,,,,,,,,,,,,,,,,,,,,,,,,,,,,,,,,,,,,,,,,,,,,,,,,,,,,,,,,,,,,,
,2799,,,,,,,,,,,,,,,,,,,,,,,,,,,,,,,,,,,,,,,,,,,,,,,,,,,,,,,,,,,,,,,,,,,,,,,,,,,,,,,,,,,,,,,,,,,,,,,,,,,,,,,,,,,,,,,,,,,,,,,,,,,150792546,2466,150790080,3000,53846671,886,53845785,1138,96945875,1580,96944295,1870,386847608130048,7035531264,386840572598784,8192102912,355675303168000,7028916224,355668274251776,8184799232,31172304962048,6615040,31172298347008,25021440,386847608130048,7035531264,386840572598784,8192102912,355675303168000,7028916224,355668274251776,8184799232,31172304962048,6615040,31172298347008,25021440,150792546,2466,150790080,3000,53846671,886,53845785,1138,96945875,1580,96944295,1870,91680950,108,91680842,237,31750133,65,31750068,138,59930817,43,59930774,117,379672716901888,180768768,379672536133120,1396042240,347837000904704,168509440,347836832395264,1392988160,31835715997184,12259328,31835703737856,18018304,-1,0,361,0,0,3,0,0,0,0,0,0,0,0,383269806585497,7021257280,383262785328217,8176189920,352108191359744,7014793216,352101176566528,8169017344,31161615225753,6464064,31161608761689,24870008,8673820672,8673820672,0,8673820672,8642363392,8642363392,0,8642363392,31457280,31457280,0,31457280,361,361,0,361,346,346,0,346,15,15,0,15,,,,,,,,,,,,,,,,,,,,,,,,,,,,,,,,,,,,
3.430681436723732e-07,2799,,,,,,,,,,,,,,,,,,,,,,,,,,,,,,,,,,,,,,,,,,,,,,,,,,,,,,,,,,,,,,,,,,,,,,,,,,,,,,,,,,,,,,,,,,,,,,,,,,,,,,,,,,,,,,,,,,,,,,,,,,,,,,,,,,,,,,,,,,,,,,,,,,,,,,,,,,,,,,,,,,,,,,,,,,,,,,,,,,,,,,,,,,,,,,,,,,,,,,,,,,,,,,,,,,,,,,,,,,,,,,,,,,,,,,,,,,,,,,,,,,,,,,,,,,,,,,,,,,,,,,,,,,,,,,,,,,,,,,,,
,2799,150792559,2462,150790097,3000,53846671,886,53845785,1138,96945888,1576,96944312,1870,386847608142848,7035529216,386840572613632,8192102912,355675303168000,7028916224,355668274251776,8184799232,31172304974848,6612992,31172298361856,25021440,386847608142848,7035529216,386840572613632,8192102912,355675303168000,7028916224,355668274251776,8184799232,31172304974848,6612992,31172298361856,25021440,150792559,2462,150790097,3000,53846671,886,53845785,1138,96945888,1576,96944312,1870,91680958,102,91680856,237,31750133,65,31750068,138,59930825,37,59930788,117,379672716916736,180770816,379672536145920,1396042240,347837000904704,168509440,347836832395264,1392988160,31835716012032,12261376,31835703750656,18018304,-1,0,361,0,0,3,0,0,0,0,0,0,0,0,383269806592981,7021257912,383262785335069,8176189920,352108191359744,7014793216,352101176566528,8169017344,31161615233237,6464696,31161608768541,24870008,8673820672,8673820672,0,8673820672,8642363392,8642363392,0,8642363392,31457280,31457280,0,31457280,361,361,0,361,346,346,0,346,15,15,0,15,,,,,,,,,,,,,,,,,,,,,,,,,,,,,,,,,,,,,,,,,,,,,,,,,,,,,,,,,,,,,,,,,,,,,,,,,,,,,,,,,,,,,,,,,,,,,,,,,,,,,,,,,,,,,,,,,,,,,,,,,,,,,,,,,,,,,,,,,,,,,,,,,,,,,,,,,,,,,,
,2799,,,,,,,,,,,,,,,,,,,,,,,,,,,,,,,,,,,,,,,,,,,,,,,,,,,,,,,,,,,,,,,,,,,,,,,,,,,,,,,,,,,,,,,,,,,,,,,,,,,,,,,,,,,,,,,,,,,,,,,,,,,150804881,2466,150802415,3000,53850658,886,53849772,1138,96954223,1580,96952643,1870,386874638910464,7035531264,386867603379200,8192102912,355699556509696,7028916224,355692527593472,8184799232,31175082400768,6615040,31175075785728,25021440,386874638910464,7035531264,386867603379200,8192102912,355699556509696,7028916224,355692527593472,8184799232,31175082400768,6615040,31175075785728,25021440,150804881,2466,150802415,3000,53850658,886,53849772,1138,96954223,1580,96952643,1870,91688398,106,91688292,237,31752219,65,31752154,138,59936179,41,59936138,117,379701791799296,180768768,379701611030528,1396042240,347863298363392,168509440,347863129853952,1392988160,31838493435904,12259328,31838481176576,18018304,-1,0,361,0,0,3,0,0,0,0,0,0,0,0,383296496345801,7021257928,383289475087873,8176189920,352132104599040,7014793216,352125089805824,8169017344,31164391746761,6464712,31164385282049,24870008,8673820672,8673820672,0,8673820672,8642363392,8642363392,0,8642363392,31457280,31457280,0,31457280,361,361,0,361,346,346,0,346,15,15,0,15,,,,,,,,,,,,,,,,,,,,,,,,,,,,,,,,,,,,
3.430681436723732e-07,2799,,,,,,,,,,,,,,,,,,,,,,,,,,,,,,,,,,,,,,,,,,,,,,,,,,,,,,,,,,,,,,,,,,,,,,,,,,,,,,,,,,,,,,,,,,,,,,,,,,,,,,,,,,,,,,,,,,,,,,,,,,,,,,,,,,,,,,,,,,,,,,,,,,,,,,,,,,,,,,,,,,,,,,,,,,,,,,,,,,,,,,,,,,,,,,,,,,,,,,,,,,,,,,,,,,,,,,,,,,,,,,,,,,,,,,,,,,,,,,,,,,,,,,,,,,,,,,,,,,,,,,,,,,,,,,,,,,,,,,,,
,2799,150804894,2462,150802432,3000,53850658,886,53849772,1138,96954236,1576,96952660,1870,386874638923264,7035529216,386867603394048,8192102912,355699556509696,7028916224,355692527593472,8184799232,31175082413568,6612992,31175075800576,25021440,386874638923264,7035529216,386867603394048,8192102912,355699556509696,7028916224,355692527593472,8184799232,31175082413568,6612992,31175075800576,25021440,150804894,2462,150802432,3000,53850658,886,53849772,1138,96954236,1576,96952660,1870,91688409,105,91688304,237,31752219,65,31752154,138,59936190,40,59936150,117,379701791814144,180770816,379701611043328,1396042240,347863298363392,168509440,347863129853952,1392988160,31838493450752,12261376,31838481189376,18018304,-1,0,361,0,0,3,0,0,0,0,0,0,0,0,383296496352589,7021257216,383289475095373,8176189920,352132104599040,7014793216,352125089805824,8169017344,31164391753549,6464000,31164385289549,24870008,8673820672,8673820672,0,8673820672,8642363392,8642363392,0,8642363392,31457280,31457280,0,31457280,361,361,0,361,346,346,0,346,15,15,0,15,,,,,,,,,,,,,,,,,,,,,,,,,,,,,,,,,,,,,,,,,,,,,,,,,,,,,,,,,,,,,,,,,,,,,,,,,,,,,,,,,,,,,,,,,,,,,,,,,,,,,,,,,,,,,,,,,,,,,,,,,,,,,,,,,,,,,,,,,,,,,,,,,,,,,,,,,,,,,,
,2799,,,,,,,,,,,,,,,,,,,,,,,,,,,,,,,,,,,,,,,,,,,,,,,,,,,,,,,,,,,,,,,,,,,,,,,,,,,,,,,,,,,,,,,,,,,,,,,,,,,,,,,,,,,,,,,,,,,,,,,,,,,150817265,2466,150814799,3000,53854741,886,53853855,1138,96962524,1580,96960944,1870,386902221464576,7035531264,386895185933312,8192102912,355724168693760,7028916224,355717139777536,8184799232,31178052770816,6615040,31178046155776,25021440,386902221464576,7035531264,386895185933312,8192102912,355724168693760,7028916224,355717139777536,8184799232,31178052770816,6615040,31178046155776,25021440,150817265,2466,150814799,3000,53854741,886,53853855,1138,96962524,1580,96960944,1870,91695790,107,91695683,237,31754421,65,31754356,138,59941369,42,59941327,117,379731369768960,180768768,379731189000192,1396042240,347889872932864,168509440,347889704423424,1392988160,31841496836096,12259328,31841484576768,18018304,-1,0,361,0,0,3,0,0,0,0,0,0,0,0,383323720269555,7021257172,383316699012383,8176189920,352156358990080,7014793216,352149344196864,8169017344,31167361279475,6463956,31167354815519,24870008,8673820672,8673820672,0,8673820672,8642363392,8642363392,0,8642363392,31457280,31457280,0,31457280,361,361,0,361,346,346,0,346,15,15,0,15,,,,,,,,,,,,,,,,,,,,,,,,,,,,,,,,,,,,
3.430681436723732e-07,2799,,,,,,,,,,,,,,,,,,,,,,,,,,,,,,,,,,,,,,,,,,,,,,,,,,,,,,,,,,,,,,,,,,,,,,,,,,,,,,,,,,,,,,,,,,,,,,,,,,,,,,,,,,,,,,,,,,,,,,,,,,,,,,,,,,,,,,,,,,,,,,,,,,,,,,,,,,,,,,,,,,,,,,,,,,,,,,,,,,,,,,,,,,,,,,,,,,,,,,,,,,,,,,,,,,,,,,,,,,,,,,,,,,,,,,,,,,,,,,,,,,,,,,,,,,,,,,,,,,,,,,,,,,,,,,,,,,,,,,,,
,2799,150817278,2462,150814816,3000,53854741,886,53853855,1138,96962537,1576,96960961,1870,386902221477376,7035529216,386895185948160,8192102912,355724168693760,7028916224,355717139777536,8184799232,31178052783616,6612992,31178046170624,25021440,386902221477376,7035529216,386895185948160,8192102912,355724168693760,7028916224,355717139777536,8184799232,31178052783616,6612992,31178046170624,25021440,150817278,2462,150814816,3000,53854741,886,53853855,1138,96962537,1576,96960961,1870,91695801,104,91695697,237,31754421,65,31754356,138,59941380,39,59941341,117,379731369783808,180770816,379731189012992,1396042240,347889872932864,168509440,347889704423424,1392988160,31841496850944,12261376,31841484589568,18018304,-1,0,361,0,0,3,0,0,0,0,0,0,0,0,383323720277183,7021257996,383316699019187,8176189920,352156358990080,7014793216,352149344196864,8169017344,31167361287103,6464780,31167354822323,24870008,8673820672,8673820672,0,8673820672,8642363392,8642363392,0,8642363392,31457280,31457280,0,31457280,361,361,0,361,346,346,0,346,15,15,0,15,,,,,,,,,,,,,,,,,,,,,,,,,,,,,,,,,,,,,,,,,,,,,,,,,,,,,,,,,,,,,,,,,,,,,,,,,,,,,,,,,,,,,,,,,,,,,,,,,,,,,,,,,,,,,,,,,,,,,,,,,,,,,,,,,,,,,,,,,,,,,,,,,,,,,,,,,,,,,,
,2799,,,,,,,,,,,,,,,,,,,,,,,,,,,,,,,,,,,,,,,,,,,,,,,,,,,,,,,,,,,,,,,,,,,,,,,,,,,,,,,,,,,,,,,,,,,,,,,,,,,,,,,,,,,,,,,,,,,,,,,,,,,150829648,2466,150827182,3000,53858824,886,53857938,1138,96970824,1580,96969244,1870,386929771275776,7035531264,386922735744512,8192102912,355748773111808,7028916224,355741744195584,8184799232,31180998163968,6615040,31180991548928,25021440,386929771275776,7035531264,386922735744512,8192102912,355748773111808,7028916224,355741744195584,8184799232,31180998163968,6615040,31180991548928,25021440,150829648,2466,150827182,3000,53858824,886,53857938,1138,96970824,1580,96969244,1870,91703140,108,91703032,237,31756694,65,31756629,138,59946446,43,59946403,117,379760651229696,180768768,379760470460928,1396042240,347916172824576,168509440,347916004315136,1392988160,31844478405120,12259328,31844466145792,18018304,-1,0,361,0,0,3,0,0,0,0,0,0,0,0,383350893988928,7021258012,383343872730916,8176189920,352180588166144,7014793216,352173573372928,8169017344,31170305822784,6464796,31170299357988,24870008,8673820672,8673820672,0,8673820672,8642363392,8642363392,0,8642363392,31457280,31457280,0,31457280,361,361,0,361,346,346,0,346,15,15,0,15,,,,,,,,,,,,,,,,,,,,,,,,,,,,,,,,,,,,
3.430681436723732e-07,2799,,,,,,,,,,,,,,,,,,,,,,,,,,,,,,,,,,,,,,,,,,,,,,,,,,,,,,,,,,,,,,,,,,,,,,,,,,,,,,,,,,,,,,,,,,,,,,,,,,,,,,,,,,,,,,,,,,,,,,,,,,,,,,,,,,,,,,,,,,,,,,,,,,,,,,,,,,,,,,,,,,,,,,,,,,,,,,,,,,,,,,,,,,,,,,,,,,,,,,,,,,,,,,,,,,,,,,,,,,,,,,,,,,,,,,,,,,,,,,,,,,,,,,,,,,,,,,,,,,,,,,,,,,,,,,,,,,,,,,,,
,2799,150829661,2462,150827199,3000,53858824,886,53857938,1138,96970837,1576,96969261,1870,386929771291648,7035532288,386922735759360,8192102912,355748773111808,7028916224,355741744195584,8184799232,31180998179840,6616064,31180991563776,25021440,386929771291648,7035532288,386922735759360,8192102912,355748773111808,7028916224,355741744195584,8184799232,31180998179840,6616064,31180991563776,25021440,150829661,2462,150827199,3000,53858824,886,53857938,1138,96970837,1576,96969261,1870,91703153,109,91703044,237,31756694,65,31756629,138,59946459,44,59946415,117,379760651244544,180767744,379760470476800,1396042240,347916172824576,168509440,347916004315136,1392988160,31844478419968,12258304,31844466161664,18018304,-1,0,361,0,0,3,0,0,0,0,0,0,0,0,383350893999412,7021260852,383343872738560,8176189920,352180588166144,7014793216,352173573372928,8169017344,31170305833268,6467636,31170299365632,24870008,8673820672,8673820672,0,8673820672,8642363392,8642363392,0,8642363392,31457280,31457280,0,31457280,361,361,0,361,346,346,0,346,15,15,0,15,,,,,,,,,,,,,,,,,,,,,,,,,,,,,,,,,,,,,,,,,,,,,,,,,,,,,,,,,,,,,,,,,,,,,,,,,,,,,,,,,,,,,,,,,,,,,,,,,,,,,,,,,,,,,,,,,,,,,,,,,,,,,,,,,,,,,,,,,,,,,,,,,,,,,,,,,,,,,,
,2799,,,,,,,,,,,,,,,,,,,,,,,,,,,,,,,,,,,,,,,,,,,,,,,,,,,,,,,,,,,,,,,,,,,,,,,,,,,,,,,,,,,,,,,,,,,,,,,,,,,,,,,,,,,,,,,,,,,,,,,,,,,150841983,2466,150839517,3000,53862907,886,53862021,1138,96979076,1580,96977496,1870,386957120373760,7035534336,386950084839424,8192102912,355773276592128,7028916224,355766247675904,8184799232,31183843781632,6618112,31183837163520,25021440,386957120373760,7035534336,386950084839424,8192102912,355773276592128,7028916224,355766247675904,8184799232,31183843781632,6618112,31183837163520,25021440,150841983,2466,150839517,3000,53862907,886,53862021,1138,96979076,1580,96977496,1870,91710470,109,91710361,237,31758937,65,31758872,138,59951533,44,59951489,117,379789777390592,180765696,379789596624896,1396042240,347942404612096,168509440,347942236102656,1392988160,31847372778496,12256256,31847360522240,18018304,-1,0,361,0,0,3,0,0,0,0,0,0,0,0,383377866524573,7021260928,383370845263645,8176189920,352204715970304,7014793216,352197701177088,8169017344,31173150554269,6467712,31173144086557,24870008,8673820672,8673820672,0,8673820672,8642363392,8642363392,0,8642363392,31457280,31457280,0,31457280,361,361,0,361,346,346,0,346,15,15,0,15,,,,,,,,,,,,,,,,,,,,,,,,,,,,,,,,,,,,
3.430681436723732e-07,2799,,,,,,,,,,,,,,,,,,,,,,,,,,,,,,,,,,,,,,,,,,,,,,,,,,,,,,,,,,,,,,,,,,,,,,,,,,,,,,,,,,,,,,,,,,,,,,,,,,,,,,,,,,,,,,,,,,,,,,,,,,,,,,,,,,,,,,,,,,,,,,,,,,,,,,,,,,,,,,,,,,,,,,,,,,,,,,,,,,,,,,,,,,,,,,,,,,,,,,,,,,,,,,,,,,,,,,,,,,,,,,,,,,,,,,,,,,,,,,,,,,,,,,,,,,,,,,,,,,,,,,,,,,,,,,,,,,,,,,,,
,2799,150841996,2462,150839534,3000,53862907,886,53862021,1138,96979089,1576,96977513,1870,386957120388096,7035530752,386950084857344,8192102912,355773276592128,7028916224,355766247675904,8184799232,31183843795968,6614528,31183837181440,25021440,386957120388096,7035530752,386950084857344,8192102912,355773276592128,7028916224,355766247675904,8184799232,31183843795968,6614528,31183837181440,25021440,150841996,2462,150839534,3000,53862907,886,53862021,1138,96979089,1576,96977513,1870,91710480,106,91710374,237,31758937,65,31758872,138,59951543,41,59951502,117,379789777408512,180769280,379789596639232,1396042240,347942404612096,168509440,347942236102656,1392988160,31847372796416,12259840,31847360536576,18018304,-1,0,361,0,0,3,0,0,0,0,0,0,0,0,383377866533569,7021259424,383370845274145,8176189920,352204715970304,7014793216,352197701177088,8169017344,31173150563265,6466208,31173144097057,24870008,8673820672,8673820672,0,8673820672,8642363392,8642363392,0,8642363392,31457280,31457280,0,31457280,361,361,0,361,346,346,0,346,15,15,0,15,,,,,,,,,,,,,,,,,,,,,,,,,,,,,,,,,,,,,,,,,,,,,,,,,,,,,,,,,,,,,,,,,,,,,,,,,,,,,,,,,,,,,,,,,,,,,,,,,,,,,,,,,,,,,,,,,,,,,,,,,,,,,,,,,,,,,,,,,,,,,,,,,,,,,,,,,,,,,,
,2799,,,,,,,,,,,,,,,,,,,,,,,,,,,,,,,,,,,,,,,,,,,,,,,,,,,,,,,,,,,,,,,,,,,,,,,,,,,,,,,,,,,,,,,,,,,,,,,,,,,,,,,,,,,,,,,,,,,,,,,,,,,150854367,2466,150851901,3000,53866894,886,53866008,1138,96987473,1580,96985893,1870,386984331345920,7035532800,386977295813120,8192102912,355797584988160,7028916224,355790556071936,8184799232,31186746357760,6616576,31186739741184,25021440,386984331345920,7035532800,386977295813120,8192102912,355797584988160,7028916224,355790556071936,8184799232,31186746357760,6616576,31186739741184,25021440,150854367,2466,150851901,3000,53866894,886,53866008,1138,96987473,1580,96985893,1870,91717868,109,91717759,237,31761044,65,31760979,138,59956824,44,59956780,117,379819003776512,180767232,379818823009280,1396042240,347968702468096,168509440,347968533958656,1392988160,31850301308416,12257792,31850289050624,18018304,-1,0,361,0,0,3,0,0,0,0,0,0,0,0,383404761390833,7021259380,383397740131453,8176189920,352228709143040,7014793216,352221694349824,8169017344,31176052247793,6466164,31176045781629,24870008,8673820672,8673820672,0,8673820672,8642363392,8642363392,0,8642363392,31457280,31457280,0,31457280,361,361,0,361,346,346,0,346,15,15,0,15,,,,,,,,,,,,,,,,,,,,,,,,,,,,,,,,,,,,
3.430681436723732e-07,2799,,,,,,,,,,,,,,,,,,,,,,,,,,,,,,,,,,,,,,,,,,,,,,,,,,,,,,,,,,,,,,,,,,,,,,,,,,,,,,,,,,,,,,,,,,,,,,,,,,,,,,,,,,,,,,,,,,,,,,,,,,,,,,,,,,,,,,,,,,,,,,,,,,,,,,,,,,,,,,,,,,,,,,,,,,,,,,,,,,,,,,,,,,,,,,,,,,,,,,,,,,,,,,,,,,,,,,,,,,,,,,,,,,,,,,,,,,,,,,,,,,,,,,,,,,,,,,,,,,,,,,,,,,,,,,,,,,,,,,,,
,2799,150854380,2462,150851918,3000,53866894,886,53866008,1138,96987486,1576,96985910,1870,386984331358720,7035529216,386977295829504,8192102912,355797584988160,7028916224,355790556071936,8184799232,31186746370560,6612992,31186739757568,25021440,386984331358720,7035529216,386977295829504,8192102912,355797584988160,7028916224,355790556071936,8184799232,31186746370560,6612992,31186739757568,25021440,150854380,2462,150851918,3000,53866894,886,53866008,1138,96987486,1576,96985910,1870,91717879,107,91717772,237,31761044,65,31760979,138,59956835,42,59956793,117,379819003792896,180770816,379818823022080,1396042240,347968702468096,168509440,347968533958656,1392988160,31850301324800,12261376,31850289063424,18018304,-1,0,361,0,0,3,0,0,0,0,0,0,0,0,383404761398509,7021258044,383397740140465,8176189920,352228709143040,7014793216,352221694349824,8169017344,31176052255469,6464828,31176045790641,24870008,8673820672,8673820672,0,8673820672,8642363392,8642363392,0,8642363392,31457280,31457280,0,31457280,361,361,0,361,346,346,0,346,15,15,0,15,,,,,,,,,,,,,,,,,,,,,,,,,,,,,,,,,,,,,,,,,,,,,,,,,,,,,,,,,,,,,,,,,,,,,,,,,,,,,,,,,,,,,,,,,,,,,,,,,,,,,,,,,,,,,,,,,,,,,,,,,,,,,,,,,,,,,,,,,,,,,,,,,,,,,,,,,,,,,,
,2799,,,,,,,,,,,,,,,,,,,,,,,,,,,,,,,,,,,,,,,,,,,,,,,,,,,,,,,,,,,,,,,,,,,,,,,,,,,,,,,,,,,,,,,,,,,,,,,,,,,,,,,,,,,,,,,,,,,,,,,,,,,150866751,2466,150864285,3000,53870977,886,53870091,1138,96995774,1580,96994194,1870,387011881245696,7035531264,387004845714432,8192102912,355822189406208,7028916224,355815160489984,8184799232,31189691839488,6615040,31189685224448,25021440,387011881245696,7035531264,387004845714432,8192102912,355822189406208,7028916224,355815160489984,8184799232,31189691839488,6615040,31189685224448,25021440,150866751,2466,150864285,3000,53870977,886,53870091,1138,96995774,1580,96994194,1870,91725110,106,91725004,237,31763317,65,31763252,138,59961793,41,59961752,117,379848285327360,180768768,379848104558592,1396042240,347995002359808,168509440,347994833850368,1392988160,31853282967552,12259328,31853270708224,18018304,-1,0,361,0,0,3,0,0,0,0,0,0,0,0,383431935198616,7021258060,383424913940556,8176189920,352252938319104,7014793216,352245923525888,8169017344,31178996879512,6464844,31178990414668,24870008,8673820672,8673820672,0,8673820672,8642363392,8642363392,0,8642363392,31457280,31457280,0,31457280,361,361,0,361,346,346,0,346,15,15,0,15,,,,,,,,,,,,,,,,,,,,,,,,,,,,,,,,,,,,
3.430681436723732e-07,2799,,,,,,,,,,,,,,,,,,,,,,,,,,,,,,,,,,,,,,,,,,,,,,,,,,,,,,,,,,,,,,,,,,,,,,,,,,,,,,,,,,,,,,,,,,,,,,,,,,,,,,,,,,,,,,,,,,,,,,,,,,,,,,,,,,,,,,,,,,,,,,,,,,,,,,,,,,,,,,,,,,,,,,,,,,,,,,,,,,,,,,,,,,,,,,,,,,,,,,,,,,,,,,,,,,,,,,,,,,,,,,,,,,,,,,,,,,,,,,,,,,,,,,,,,,,,,,,,,,,,,,,,,,,,,,,,,,,,,,,,
,2799,150866764,2462,150864302,3000,53870977,886,53870091,1138,96995787,1576,96994211,1870,387011881255424,7035526144,387004845729280,8192102912,355822189406208,7028916224,355815160489984,8184799232,31189691849216,6609920,31189685239296,25021440,387011881255424,7035526144,387004845729280,8192102912,355822189406208,7028916224,355815160489984,8184799232,31189691849216,6609920,31189685239296,25021440,150866764,2462,150864302,3000,53870977,886,53870091,1138,96995787,1576,96994211,1870,91725123,107,91725016,237,31763317,65,31763252,138,59961806,42,59961764,117,379848285342208,180773888,379848104568320,1396042240,347995002359808,168509440,347994833850368,1392988160,31853282982400,12264448,31853270717952,18018304,-1,0,361,0,0,3,0,0,0,0,0,0,0,0,383431935201972,7021253724,383424913948248,8176189920,352252938319104,7014793216,352245923525888,8169017344,31178996882868,6460508,31178990422360,24870008,8673820672,8673820672,0,8673820672,8642363392,8642363392,0,8642363392,31457280,31457280,0,31457280,361,361,0,361,346,346,0,346,15,15,0,15,,,,,,,,,,,,,,,,,,,,,,,,,,,,,,,,,,,,,,,,,,,,,,,,,,,,,,,,,,,,,,,,,,,,,,,,,,,,,,,,,,,,,,,,,,,,,,,,,,,,,,,,,,,,,,,,,,,,,,,,,,,,,,,,,,,,,,,,,,,,,,,,,,,,,,,,,,,,,,
,2799,,,,,,,,,,,,,,,,,,,,,,,,,,,,,,,,,,,,,,,,,,,,,,,,,,,,,,,,,,,,,,,,,,,,,,,,,,,,,,,,,,,,,,,,,,,,,,,,,,,,,,,,,,,,,,,,,,,,,,,,,,,150879635,2466,150877169,3000,53875180,886,53874294,1138,97004455,1580,97002875,1870,387040846534144,7035528192,387033811005952,8192102912,355848310835200,7028916224,355841281918976,8184799232,31192535698944,6611968,31192529086976,25021440,387040846534144,7035528192,387033811005952,8192102912,355848310835200,7028916224,355841281918976,8184799232,31192535698944,6611968,31192529086976,25021440,150879635,2466,150877169,3000,53875180,886,53874294,1138,97004455,1580,97002875,1870,91732839,114,91732725,237,31765620,65,31765555,138,59967219,49,59967170,117,379879186789888,180771840,379879006018048,1396042240,348023059959808,168509440,348022891450368,1392988160,31856126830080,12262400,31856114567680,18018304,-1,0,361,0,0,3,0,0,0,0,0,0,0,0,383460474018001,7021253800,383453452764201,8176189920,352278634174464,7014793216,352271619381248,8169017344,31181839843537,6460584,31181833382953,24870008,8673820672,8673820672,0,8673820672,8642363392,8642363392,0,8642363392,31457280,31457280,0,31457280,361,361,0,361,346,346,0,346,15,15,0,15,,,,,,,,,,,,,,,,,,,,,,,,,,,,,,,,,,,,
,2799,,,,,,,,,,,,,,,,,,,,,,,,,,,,,,,,,,,,,,,,,,,,,,,,,,,,,,,,,,,,,,,,,,,,,,,,,,,,,,,,,,,,,,,,,,,,,,,,,,,,,,,,,,,,,,,,,,,,,,,,,,,,,,,,,,,,,,,,,,,,,,,,,,,,,,,,,,,,,,,,,,,,,,,,,,,,,,,,,,,,,,,,,,,,,,,,,,,,,,,,,,,,,,,,,,,,,,,,,,,,,,,,,,,,,,,,,,,,,,,,,,,,,6.80685043334961e-05,4.76837158203125e-06,0.00013959407806396484,4,,,,,,,,,,,,,,,,,,,,,,,,,,,,,,,,
3.094998321584424e-07,2849,,,,,,,,,,,,,,,,,,,,,,,,,,,,,,,,,,,,,,,,,,,,,,,,,,,,,,,,,,,,,,,,,,,,,,,,,,,,,,,,,,,,,,,,,,,,,,,,,,,,,,,,,,,,,,,,,,,,,,,,,,,,,,,,,,,,,,,,,,,,,,,,,,,,,,,,,,,,,,,,,,,,,,,,,,,,,,,,,,,,,,,,,,,,,,,,,,,,,,,,,,,,,,,,,,,,,,,,,,,,,,,,,,,,,,,,,,,,,,,,,,,,,,,,,,,,,,,,,,,,,,,,,,,,,,,,,,,,,,,,
,2849,155781945,2462,155779483,3000,55620619,886,55619733,1138,100161326,1576,100159750,1870,399579654472192,7035491328,399572618980864,8192102912,367355767273472,7028875264,367348738398208,8184799232,32223887198720,6616064,32223880582656,25021440,399579654472192,7035491328,399572618980864,8192102912,367355767273472,7028875264,367348738398208,8184799232,32223887198720,6616064,32223880582656,25021440,155781945,2462,155779483,3000,55620619,886,55619733,1138,100161326,1576,100159750,1870,94723329,112,94723217,237,32793332,67,32793265,138,61929997,45,61929952,117,392309679483904,178711552,392309500772352,1396042240,359405008455680,168550400,359404839905280,1392988160,32904671028224,10161152,32904660867072,20184064,-1,0,361,0,0,3,0,0,0,0,0,0,0,0,395879725619054,7021259976,395872704359078,8176189920,363666876076032,7014793216,363659861282816,8169017344,32212849543022,6466760,32212843076262,24870008,8673820672,8673820672,0,8673820672,8642363392,8642363392,0,8642363392,31457280,31457280,0,31457280,361,361,0,361,346,346,0,346,15,15,0,15,,,,,,,,,,,,,,,,,,,,,,,,,,,,,,,,,,,,,,,,,,,,,,,,,,,,,,,,,,,,,,,,,,,,,,,,,,,,,,,,,,,,,,,,,,,,,,,,,,,,,,,,,,,,,,,,,,,,,,,,,,,,,,,,,,,,,,,,,,,,,,,,,,,,,,,,,,,,,,
,2849,,,,,,,,,,,,,,,,,,,,,,,,,,,,,,,,,,,,,,,,,,,,,,,,,,,,,,,,,,,,,,,,,,,,,,,,,,,,,,,,,,,,,,,,,,,,,,,,,,,,,,,,,,,,,,,,,,,,,,,,,,,155794316,2466,155791850,3000,55624702,886,55623816,1138,100169614,1580,100168034,1870,399606933731328,7032364032,399599901367296,8192102912,367380163360768,7025745920,367373137614848,8184799232,32226770370560,6618112,32226763752448,25021440,399606933731328,7032364032,399599901367296,8192102912,367380163360768,7025745920,367373137614848,8184799232,32226770370560,6618112,32226763752448,25021440,155794316,2466,155791850,3000,55624702,886,55623816,1138,100169614,1580,100168034,1870,94730896,106,94730790,237,32795632,71,32795561,138,61935264,35,61935229,117,392337390677504,179741696,392337210935808,1396042240,359429741545472,171679744,359429569865728,1392988160,32907649132032,8061952,32907641070080,20184064,-1,0,361,0,0,3,0,0,0,0,0,0,0,0,395906773780398,7021259932,395899752520466,8176189920,363691041948416,7014793216,363684027155200,8169017344,32215731831982,6466716,32215725365266,24870008,8673820672,8673820672,0,8673820672,8642363392,8642363392,0,8642363392,31457280,31457280,0,31457280,361,361,0,361,346,346,0,346,15,15,0,15,,,,,,,,,,,,,,,,,,,,,,,,,,,,,,,,,,,,
3.094998321584424e-07,2849,,,,,,,,,,,,,,,,,,,,,,,,,,,,,,,,,,,,,,,,,,,,,,,,,,,,,,,,,,,,,,,,,,,,,,,,,,,,,,,,,,,,,,,,,,,,,,,,,,,,,,,,,,,,,,,,,,,,,,,,,,,,,,,,,,,,,,,,,,,,,,,,,,,,,,,,,,,,,,,,,,,,,,,,,,,,,,,,,,,,,,,,,,,,,,,,,,,,,,,,,,,,,,,,,,,,,,,,,,,,,,,,,,,,,,,,,,,,,,,,,,,,,,,,,,,,,,,,,,,,,,,,,,,,,,,,,,,,,,,,
,2849,155794329,2462,155791867,3000,55624702,886,55623816,1138,100169627,1576,100168051,1870,399606933747200,7032361984,399599901385216,8192102912,367380163360768,7025745920,367373137614848,8184799232,32226770386432,6616064,32226763770368,25021440,399606933747200,7032361984,399599901385216,8192102912,367380163360768,7025745920,367373137614848,8184799232,32226770386432,6616064,32226763770368,25021440,155794329,2462,155791867,3000,55624702,886,55623816,1138,100169627,1576,100168051,1870,94730906,106,94730800,237,32795632,71,32795561,138,61935274,35,61935239,117,392337390695424,179743744,392337210951680,1396042240,359429741545472,171679744,359429569865728,1392988160,32907649149952,8064000,32907641085952,20184064,-1,0,361,0,0,3,0,0,0,0,0,0,0,0,395906773790666,7021260636,395899752530030,8176189920,363691041948416,7014793216,363684027155200,8169017344,32215731842250,6467420,32215725374830,24870008,8673820672,8673820672,0,8673820672,8642363392,8642363392,0,8642363392,31457280,31457280,0,31457280,361,361,0,361,346,346,0,346,15,15,0,15,,,,,,,,,,,,,,,,,,,,,,,,,,,,,,,,,,,,,,,,,,,,,,,,,,,,,,,,,,,,,,,,,,,,,,,,,,,,,,,,,,,,,,,,,,,,,,,,,,,,,,,,,,,,,,,,,,,,,,,,,,,,,,,,,,,,,,,,,,,,,,,,,,,,,,,,,,,,,,
,2849,,,,,,,,,,,,,,,,,,,,,,,,,,,,,,,,,,,,,,,,,,,,,,,,,,,,,,,,,,,,,,,,,,,,,,,,,,,,,,,,,,,,,,,,,,,,,,,,,,,,,,,,,,,,,,,,,,,,,,,,,,,155806700,2466,155804234,3000,55628689,886,55627803,1138,100178011,1580,100176431,1870,399633937816576,7032364032,399626905452544,8192102912,367404296030208,7025745920,367397270284288,8184799232,32229641786368,6618112,32229635168256,25021440,399633937816576,7032364032,399626905452544,8192102912,367404296030208,7025745920,367397270284288,8184799232,32229641786368,6618112,32229635168256,25021440,155806700,2466,155804234,3000,55628689,886,55627803,1138,100178011,1580,100176431,1870,94738103,112,94737991,237,32797630,71,32797559,138,61940473,41,61940432,117,392366370853376,179741696,392366191111680,1396042240,359455765420032,171679744,359455593740288,1392988160,32910605433344,8061952,32910597371392,20184064,-1,0,361,0,0,3,0,0,0,0,0,0,0,0,395933618875351,7021260652,395926597614699,8176189920,363715016525312,7014793216,363708001732096,8169017344,32218602350039,6467436,32218595882603,24870008,8673820672,8673820672,0,8673820672,8642363392,8642363392,0,8642363392,31457280,31457280,0,31457280,361,361,0,361,346,346,0,346,15,15,0,15,,,,,,,,,,,,,,,,,,,,,,,,,,,,,,,,,,,,
3.094998321584424e-07,2849,,,,,,,,,,,,,,,,,,,,,,,,,,,,,,,,,,,,,,,,,,,,,,,,,,,,,,,,,,,,,,,,,,,,,,,,,,,,,,,,,,,,,,,,,,,,,,,,,,,,,,,,,,,,,,,,,,,,,,,,,,,,,,,,,,,,,,,,,,,,,,,,,,,,,,,,,,,,,,,,,,,,,,,,,,,,,,,,,,,,,,,,,,,,,,,,,,,,,,,,,,,,,,,,,,,,,,,,,,,,,,,,,,,,,,,,,,,,,,,,,,,,,,,,,,,,,,,,,,,,,,,,,,,,,,,,,,,,,,,,
,2849,155806713,2462,155804251,3000,55628689,886,55627803,1138,100178024,1576,100176448,1870,399633937826304,7032355840,399626905470464,8192102912,367404296030208,7025745920,367397270284288,8184799232,32229641796096,6609920,32229635186176,25021440,399633937826304,7032355840,399626905470464,8192102912,367404296030208,7025745920,367397270284288,8184799232,32229641796096,6609920,32229635186176,25021440,155806713,2462,155804251,3000,55628689,886,55627803,1138,100178024,1576,100176448,1870,94738113,110,94738003,237,32797630,71,32797559,138,61940483,39,61940444,117,392366370871296,179749888,392366191121408,1396042240,359455765420032,171679744,359455593740288,1392988160,32910605451264,8070144,32910597381120,20184064,-1,0,361,0,0,3,0,0,0,0,0,0,0,0,395933618879883,7021254900,395926597624983,8176189920,363715016525312,7014793216,363708001732096,8169017344,32218602354571,6461684,32218595892887,24870008,8673820672,8673820672,0,8673820672,8642363392,8642363392,0,8642363392,31457280,31457280,0,31457280,361,361,0,361,346,346,0,346,15,15,0,15,,,,,,,,,,,,,,,,,,,,,,,,,,,,,,,,,,,,,,,,,,,,,,,,,,,,,,,,,,,,,,,,,,,,,,,,,,,,,,,,,,,,,,,,,,,,,,,,,,,,,,,,,,,,,,,,,,,,,,,,,,,,,,,,,,,,,,,,,,,,,,,,,,,,,,,,,,,,,,
,2849,,,,,,,,,,,,,,,,,,,,,,,,,,,,,,,,,,,,,,,,,,,,,,,,,,,,,,,,,,,,,,,,,,,,,,,,,,,,,,,,,,,,,,,,,,,,,,,,,,,,,,,,,,,,,,,,,,,,,,,,,,,155819084,2466,155816618,3000,55632671,886,55631785,1138,100186413,1580,100184833,1870,399660853253120,7032357888,399653820895232,8192102912,367428399405056,7025745920,367421373659136,8184799232,32232453848064,6611968,32232447236096,25021440,399660853253120,7032357888,399653820895232,8192102912,367428399405056,7025745920,367421373659136,8184799232,32232453848064,6611968,32232447236096,25021440,155819084,2466,155816618,3000,55632671,886,55631785,1138,100186413,1580,100184833,1870,94745532,110,94745422,237,32799621,71,32799550,138,61945911,39,61945872,117,392395202634240,179747840,392395022886400,1396042240,359481766258688,171679744,359481594578944,1392988160,32913436375552,8068096,32913428307456,20184064,-1,0,361,0,0,3,0,0,0,0,0,0,0,0,395960356765320,7021254916,395953335510404,8176189920,363738943281408,7014793216,363731928488192,8169017344,32221413483912,6461700,32221407022212,24870008,8673820672,8673820672,0,8673820672,8642363392,8642363392,0,8642363392,31457280,31457280,0,31457280,361,361,0,361,346,346,0,346,15,15,0,15,,,,,,,,,,,,,,,,,,,,,,,,,,,,,,,,,,,,
3.094998321584424e-07,2849,,,,,,,,,,,,,,,,,,,,,,,,,,,,,,,,,,,,,,,,,,,,,,,,,,,,,,,,,,,,,,,,,,,,,,,,,,,,,,,,,,,,,,,,,,,,,,,,,,,,,,,,,,,,,,,,,,,,,,,,,,,,,,,,,,,,,,,,,,,,,,,,,,,,,,,,,,,,,,,,,,,,,,,,,,,,,,,,,,,,,,,,,,,,,,,,,,,,,,,,,,,,,,,,,,,,,,,,,,,,,,,,,,,,,,,,,,,,,,,,,,,,,,,,,,,,,,,,,,,,,,,,,,,,,,,,,,,,,,,,
,2849,155819097,2462,155816635,3000,55632671,886,55631785,1138,100186426,1576,100184850,1870,399660853265920,7032358912,399653820907008,8192102912,367428399405056,7025745920,367421373659136,8184799232,32232453860864,6612992,32232447247872,25021440,399660853265920,7032358912,399653820907008,8192102912,367428399405056,7025745920,367421373659136,8184799232,32232453860864,6612992,32232447247872,25021440,155819097,2462,155816635,3000,55632671,886,55631785,1138,100186426,1576,100184850,1870,94745542,105,94745437,237,32799621,71,32799550,138,61945921,34,61945887,117,392395202646016,179746816,392395022899200,1396042240,359481766258688,171679744,359481594578944,1392988160,32913436387328,8067072,32913428320256,20184064,-1,0,361,0,0,3,0,0,0,0,0,0,0,0,395960356771892,7021256940,395953335514952,8176189920,363738943281408,7014793216,363731928488192,8169017344,32221413490484,6463724,32221407026760,24870008,8673820672,8673820672,0,8673820672,8642363392,8642363392,0,8642363392,31457280,31457280,0,31457280,361,361,0,361,346,346,0,346,15,15,0,15,,,,,,,,,,,,,,,,,,,,,,,,,,,,,,,,,,,,,,,,,,,,,,,,,,,,,,,,,,,,,,,,,,,,,,,,,,,,,,,,,,,,,,,,,,,,,,,,,,,,,,,,,,,,,,,,,,,,,,,,,,,,,,,,,,,,,,,,,,,,,,,,,,,,,,,,,,,,,,
,2849,,,,,,,,,,,,,,,,,,,,,,,,,,,,,,,,,,,,,,,,,,,,,,,,,,,,,,,,,,,,,,,,,,,,,,,,,,,,,,,,,,,,,,,,,,,,,,,,,,,,,,,,,,,,,,,,,,,,,,,,,,,155831468,2466,155829002,3000,55636658,886,55635772,1138,100194810,1580,100193230,1870,399687771066368,7032360960,399680738705408,8192102912,367452508702720,7025745920,367445482956800,8184799232,32235262363648,6615040,32235255748608,25021440,399687771066368,7032360960,399680738705408,8192102912,367452508702720,7025745920,367445482956800,8184799232,32235262363648,6615040,32235255748608,25021440,155831468,2466,155829002,3000,55636658,886,55635772,1138,100194810,1580,100193230,1870,94752694,110,94752584,237,32801617,71,32801546,138,61951077,39,61951038,117,392424036782592,179744768,392423857037824,1396042240,359507773020160,171679744,359507601340416,1392988160,32916263762432,8065024,32916255697408,20184064,-1,0,361,0,0,3,0,0,0,0,0,0,0,0,395987096555372,7021256956,395980075298416,8176189920,363762875485184,7014793216,363755860691968,8169017344,32224221070188,6463740,32224214606448,24870008,8673820672,8673820672,0,8673820672,8642363392,8642363392,0,8642363392,31457280,31457280,0,31457280,361,361,0,361,346,346,0,346,15,15,0,15,,,,,,,,,,,,,,,,,,,,,,,,,,,,,,,,,,,,
3.094998321584424e-07,2849,,,,,,,,,,,,,,,,,,,,,,,,,,,,,,,,,,,,,,,,,,,,,,,,,,,,,,,,,,,,,,,,,,,,,,,,,,,,,,,,,,,,,,,,,,,,,,,,,,,,,,,,,,,,,,,,,,,,,,,,,,,,,,,,,,,,,,,,,,,,,,,,,,,,,,,,,,,,,,,,,,,,,,,,,,,,,,,,,,,,,,,,,,,,,,,,,,,,,,,,,,,,,,,,,,,,,,,,,,,,,,,,,,,,,,,,,,,,,,,,,,,,,,,,,,,,,,,,,,,,,,,,,,,,,,,,,,,,,,,,
,2849,155831481,2462,155829019,3000,55636658,886,55635772,1138,100194823,1576,100193247,1870,399687771079168,7032358912,399680738720256,8192102912,367452508702720,7025745920,367445482956800,8184799232,32235262376448,6612992,32235255763456,25021440,399687771079168,7032358912,399680738720256,8192102912,367452508702720,7025745920,367445482956800,8184799232,32235262376448,6612992,32235255763456,25021440,155831481,2462,155829019,3000,55636658,886,55635772,1138,100194823,1576,100193247,1870,94752707,109,94752598,237,32801617,71,32801546,138,61951090,38,61951052,117,392424036797440,179746816,392423857050624,1396042240,359507773020160,171679744,359507601340416,1392988160,32916263777280,8067072,32916255710208,20184064,-1,0,361,0,0,3,0,0,0,0,0,0,0,0,395987096562808,7021257804,395980075305004,8176189920,363762875485184,7014793216,363755860691968,8169017344,32224221077624,6464588,32224214613036,24870008,8673820672,8673820672,0,8673820672,8642363392,8642363392,0,8642363392,31457280,31457280,0,31457280,361,361,0,361,346,346,0,346,15,15,0,15,,,,,,,,,,,,,,,,,,,,,,,,,,,,,,,,,,,,,,,,,,,,,,,,,,,,,,,,,,,,,,,,,,,,,,,,,,,,,,,,,,,,,,,,,,,,,,,,,,,,,,,,,,,,,,,,,,,,,,,,,,,,,,,,,,,,,,,,,,,,,,,,,,,,,,,,,,,,,,
,2849,,,,,,,,,,,,,,,,,,,,,,,,,,,,,,,,,,,,,,,,,,,,,,,,,,,,,,,,,,,,,,,,,,,,,,,,,,,,,,,,,,,,,,,,,,,,,,,,,,,,,,,,,,,,,,,,,,,,,,,,,,,155843852,2466,155841386,3000,55640645,886,55639759,1138,100203207,1580,100201627,1870,399714814098432,7032360960,399707781737472,8192102912,367476649228288,7025745920,367469623482368,8184799232,32238164870144,6615040,32238158255104,25021440,399714814098432,7032360960,399707781737472,8192102912,367476649228288,7025745920,367469623482368,8184799232,32238164870144,6615040,32238158255104,25021440,155843852,2466,155841386,3000,55640645,886,55639759,1138,100203207,1580,100201627,1870,94759852,109,94759743,237,32803615,71,32803544,138,61956237,38,61956199,117,392453022940672,179744768,392452843195904,1396042240,359533801621504,171679744,359533629941760,1392988160,32919221319168,8065024,32919213254144,20184064,-1,0,361,0,0,3,0,0,0,0,0,0,0,0,396013990020752,7021257820,396006968762932,8176189920,363786867326720,7014793216,363779852533504,8169017344,32227122694032,6464604,32227116229428,24870008,8673820672,8673820672,0,8673820672,8642363392,8642363392,0,8642363392,31457280,31457280,0,31457280,361,361,0,361,346,346,0,346,15,15,0,15,,,,,,,,,,,,,,,,,,,,,,,,,,,,,,,,,,,,
3.094998321584424e-07,2849,,,,,,,,,,,,,,,,,,,,,,,,,,,,,,,,,,,,,,,,,,,,,,,,,,,,,,,,,,,,,,,,,,,,,,,,,,,,,,,,,,,,,,,,,,,,,,,,,,,,,,,,,,,,,,,,,,,,,,,,,,,,,,,,,,,,,,,,,,,,,,,,,,,,,,,,,,,,,,,,,,,,,,,,,,,,,,,,,,,,,,,,,,,,,,,,,,,,,,,,,,,,,,,,,,,,,,,,,,,,,,,,,,,,,,,,,,,,,,,,,,,,,,,,,,,,,,,,,,,,,,,,,,,,,,,,,,,,,,,,
,2849,155843865,2462,155841403,3000,55640645,886,55639759,1138,100203220,1576,100201644,1870,399714814112768,7032360448,399707781752320,8192102912,367476649228288,7025745920,367469623482368,8184799232,32238164884480,6614528,32238158269952,25021440,399714814112768,7032360448,399707781752320,8192102912,367476649228288,7025745920,367469623482368,8184799232,32238164884480,6614528,32238158269952,25021440,155843865,2462,155841403,3000,55640645,886,55639759,1138,100203220,1576,100201644,1870,94759864,106,94759758,237,32803615,71,32803544,138,61956249,35,61956214,117,392453022955520,179745280,392452843210240,1396042240,359533801621504,171679744,359533629941760,1392988160,32919221334016,8065536,32919213268480,20184064,-1,0,361,0,0,3,0,0,0,0,0,0,0,0,396013990030060,7021259676,396006968770384,8176189920,363786867326720,7014793216,363779852533504,8169017344,32227122703340,6466460,32227116236880,24870008,8673820672,8673820672,0,8673820672,8642363392,8642363392,0,8642363392,31457280,31457280,0,31457280,361,361,0,361,346,346,0,346,15,15,0,15,,,,,,,,,,,,,,,,,,,,,,,,,,,,,,,,,,,,,,,,,,,,,,,,,,,,,,,,,,,,,,,,,,,,,,,,,,,,,,,,,,,,,,,,,,,,,,,,,,,,,,,,,,,,,,,,,,,,,,,,,,,,,,,,,,,,,,,,,,,,,,,,,,,,,,,,,,,,,,
,2849,,,,,,,,,,,,,,,,,,,,,,,,,,,,,,,,,,,,,,,,,,,,,,,,,,,,,,,,,,,,,,,,,,,,,,,,,,,,,,,,,,,,,,,,,,,,,,,,,,,,,,,,,,,,,,,,,,,,,,,,,,,155856187,2466,155853721,3000,55644632,886,55643746,1138,100211555,1580,100209975,1870,399741777469952,7032362496,399734745107456,8192102912,367500772558848,7025745920,367493746812928,8184799232,32241004911104,6616576,32240998294528,25021440,399741777469952,7032362496,399734745107456,8192102912,367500772558848,7025745920,367493746812928,8184799232,32241004911104,6616576,32240998294528,25021440,155856187,2466,155853721,3000,55644632,886,55643746,1138,100211555,1580,100209975,1870,94766825,110,94766715,237,32805613,71,32805542,138,61961212,39,61961173,117,392481915248128,179743232,392481735504896,1396042240,359559819286528,171679744,359559647606784,1392988160,32922095961600,8063488,32922087898112,20184064,-1,0,361,0,0,3,0,0,0,0,0,0,0,0,396040783291520,7021259752,396033762031768,8176189920,363810821444096,7014793216,363803806650880,8169017344,32229961847424,6466536,32229955380888,24870008,8673820672,8673820672,0,8673820672,8642363392,8642363392,0,8642363392,31457280,31457280,0,31457280,361,361,0,361,346,346,0,346,15,15,0,15,,,,,,,,,,,,,,,,,,,,,,,,,,,,,,,,,,,,
3.094998321584424e-07,2849,,,,,,,,,,,,,,,,,,,,,,,,,,,,,,,,,,,,,,,,,,,,,,,,,,,,,,,,,,,,,,,,,,,,,,,,,,,,,,,,,,,,,,,,,,,,,,,,,,,,,,,,,,,,,,,,,,,,,,,,,,,,,,,,,,,,,,,,,,,,,,,,,,,,,,,,,,,,,,,,,,,,,,,,,,,,,,,,,,,,,,,,,,,,,,,,,,,,,,,,,,,,,,,,,,,,,,,,,,,,,,,,,,,,,,,,,,,,,,,,,,,,,,,,,,,,,,,,,,,,,,,,,,,,,,,,,,,,,,,,
,2849,155856200,2462,155853738,3000,55644632,886,55643746,1138,100211568,1576,100209992,1870,399741777481216,7032357376,399734745123840,8192102912,367500772558848,7025745920,367493746812928,8184799232,32241004922368,6611456,32240998310912,25021440,399741777481216,7032357376,399734745123840,8192102912,367500772558848,7025745920,367493746812928,8184799232,32241004922368,6611456,32240998310912,25021440,155856200,2462,155853738,3000,55644632,886,55643746,1138,100211568,1576,100209992,1870,94766836,106,94766730,237,32805613,71,32805542,138,61961223,35,61961188,117,392481915264512,179748352,392481735516160,1396042240,359559819286528,171679744,359559647606784,1392988160,32922095977984,8068608,32922087909376,20184064,-1,0,361,0,0,3,0,0,0,0,0,0,0,0,396040783297588,7021256496,396033762041092,8176189920,363810821444096,7014793216,363803806650880,8169017344,32229961853492,6463280,32229955390212,24870008,8673820672,8673820672,0,8673820672,8642363392,8642363392,0,8642363392,31457280,31457280,0,31457280,361,361,0,361,346,346,0,346,15,15,0,15,,,,,,,,,,,,,,,,,,,,,,,,,,,,,,,,,,,,,,,,,,,,,,,,,,,,,,,,,,,,,,,,,,,,,,,,,,,,,,,,,,,,,,,,,,,,,,,,,,,,,,,,,,,,,,,,,,,,,,,,,,,,,,,,,,,,,,,,,,,,,,,,,,,,,,,,,,,,,,
,2849,,,,,,,,,,,,,,,,,,,,,,,,,,,,,,,,,,,,,,,,,,,,,,,,,,,,,,,,,,,,,,,,,,,,,,,,,,,,,,,,,,,,,,,,,,,,,,,,,,,,,,,,,,,,,,,,,,,,,,,,,,,155868522,2466,155866056,3000,55648614,886,55647728,1138,100219908,1580,100218328,1870,399768777022464,7032359424,399761744663040,8192102912,367524896086016,7025745920,367517870340096,8184799232,32243880936448,6613504,32243874322944,25021440,399768777022464,7032359424,399761744663040,8192102912,367524896086016,7025745920,367517870340096,8184799232,32243880936448,6613504,32243874322944,25021440,155868522,2466,155866056,3000,55648614,886,55647728,1138,100219908,1580,100218328,1870,94773542,104,94773438,237,32807606,71,32807535,138,61965936,33,61965903,117,392510834320384,179746304,392510654574080,1396042240,359585834018816,171679744,359585662339072,1392988160,32925000301568,8066560,32924992235008,20184064,-1,0,361,0,0,3,0,0,0,0,0,0,0,0,396067624520957,7021256512,396060603264445,8176189920,363834787521792,7014793216,363827772728576,8169017344,32232836999165,6463296,32232830535869,24870008,8673820672,8673820672,0,8673820672,8642363392,8642363392,0,8642363392,31457280,31457280,0,31457280,361,361,0,361,346,346,0,346,15,15,0,15,,,,,,,,,,,,,,,,,,,,,,,,,,,,,,,,,,,,
3.094998321584424e-07,2849,,,,,,,,,,,,,,,,,,,,,,,,,,,,,,,,,,,,,,,,,,,,,,,,,,,,,,,,,,,,,,,,,,,,,,,,,,,,,,,,,,,,,,,,,,,,,,,,,,,,,,,,,,,,,,,,,,,,,,,,,,,,,,,,,,,,,,,,,,,,,,,,,,,,,,,,,,,,,,,,,,,,,,,,,,,,,,,,,,,,,,,,,,,,,,,,,,,,,,,,,,,,,,,,,,,,,,,,,,,,,,,,,,,,,,,,,,,,,,,,,,,,,,,,,,,,,,,,,,,,,,,,,,,,,,,,,,,,,,,,
,2849,155868535,2462,155866073,3000,55648614,886,55647728,1138,100219921,1576,100218345,1870,399768777042944,7032366592,399761744676352,8192102912,367524896086016,7025745920,367517870340096,8184799232,32243880956928,6620672,32243874336256,25021440,399768777042944,7032366592,399761744676352,8192102912,367524896086016,7025745920,367517870340096,8184799232,32243880956928,6620672,32243874336256,25021440,155868535,2462,155866073,3000,55648614,886,55647728,1138,100219921,1576,100218345,1870,94773557,108,94773449,237,32807606,71,32807535,138,61965951,37,61965914,117,392510834333696,179739136,392510654594560,1396042240,359585834018816,171679744,359585662339072,1392988160,32925000314880,8059392,32924992255488,20184064,-1,0,361,0,0,3,0,0,0,0,0,0,0,0,396067624535281,7021264752,396060603270529,8176189920,363834787521792,7014793216,363827772728576,8169017344,32232837013489,6471536,32232830541953,24870008,8673820672,8673820672,0,8673820672,8642363392,8642363392,0,8642363392,31457280,31457280,0,31457280,361,361,0,361,346,346,0,346,15,15,0,15,,,,,,,,,,,,,,,,,,,,,,,,,,,,,,,,,,,,,,,,,,,,,,,,,,,,,,,,,,,,,,,,,,,,,,,,,,,,,,,,,,,,,,,,,,,,,,,,,,,,,,,,,,,,,,,,,,,,,,,,,,,,,,,,,,,,,,,,,,,,,,,,,,,,,,,,,,,,,,
,2849,,,,,,,,,,,,,,,,,,,,,,,,,,,,,,,,,,,,,,,,,,,,,,,,,,,,,,,,,,,,,,,,,,,,,,,,,,,,,,,,,,,,,,,,,,,,,,,,,,,,,,,,,,,,,,,,,,,,,,,,,,,155882007,2466,155879541,3000,55655726,886,55654840,1138,100226281,1580,100224701,1870,399824958658048,7032368640,399817926289408,8192102912,367580317550592,7025745920,367573291804672,8184799232,32244641107456,6622720,32244634484736,25021440,399824958658048,7032368640,399817926289408,8192102912,367580317550592,7025745920,367573291804672,8184799232,32244641107456,6622720,32244634484736,25021440,155882007,2466,155879541,3000,55655726,886,55654840,1138,100226281,1580,100224701,1870,94782038,110,94781928,237,32812276,71,32812205,138,61969762,39,61969723,117,392562553977344,179737088,392562374240256,1396042240,359636793513984,171679744,359636621834240,1392988160,32925760463360,8057344,32925752406016,20184064,-1,0,361,0,0,3,0,0,0,0,0,0,0,0,396123493842225,7021264708,396116472577517,8176189920,363889897641984,7014793216,363882882848768,8169017344,32233596200241,6471492,32233589728749,24870008,8673820672,8673820672,0,8673820672,8642363392,8642363392,0,8642363392,31457280,31457280,0,31457280,361,361,0,361,346,346,0,346,15,15,0,15,,,,,,,,,,,,,,,,,,,,,,,,,,,,,,,,,,,,
,2849,,,,,,,,,,,,,,,,,,,,,,,,,,,,,,,,,,,,,,,,,,,,,,,,,,,,,,,,,,,,,,,,,,,,,,,,,,,,,,,,,,,,,,,,,,,,,,,,,,,,,,,,,,,,,,,,,,,,,,,,,,,,,,,,,,,,,,,,,,,,,,,,,,,,,,,,,,,,,,,,,,,,,,,,,,,,,,,,,,,,,,,,,,,,,,,,,,,,,,,,,,,,,,,,,,,,,,,,,,,,,,,,,,,,,,,,,,,,,,,,,,,,,0.0007128715515136719,0.00037837401032447815,0.006388481706380844,4,,,,,,,,,,,,,,,,,,,,,,,,,,,,,,,,
2.7593152064451157e-07,2899,,,,,,,,,,,,,,,,,,,,,,,,,,,,,,,,,,,,,,,,,,,,,,,,,,,,,,,,,,,,,,,,,,,,,,,,,,,,,,,,,,,,,,,,,,,,,,,,,,,,,,,,,,,,,,,,,,,,,,,,,,,,,,,,,,,,,,,,,,,,,,,,,,,,,,,,,,,,,,,,,,,,,,,,,,,,,,,,,,,,,,,,,,,,,,,,,,,,,,,,,,,,,,,,,,,,,,,,,,,,,,,,,,,,,,,,,,,,,,,,,,,,,,,,,,,,,,,,,,,,,,,,,,,,,,,,,,,,,,,,
,2899,160777878,2462,160775416,3000,57367464,886,57366578,1138,103410414,1576,103408838,1870,412052280526848,7029185024,412045251341824,8192102912,378756345496576,7022567424,378749322929152,8184799232,33295935030272,6617600,33295928412672,25021440,412052280526848,7029185024,412045251341824,8192102912,378756345496576,7022567424,378749322929152,8184799232,33295935030272,6617600,33295928412672,25021440,160777878,2462,160775416,3000,57367464,886,57366578,1138,103410414,1576,103408838,1870,97809910,134,97809776,237,33801598,75,33801523,138,64008312,59,64008253,117,404699974030848,222766592,404699751264256,1396042240,370703520265216,210509824,370703309755392,1392988160,33996453765632,12256768,33996441508864,20184064,-1,0,361,0,0,3,0,0,0,0,0,0,0,0,408229202548407,7021262412,408222181285995,8176189920,374944656694272,7014793216,374937641901056,8169017344,33284545854135,6469196,33284539384939,24870008,8673820672,8673820672,0,8673820672,8642363392,8642363392,0,8642363392,31457280,31457280,0,31457280,361,361,0,361,346,346,0,346,15,15,0,15,,,,,,,,,,,,,,,,,,,,,,,,,,,,,,,,,,,,,,,,,,,,,,,,,,,,,,,,,,,,,,,,,,,,,,,,,,,,,,,,,,,,,,,,,,,,,,,,,,,,,,,,,,,,,,,,,,,,,,,,,,,,,,,,,,,,,,,,,,,,,,,,,,,,,,,,,,,,,,
,2899,,,,,,,,,,,,,,,,,,,,,,,,,,,,,,,,,,,,,,,,,,,,,,,,,,,,,,,,,,,,,,,,,,,,,,,,,,,,,,,,,,,,,,,,,,,,,,,,,,,,,,,,,,,,,,,,,,,,,,,,,,,160790200,2466,160787734,3000,57371547,886,57370661,1138,103418653,1580,103417073,1870,412079891866112,7033922048,412072857944064,8192102912,378780898841600,7027302400,378773871539200,8184799232,33298993024512,6619648,33298986404864,25021440,412079891866112,7033922048,412072857944064,8192102912,378780898841600,7027302400,378773871539200,8184799232,33298993024512,6619648,33298986404864,25021440,160790200,2466,160787734,3000,57371547,886,57370661,1138,103418653,1580,103417073,1870,97817206,108,97817098,237,33803955,67,33803888,138,64013251,41,64013210,117,404728091269120,180280832,404727910988288,1396042240,370728509744128,170123264,370728339620864,1392988160,33999581524992,10157568,33999571367424,20184064,-1,0,361,0,0,3,0,0,0,0,0,0,0,0,408256609476442,7021262488,408249588213954,8176189920,374969006382848,7014793216,374961991589632,8169017344,33287603093594,6469272,33287596624322,24870008,8673820672,8673820672,0,8673820672,8642363392,8642363392,0,8642363392,31457280,31457280,0,31457280,361,361,0,361,346,346,0,346,15,15,0,15,,,,,,,,,,,,,,,,,,,,,,,,,,,,,,,,,,,,
2.7593152064451157e-07,2899,,,,,,,,,,,,,,,,,,,,,,,,,,,,,,,,,,,,,,,,,,,,,,,,,,,,,,,,,,,,,,,,,,,,,,,,,,,,,,,,,,,,,,,,,,,,,,,,,,,,,,,,,,,,,,,,,,,,,,,,,,,,,,,,,,,,,,,,,,,,,,,,,,,,,,,,,,,,,,,,,,,,,,,,,,,,,,,,,,,,,,,,,,,,,,,,,,,,,,,,,,,,,,,,,,,,,,,,,,,,,,,,,,,,,,,,,,,,,,,,,,,,,,,,,,,,,,,,,,,,,,,,,,,,,,,,,,,,,,,,
,2899,160790213,2462,160787751,3000,57371547,886,57370661,1138,103418666,1576,103417090,1870,412079891883520,7033920000,412072857963520,8192102912,378780898841600,7027302400,378773871539200,8184799232,33298993041920,6617600,33298986424320,25021440,412079891883520,7033920000,412072857963520,8192102912,378780898841600,7027302400,378773871539200,8184799232,33298993041920,6617600,33298986424320,25021440,160790213,2462,160787751,3000,57371547,886,57370661,1138,103418666,1576,103417090,1870,97817213,103,97817110,237,33803955,67,33803888,138,64013258,36,64013222,117,404728091288576,180282880,404727911005696,1396042240,370728509744128,170123264,370728339620864,1392988160,33999581544448,10159616,33999571384832,20184064,-1,0,361,0,0,3,0,0,0,0,0,0,0,0,408256609488870,7021262856,408249588226014,8176189920,374969006382848,7014793216,374961991589632,8169017344,33287603106022,6469640,33287596636382,24870008,8673820672,8673820672,0,8673820672,8642363392,8642363392,0,8642363392,31457280,31457280,0,31457280,361,361,0,361,346,346,0,346,15,15,0,15,,,,,,,,,,,,,,,,,,,,,,,,,,,,,,,,,,,,,,,,,,,,,,,,,,,,,,,,,,,,,,,,,,,,,,,,,,,,,,,,,,,,,,,,,,,,,,,,,,,,,,,,,,,,,,,,,,,,,,,,,,,,,,,,,,,,,,,,,,,,,,,,,,,,,,,,,,,,,,
,2899,,,,,,,,,,,,,,,,,,,,,,,,,,,,,,,,,,,,,,,,,,,,,,,,,,,,,,,,,,,,,,,,,,,,,,,,,,,,,,,,,,,,,,,,,,,,,,,,,,,,,,,,,,,,,,,,,,,,,,,,,,,160802584,2466,160800118,3000,57375534,886,57374648,1138,103427050,1580,103425470,1870,412107089744384,7033922048,412100055822336,8192102912,378805178360832,7027302400,378798151058432,8184799232,33301911383552,6619648,33301904763904,25021440,412107089744384,7033922048,412100055822336,8192102912,378805178360832,7027302400,378798151058432,8184799232,33301911383552,6619648,33301904763904,25021440,160802584,2466,160800118,3000,57375534,886,57374648,1138,103427050,1580,103425470,1870,97824587,111,97824476,237,33806394,67,33806327,138,64018193,44,64018149,117,404757605853184,180280832,404757425572352,1396042240,370755104396288,170123264,370754934273024,1392988160,34002501456896,10157568,34002491299328,20184064,-1,0,361,0,0,3,0,0,0,0,0,0,0,0,408283532892850,7021262812,408276511630038,8176189920,374993012314624,7014793216,374985997521408,8169017344,33290520578226,6469596,33290514108630,24870008,8673820672,8673820672,0,8673820672,8642363392,8642363392,0,8642363392,31457280,31457280,0,31457280,361,361,0,361,346,346,0,346,15,15,0,15,,,,,,,,,,,,,,,,,,,,,,,,,,,,,,,,,,,,
2.7593152064451157e-07,2899,,,,,,,,,,,,,,,,,,,,,,,,,,,,,,,,,,,,,,,,,,,,,,,,,,,,,,,,,,,,,,,,,,,,,,,,,,,,,,,,,,,,,,,,,,,,,,,,,,,,,,,,,,,,,,,,,,,,,,,,,,,,,,,,,,,,,,,,,,,,,,,,,,,,,,,,,,,,,,,,,,,,,,,,,,,,,,,,,,,,,,,,,,,,,,,,,,,,,,,,,,,,,,,,,,,,,,,,,,,,,,,,,,,,,,,,,,,,,,,,,,,,,,,,,,,,,,,,,,,,,,,,,,,,,,,,,,,,,,,,
,2899,160802597,2462,160800135,3000,57375534,886,57374648,1138,103427063,1576,103425487,1870,412107089757184,7033915392,412100055841792,8192102912,378805178360832,7027302400,378798151058432,8184799232,33301911396352,6612992,33301904783360,25021440,412107089757184,7033915392,412100055841792,8192102912,378805178360832,7027302400,378798151058432,8184799232,33301911396352,6612992,33301904783360,25021440,160802597,2462,160800135,3000,57375534,886,57374648,1138,103427063,1576,103425487,1870,97824599,111,97824488,237,33806394,67,33806327,138,64018205,44,64018161,117,404757605872640,180287488,404757425585152,1396042240,370755104396288,170123264,370754934273024,1392988160,34002501476352,10164224,34002491312128,20184064,-1,0,361,0,0,3,0,0,0,0,0,0,0,0,408283532900598,7021258116,408276511642482,8176189920,374993012314624,7014793216,374985997521408,8169017344,33290520585974,6464900,33290514121074,24870008,8673820672,8673820672,0,8673820672,8642363392,8642363392,0,8642363392,31457280,31457280,0,31457280,361,361,0,361,346,346,0,346,15,15,0,15,,,,,,,,,,,,,,,,,,,,,,,,,,,,,,,,,,,,,,,,,,,,,,,,,,,,,,,,,,,,,,,,,,,,,,,,,,,,,,,,,,,,,,,,,,,,,,,,,,,,,,,,,,,,,,,,,,,,,,,,,,,,,,,,,,,,,,,,,,,,,,,,,,,,,,,,,,,,,,
,2899,,,,,,,,,,,,,,,,,,,,,,,,,,,,,,,,,,,,,,,,,,,,,,,,,,,,,,,,,,,,,,,,,,,,,,,,,,,,,,,,,,,,,,,,,,,,,,,,,,,,,,,,,,,,,,,,,,,,,,,,,,,160814919,2466,160812453,3000,57379617,886,57378731,1138,103435302,1580,103433722,1870,412134593163264,7033917440,412127559245824,8192102912,378829711438848,7027302400,378822684136448,8184799232,33304881724416,6615040,33304875109376,25021440,412134593163264,7033917440,412127559245824,8192102912,378829711438848,7027302400,378822684136448,8184799232,33304881724416,6615040,33304875109376,25021440,160814919,2466,160812453,3000,57379617,886,57378731,1138,103435302,1580,103433722,1870,97832428,113,97832315,237,33808974,67,33808907,138,64023454,46,64023408,117,404787497056256,180285440,404787316770816,1396042240,370781992223744,170123264,370781822100480,1392988160,34005504832512,10162176,34005494670336,20184064,-1,0,361,0,0,3,0,0,0,0,0,0,0,0,408310757652847,7021258192,408303736394655,8176189920,375017267545344,7014793216,375010252752128,8169017344,33293490107503,6464976,33293483642527,24870008,8673820672,8673820672,0,8673820672,8642363392,8642363392,0,8642363392,31457280,31457280,0,31457280,361,361,0,361,346,346,0,346,15,15,0,15,,,,,,,,,,,,,,,,,,,,,,,,,,,,,,,,,,,,
2.7593152064451157e-07,2899,,,,,,,,,,,,,,,,,,,,,,,,,,,,,,,,,,,,,,,,,,,,,,,,,,,,,,,,,,,,,,,,,,,,,,,,,,,,,,,,,,,,,,,,,,,,,,,,,,,,,,,,,,,,,,,,,,,,,,,,,,,,,,,,,,,,,,,,,,,,,,,,,,,,,,,,,,,,,,,,,,,,,,,,,,,,,,,,,,,,,,,,,,,,,,,,,,,,,,,,,,,,,,,,,,,,,,,,,,,,,,,,,,,,,,,,,,,,,,,,,,,,,,,,,,,,,,,,,,,,,,,,,,,,,,,,,,,,,,,,
,2899,160814932,2462,160812470,3000,57379617,886,57378731,1138,103435315,1576,103433739,1870,412134593186816,7033926144,412127559260672,8192102912,378829711438848,7027302400,378822684136448,8184799232,33304881747968,6623744,33304875124224,25021440,412134593186816,7033926144,412127559260672,8192102912,378829711438848,7027302400,378822684136448,8184799232,33304881747968,6623744,33304875124224,25021440,160814932,2462,160812470,3000,57379617,886,57378731,1138,103435315,1576,103433739,1870,97832439,110,97832329,237,33808974,67,33808907,138,64023465,43,64023422,117,404787497071104,180276736,404787316794368,1396042240,370781992223744,170123264,370781822100480,1392988160,34005504847360,10153472,34005494693888,20184064,-1,0,361,0,0,3,0,0,0,0,0,0,0,0,408310757670747,7021268328,408303736402419,8176189920,375017267545344,7014793216,375010252752128,8169017344,33293490125403,6475112,33293483650291,24870008,8673820672,8673820672,0,8673820672,8642363392,8642363392,0,8642363392,31457280,31457280,0,31457280,361,361,0,361,346,346,0,346,15,15,0,15,,,,,,,,,,,,,,,,,,,,,,,,,,,,,,,,,,,,,,,,,,,,,,,,,,,,,,,,,,,,,,,,,,,,,,,,,,,,,,,,,,,,,,,,,,,,,,,,,,,,,,,,,,,,,,,,,,,,,,,,,,,,,,,,,,,,,,,,,,,,,,,,,,,,,,,,,,,,,,
,2899,,,,,,,,,,,,,,,,,,,,,,,,,,,,,,,,,,,,,,,,,,,,,,,,,,,,,,,,,,,,,,,,,,,,,,,,,,,,,,,,,,,,,,,,,,,,,,,,,,,,,,,,,,,,,,,,,,,,,,,,,,,160827855,2466,160825389,3000,57385908,886,57385022,1138,103441947,1580,103440367,1870,412188688002560,7033928192,412181654074368,8192102912,378882498827264,7027302400,378875471524864,8184799232,33306189175296,6625792,33306182549504,25021440,412188688002560,7033928192,412181654074368,8192102912,378882498827264,7027302400,378875471524864,8184799232,33306189175296,6625792,33306182549504,25021440,160827855,2466,160825389,3000,57385908,886,57385022,1138,103441947,1580,103440367,1870,97840919,112,97840807,237,33813419,67,33813352,138,64027500,45,64027455,117,404829693307904,180274688,404829513033216,1396042240,370822881035264,170123264,370822710912000,1392988160,34006812272640,10151424,34006802121216,20184064,-1,0,361,0,0,3,0,0,0,0,0,0,0,0,408364538435146,7021268284,408357517166862,8176189920,375069741844480,7014793216,375062727051264,8169017344,33294796590666,6475068,33294790115598,24870008,8673820672,8673820672,0,8673820672,8642363392,8642363392,0,8642363392,31457280,31457280,0,31457280,361,361,0,361,346,346,0,346,15,15,0,15,,,,,,,,,,,,,,,,,,,,,,,,,,,,,,,,,,,,
2.7593152064451157e-07,2899,,,,,,,,,,,,,,,,,,,,,,,,,,,,,,,,,,,,,,,,,,,,,,,,,,,,,,,,,,,,,,,,,,,,,,,,,,,,,,,,,,,,,,,,,,,,,,,,,,,,,,,,,,,,,,,,,,,,,,,,,,,,,,,,,,,,,,,,,,,,,,,,,,,,,,,,,,,,,,,,,,,,,,,,,,,,,,,,,,,,,,,,,,,,,,,,,,,,,,,,,,,,,,,,,,,,,,,,,,,,,,,,,,,,,,,,,,,,,,,,,,,,,,,,,,,,,,,,,,,,,,,,,,,,,,,,,,,,,,,,
,2899,160827868,2462,160825406,3000,57385908,886,57385022,1138,103441960,1576,103440384,1870,412188688018432,7033918464,412181654099968,8192102912,378882498827264,7027302400,378875471524864,8184799232,33306189191168,6616064,33306182575104,25021440,412188688018432,7033918464,412181654099968,8192102912,378882498827264,7027302400,378875471524864,8184799232,33306189191168,6616064,33306182575104,25021440,160827868,2462,160825406,3000,57385908,886,57385022,1138,103441960,1576,103440384,1870,97840931,111,97840820,237,33813419,67,33813352,138,64027512,44,64027468,117,404829693333504,180284416,404829513049088,1396042240,370822881035264,170123264,370822710912000,1392988160,34006812298240,10161152,34006802137088,20184064,-1,0,361,0,0,3,0,0,0,0,0,0,0,0,408364538445438,7021260660,408357517184778,8176189920,375069741844480,7014793216,375062727051264,8169017344,33294796600958,6467444,33294790133514,24870008,8673820672,8673820672,0,8673820672,8642363392,8642363392,0,8642363392,31457280,31457280,0,31457280,361,361,0,361,346,346,0,346,15,15,0,15,,,,,,,,,,,,,,,,,,,,,,,,,,,,,,,,,,,,,,,,,,,,,,,,,,,,,,,,,,,,,,,,,,,,,,,,,,,,,,,,,,,,,,,,,,,,,,,,,,,,,,,,,,,,,,,,,,,,,,,,,,,,,,,,,,,,,,,,,,,,,,,,,,,,,,,,,,,,,,
,2899,,,,,,,,,,,,,,,,,,,,,,,,,,,,,,,,,,,,,,,,,,,,,,,,,,,,,,,,,,,,,,,,,,,,,,,,,,,,,,,,,,,,,,,,,,,,,,,,,,,,,,,,,,,,,,,,,,,,,,,,,,,160840239,2466,160837773,3000,57389895,886,57389009,1138,103450344,1580,103448764,1870,412215791869440,7033920512,412208757948928,8192102912,378906699973632,7027302400,378899672671232,8184799232,33309091895808,6618112,33309085277696,25021440,412215791869440,7033920512,412208757948928,8192102912,378906699973632,7027302400,378899672671232,8184799232,33309091895808,6618112,33309085277696,25021440,160840239,2466,160837773,3000,57389895,886,57389009,1138,103450344,1580,103448764,1870,97848065,112,97847953,237,33815798,67,33815731,138,64032267,45,64032222,117,404859117959680,180282368,404858937677312,1396042240,370849399813120,170123264,370849229689856,1392988160,34009718146560,10159104,34009707987456,20184064,-1,0,361,0,0,3,0,0,0,0,0,0,0,0,408391434510600,7021260676,408384413249924,8176189920,375093736082176,7014793216,375086721288960,8169017344,33297698428424,6467460,33297691960964,24870008,8673820672,8673820672,0,8673820672,8642363392,8642363392,0,8642363392,31457280,31457280,0,31457280,361,361,0,361,346,346,0,346,15,15,0,15,,,,,,,,,,,,,,,,,,,,,,,,,,,,,,,,,,,,
2.7593152064451157e-07,2899,,,,,,,,,,,,,,,,,,,,,,,,,,,,,,,,,,,,,,,,,,,,,,,,,,,,,,,,,,,,,,,,,,,,,,,,,,,,,,,,,,,,,,,,,,,,,,,,,,,,,,,,,,,,,,,,,,,,,,,,,,,,,,,,,,,,,,,,,,,,,,,,,,,,,,,,,,,,,,,,,,,,,,,,,,,,,,,,,,,,,,,,,,,,,,,,,,,,,,,,,,,,,,,,,,,,,,,,,,,,,,,,,,,,,,,,,,,,,,,,,,,,,,,,,,,,,,,,,,,,,,,,,,,,,,,,,,,,,,,,
,2899,160840252,2462,160837790,3000,57389895,886,57389009,1138,103450357,1576,103448781,1870,412215791888384,7033921536,412208757966848,8192102912,378906699973632,7027302400,378899672671232,8184799232,33309091914752,6619136,33309085295616,25021440,412215791888384,7033921536,412208757966848,8192102912,378906699973632,7027302400,378899672671232,8184799232,33309091914752,6619136,33309085295616,25021440,160840252,2462,160837790,3000,57389895,886,57389009,1138,103450357,1576,103448781,1870,97848076,109,97847967,237,33815798,67,33815731,138,64032278,42,64032236,117,404859117977600,180281344,404858937696256,1396042240,370849399813120,170123264,370849229689856,1392988160,34009718164480,10158080,34009708006400,20184064,-1,0,361,0,0,3,0,0,0,0,0,0,0,0,408391434523532,7021263300,408384413260232,8176189920,375093736082176,7014793216,375086721288960,8169017344,33297698441356,6470084,33297691971272,24870008,8673820672,8673820672,0,8673820672,8642363392,8642363392,0,8642363392,31457280,31457280,0,31457280,361,361,0,361,346,346,0,346,15,15,0,15,,,,,,,,,,,,,,,,,,,,,,,,,,,,,,,,,,,,,,,,,,,,,,,,,,,,,,,,,,,,,,,,,,,,,,,,,,,,,,,,,,,,,,,,,,,,,,,,,,,,,,,,,,,,,,,,,,,,,,,,,,,,,,,,,,,,,,,,,,,,,,,,,,,,,,,,,,,,,,
,2899,,,,,,,,,,,,,,,,,,,,,,,,,,,,,,,,,,,,,,,,,,,,,,,,,,,,,,,,,,,,,,,,,,,,,,,,,,,,,,,,,,,,,,,,,,,,,,,,,,,,,,,,,,,,,,,,,,,,,,,,,,,160853174,2466,160850708,3000,57396786,886,57395900,1138,103456388,1580,103454808,1870,412270946875904,7033923584,412263912952320,8192102912,378961057260544,7027302400,378954029958144,8184799232,33309889615360,6621184,33309882994176,25021440,412270946875904,7033923584,412263912952320,8192102912,378961057260544,7027302400,378954029958144,8184799232,33309889615360,6621184,33309882994176,25021440,160853174,2466,160850708,3000,57396786,886,57395900,1138,103456388,1580,103454808,1870,97857208,113,97857095,237,33821009,67,33820942,138,64036199,46,64036153,117,404905119623680,180279296,404904939344384,1396042240,370894603760640,170123264,370894433637376,1392988160,34010515863040,10156032,34010505707008,20184064,-1,0,361,0,0,3,0,0,0,0,0,0,0,0,408446184007863,7021263316,408439162744547,8176189920,375147688730112,7014793216,375140673936896,8169017344,33298495277751,6470100,33298488807651,24870008,8673820672,8673820672,0,8673820672,8642363392,8642363392,0,8642363392,31457280,31457280,0,31457280,361,361,0,361,346,346,0,346,15,15,0,15,,,,,,,,,,,,,,,,,,,,,,,,,,,,,,,,,,,,
2.7593152064451157e-07,2899,,,,,,,,,,,,,,,,,,,,,,,,,,,,,,,,,,,,,,,,,,,,,,,,,,,,,,,,,,,,,,,,,,,,,,,,,,,,,,,,,,,,,,,,,,,,,,,,,,,,,,,,,,,,,,,,,,,,,,,,,,,,,,,,,,,,,,,,,,,,,,,,,,,,,,,,,,,,,,,,,,,,,,,,,,,,,,,,,,,,,,,,,,,,,,,,,,,,,,,,,,,,,,,,,,,,,,,,,,,,,,,,,,,,,,,,,,,,,,,,,,,,,,,,,,,,,,,,,,,,,,,,,,,,,,,,,,,,,,,,
,2899,160853187,2462,160850725,3000,57396786,886,57395900,1138,103456401,1576,103454825,1870,412270946891776,7033918464,412263912973312,8192102912,378961057260544,7027302400,378954029958144,8184799232,33309889631232,6616064,33309883015168,25021440,412270946891776,7033918464,412263912973312,8192102912,378961057260544,7027302400,378954029958144,8184799232,33309889631232,6616064,33309883015168,25021440,160853187,2462,160850725,3000,57396786,886,57395900,1138,103456401,1576,103454825,1870,97857221,113,97857108,237,33821009,67,33820942,138,64036212,46,64036166,117,404905119644672,180284416,404904939360256,1396042240,370894603760640,170123264,370894433637376,1392988160,34010515884032,10161152,34010505722880,20184064,-1,0,361,0,0,3,0,0,0,0,0,0,0,0,408446184018299,7021260804,408439162757495,8176189920,375147688730112,7014793216,375140673936896,8169017344,33298495288187,6467588,33298488820599,24870008,8673820672,8673820672,0,8673820672,8642363392,8642363392,0,8642363392,31457280,31457280,0,31457280,361,361,0,361,346,346,0,346,15,15,0,15,,,,,,,,,,,,,,,,,,,,,,,,,,,,,,,,,,,,,,,,,,,,,,,,,,,,,,,,,,,,,,,,,,,,,,,,,,,,,,,,,,,,,,,,,,,,,,,,,,,,,,,,,,,,,,,,,,,,,,,,,,,,,,,,,,,,,,,,,,,,,,,,,,,,,,,,,,,,,,
,2899,,,,,,,,,,,,,,,,,,,,,,,,,,,,,,,,,,,,,,,,,,,,,,,,,,,,,,,,,,,,,,,,,,,,,,,,,,,,,,,,,,,,,,,,,,,,,,,,,,,,,,,,,,,,,,,,,,,,,,,,,,,160865554,2466,160863088,3000,57400869,886,57399983,1138,103464685,1580,103463105,1870,412298453447168,7033920512,412291419526656,8192102912,378985593172992,7027302400,378978565870592,8184799232,33312860274176,6618112,33312853656064,25021440,412298453447168,7033920512,412291419526656,8192102912,378985593172992,7027302400,378978565870592,8184799232,33312860274176,6618112,33312853656064,25021440,160865554,2466,160863088,3000,57400869,886,57399983,1138,103464685,1580,103463105,1870,97864687,111,97864576,237,33823589,67,33823522,138,64041098,44,64041054,117,404935030885888,180282368,404934850603520,1396042240,370921494422528,170123264,370921324299264,1392988160,34013536463360,10159104,34013526304256,20184064,-1,0,361,0,0,3,0,0,0,0,0,0,0,0,408473411275988,7021260820,408466390015168,8176189920,375171946172672,7014793216,375164931379456,8169017344,33301465103316,6467604,33301458635712,24870008,8673820672,8673820672,0,8673820672,8642363392,8642363392,0,8642363392,31457280,31457280,0,31457280,361,361,0,361,346,346,0,346,15,15,0,15,,,,,,,,,,,,,,,,,,,,,,,,,,,,,,,,,,,,
2.7593152064451157e-07,2899,,,,,,,,,,,,,,,,,,,,,,,,,,,,,,,,,,,,,,,,,,,,,,,,,,,,,,,,,,,,,,,,,,,,,,,,,,,,,,,,,,,,,,,,,,,,,,,,,,,,,,,,,,,,,,,,,,,,,,,,,,,,,,,,,,,,,,,,,,,,,,,,,,,,,,,,,,,,,,,,,,,,,,,,,,,,,,,,,,,,,,,,,,,,,,,,,,,,,,,,,,,,,,,,,,,,,,,,,,,,,,,,,,,,,,,,,,,,,,,,,,,,,,,,,,,,,,,,,,,,,,,,,,,,,,,,,,,,,,,,
,2899,160865567,2462,160863105,3000,57400869,886,57399983,1138,103464698,1576,103463122,1870,412298453464576,7033920000,412291419544576,8192102912,378985593172992,7027302400,378978565870592,8184799232,33312860291584,6617600,33312853673984,25021440,412298453464576,7033920000,412291419544576,8192102912,378985593172992,7027302400,378978565870592,8184799232,33312860291584,6617600,33312853673984,25021440,160865567,2462,160863105,3000,57400869,886,57399983,1138,103464698,1576,103463122,1870,97864697,106,97864591,237,33823589,67,33823522,138,64041108,39,64041069,117,404935030903808,180282880,404934850620928,1396042240,370921494422528,170123264,370921324299264,1392988160,34013536481280,10159616,34013526321664,20184064,-1,0,361,0,0,3,0,0,0,0,0,0,0,0,408473411287264,7021261644,408466390025620,8176189920,375171946172672,7014793216,375164931379456,8169017344,33301465114592,6468428,33301458646164,24870008,8673820672,8673820672,0,8673820672,8642363392,8642363392,0,8642363392,31457280,31457280,0,31457280,361,361,0,361,346,346,0,346,15,15,0,15,,,,,,,,,,,,,,,,,,,,,,,,,,,,,,,,,,,,,,,,,,,,,,,,,,,,,,,,,,,,,,,,,,,,,,,,,,,,,,,,,,,,,,,,,,,,,,,,,,,,,,,,,,,,,,,,,,,,,,,,,,,,,,,,,,,,,,,,,,,,,,,,,,,,,,,,,,,,,,
,2899,,,,,,,,,,,,,,,,,,,,,,,,,,,,,,,,,,,,,,,,,,,,,,,,,,,,,,,,,,,,,,,,,,,,,,,,,,,,,,,,,,,,,,,,,,,,,,,,,,,,,,,,,,,,,,,,,,,,,,,,,,,160878487,2466,160876021,3000,57405077,886,57404191,1138,103473410,1580,103471830,1870,412327308663296,7033922048,412320274741248,8192102912,379011543790592,7027302400,379004516488192,8184799232,33315764872704,6619648,33315758253056,25021440,412327308663296,7033922048,412320274741248,8192102912,379011543790592,7027302400,379004516488192,8184799232,33315764872704,6619648,33315758253056,25021440,160878487,2466,160876021,3000,57405077,886,57404191,1138,103473410,1580,103471830,1870,97871952,114,97871838,237,33826019,67,33825952,138,64045933,47,64045886,117,404966105387008,180280832,404965925106176,1396042240,370949661180928,170123264,370949491057664,1392988160,34016444206080,10157568,34016434048512,20184064,-1,0,361,0,0,3,0,0,0,0,0,0,0,0,408502059400875,7021261660,408495038139215,8176189920,375197690586112,7014793216,375190675792896,8169017344,33304368814763,6468444,33304362346319,24870008,8673820672,8673820672,0,8673820672,8642363392,8642363392,0,8642363392,31457280,31457280,0,31457280,361,361,0,361,346,346,0,346,15,15,0,15,,,,,,,,,,,,,,,,,,,,,,,,,,,,,,,,,,,,
,2899,,,,,,,,,,,,,,,,,,,,,,,,,,,,,,,,,,,,,,,,,,,,,,,,,,,,,,,,,,,,,,,,,,,,,,,,,,,,,,,,,,,,,,,,,,,,,,,,,,,,,,,,,,,,,,,,,,,,,,,,,,,,,,,,,,,,,,,,,,,,,,,,,,,,,,,,,,,,,,,,,,,,,,,,,,,,,,,,,,,,,,,,,,,,,,,,,,,,,,,,,,,,,,,,,,,,,,,,,,,,,,,,,,,,,,,,,,,,,,,,,,,,,0.00399017333984375,0.0009543707128614187,0.018305733799934387,4,,,,,,,,,,,,,,,,,,,,,,,,,,,,,,,,
2.423632091305807e-07,2949,,,,,,,,,,,,,,,,,,,,,,,,,,,,,,,,,,,,,,,,,,,,,,,,,,,,,,,,,,,,,,,,,,,,,,,,,,,,,,,,,,,,,,,,,,,,,,,,,,,,,,,,,,,,,,,,,,,,,,,,,,,,,,,,,,,,,,,,,,,,,,,,,,,,,,,,,,,,,,,,,,,,,,,,,,,,,,,,,,,,,,,,,,,,,,,,,,,,,,,,,,,,,,,,,,,,,,,,,,,,,,,,,,,,,,,,,,,,,,,,,,,,,,,,,,,,,,,,,,,,,,,,,,,,,,,,,,,,,,,,
,2949,165788794,2462,165786332,3000,59182388,886,59181502,1138,106606406,1576,106604830,1870,425229595904000,7030543360,425222565360640,8192102912,390907083669504,7023927296,390900059742208,8184799232,34322512234496,6616064,34322505618432,25021440,425229595904000,7030543360,425222565360640,8192102912,390907083669504,7023927296,390900059742208,8184799232,34322512234496,6616064,34322505618432,25021440,165788794,2462,165786332,3000,59182388,886,59181502,1138,106606406,1576,106604830,1870,100897218,117,100897101,237,34871752,67,34871685,138,66025466,50,66025416,117,417593842003968,179465216,417593662538752,1396042240,382548737761280,173498368,382548564262912,1392988160,35045104242688,5966848,35045098275840,20184064,-1,0,361,0,0,3,0,0,0,0,0,0,0,0,421285932982837,7021260300,421278911722537,8176189920,386975160543232,7014793216,386968145750016,8169017344,34310772439605,6467084,34310765972521,24870008,8673820672,8673820672,0,8673820672,8642363392,8642363392,0,8642363392,31457280,31457280,0,31457280,361,361,0,361,346,346,0,346,15,15,0,15,,,,,,,,,,,,,,,,,,,,,,,,,,,,,,,,,,,,,,,,,,,,,,,,,,,,,,,,,,,,,,,,,,,,,,,,,,,,,,,,,,,,,,,,,,,,,,,,,,,,,,,,,,,,,,,,,,,,,,,,,,,,,,,,,,,,,,,,,,,,,,,,,,,,,,,,,,,,,,
,2949,,,,,,,,,,,,,,,,,,,,,,,,,,,,,,,,,,,,,,,,,,,,,,,,,,,,,,,,,,,,,,,,,,,,,,,,,,,,,,,,,,,,,,,,,,,,,,,,,,,,,,,,,,,,,,,,,,,,,,,,,,,165801165,2466,165798699,3000,59186375,886,59185489,1138,106614790,1580,106613210,1870,425256471631360,7027522560,425249444108800,8192102912,390931166162944,7020904448,390924145258496,8184799232,34325305468416,6618112,34325298850304,25021440,425256471631360,7027522560,425249444108800,8192102912,390931166162944,7020904448,390924145258496,8184799232,34325305468416,6618112,34325298850304,25021440,165801165,2466,165798699,3000,59186375,886,59185489,1138,106614790,1580,106613210,1870,100904861,127,100904734,237,34873903,71,34873832,138,66030958,56,66030902,117,417621067965952,184583168,417620883382784,1396042240,382573085020160,176521216,382572908498944,1392988160,35047982945792,8061952,35047974883840,20184064,-1,0,361,0,0,3,0,0,0,0,0,0,0,0,421312650425574,7021260316,421305629165258,8176189920,386999085681408,7014793216,386992070888192,8169017344,34313564744166,6467100,34313558277066,24870008,8673820672,8673820672,0,8673820672,8642363392,8642363392,0,8642363392,31457280,31457280,0,31457280,361,361,0,361,346,346,0,346,15,15,0,15,,,,,,,,,,,,,,,,,,,,,,,,,,,,,,,,,,,,
2.423632091305807e-07,2949,,,,,,,,,,,,,,,,,,,,,,,,,,,,,,,,,,,,,,,,,,,,,,,,,,,,,,,,,,,,,,,,,,,,,,,,,,,,,,,,,,,,,,,,,,,,,,,,,,,,,,,,,,,,,,,,,,,,,,,,,,,,,,,,,,,,,,,,,,,,,,,,,,,,,,,,,,,,,,,,,,,,,,,,,,,,,,,,,,,,,,,,,,,,,,,,,,,,,,,,,,,,,,,,,,,,,,,,,,,,,,,,,,,,,,,,,,,,,,,,,,,,,,,,,,,,,,,,,,,,,,,,,,,,,,,,,,,,,,,,
,2949,165801178,2462,165798716,3000,59186375,886,59185489,1138,106614803,1576,106613227,1870,425256471641088,7027514368,425249444126720,8192102912,390931166162944,7020904448,390924145258496,8184799232,34325305478144,6609920,34325298868224,25021440,425256471641088,7027514368,425249444126720,8192102912,390931166162944,7020904448,390924145258496,8184799232,34325305478144,6609920,34325298868224,25021440,165801178,2462,165798716,3000,59186375,886,59185489,1138,106614803,1576,106613227,1870,100904869,120,100904749,237,34873903,71,34873832,138,66030966,49,66030917,117,417621067983872,184591360,417620883392512,1396042240,382573085020160,176521216,382572908498944,1392988160,35047982963712,8070144,35047974893568,20184064,-1,0,361,0,0,3,0,0,0,0,0,0,0,0,421312650429194,7021253988,421305629175206,8176189920,386999085681408,7014793216,386992070888192,8169017344,34313564747786,6460772,34313558287014,24870008,8673820672,8673820672,0,8673820672,8642363392,8642363392,0,8642363392,31457280,31457280,0,31457280,361,361,0,361,346,346,0,346,15,15,0,15,,,,,,,,,,,,,,,,,,,,,,,,,,,,,,,,,,,,,,,,,,,,,,,,,,,,,,,,,,,,,,,,,,,,,,,,,,,,,,,,,,,,,,,,,,,,,,,,,,,,,,,,,,,,,,,,,,,,,,,,,,,,,,,,,,,,,,,,,,,,,,,,,,,,,,,,,,,,,,
,2949,,,,,,,,,,,,,,,,,,,,,,,,,,,,,,,,,,,,,,,,,,,,,,,,,,,,,,,,,,,,,,,,,,,,,,,,,,,,,,,,,,,,,,,,,,,,,,,,,,,,,,,,,,,,,,,,,,,,,,,,,,,165813549,2466,165811083,3000,59190453,886,59189567,1138,106623096,1580,106621516,1870,425283722302976,7027516416,425276694786560,8192102912,390955518738432,7020904448,390948497833984,8184799232,34328203564544,6611968,34328196952576,25021440,425283722302976,7027516416,425276694786560,8192102912,390955518738432,7020904448,390948497833984,8184799232,34328203564544,6611968,34328196952576,25021440,165813549,2466,165811083,3000,59190453,886,59189567,1138,106623096,1580,106621516,1870,100911877,125,100911752,237,34875954,71,34875883,138,66035923,54,66035869,117,417650105114112,184589312,417649920524800,1396042240,382599139131392,176521216,382598962610176,1392988160,35050965982720,8068096,35050957914624,20184064,-1,0,361,0,0,3,0,0,0,0,0,0,0,0,421339718582231,7021254004,421332697328227,8176189920,387023256624640,7014793216,387016241831424,8169017344,34316461957591,6460788,34316455496803,24870008,8673820672,8673820672,0,8673820672,8642363392,8642363392,0,8642363392,31457280,31457280,0,31457280,361,361,0,361,346,346,0,346,15,15,0,15,,,,,,,,,,,,,,,,,,,,,,,,,,,,,,,,,,,,
2.423632091305807e-07,2949,,,,,,,,,,,,,,,,,,,,,,,,,,,,,,,,,,,,,,,,,,,,,,,,,,,,,,,,,,,,,,,,,,,,,,,,,,,,,,,,,,,,,,,,,,,,,,,,,,,,,,,,,,,,,,,,,,,,,,,,,,,,,,,,,,,,,,,,,,,,,,,,,,,,,,,,,,,,,,,,,,,,,,,,,,,,,,,,,,,,,,,,,,,,,,,,,,,,,,,,,,,,,,,,,,,,,,,,,,,,,,,,,,,,,,,,,,,,,,,,,,,,,,,,,,,,,,,,,,,,,,,,,,,,,,,,,,,,,,,,
,2949,165813562,2462,165811100,3000,59190453,886,59189567,1138,106623109,1576,106621533,1870,425283722314240,7027515904,425276694798336,8192102912,390955518738432,7020904448,390948497833984,8184799232,34328203575808,6611456,34328196964352,25021440,425283722314240,7027515904,425276694798336,8192102912,390955518738432,7020904448,390948497833984,8184799232,34328203575808,6611456,34328196964352,25021440,165813562,2462,165811100,3000,59190453,886,59189567,1138,106623109,1576,106621533,1870,100911889,123,100911766,237,34875954,71,34875883,138,66035935,52,66035883,117,417650105125888,184589824,417649920536064,1396042240,382599139131392,176521216,382598962610176,1392988160,35050965994496,8068608,35050957925888,20184064,-1,0,361,0,0,3,0,0,0,0,0,0,0,0,421339718587963,7021256100,421332697331863,8176189920,387023256624640,7014793216,387016241831424,8169017344,34316461963323,6462884,34316455500439,24870008,8673820672,8673820672,0,8673820672,8642363392,8642363392,0,8642363392,31457280,31457280,0,31457280,361,361,0,361,346,346,0,346,15,15,0,15,,,,,,,,,,,,,,,,,,,,,,,,,,,,,,,,,,,,,,,,,,,,,,,,,,,,,,,,,,,,,,,,,,,,,,,,,,,,,,,,,,,,,,,,,,,,,,,,,,,,,,,,,,,,,,,,,,,,,,,,,,,,,,,,,,,,,,,,,,,,,,,,,,,,,,,,,,,,,,
,2949,,,,,,,,,,,,,,,,,,,,,,,,,,,,,,,,,,,,,,,,,,,,,,,,,,,,,,,,,,,,,,,,,,,,,,,,,,,,,,,,,,,,,,,,,,,,,,,,,,,,,,,,,,,,,,,,,,,,,,,,,,,165825933,2466,165823467,3000,59194531,886,59193645,1138,106631402,1580,106629822,1870,425310925107712,7027517952,425303897589760,8192102912,390979846475776,7020904448,390972825571328,8184799232,34331078631936,6613504,34331072018432,25021440,425310925107712,7027517952,425303897589760,8192102912,390979846475776,7020904448,390972825571328,8184799232,34331078631936,6613504,34331072018432,25021440,165825933,2466,165823467,3000,59194531,886,59193645,1138,106631402,1580,106629822,1870,100919065,124,100918941,237,34877985,71,34877914,138,66041080,53,66041027,117,417679108101120,184587776,417678923513344,1396042240,382625175826432,176521216,382624999305216,1392988160,35053932274688,8066560,35053924208128,20184064,-1,0,361,0,0,3,0,0,0,0,0,0,0,0,421366737744762,7021256116,421359716488646,8176189920,387047401615616,7014793216,387040386822400,8169017344,34319336129146,6462900,34319329666246,24870008,8673820672,8673820672,0,8673820672,8642363392,8642363392,0,8642363392,31457280,31457280,0,31457280,361,361,0,361,346,346,0,346,15,15,0,15,,,,,,,,,,,,,,,,,,,,,,,,,,,,,,,,,,,,
2.423632091305807e-07,2949,,,,,,,,,,,,,,,,,,,,,,,,,,,,,,,,,,,,,,,,,,,,,,,,,,,,,,,,,,,,,,,,,,,,,,,,,,,,,,,,,,,,,,,,,,,,,,,,,,,,,,,,,,,,,,,,,,,,,,,,,,,,,,,,,,,,,,,,,,,,,,,,,,,,,,,,,,,,,,,,,,,,,,,,,,,,,,,,,,,,,,,,,,,,,,,,,,,,,,,,,,,,,,,,,,,,,,,,,,,,,,,,,,,,,,,,,,,,,,,,,,,,,,,,,,,,,,,,,,,,,,,,,,,,,,,,,,,,,,,,
,2949,165825946,2462,165823484,3000,59194531,886,59193645,1138,106631415,1576,106629839,1870,425310925120512,7027517440,425303897603072,8192102912,390979846475776,7020904448,390972825571328,8184799232,34331078644736,6612992,34331072031744,25021440,425310925120512,7027517440,425303897603072,8192102912,390979846475776,7020904448,390972825571328,8184799232,34331078644736,6612992,34331072031744,25021440,165825946,2462,165823484,3000,59194531,886,59193645,1138,106631415,1576,106629839,1870,100919076,121,100918955,237,34877985,71,34877914,138,66041091,50,66041041,117,417679108114432,184588288,417678923526144,1396042240,382625175826432,176521216,382624999305216,1392988160,35053932288000,8067072,35053924220928,20184064,-1,0,361,0,0,3,0,0,0,0,0,0,0,0,421366737752246,7021257852,421359716494394,8176189920,387047401615616,7014793216,387040386822400,8169017344,34319336136630,6464636,34319329671994,24870008,8673820672,8673820672,0,8673820672,8642363392,8642363392,0,8642363392,31457280,31457280,0,31457280,361,361,0,361,346,346,0,346,15,15,0,15,,,,,,,,,,,,,,,,,,,,,,,,,,,,,,,,,,,,,,,,,,,,,,,,,,,,,,,,,,,,,,,,,,,,,,,,,,,,,,,,,,,,,,,,,,,,,,,,,,,,,,,,,,,,,,,,,,,,,,,,,,,,,,,,,,,,,,,,,,,,,,,,,,,,,,,,,,,,,,
,2949,,,,,,,,,,,,,,,,,,,,,,,,,,,,,,,,,,,,,,,,,,,,,,,,,,,,,,,,,,,,,,,,,,,,,,,,,,,,,,,,,,,,,,,,,,,,,,,,,,,,,,,,,,,,,,,,,,,,,,,,,,,165838268,2466,165835802,3000,59198518,886,59197632,1138,106639750,1580,106638170,1870,425338034054144,7027519488,425331006534656,8192102912,391004021809152,7020904448,390997000904704,8184799232,34334012244992,6615040,34334005629952,25021440,425338034054144,7027519488,425331006534656,8192102912,391004021809152,7020904448,390997000904704,8184799232,34334012244992,6615040,34334005629952,25021440,165838268,2466,165835802,3000,59198518,886,59197632,1138,106639750,1580,106638170,1870,100926317,127,100926190,237,34879925,71,34879854,138,66046392,56,66046336,117,417708000051200,184586240,417707815464960,1396042240,382651071250432,176521216,382650894729216,1392988160,35056928800768,8065024,35056920735744,20184064,-1,0,361,0,0,3,0,0,0,0,0,0,0,0,421393682118279,7021257928,421386660860351,8176189920,387071413220352,7014793216,387064398427136,8169017344,34322268897927,6464712,34322262433215,24870008,8673820672,8673820672,0,8673820672,8642363392,8642363392,0,8642363392,31457280,31457280,0,31457280,361,361,0,361,346,346,0,346,15,15,0,15,,,,,,,,,,,,,,,,,,,,,,,,,,,,,,,,,,,,
2.423632091305807e-07,2949,,,,,,,,,,,,,,,,,,,,,,,,,,,,,,,,,,,,,,,,,,,,,,,,,,,,,,,,,,,,,,,,,,,,,,,,,,,,,,,,,,,,,,,,,,,,,,,,,,,,,,,,,,,,,,,,,,,,,,,,,,,,,,,,,,,,,,,,,,,,,,,,,,,,,,,,,,,,,,,,,,,,,,,,,,,,,,,,,,,,,,,,,,,,,,,,,,,,,,,,,,,,,,,,,,,,,,,,,,,,,,,,,,,,,,,,,,,,,,,,,,,,,,,,,,,,,,,,,,,,,,,,,,,,,,,,,,,,,,,,
,2949,165838281,2462,165835819,3000,59198518,886,59197632,1138,106639763,1576,106638187,1870,425338034066944,7027517440,425331006549504,8192102912,391004021809152,7020904448,390997000904704,8184799232,34334012257792,6612992,34334005644800,25021440,425338034066944,7027517440,425331006549504,8192102912,391004021809152,7020904448,390997000904704,8184799232,34334012257792,6612992,34334005644800,25021440,165838281,2462,165835819,3000,59198518,886,59197632,1138,106639763,1576,106638187,1870,100926328,123,100926205,237,34879925,71,34879854,138,66046403,52,66046351,117,417708000066048,184588288,417707815477760,1396042240,382651071250432,176521216,382650894729216,1392988160,35056928815616,8067072,35056920748544,20184064,-1,0,361,0,0,3,0,0,0,0,0,0,0,0,421393682125427,7021257576,421386660867851,8176189920,387071413220352,7014793216,387064398427136,8169017344,34322268905075,6464360,34322262440715,24870008,8673820672,8673820672,0,8673820672,8642363392,8642363392,0,8642363392,31457280,31457280,0,31457280,361,361,0,361,346,346,0,346,15,15,0,15,,,,,,,,,,,,,,,,,,,,,,,,,,,,,,,,,,,,,,,,,,,,,,,,,,,,,,,,,,,,,,,,,,,,,,,,,,,,,,,,,,,,,,,,,,,,,,,,,,,,,,,,,,,,,,,,,,,,,,,,,,,,,,,,,,,,,,,,,,,,,,,,,,,,,,,,,,,,,,
,2949,,,,,,,,,,,,,,,,,,,,,,,,,,,,,,,,,,,,,,,,,,,,,,,,,,,,,,,,,,,,,,,,,,,,,,,,,,,,,,,,,,,,,,,,,,,,,,,,,,,,,,,,,,,,,,,,,,,,,,,,,,,165850652,2466,165848186,3000,59202505,886,59201619,1138,106648147,1580,106646567,1870,425364767236096,7027519488,425357739716608,8192102912,391028008972288,7020904448,391020988067840,8184799232,34336758263808,6615040,34336751648768,25021440,425364767236096,7027519488,425357739716608,8192102912,391028008972288,7020904448,391020988067840,8184799232,34336758263808,6615040,34336751648768,25021440,165850652,2466,165848186,3000,59202505,886,59201619,1138,106648147,1580,106646567,1870,100933177,123,100933054,237,34881784,71,34881713,138,66051393,52,66051341,117,417736510241792,184586240,417736325655552,1396042240,382676799246336,176521216,382676622725120,1392988160,35059710995456,8065024,35059702930432,20184064,-1,0,361,0,0,3,0,0,0,0,0,0,0,0,421420320552983,7021257532,421413299295451,8176189920,387095306594048,7014793216,387088291800832,8169017344,34325013958935,6464316,34325007494619,24870008,8673820672,8673820672,0,8673820672,8642363392,8642363392,0,8642363392,31457280,31457280,0,31457280,361,361,0,361,346,346,0,346,15,15,0,15,,,,,,,,,,,,,,,,,,,,,,,,,,,,,,,,,,,,
2.423632091305807e-07,2949,,,,,,,,,,,,,,,,,,,,,,,,,,,,,,,,,,,,,,,,,,,,,,,,,,,,,,,,,,,,,,,,,,,,,,,,,,,,,,,,,,,,,,,,,,,,,,,,,,,,,,,,,,,,,,,,,,,,,,,,,,,,,,,,,,,,,,,,,,,,,,,,,,,,,,,,,,,,,,,,,,,,,,,,,,,,,,,,,,,,,,,,,,,,,,,,,,,,,,,,,,,,,,,,,,,,,,,,,,,,,,,,,,,,,,,,,,,,,,,,,,,,,,,,,,,,,,,,,,,,,,,,,,,,,,,,,,,,,,,,
,2949,165850665,2462,165848203,3000,59202505,886,59201619,1138,106648160,1576,106646584,1870,425364767245824,7027514368,425357739731456,8192102912,391028008972288,7020904448,391020988067840,8184799232,34336758273536,6609920,34336751663616,25021440,425364767245824,7027514368,425357739731456,8192102912,391028008972288,7020904448,391020988067840,8184799232,34336758273536,6609920,34336751663616,25021440,165850665,2462,165848203,3000,59202505,886,59201619,1138,106648160,1576,106646584,1870,100933189,123,100933066,237,34881784,71,34881713,138,66051405,52,66051353,117,417736510256640,184591360,417736325665280,1396042240,382676799246336,176521216,382676622725120,1392988160,35059711010304,8070144,35059702940160,20184064,-1,0,361,0,0,3,0,0,0,0,0,0,0,0,421420320556219,7021253604,421413299302615,8176189920,387095306594048,7014793216,387088291800832,8169017344,34325013962171,6460388,34325007501783,24870008,8673820672,8673820672,0,8673820672,8642363392,8642363392,0,8642363392,31457280,31457280,0,31457280,361,361,0,361,346,346,0,346,15,15,0,15,,,,,,,,,,,,,,,,,,,,,,,,,,,,,,,,,,,,,,,,,,,,,,,,,,,,,,,,,,,,,,,,,,,,,,,,,,,,,,,,,,,,,,,,,,,,,,,,,,,,,,,,,,,,,,,,,,,,,,,,,,,,,,,,,,,,,,,,,,,,,,,,,,,,,,,,,,,,,,
,2949,,,,,,,,,,,,,,,,,,,,,,,,,,,,,,,,,,,,,,,,,,,,,,,,,,,,,,,,,,,,,,,,,,,,,,,,,,,,,,,,,,,,,,,,,,,,,,,,,,,,,,,,,,,,,,,,,,,,,,,,,,,165862987,2466,165860521,3000,59206487,886,59205601,1138,106656500,1580,106654920,1870,425391535060480,7027516416,425384507544064,8192102912,391052012814336,7020904448,391044991909888,8184799232,34339522246144,6611968,34339515634176,25021440,425391535060480,7027516416,425384507544064,8192102912,391052012814336,7020904448,391044991909888,8184799232,34339522246144,6611968,34339515634176,25021440,165862987,2466,165860521,3000,59206487,886,59205601,1138,106656500,1580,106654920,1870,100940025,126,100939899,237,34883650,71,34883579,138,66056375,55,66056320,117,417765034262016,184589312,417764849672704,1396042240,382702542372864,176521216,382702365851648,1392988160,35062491889152,8068096,35062483821056,20184064,-1,0,361,0,0,3,0,0,0,0,0,0,0,0,421446980871632,7021253680,421439959617952,8176189920,387119203858944,7014793216,387112189065728,8169017344,34327777012688,6460464,34327770552224,24870008,8673820672,8673820672,0,8673820672,8642363392,8642363392,0,8642363392,31457280,31457280,0,31457280,361,361,0,361,346,346,0,346,15,15,0,15,,,,,,,,,,,,,,,,,,,,,,,,,,,,,,,,,,,,
2.423632091305807e-07,2949,,,,,,,,,,,,,,,,,,,,,,,,,,,,,,,,,,,,,,,,,,,,,,,,,,,,,,,,,,,,,,,,,,,,,,,,,,,,,,,,,,,,,,,,,,,,,,,,,,,,,,,,,,,,,,,,,,,,,,,,,,,,,,,,,,,,,,,,,,,,,,,,,,,,,,,,,,,,,,,,,,,,,,,,,,,,,,,,,,,,,,,,,,,,,,,,,,,,,,,,,,,,,,,,,,,,,,,,,,,,,,,,,,,,,,,,,,,,,,,,,,,,,,,,,,,,,,,,,,,,,,,,,,,,,,,,,,,,,,,,
,2949,165863000,2462,165860538,3000,59206487,886,59205601,1138,106656513,1576,106654937,1870,425391535071744,7027515904,425384507555840,8192102912,391052012814336,7020904448,391044991909888,8184799232,34339522257408,6611456,34339515645952,25021440,425391535071744,7027515904,425384507555840,8192102912,391052012814336,7020904448,391044991909888,8184799232,34339522257408,6611456,34339515645952,25021440,165863000,2462,165860538,3000,59206487,886,59205601,1138,106656513,1576,106654937,1870,100940035,121,100939914,237,34883650,71,34883579,138,66056385,50,66056335,117,417765034273792,184589824,417764849683968,1396042240,382702542372864,176521216,382702365851648,1392988160,35062491900928,8068608,35062483832320,20184064,-1,0,361,0,0,3,0,0,0,0,0,0,0,0,421446980877820,7021256616,421439959621204,8176189920,387119203858944,7014793216,387112189065728,8169017344,34327777018876,6463400,34327770555476,24870008,8673820672,8673820672,0,8673820672,8642363392,8642363392,0,8642363392,31457280,31457280,0,31457280,361,361,0,361,346,346,0,346,15,15,0,15,,,,,,,,,,,,,,,,,,,,,,,,,,,,,,,,,,,,,,,,,,,,,,,,,,,,,,,,,,,,,,,,,,,,,,,,,,,,,,,,,,,,,,,,,,,,,,,,,,,,,,,,,,,,,,,,,,,,,,,,,,,,,,,,,,,,,,,,,,,,,,,,,,,,,,,,,,,,,,
,2949,,,,,,,,,,,,,,,,,,,,,,,,,,,,,,,,,,,,,,,,,,,,,,,,,,,,,,,,,,,,,,,,,,,,,,,,,,,,,,,,,,,,,,,,,,,,,,,,,,,,,,,,,,,,,,,,,,,,,,,,,,,165875371,2466,165872905,3000,59210469,886,59209583,1138,106664902,1580,106663322,1870,425418642279936,7027517952,425411614761984,8192102912,391076181397504,7020904448,391069160493056,8184799232,34342460882432,6613504,34342454268928,25021440,425418642279936,7027517952,425411614761984,8192102912,391076181397504,7020904448,391069160493056,8184799232,34342460882432,6613504,34342454268928,25021440,165875371,2466,165872905,3000,59210469,886,59209583,1138,106664902,1580,106663322,1870,100947369,123,100947246,237,34885585,71,34885514,138,66061784,52,66061732,117,417793924485120,184587776,417793739897344,1396042240,382728431046656,176521216,382728254525440,1392988160,35065493438464,8066560,35065485371904,20184064,-1,0,361,0,0,3,0,0,0,0,0,0,0,0,421473924039183,7021256572,421466902782611,8176189920,387143209258240,7014793216,387136194465024,8169017344,34330714780943,6463356,34330708317587,24870008,8673820672,8673820672,0,8673820672,8642363392,8642363392,0,8642363392,31457280,31457280,0,31457280,361,361,0,361,346,346,0,346,15,15,0,15,,,,,,,,,,,,,,,,,,,,,,,,,,,,,,,,,,,,
2.423632091305807e-07,2949,,,,,,,,,,,,,,,,,,,,,,,,,,,,,,,,,,,,,,,,,,,,,,,,,,,,,,,,,,,,,,,,,,,,,,,,,,,,,,,,,,,,,,,,,,,,,,,,,,,,,,,,,,,,,,,,,,,,,,,,,,,,,,,,,,,,,,,,,,,,,,,,,,,,,,,,,,,,,,,,,,,,,,,,,,,,,,,,,,,,,,,,,,,,,,,,,,,,,,,,,,,,,,,,,,,,,,,,,,,,,,,,,,,,,,,,,,,,,,,,,,,,,,,,,,,,,,,,,,,,,,,,,,,,,,,,,,,,,,,,
,2949,165875384,2462,165872922,3000,59210469,886,59209583,1138,106664915,1576,106663339,1870,425418642294272,7027518976,425411614775296,8192102912,391076181397504,7020904448,391069160493056,8184799232,34342460896768,6614528,34342454282240,25021440,425418642294272,7027518976,425411614775296,8192102912,391076181397504,7020904448,391069160493056,8184799232,34342460896768,6614528,34342454282240,25021440,165875384,2462,165872922,3000,59210469,886,59209583,1138,106664915,1576,106663339,1870,100947383,123,100947260,237,34885585,71,34885514,138,66061798,52,66061746,117,417793924498432,184586752,417793739911680,1396042240,382728431046656,176521216,382728254525440,1392988160,35065493451776,8065536,35065485386240,20184064,-1,0,361,0,0,3,0,0,0,0,0,0,0,0,421473924047987,7021259172,421466902788815,8176189920,387143209258240,7014793216,387136194465024,8169017344,34330714789747,6465956,34330708323791,24870008,8673820672,8673820672,0,8673820672,8642363392,8642363392,0,8642363392,31457280,31457280,0,31457280,361,361,0,361,346,346,0,346,15,15,0,15,,,,,,,,,,,,,,,,,,,,,,,,,,,,,,,,,,,,,,,,,,,,,,,,,,,,,,,,,,,,,,,,,,,,,,,,,,,,,,,,,,,,,,,,,,,,,,,,,,,,,,,,,,,,,,,,,,,,,,,,,,,,,,,,,,,,,,,,,,,,,,,,,,,,,,,,,,,,,,
,2949,,,,,,,,,,,,,,,,,,,,,,,,,,,,,,,,,,,,,,,,,,,,,,,,,,,,,,,,,,,,,,,,,,,,,,,,,,,,,,,,,,,,,,,,,,,,,,,,,,,,,,,,,,,,,,,,,,,,,,,,,,,165888255,2466,165885789,3000,59214773,886,59213887,1138,106673482,1580,106671902,1870,425447746177024,7027521024,425440718656000,8192102912,391102325772288,7020904448,391095304867840,8184799232,34345420404736,6616576,34345413788160,25021440,425447746177024,7027521024,425440718656000,8192102912,391102325772288,7020904448,391095304867840,8184799232,34345420404736,6616576,34345413788160,25021440,165888255,2466,165885789,3000,59214773,886,59213887,1138,106673482,1580,106671902,1870,100955106,128,100954978,237,34887678,71,34887607,138,66067428,57,66067371,117,417824673717760,184584704,417824489133056,1396042240,382756134645760,176521216,382755958124544,1392988160,35068539072000,8063488,35068531008512,20184064,-1,0,361,0,0,3,0,0,0,0,0,0,0,0,421502875331676,7021259248,421495854072428,8176189920,387169201852416,7014793216,387162187059200,8169017344,34333673479260,6466032,34333667013228,24870008,8673820672,8673820672,0,8673820672,8642363392,8642363392,0,8642363392,31457280,31457280,0,31457280,361,361,0,361,346,346,0,346,15,15,0,15,,,,,,,,,,,,,,,,,,,,,,,,,,,,,,,,,,,,
,2949,,,,,,,,,,,,,,,,,,,,,,,,,,,,,,,,,,,,,,,,,,,,,,,,,,,,,,,,,,,,,,,,,,,,,,,,,,,,,,,,,,,,,,,,,,,,,,,,,,,,,,,,,,,,,,,,,,,,,,,,,,,,,,,,,,,,,,,,,,,,,,,,,,,,,,,,,,,,,,,,,,,,,,,,,,,,,,,,,,,,,,,,,,,,,,,,,,,,,,,,,,,,,,,,,,,,,,,,,,,,,,,,,,,,,,,,,,,,,,,,,,,,,8.082389831542969e-05,1.9482204152154736e-05,0.00037305697333067656,4,,,,,,,,,,,,,,,,,,,,,,,,,,,,,,,,
2.0879489761664987e-07,2999,,,,,,,,,,,,,,,,,,,,,,,,,,,,,,,,,,,,,,,,,,,,,,,,,,,,,,,,,,,,,,,,,,,,,,,,,,,,,,,,,,,,,,,,,,,,,,,,,,,,,,,,,,,,,,,,,,,,,,,,,,,,,,,,,,,,,,,,,,,,,,,,,,,,,,,,,,,,,,,,,,,,,,,,,,,,,,,,,,,,,,,,,,,,,,,,,,,,,,,,,,,,,,,,,,,,,,,,,,,,,,,,,,,,,,,,,,,,,,,,,,,,,,,,,,,,,,,,,,,,,,,,,,,,,,,,,,,,,,,,
,2999,170786890,2462,170784428,3000,60933924,886,60933038,1138,109852966,1576,109851390,1870,437629662700544,7032540672,437622630159872,8192102912,402238925832192,7025926144,402231899906048,8184799232,35390736868352,6614528,35390730253824,25021440,437629662700544,7032540672,437622630159872,8192102912,402238925832192,7025926144,402231899906048,8184799232,35390736868352,6614528,35390730253824,25021440,170786890,2462,170784428,3000,60933924,886,60933038,1138,109852966,1576,109851390,1870,103985366,114,103985252,237,35890707,77,35890630,138,68094659,37,68094622,117,430003639490048,215216640,430003424273408,1396042240,393871124033536,207151104,393870916882432,1392988160,36132515456512,8065536,36132507390976,20184064,-1,0,361,0,0,3,0,0,0,0,0,0,0,0,433574798775261,7021258260,433567777517001,8176189920,398196153237504,7014793216,398189138444288,8169017344,35378645537757,6465044,35378639072713,24870008,8673820672,8673820672,0,8673820672,8642363392,8642363392,0,8642363392,31457280,31457280,0,31457280,361,361,0,361,346,346,0,346,15,15,0,15,,,,,,,,,,,,,,,,,,,,,,,,,,,,,,,,,,,,,,,,,,,,,,,,,,,,,,,,,,,,,,,,,,,,,,,,,,,,,,,,,,,,,,,,,,,,,,,,,,,,,,,,,,,,,,,,,,,,,,,,,,,,,,,,,,,,,,,,,,,,,,,,,,,,,,,,,,,,,,
,2999,,,,,,,,,,,,,,,,,,,,,,,,,,,,,,,,,,,,,,,,,,,,,,,,,,,,,,,,,,,,,,,,,,,,,,,,,,,,,,,,,,,,,,,,,,,,,,,,,,,,,,,,,,,,,,,,,,,,,,,,,,,170799261,2466,170796795,3000,60937911,886,60937025,1138,109861350,1580,109859770,1870,437656667666432,7031059968,437649636606464,8192102912,402263091019776,7024443392,402256066576384,8184799232,35393576646656,6616576,35393570030080,25021440,437656667666432,7031059968,437649636606464,8192102912,402263091019776,7024443392,402256066576384,8184799232,35393576646656,6616576,35393570030080,25021440,170799261,2466,170796795,3000,60937911,886,60937025,1138,109861350,1580,109859770,1870,103993055,110,103992945,237,35892932,71,35892861,138,68100123,39,68100084,117,430031262294528,178948608,430031083345920,1396042240,393895882698752,172982272,393895709716480,1392988160,36135379595776,5966336,36135373629440,20184064,-1,0,361,0,0,3,0,0,0,0,0,0,0,0,433601590656260,7021258276,433594569397984,8176189920,398220106248960,7014793216,398213091455744,8169017344,35381484407300,6465060,35381477942240,24870008,8673820672,8673820672,0,8673820672,8642363392,8642363392,0,8642363392,31457280,31457280,0,31457280,361,361,0,361,346,346,0,346,15,15,0,15,,,,,,,,,,,,,,,,,,,,,,,,,,,,,,,,,,,,
2.0879489761664987e-07,2999,,,,,,,,,,,,,,,,,,,,,,,,,,,,,,,,,,,,,,,,,,,,,,,,,,,,,,,,,,,,,,,,,,,,,,,,,,,,,,,,,,,,,,,,,,,,,,,,,,,,,,,,,,,,,,,,,,,,,,,,,,,,,,,,,,,,,,,,,,,,,,,,,,,,,,,,,,,,,,,,,,,,,,,,,,,,,,,,,,,,,,,,,,,,,,,,,,,,,,,,,,,,,,,,,,,,,,,,,,,,,,,,,,,,,,,,,,,,,,,,,,,,,,,,,,,,,,,,,,,,,,,,,,,,,,,,,,,,,,,,
,2999,170799274,2462,170796812,3000,60937911,886,60937025,1138,109861363,1576,109859787,1870,437656667683840,7031060992,437649636622848,8192102912,402263091019776,7024443392,402256066576384,8184799232,35393576664064,6617600,35393570046464,25021440,437656667683840,7031060992,437649636622848,8192102912,402263091019776,7024443392,402256066576384,8184799232,35393576664064,6617600,35393570046464,25021440,170799274,2462,170796812,3000,60937911,886,60937025,1138,109861363,1576,109859787,1870,103993064,105,103992959,237,35892932,71,35892861,138,68100132,34,68100098,117,430031262310912,178947584,430031083363328,1396042240,393895882698752,172982272,393895709716480,1392988160,36135379612160,5965312,36135373646848,20184064,-1,0,361,0,0,3,0,0,0,0,0,0,0,0,433601590668568,7021262676,433594569405892,8176189920,398220106248960,7014793216,398213091455744,8169017344,35381484419608,6469460,35381477950148,24870008,8673820672,8673820672,0,8673820672,8642363392,8642363392,0,8642363392,31457280,31457280,0,31457280,361,361,0,361,346,346,0,346,15,15,0,15,,,,,,,,,,,,,,,,,,,,,,,,,,,,,,,,,,,,,,,,,,,,,,,,,,,,,,,,,,,,,,,,,,,,,,,,,,,,,,,,,,,,,,,,,,,,,,,,,,,,,,,,,,,,,,,,,,,,,,,,,,,,,,,,,,,,,,,,,,,,,,,,,,,,,,,,,,,,,,
,2999,,,,,,,,,,,,,,,,,,,,,,,,,,,,,,,,,,,,,,,,,,,,,,,,,,,,,,,,,,,,,,,,,,,,,,,,,,,,,,,,,,,,,,,,,,,,,,,,,,,,,,,,,,,,,,,,,,,,,,,,,,,170811596,2466,170809130,3000,60941994,886,60941108,1138,109869602,1580,109868022,1870,437684246471168,7031063040,437677215408128,8192102912,402287699021824,7024443392,402280674578432,8184799232,35396547449344,6619648,35396540829696,25021440,437684246471168,7031063040,437677215408128,8192102912,402287699021824,7024443392,402280674578432,8184799232,35396547449344,6619648,35396540829696,25021440,170811596,2466,170809130,3000,60941994,886,60941108,1138,109869602,1580,109868022,1870,104000869,106,104000763,237,35895230,71,35895159,138,68105639,35,68105604,117,430061038086144,178945536,430060859140608,1396042240,393922585518080,172982272,393922412535808,1392988160,36138452568064,5963264,36138446604800,20184064,-1,0,361,0,0,3,0,0,0,0,0,0,0,0,433628819647271,7021262752,433621798384519,8176189920,398244365248000,7014793216,398237350454784,8169017344,35384454399271,6469536,35384447929735,24870008,8673820672,8673820672,0,8673820672,8642363392,8642363392,0,8642363392,31457280,31457280,0,31457280,361,361,0,361,346,346,0,346,15,15,0,15,,,,,,,,,,,,,,,,,,,,,,,,,,,,,,,,,,,,
2.0879489761664987e-07,2999,,,,,,,,,,,,,,,,,,,,,,,,,,,,,,,,,,,,,,,,,,,,,,,,,,,,,,,,,,,,,,,,,,,,,,,,,,,,,,,,,,,,,,,,,,,,,,,,,,,,,,,,,,,,,,,,,,,,,,,,,,,,,,,,,,,,,,,,,,,,,,,,,,,,,,,,,,,,,,,,,,,,,,,,,,,,,,,,,,,,,,,,,,,,,,,,,,,,,,,,,,,,,,,,,,,,,,,,,,,,,,,,,,,,,,,,,,,,,,,,,,,,,,,,,,,,,,,,,,,,,,,,,,,,,,,,,,,,,,,,
,2999,170811609,2462,170809147,3000,60941994,886,60941108,1138,109869615,1576,109868039,1870,437684246483968,7031056384,437677215427584,8192102912,402287699021824,7024443392,402280674578432,8184799232,35396547462144,6612992,35396540849152,25021440,437684246483968,7031056384,437677215427584,8192102912,402287699021824,7024443392,402280674578432,8184799232,35396547462144,6612992,35396540849152,25021440,170811609,2462,170809147,3000,60941994,886,60941108,1138,109869615,1576,109868039,1870,104000881,104,104000777,237,35895230,71,35895159,138,68105651,33,68105618,117,430061038105600,178952192,430060859153408,1396042240,393922585518080,172982272,393922412535808,1392988160,36138452587520,5969920,36138446617600,20184064,-1,0,361,0,0,3,0,0,0,0,0,0,0,0,433628819653747,7021256904,433621798396843,8176189920,398244365248000,7014793216,398237350454784,8169017344,35384454405747,6463688,35384447942059,24870008,8673820672,8673820672,0,8673820672,8642363392,8642363392,0,8642363392,31457280,31457280,0,31457280,361,361,0,361,346,346,0,346,15,15,0,15,,,,,,,,,,,,,,,,,,,,,,,,,,,,,,,,,,,,,,,,,,,,,,,,,,,,,,,,,,,,,,,,,,,,,,,,,,,,,,,,,,,,,,,,,,,,,,,,,,,,,,,,,,,,,,,,,,,,,,,,,,,,,,,,,,,,,,,,,,,,,,,,,,,,,,,,,,,,,,
,2999,,,,,,,,,,,,,,,,,,,,,,,,,,,,,,,,,,,,,,,,,,,,,,,,,,,,,,,,,,,,,,,,,,,,,,,,,,,,,,,,,,,,,,,,,,,,,,,,,,,,,,,,,,,,,,,,,,,,,,,,,,,170823931,2466,170821465,3000,60945981,886,60945095,1138,109877950,1580,109876370,1870,437711309888512,7031058432,437704278830080,8192102912,402311985258496,7024443392,402304960815104,8184799232,35399324630016,6615040,35399318014976,25021440,437711309888512,7031058432,437704278830080,8192102912,402311985258496,7024443392,402304960815104,8184799232,35399324630016,6615040,35399318014976,25021440,170823931,2466,170821465,3000,60945981,886,60945095,1138,109877950,1580,109876370,1870,104008161,108,104008053,237,35897389,71,35897318,138,68110772,37,68110735,117,430090210620416,178950144,430090031670272,1396042240,393948963368960,172982272,393948790386688,1392988160,36141247251456,5967872,36141241283584,20184064,-1,0,361,0,0,3,0,0,0,0,0,0,0,0,433655508388946,7021256920,433648487132026,8176189920,398268277729536,7014793216,398261262936320,8169017344,35387230659410,6463704,35387224195706,24870008,8673820672,8673820672,0,8673820672,8642363392,8642363392,0,8642363392,31457280,31457280,0,31457280,361,361,0,361,346,346,0,346,15,15,0,15,,,,,,,,,,,,,,,,,,,,,,,,,,,,,,,,,,,,
2.0879489761664987e-07,2999,,,,,,,,,,,,,,,,,,,,,,,,,,,,,,,,,,,,,,,,,,,,,,,,,,,,,,,,,,,,,,,,,,,,,,,,,,,,,,,,,,,,,,,,,,,,,,,,,,,,,,,,,,,,,,,,,,,,,,,,,,,,,,,,,,,,,,,,,,,,,,,,,,,,,,,,,,,,,,,,,,,,,,,,,,,,,,,,,,,,,,,,,,,,,,,,,,,,,,,,,,,,,,,,,,,,,,,,,,,,,,,,,,,,,,,,,,,,,,,,,,,,,,,,,,,,,,,,,,,,,,,,,,,,,,,,,,,,,,,,
,2999,170823944,2462,170821482,3000,60945981,886,60945095,1138,109877963,1576,109876387,1870,437711309899776,7031054848,437704278844928,8192102912,402311985258496,7024443392,402304960815104,8184799232,35399324641280,6611456,35399318029824,25021440,437711309899776,7031054848,437704278844928,8192102912,402311985258496,7024443392,402304960815104,8184799232,35399324641280,6611456,35399318029824,25021440,170823944,2462,170821482,3000,60945981,886,60945095,1138,109877963,1576,109876387,1870,104008173,106,104008067,237,35897389,71,35897318,138,68110784,35,68110749,117,430090210635264,178953728,430090031681536,1396042240,393948963368960,172982272,393948790386688,1392988160,36141247266304,5971456,36141241294848,20184064,-1,0,361,0,0,3,0,0,0,0,0,0,0,0,433655508394558,7021256040,433648487138518,8176189920,398268277729536,7014793216,398261262936320,8169017344,35387230665022,6462824,35387224202198,24870008,8673820672,8673820672,0,8673820672,8642363392,8642363392,0,8642363392,31457280,31457280,0,31457280,361,361,0,361,346,346,0,346,15,15,0,15,,,,,,,,,,,,,,,,,,,,,,,,,,,,,,,,,,,,,,,,,,,,,,,,,,,,,,,,,,,,,,,,,,,,,,,,,,,,,,,,,,,,,,,,,,,,,,,,,,,,,,,,,,,,,,,,,,,,,,,,,,,,,,,,,,,,,,,,,,,,,,,,,,,,,,,,,,,,,,
,2999,,,,,,,,,,,,,,,,,,,,,,,,,,,,,,,,,,,,,,,,,,,,,,,,,,,,,,,,,,,,,,,,,,,,,,,,,,,,,,,,,,,,,,,,,,,,,,,,,,,,,,,,,,,,,,,,,,,,,,,,,,,170836315,2466,170833849,3000,60949963,886,60949077,1138,109886352,1580,109884772,1870,437738540749824,7031056896,437731509692928,8192102912,402336309260288,7024443392,402329284816896,8184799232,35402231489536,6613504,35402224876032,25021440,437738540749824,7031056896,437731509692928,8192102912,402336309260288,7024443392,402329284816896,8184799232,35402231489536,6613504,35402224876032,25021440,170836315,2466,170833849,3000,60949963,886,60949077,1138,109886352,1580,109884772,1870,104015491,108,104015383,237,35899549,71,35899478,138,68115942,37,68115905,117,430119535047168,178951680,430119356095488,1396042240,393975365156864,172982272,393975192174592,1392988160,36144169890304,5969408,36144163920896,20184064,-1,0,361,0,0,3,0,0,0,0,0,0,0,0,433682400103077,7021255996,433675378847081,8176189920,398292263468032,7014793216,398285248674816,8169017344,35390136635045,6462780,35390130172265,24870008,8673820672,8673820672,0,8673820672,8642363392,8642363392,0,8642363392,31457280,31457280,0,31457280,361,361,0,361,346,346,0,346,15,15,0,15,,,,,,,,,,,,,,,,,,,,,,,,,,,,,,,,,,,,
2.0879489761664987e-07,2999,,,,,,,,,,,,,,,,,,,,,,,,,,,,,,,,,,,,,,,,,,,,,,,,,,,,,,,,,,,,,,,,,,,,,,,,,,,,,,,,,,,,,,,,,,,,,,,,,,,,,,,,,,,,,,,,,,,,,,,,,,,,,,,,,,,,,,,,,,,,,,,,,,,,,,,,,,,,,,,,,,,,,,,,,,,,,,,,,,,,,,,,,,,,,,,,,,,,,,,,,,,,,,,,,,,,,,,,,,,,,,,,,,,,,,,,,,,,,,,,,,,,,,,,,,,,,,,,,,,,,,,,,,,,,,,,,,,,,,,,
,2999,170836328,2462,170833866,3000,60949963,886,60949077,1138,109886365,1576,109884789,1870,437738540765696,7031059456,437731509706240,8192102912,402336309260288,7024443392,402329284816896,8184799232,35402231505408,6616064,35402224889344,25021440,437738540765696,7031059456,437731509706240,8192102912,402336309260288,7024443392,402329284816896,8184799232,35402231505408,6616064,35402224889344,25021440,170836328,2462,170833866,3000,60949963,886,60949077,1138,109886365,1576,109884789,1870,104015504,110,104015394,237,35899549,71,35899478,138,68115955,39,68115916,117,430119535060480,178949120,430119356111360,1396042240,393975365156864,172982272,393975192174592,1392988160,36144169903616,5966848,36144163936768,20184064,-1,0,361,0,0,3,0,0,0,0,0,0,0,0,433682400113513,7021260804,433675378852709,8176189920,398292263468032,7014793216,398285248674816,8169017344,35390136645481,6467588,35390130177893,24870008,8673820672,8673820672,0,8673820672,8642363392,8642363392,0,8642363392,31457280,31457280,0,31457280,361,361,0,361,346,346,0,346,15,15,0,15,,,,,,,,,,,,,,,,,,,,,,,,,,,,,,,,,,,,,,,,,,,,,,,,,,,,,,,,,,,,,,,,,,,,,,,,,,,,,,,,,,,,,,,,,,,,,,,,,,,,,,,,,,,,,,,,,,,,,,,,,,,,,,,,,,,,,,,,,,,,,,,,,,,,,,,,,,,,,,
,2999,,,,,,,,,,,,,,,,,,,,,,,,,,,,,,,,,,,,,,,,,,,,,,,,,,,,,,,,,,,,,,,,,,,,,,,,,,,,,,,,,,,,,,,,,,,,,,,,,,,,,,,,,,,,,,,,,,,,,,,,,,,170848650,2466,170846184,3000,60954046,886,60953160,1138,109894604,1580,109893024,1870,437766057193984,7031061504,437759026132480,8192102912,402360892481536,7024443392,402353868038144,8184799232,35405164712448,6618112,35405158094336,25021440,437766057193984,7031061504,437759026132480,8192102912,402360892481536,7024443392,402353868038144,8184799232,35405164712448,6618112,35405158094336,25021440,170848650,2466,170846184,3000,60954046,886,60953160,1138,109894604,1580,109893024,1870,104023466,114,104023352,237,35901845,71,35901774,138,68121621,43,68121578,117,430149218549248,178947072,430149039602176,1396042240,394002021068800,172982272,394001848086528,1392988160,36147197480448,5964800,36147191515648,20184064,-1,0,361,0,0,3,0,0,0,0,0,0,0,0,433709550985959,7021260880,433702529725079,8176189920,398316481961728,7014793216,398309467168512,8169017344,35393069024231,6467664,35393062556567,24870008,8673820672,8673820672,0,8673820672,8642363392,8642363392,0,8642363392,31457280,31457280,0,31457280,361,361,0,361,346,346,0,346,15,15,0,15,,,,,,,,,,,,,,,,,,,,,,,,,,,,,,,,,,,,
2.0879489761664987e-07,2999,,,,,,,,,,,,,,,,,,,,,,,,,,,,,,,,,,,,,,,,,,,,,,,,,,,,,,,,,,,,,,,,,,,,,,,,,,,,,,,,,,,,,,,,,,,,,,,,,,,,,,,,,,,,,,,,,,,,,,,,,,,,,,,,,,,,,,,,,,,,,,,,,,,,,,,,,,,,,,,,,,,,,,,,,,,,,,,,,,,,,,,,,,,,,,,,,,,,,,,,,,,,,,,,,,,,,,,,,,,,,,,,,,,,,,,,,,,,,,,,,,,,,,,,,,,,,,,,,,,,,,,,,,,,,,,,,,,,,,,,
,2999,170848663,2462,170846201,3000,60954046,886,60953160,1138,109894617,1576,109893041,1870,437766057206784,7031056384,437759026150400,8192102912,402360892481536,7024443392,402353868038144,8184799232,35405164725248,6612992,35405158112256,25021440,437766057206784,7031056384,437759026150400,8192102912,402360892481536,7024443392,402353868038144,8184799232,35405164725248,6612992,35405158112256,25021440,170848663,2462,170846201,3000,60954046,886,60953160,1138,109894617,1576,109893041,1870,104023475,109,104023366,237,35901845,71,35901774,138,68121630,38,68121592,117,430149218567168,178952192,430149039614976,1396042240,394002021068800,172982272,394001848086528,1392988160,36147197498368,5969920,36147191528448,20184064,-1,0,361,0,0,3,0,0,0,0,0,0,0,0,433709550993755,7021258224,433702529735531,8176189920,398316481961728,7014793216,398309467168512,8169017344,35393069032027,6465008,35393062567019,24870008,8673820672,8673820672,0,8673820672,8642363392,8642363392,0,8642363392,31457280,31457280,0,31457280,361,361,0,361,346,346,0,346,15,15,0,15,,,,,,,,,,,,,,,,,,,,,,,,,,,,,,,,,,,,,,,,,,,,,,,,,,,,,,,,,,,,,,,,,,,,,,,,,,,,,,,,,,,,,,,,,,,,,,,,,,,,,,,,,,,,,,,,,,,,,,,,,,,,,,,,,,,,,,,,,,,,,,,,,,,,,,,,,,,,,,
,2999,,,,,,,,,,,,,,,,,,,,,,,,,,,,,,,,,,,,,,,,,,,,,,,,,,,,,,,,,,,,,,,,,,,,,,,,,,,,,,,,,,,,,,,,,,,,,,,,,,,,,,,,,,,,,,,,,,,,,,,,,,,170860985,2466,170858519,3000,60958033,886,60957147,1138,109902952,1580,109901372,1870,437793230987264,7031058432,437786199928832,8192102912,402385210757120,7024443392,402378186313728,8184799232,35408020230144,6615040,35408013615104,25021440,437793230987264,7031058432,437786199928832,8192102912,402385210757120,7024443392,402378186313728,8184799232,35408020230144,6615040,35408013615104,25021440,170860985,2466,170858519,3000,60958033,886,60957147,1138,109902952,1580,109901372,1870,104030785,108,104030677,237,35904010,71,35903939,138,68126775,37,68126738,117,430178549241856,178950144,430178370291712,1396042240,394028422316032,172982272,394028249333760,1392988160,36150126925824,5967872,36150120957952,20184064,-1,0,361,0,0,3,0,0,0,0,0,0,0,0,433736368321701,7021258240,433729347063461,8176189920,398340444660224,7014793216,398333429867008,8169017344,35395923661477,6465024,35395917196453,24870008,8673820672,8673820672,0,8673820672,8642363392,8642363392,0,8642363392,31457280,31457280,0,31457280,361,361,0,361,346,346,0,346,15,15,0,15,,,,,,,,,,,,,,,,,,,,,,,,,,,,,,,,,,,,
2.0879489761664987e-07,2999,,,,,,,,,,,,,,,,,,,,,,,,,,,,,,,,,,,,,,,,,,,,,,,,,,,,,,,,,,,,,,,,,,,,,,,,,,,,,,,,,,,,,,,,,,,,,,,,,,,,,,,,,,,,,,,,,,,,,,,,,,,,,,,,,,,,,,,,,,,,,,,,,,,,,,,,,,,,,,,,,,,,,,,,,,,,,,,,,,,,,,,,,,,,,,,,,,,,,,,,,,,,,,,,,,,,,,,,,,,,,,,,,,,,,,,,,,,,,,,,,,,,,,,,,,,,,,,,,,,,,,,,,,,,,,,,,,,,,,,,
,2999,170860998,2462,170858536,3000,60958033,886,60957147,1138,109902965,1576,109901389,1870,437793231000064,7031056384,437786199943680,8192102912,402385210757120,7024443392,402378186313728,8184799232,35408020242944,6612992,35408013629952,25021440,437793231000064,7031056384,437786199943680,8192102912,402385210757120,7024443392,402378186313728,8184799232,35408020242944,6612992,35408013629952,25021440,170860998,2462,170858536,3000,60958033,886,60957147,1138,109902965,1576,109901389,1870,104030797,107,104030690,237,35904010,71,35903939,138,68126787,36,68126751,117,430178549256704,178952192,430178370304512,1396042240,394028422316032,172982272,394028249333760,1392988160,36150126940672,5969920,36150120970752,20184064,-1,0,361,0,0,3,0,0,0,0,0,0,0,0,433736368328537,7021257264,433729347071273,8176189920,398340444660224,7014793216,398333429867008,8169017344,35395923668313,6464048,35395917204265,24870008,8673820672,8673820672,0,8673820672,8642363392,8642363392,0,8642363392,31457280,31457280,0,31457280,361,361,0,361,346,346,0,346,15,15,0,15,,,,,,,,,,,,,,,,,,,,,,,,,,,,,,,,,,,,,,,,,,,,,,,,,,,,,,,,,,,,,,,,,,,,,,,,,,,,,,,,,,,,,,,,,,,,,,,,,,,,,,,,,,,,,,,,,,,,,,,,,,,,,,,,,,,,,,,,,,,,,,,,,,,,,,,,,,,,,,
,2999,,,,,,,,,,,,,,,,,,,,,,,,,,,,,,,,,,,,,,,,,,,,,,,,,,,,,,,,,,,,,,,,,,,,,,,,,,,,,,,,,,,,,,,,,,,,,,,,,,,,,,,,,,,,,,,,,,,,,,,,,,,170873369,2466,170870903,3000,60962020,886,60961134,1138,109911349,1580,109909769,1870,437820422961152,7031058432,437813391902720,8192102912,402409531596800,7024443392,402402507153408,8184799232,35410891364352,6615040,35410884749312,25021440,437820422961152,7031058432,437813391902720,8192102912,402409531596800,7024443392,402402507153408,8184799232,35410891364352,6615040,35410884749312,25021440,170873369,2466,170870903,3000,60962020,886,60961134,1138,109911349,1580,109909769,1870,104038460,109,104038351,237,35906175,71,35906104,138,68132285,38,68132247,117,430207891664896,178950144,430207712714752,1396042240,394054824398848,172982272,394054651416576,1392988160,36153067266048,5967872,36153061298176,20184064,-1,0,361,0,0,3,0,0,0,0,0,0,0,0,433763210266639,7021257220,433756189009419,8176189920,398364416369920,7014793216,398357401576704,8169017344,35398793896719,6464004,35398787432715,24870008,8673820672,8673820672,0,8673820672,8642363392,8642363392,0,8642363392,31457280,31457280,0,31457280,361,361,0,361,346,346,0,346,15,15,0,15,,,,,,,,,,,,,,,,,,,,,,,,,,,,,,,,,,,,
2.0879489761664987e-07,2999,,,,,,,,,,,,,,,,,,,,,,,,,,,,,,,,,,,,,,,,,,,,,,,,,,,,,,,,,,,,,,,,,,,,,,,,,,,,,,,,,,,,,,,,,,,,,,,,,,,,,,,,,,,,,,,,,,,,,,,,,,,,,,,,,,,,,,,,,,,,,,,,,,,,,,,,,,,,,,,,,,,,,,,,,,,,,,,,,,,,,,,,,,,,,,,,,,,,,,,,,,,,,,,,,,,,,,,,,,,,,,,,,,,,,,,,,,,,,,,,,,,,,,,,,,,,,,,,,,,,,,,,,,,,,,,,,,,,,,,,
,2999,170873382,2462,170870920,3000,60962020,886,60961134,1138,109911362,1576,109909786,1870,437820422984704,7031067136,437813391917568,8192102912,402409531596800,7024443392,402402507153408,8184799232,35410891387904,6623744,35410884764160,25021440,437820422984704,7031067136,437813391917568,8192102912,402409531596800,7024443392,402402507153408,8184799232,35410891387904,6623744,35410884764160,25021440,170873382,2462,170870920,3000,60962020,886,60961134,1138,109911362,1576,109909786,1870,104038472,109,104038363,237,35906175,71,35906104,138,68132297,38,68132259,117,430207891679744,178941440,430207712738304,1396042240,394054824398848,172982272,394054651416576,1392988160,36153067280896,5959168,36153061321728,20184064,-1,0,361,0,0,3,0,0,0,0,0,0,0,0,433763210284611,7021268340,433756189016271,8176189920,398364416369920,7014793216,398357401576704,8169017344,35398793914691,6475124,35398787439567,24870008,8673820672,8673820672,0,8673820672,8642363392,8642363392,0,8642363392,31457280,31457280,0,31457280,361,361,0,361,346,346,0,346,15,15,0,15,,,,,,,,,,,,,,,,,,,,,,,,,,,,,,,,,,,,,,,,,,,,,,,,,,,,,,,,,,,,,,,,,,,,,,,,,,,,,,,,,,,,,,,,,,,,,,,,,,,,,,,,,,,,,,,,,,,,,,,,,,,,,,,,,,,,,,,,,,,,,,,,,,,,,,,,,,,,,,
,2999,,,,,,,,,,,,,,,,,,,,,,,,,,,,,,,,,,,,,,,,,,,,,,,,,,,,,,,,,,,,,,,,,,,,,,,,,,,,,,,,,,,,,,,,,,,,,,,,,,,,,,,,,,,,,,,,,,,,,,,,,,,170886854,2466,170884388,3000,60968532,886,60967646,1138,109918322,1580,109916742,1870,437876419842560,7031069184,437869388773376,8192102912,402464151281664,7024443392,402457126838272,8184799232,35412268560896,6625792,35412261935104,25021440,437876419842560,7031069184,437869388773376,8192102912,402464151281664,7024443392,402457126838272,8184799232,35412268560896,6625792,35412261935104,25021440,170886854,2466,170884388,3000,60968532,886,60967646,1138,109918322,1580,109916742,1870,104047026,115,104046911,237,35910320,71,35910249,138,68136706,44,68136662,117,430259913891840,178939392,430259734952448,1396042240,394105469440000,172982272,394105296457728,1392988160,36154444451840,5957120,36154438494720,20184064,-1,0,361,0,0,3,0,0,0,0,0,0,0,0,433818888169462,7021268356,433811866901106,8176189920,398418718025728,7014793216,398411703232512,8169017344,35400170143734,6475140,35400163668594,24870008,8673820672,8673820672,0,8673820672,8642363392,8642363392,0,8642363392,31457280,31457280,0,31457280,361,361,0,361,346,346,0,346,15,15,0,15,,,,,,,,,,,,,,,,,,,,,,,,,,,,,,,,,,,,
,2999,,,,,,,,,,,,,,,,,,,,,,,,,,,,,,,,,,,,,,,,,,,,,,,,,,,,,,,,,,,,,,,,,,,,,,,,,,,,,,,,,,,,,,,,,,,,,,,,,,,,,,,,,,,,,,,,,,,,,,,,,,,,,,,,,,,,,,,,,,,,,,,,,,,,,,,,,,,,,,,,,,,,,,,,,,,,,,,,,,,,,,,,,,,,,,,,,,,,,,,,,,,,,,,,,,,,,,,,,,,,,,,,,,,,,,,,,,,,,,,,,,,,,1.5735626220703125e-05,0.002611637581139803,0.039190299808979034,4,,,,,,,,,,,,,,,,,,,,,,,,,,,,,,,,
1.7522658610271904e-07,3049,,,,,,,,,,,,,,,,,,,,,,,,,,,,,,,,,,,,,,,,,,,,,,,,,,,,,,,,,,,,,,,,,,,,,,,,,,,,,,,,,,,,,,,,,,,,,,,,,,,,,,,,,,,,,,,,,,,,,,,,,,,,,,,,,,,,,,,,,,,,,,,,,,,,,,,,,,,,,,,,,,,,,,,,,,,,,,,,,,,,,,,,,,,,,,,,,,,,,,,,,,,,,,,,,,,,,,,,,,,,,,,,,,,,,,,,,,,,,,,,,,,,,,,,,,,,,,,,,,,,,,,,,,,,,,,,,,,,,,,,
,3049,175787929,2462,175785467,3000,62697816,886,62696930,1138,113090113,1576,113088537,1870,450024229640704,7031238144,450017198402560,8192102912,413572753920000,7024623616,413565729296384,8184799232,36451475720704,6614528,36451469106176,25021440,450024229640704,7031238144,450017198402560,8192102912,413572753920000,7024623616,413565729296384,8184799232,36451475720704,6614528,36451469106176,25021440,175787929,2462,175785467,3000,62697816,886,62696930,1138,113090113,1576,113088537,1870,107041384,124,107041260,237,36924625,71,36924554,138,70116759,53,70116706,117,442562124744704,218616320,442561906128384,1396042240,405350860320768,208453632,405350651867136,1392988160,37211264423936,10162688,37211254261248,20184064,-1,0,361,0,0,3,0,0,0,0,0,0,0,0,445850197254418,7021258512,445843175995906,8176189920,409411164773376,7014793216,409404149980160,8169017344,36439032481042,6465296,36439026015746,24870008,8673820672,8673820672,0,8673820672,8642363392,8642363392,0,8642363392,31457280,31457280,0,31457280,361,361,0,361,346,346,0,346,15,15,0,15,,,,,,,,,,,,,,,,,,,,,,,,,,,,,,,,,,,,,,,,,,,,,,,,,,,,,,,,,,,,,,,,,,,,,,,,,,,,,,,,,,,,,,,,,,,,,,,,,,,,,,,,,,,,,,,,,,,,,,,,,,,,,,,,,,,,,,,,,,,,,,,,,,,,,,,,,,,,,,
,3049,,,,,,,,,,,,,,,,,,,,,,,,,,,,,,,,,,,,,,,,,,,,,,,,,,,,,,,,,,,,,,,,,,,,,,,,,,,,,,,,,,,,,,,,,,,,,,,,,,,,,,,,,,,,,,,,,,,,,,,,,,,175800251,2466,175797785,3000,62701803,886,62700917,1138,113098448,1580,113096868,1870,450051249253376,7028659712,450044220593664,8192102912,413596933644288,7022043136,413589911601152,8184799232,36454315609088,6616576,36454308992512,25021440,450051249253376,7028659712,450044220593664,8192102912,413596933644288,7022043136,413589911601152,8184799232,36454315609088,6616576,36454308992512,25021440,175800251,2466,175797785,3000,62701803,886,62700917,1138,113098448,1580,113096868,1870,107048875,108,107048767,237,36926849,70,36926779,138,70122026,38,70121988,117,442589189648896,181348864,442589008300032,1396042240,405375081160704,175382528,405374905778176,1392988160,37214108488192,5966336,37214102521856,20184064,-1,0,361,0,0,3,0,0,0,0,0,0,0,0,445876989372572,7021258528,445869968114044,8176189920,409435117887232,7014793216,409428103094016,8169017344,36441871485340,6465312,36441865020028,24870008,8673820672,8673820672,0,8673820672,8642363392,8642363392,0,8642363392,31457280,31457280,0,31457280,361,361,0,361,346,346,0,346,15,15,0,15,,,,,,,,,,,,,,,,,,,,,,,,,,,,,,,,,,,,
1.7522658610271904e-07,3049,,,,,,,,,,,,,,,,,,,,,,,,,,,,,,,,,,,,,,,,,,,,,,,,,,,,,,,,,,,,,,,,,,,,,,,,,,,,,,,,,,,,,,,,,,,,,,,,,,,,,,,,,,,,,,,,,,,,,,,,,,,,,,,,,,,,,,,,,,,,,,,,,,,,,,,,,,,,,,,,,,,,,,,,,,,,,,,,,,,,,,,,,,,,,,,,,,,,,,,,,,,,,,,,,,,,,,,,,,,,,,,,,,,,,,,,,,,,,,,,,,,,,,,,,,,,,,,,,,,,,,,,,,,,,,,,,,,,,,,,
,3049,175800264,2462,175797802,3000,62701803,886,62700917,1138,113098461,1576,113096885,1870,450051249269248,7028659200,450044220610048,8192102912,413596933644288,7022043136,413589911601152,8184799232,36454315624960,6616064,36454309008896,25021440,450051249269248,7028659200,450044220610048,8192102912,413596933644288,7022043136,413589911601152,8184799232,36454315624960,6616064,36454309008896,25021440,175800264,2462,175797802,3000,62701803,886,62700917,1138,113098461,1576,113096885,1870,107048882,103,107048779,237,36926849,70,36926779,138,70122033,33,70122000,117,442589189665280,181349376,442589008315904,1396042240,405375081160704,175382528,405374905778176,1392988160,37214108504576,5966848,37214102537728,20184064,-1,0,361,0,0,3,0,0,0,0,0,0,0,0,445876989382360,7021260216,445869968122144,8176189920,409435117887232,7014793216,409428103094016,8169017344,36441871495128,6467000,36441865028128,24870008,8673820672,8673820672,0,8673820672,8642363392,8642363392,0,8642363392,31457280,31457280,0,31457280,361,361,0,361,346,346,0,346,15,15,0,15,,,,,,,,,,,,,,,,,,,,,,,,,,,,,,,,,,,,,,,,,,,,,,,,,,,,,,,,,,,,,,,,,,,,,,,,,,,,,,,,,,,,,,,,,,,,,,,,,,,,,,,,,,,,,,,,,,,,,,,,,,,,,,,,,,,,,,,,,,,,,,,,,,,,,,,,,,,,,,
,3049,,,,,,,,,,,,,,,,,,,,,,,,,,,,,,,,,,,,,,,,,,,,,,,,,,,,,,,,,,,,,,,,,,,,,,,,,,,,,,,,,,,,,,,,,,,,,,,,,,,,,,,,,,,,,,,,,,,,,,,,,,,175812635,2466,175810169,3000,62705790,886,62704904,1138,113106845,1580,113105265,1870,450078330015744,7028661248,450071301354496,8192102912,413621127467008,7022043136,413614105423872,8184799232,36457202548736,6618112,36457195930624,25021440,450078330015744,7028661248,450071301354496,8192102912,413621127467008,7022043136,413614105423872,8184799232,36457202548736,6618112,36457195930624,25021440,175812635,2466,175810169,3000,62705790,886,62704904,1138,113106845,1580,113105265,1870,107056548,104,107056444,237,36929067,70,36928997,138,70127481,34,70127447,117,442618699317248,181347328,442618517969920,1396042240,405401595113472,175382528,405401419730944,1392988160,37217104203776,5964800,37217098238976,20184064,-1,0,361,0,0,3,0,0,0,0,0,0,0,0,445903859459227,7021260172,445896838199055,8176189920,409459101925888,7014793216,409452087132672,8169017344,36444757533339,6466956,36444751066383,24870008,8673820672,8673820672,0,8673820672,8642363392,8642363392,0,8642363392,31457280,31457280,0,31457280,361,361,0,361,346,346,0,346,15,15,0,15,,,,,,,,,,,,,,,,,,,,,,,,,,,,,,,,,,,,
1.7522658610271904e-07,3049,,,,,,,,,,,,,,,,,,,,,,,,,,,,,,,,,,,,,,,,,,,,,,,,,,,,,,,,,,,,,,,,,,,,,,,,,,,,,,,,,,,,,,,,,,,,,,,,,,,,,,,,,,,,,,,,,,,,,,,,,,,,,,,,,,,,,,,,,,,,,,,,,,,,,,,,,,,,,,,,,,,,,,,,,,,,,,,,,,,,,,,,,,,,,,,,,,,,,,,,,,,,,,,,,,,,,,,,,,,,,,,,,,,,,,,,,,,,,,,,,,,,,,,,,,,,,,,,,,,,,,,,,,,,,,,,,,,,,,,,
,3049,175812648,2462,175810186,3000,62705790,886,62704904,1138,113106858,1576,113105282,1870,450078330028544,7028656128,450071301372416,8192102912,413621127467008,7022043136,413614105423872,8184799232,36457202561536,6612992,36457195948544,25021440,450078330028544,7028656128,450071301372416,8192102912,413621127467008,7022043136,413614105423872,8184799232,36457202561536,6612992,36457195948544,25021440,175812648,2462,175810186,3000,62705790,886,62704904,1138,113106858,1576,113105282,1870,107056560,104,107056456,237,36929067,70,36928997,138,70127493,34,70127459,117,442618699335168,181352448,442618517982720,1396042240,405401595113472,175382528,405401419730944,1392988160,37217104221696,5969920,37217098251776,20184064,-1,0,361,0,0,3,0,0,0,0,0,0,0,0,445903859466279,7021257420,445896838208859,8176189920,409459101925888,7014793216,409452087132672,8169017344,36444757540391,6464204,36444751076187,24870008,8673820672,8673820672,0,8673820672,8642363392,8642363392,0,8642363392,31457280,31457280,0,31457280,361,361,0,361,346,346,0,346,15,15,0,15,,,,,,,,,,,,,,,,,,,,,,,,,,,,,,,,,,,,,,,,,,,,,,,,,,,,,,,,,,,,,,,,,,,,,,,,,,,,,,,,,,,,,,,,,,,,,,,,,,,,,,,,,,,,,,,,,,,,,,,,,,,,,,,,,,,,,,,,,,,,,,,,,,,,,,,,,,,,,,
,3049,,,,,,,,,,,,,,,,,,,,,,,,,,,,,,,,,,,,,,,,,,,,,,,,,,,,,,,,,,,,,,,,,,,,,,,,,,,,,,,,,,,,,,,,,,,,,,,,,,,,,,,,,,,,,,,,,,,,,,,,,,,175825019,2466,175822553,3000,62709777,886,62708891,1138,113115242,1580,113113662,1870,450105291334656,7028658176,450098262676480,8192102912,413645280206848,7022043136,413638258163712,8184799232,36460011127808,6615040,36460004512768,25021440,450105291334656,7028658176,450098262676480,8192102912,413645280206848,7022043136,413638258163712,8184799232,36460011127808,6615040,36460004512768,25021440,175825019,2466,175822553,3000,62709777,886,62708891,1138,113115242,1580,113113662,1870,107064388,109,107064279,237,36931280,70,36931210,138,70133108,39,70133069,117,442648093925376,181350400,442647912574976,1396042240,405428080476160,175382528,405427905093632,1392988160,37220013449216,5967872,37220007481344,20184064,-1,0,361,0,0,3,0,0,0,0,0,0,0,0,445930599703012,7021257436,445923578445576,8176189920,409483034518784,7014793216,409476019725568,8169017344,36447565184228,6464220,36447558720008,24870008,8673820672,8673820672,0,8673820672,8642363392,8642363392,0,8642363392,31457280,31457280,0,31457280,361,361,0,361,346,346,0,346,15,15,0,15,,,,,,,,,,,,,,,,,,,,,,,,,,,,,,,,,,,,
1.7522658610271904e-07,3049,,,,,,,,,,,,,,,,,,,,,,,,,,,,,,,,,,,,,,,,,,,,,,,,,,,,,,,,,,,,,,,,,,,,,,,,,,,,,,,,,,,,,,,,,,,,,,,,,,,,,,,,,,,,,,,,,,,,,,,,,,,,,,,,,,,,,,,,,,,,,,,,,,,,,,,,,,,,,,,,,,,,,,,,,,,,,,,,,,,,,,,,,,,,,,,,,,,,,,,,,,,,,,,,,,,,,,,,,,,,,,,,,,,,,,,,,,,,,,,,,,,,,,,,,,,,,,,,,,,,,,,,,,,,,,,,,,,,,,,,
,3049,175825032,2462,175822570,3000,62709777,886,62708891,1138,113115255,1576,113113679,1870,450105291348992,7028657664,450098262691328,8192102912,413645280206848,7022043136,413638258163712,8184799232,36460011142144,6614528,36460004527616,25021440,450105291348992,7028657664,450098262691328,8192102912,413645280206848,7022043136,413638258163712,8184799232,36460011142144,6614528,36460004527616,25021440,175825032,2462,175822570,3000,62709777,886,62708891,1138,113115255,1576,113113679,1870,107064398,106,107064292,237,36931280,70,36931210,138,70133118,36,70133082,117,442648093940224,181350912,442647912589312,1396042240,405428080476160,175382528,405427905093632,1392988160,37220013464064,5968384,37220007495680,20184064,-1,0,361,0,0,3,0,0,0,0,0,0,0,0,445930599712248,7021259604,445923578452644,8176189920,409483034518784,7014793216,409476019725568,8169017344,36447565193464,6466388,36447558727076,24870008,8673820672,8673820672,0,8673820672,8642363392,8642363392,0,8642363392,31457280,31457280,0,31457280,361,361,0,361,346,346,0,346,15,15,0,15,,,,,,,,,,,,,,,,,,,,,,,,,,,,,,,,,,,,,,,,,,,,,,,,,,,,,,,,,,,,,,,,,,,,,,,,,,,,,,,,,,,,,,,,,,,,,,,,,,,,,,,,,,,,,,,,,,,,,,,,,,,,,,,,,,,,,,,,,,,,,,,,,,,,,,,,,,,,,,
,3049,,,,,,,,,,,,,,,,,,,,,,,,,,,,,,,,,,,,,,,,,,,,,,,,,,,,,,,,,,,,,,,,,,,,,,,,,,,,,,,,,,,,,,,,,,,,,,,,,,,,,,,,,,,,,,,,,,,,,,,,,,,175837354,2466,175834888,3000,62713764,886,62712878,1138,113123590,1580,113122010,1870,450132282654208,7028659712,450125253994496,8192102912,413669447118848,7022043136,413662425075712,8184799232,36462835535360,6616576,36462828918784,25021440,450132282654208,7028659712,450125253994496,8192102912,413669447118848,7022043136,413662425075712,8184799232,36462835535360,6616576,36462828918784,25021440,175837354,2466,175834888,3000,62713764,886,62712878,1138,113123590,1580,113122010,1870,107072377,110,107072267,237,36933498,70,36933428,138,70138879,40,70138839,117,442677503054848,181348864,442677321705984,1396042240,405454577512448,175382528,405454402129920,1392988160,37222925542400,5966336,37222919576064,20184064,-1,0,361,0,0,3,0,0,0,0,0,0,0,0,445957367440996,7021259680,445950346181316,8176189920,409506978744320,7014793216,409499963951104,8169017344,36450388696676,6466464,36450382230212,24870008,8673820672,8673820672,0,8673820672,8642363392,8642363392,0,8642363392,31457280,31457280,0,31457280,361,361,0,361,346,346,0,346,15,15,0,15,,,,,,,,,,,,,,,,,,,,,,,,,,,,,,,,,,,,
1.7522658610271904e-07,3049,,,,,,,,,,,,,,,,,,,,,,,,,,,,,,,,,,,,,,,,,,,,,,,,,,,,,,,,,,,,,,,,,,,,,,,,,,,,,,,,,,,,,,,,,,,,,,,,,,,,,,,,,,,,,,,,,,,,,,,,,,,,,,,,,,,,,,,,,,,,,,,,,,,,,,,,,,,,,,,,,,,,,,,,,,,,,,,,,,,,,,,,,,,,,,,,,,,,,,,,,,,,,,,,,,,,,,,,,,,,,,,,,,,,,,,,,,,,,,,,,,,,,,,,,,,,,,,,,,,,,,,,,,,,,,,,,,,,,,,,
,3049,175837367,2462,175834905,3000,62713764,886,62712878,1138,113123603,1576,113122027,1870,450132282667008,7028656128,450125254010880,8192102912,413669447118848,7022043136,413662425075712,8184799232,36462835548160,6612992,36462828935168,25021440,450132282667008,7028656128,450125254010880,8192102912,413669447118848,7022043136,413662425075712,8184799232,36462835548160,6612992,36462828935168,25021440,175837367,2462,175834905,3000,62713764,886,62712878,1138,113123603,1576,113122027,1870,107072386,105,107072281,237,36933498,70,36933428,138,70138888,35,70138853,117,442677503071232,181352448,442677321718784,1396042240,405454577512448,175382528,405454402129920,1392988160,37222925558784,5969920,37222919588864,20184064,-1,0,361,0,0,3,0,0,0,0,0,0,0,0,445957367448192,7021257624,445950346190568,8176189920,409506978744320,7014793216,409499963951104,8169017344,36450388703872,6464408,36450382239464,24870008,8673820672,8673820672,0,8673820672,8642363392,8642363392,0,8642363392,31457280,31457280,0,31457280,361,361,0,361,346,346,0,346,15,15,0,15,,,,,,,,,,,,,,,,,,,,,,,,,,,,,,,,,,,,,,,,,,,,,,,,,,,,,,,,,,,,,,,,,,,,,,,,,,,,,,,,,,,,,,,,,,,,,,,,,,,,,,,,,,,,,,,,,,,,,,,,,,,,,,,,,,,,,,,,,,,,,,,,,,,,,,,,,,,,,,
,3049,,,,,,,,,,,,,,,,,,,,,,,,,,,,,,,,,,,,,,,,,,,,,,,,,,,,,,,,,,,,,,,,,,,,,,,,,,,,,,,,,,,,,,,,,,,,,,,,,,,,,,,,,,,,,,,,,,,,,,,,,,,175849689,2466,175847223,3000,62717751,886,62716865,1138,113131938,1580,113130358,1870,450159502305280,7028658176,450152473647104,8192102912,413693733126144,7022043136,413686711083008,8184799232,36465769179136,6615040,36465762564096,25021440,450159502305280,7028658176,450152473647104,8192102912,413693733126144,7022043136,413686711083008,8184799232,36465769179136,6615040,36465762564096,25021440,175849689,2466,175847223,3000,62717751,886,62716865,1138,113131938,1580,113130358,1870,107080242,106,107080136,237,36935758,70,36935688,138,70144484,36,70144448,117,442707026953216,181350400,442706845602816,1396042240,405481067102208,175382528,405480891719680,1392988160,37225959851008,5967872,37225953883136,20184064,-1,0,361,0,0,3,0,0,0,0,0,0,0,0,445984311578578,7021257640,445977290320938,8176189920,409530990082816,7014793216,409523975289600,8169017344,36453321495762,6464424,36453315031338,24870008,8673820672,8673820672,0,8673820672,8642363392,8642363392,0,8642363392,31457280,31457280,0,31457280,361,361,0,361,346,346,0,346,15,15,0,15,,,,,,,,,,,,,,,,,,,,,,,,,,,,,,,,,,,,
1.7522658610271904e-07,3049,,,,,,,,,,,,,,,,,,,,,,,,,,,,,,,,,,,,,,,,,,,,,,,,,,,,,,,,,,,,,,,,,,,,,,,,,,,,,,,,,,,,,,,,,,,,,,,,,,,,,,,,,,,,,,,,,,,,,,,,,,,,,,,,,,,,,,,,,,,,,,,,,,,,,,,,,,,,,,,,,,,,,,,,,,,,,,,,,,,,,,,,,,,,,,,,,,,,,,,,,,,,,,,,,,,,,,,,,,,,,,,,,,,,,,,,,,,,,,,,,,,,,,,,,,,,,,,,,,,,,,,,,,,,,,,,,,,,,,,,
,3049,175849702,2462,175847240,3000,62717751,886,62716865,1138,113131951,1576,113130375,1870,450159502319616,7028657664,450152473661952,8192102912,413693733126144,7022043136,413686711083008,8184799232,36465769193472,6614528,36465762578944,25021440,450159502319616,7028657664,450152473661952,8192102912,413693733126144,7022043136,413686711083008,8184799232,36465769193472,6614528,36465762578944,25021440,175849702,2462,175847240,3000,62717751,886,62716865,1138,113131951,1576,113130375,1870,107080254,106,107080148,237,36935758,70,36935688,138,70144496,36,70144460,117,442707026968064,181350912,442706845617152,1396042240,405481067102208,175382528,405480891719680,1392988160,37225959865856,5968384,37225953897472,20184064,-1,0,361,0,0,3,0,0,0,0,0,0,0,0,445984311587166,7021259016,445977290328150,8176189920,409530990082816,7014793216,409523975289600,8169017344,36453321504350,6465800,36453315038550,24870008,8673820672,8673820672,0,8673820672,8642363392,8642363392,0,8642363392,31457280,31457280,0,31457280,361,361,0,361,346,346,0,346,15,15,0,15,,,,,,,,,,,,,,,,,,,,,,,,,,,,,,,,,,,,,,,,,,,,,,,,,,,,,,,,,,,,,,,,,,,,,,,,,,,,,,,,,,,,,,,,,,,,,,,,,,,,,,,,,,,,,,,,,,,,,,,,,,,,,,,,,,,,,,,,,,,,,,,,,,,,,,,,,,,,,,
,3049,,,,,,,,,,,,,,,,,,,,,,,,,,,,,,,,,,,,,,,,,,,,,,,,,,,,,,,,,,,,,,,,,,,,,,,,,,,,,,,,,,,,,,,,,,,,,,,,,,,,,,,,,,,,,,,,,,,,,,,,,,,175862024,2466,175859558,3000,62721738,886,62720852,1138,113140286,1580,113138706,1870,450186419269120,7028659712,450179390609408,8192102912,413717872644096,7022043136,413710850600960,8184799232,36468546625024,6616576,36468540008448,25021440,450186419269120,7028659712,450179390609408,8192102912,413717872644096,7022043136,413710850600960,8184799232,36468546625024,6616576,36468540008448,25021440,175862024,2466,175859558,3000,62721738,886,62720852,1138,113140286,1580,113138706,1870,107087759,106,107087653,237,36937971,70,36937901,138,70149788,36,70149752,117,442736355460096,181348864,442736174111232,1396042240,405507544240128,175382528,405507368857600,1392988160,37228811219968,5966336,37228805253632,20184064,-1,0,361,0,0,3,0,0,0,0,0,0,0,0,446011002307585,7021259032,446003981048553,8176189920,409554904284672,7014793216,409547889491456,8169017344,36456098022913,6465816,36456091557097,24870008,8673820672,8673820672,0,8673820672,8642363392,8642363392,0,8642363392,31457280,31457280,0,31457280,361,361,0,361,346,346,0,346,15,15,0,15,,,,,,,,,,,,,,,,,,,,,,,,,,,,,,,,,,,,
1.7522658610271904e-07,3049,,,,,,,,,,,,,,,,,,,,,,,,,,,,,,,,,,,,,,,,,,,,,,,,,,,,,,,,,,,,,,,,,,,,,,,,,,,,,,,,,,,,,,,,,,,,,,,,,,,,,,,,,,,,,,,,,,,,,,,,,,,,,,,,,,,,,,,,,,,,,,,,,,,,,,,,,,,,,,,,,,,,,,,,,,,,,,,,,,,,,,,,,,,,,,,,,,,,,,,,,,,,,,,,,,,,,,,,,,,,,,,,,,,,,,,,,,,,,,,,,,,,,,,,,,,,,,,,,,,,,,,,,,,,,,,,,,,,,,,,
,3049,175862037,2462,175859575,3000,62721738,886,62720852,1138,113140299,1576,113138723,1870,450186419284992,7028659200,450179390625792,8192102912,413717872644096,7022043136,413710850600960,8184799232,36468546640896,6616064,36468540024832,25021440,450186419284992,7028659200,450179390625792,8192102912,413717872644096,7022043136,413710850600960,8184799232,36468546640896,6616064,36468540024832,25021440,175862037,2462,175859575,3000,62721738,886,62720852,1138,113140299,1576,113138723,1870,107087770,104,107087666,237,36937971,70,36937901,138,70149799,34,70149765,117,442736355476480,181349376,442736174127104,1396042240,405507544240128,175382528,405507368857600,1392988160,37228811236352,5966848,37228805269504,20184064,-1,0,361,0,0,3,0,0,0,0,0,0,0,0,446011002318501,7021261344,446003981057157,8176189920,409554904284672,7014793216,409547889491456,8169017344,36456098033829,6468128,36456091565701,24870008,8673820672,8673820672,0,8673820672,8642363392,8642363392,0,8642363392,31457280,31457280,0,31457280,361,361,0,361,346,346,0,346,15,15,0,15,,,,,,,,,,,,,,,,,,,,,,,,,,,,,,,,,,,,,,,,,,,,,,,,,,,,,,,,,,,,,,,,,,,,,,,,,,,,,,,,,,,,,,,,,,,,,,,,,,,,,,,,,,,,,,,,,,,,,,,,,,,,,,,,,,,,,,,,,,,,,,,,,,,,,,,,,,,,,,
,3049,,,,,,,,,,,,,,,,,,,,,,,,,,,,,,,,,,,,,,,,,,,,,,,,,,,,,,,,,,,,,,,,,,,,,,,,,,,,,,,,,,,,,,,,,,,,,,,,,,,,,,,,,,,,,,,,,,,,,,,,,,,175874359,2466,175871893,3000,62725725,886,62724839,1138,113148634,1580,113147054,1870,450213456649216,7028661248,450206427987968,8192102912,413742054195200,7022043136,413735032152064,8184799232,36471402454016,6618112,36471395835904,25021440,450213456649216,7028661248,450206427987968,8192102912,413742054195200,7022043136,413735032152064,8184799232,36471402454016,6618112,36471395835904,25021440,175874359,2466,175871893,3000,62725725,886,62724839,1138,113148634,1580,113147054,1870,107095390,108,107095282,237,36940189,70,36940119,138,70155201,38,70155163,117,442765817830400,181347328,442765636483072,1396042240,405534050918400,175382528,405533875535872,1392988160,37231766912000,5964800,37231760947200,20184064,-1,0,361,0,0,3,0,0,0,0,0,0,0,0,446037822535843,7021261360,446030801274483,8176189920,409578869563648,7014793216,409571854770432,8169017344,36458952972195,6468144,36458946504051,24870008,8673820672,8673820672,0,8673820672,8642363392,8642363392,0,8642363392,31457280,31457280,0,31457280,361,361,0,361,346,346,0,346,15,15,0,15,,,,,,,,,,,,,,,,,,,,,,,,,,,,,,,,,,,,
1.7522658610271904e-07,3049,,,,,,,,,,,,,,,,,,,,,,,,,,,,,,,,,,,,,,,,,,,,,,,,,,,,,,,,,,,,,,,,,,,,,,,,,,,,,,,,,,,,,,,,,,,,,,,,,,,,,,,,,,,,,,,,,,,,,,,,,,,,,,,,,,,,,,,,,,,,,,,,,,,,,,,,,,,,,,,,,,,,,,,,,,,,,,,,,,,,,,,,,,,,,,,,,,,,,,,,,,,,,,,,,,,,,,,,,,,,,,,,,,,,,,,,,,,,,,,,,,,,,,,,,,,,,,,,,,,,,,,,,,,,,,,,,,,,,,,,
,3049,175874372,2462,175871910,3000,62725725,886,62724839,1138,113148647,1576,113147071,1870,450213456662016,7028656128,450206428005888,8192102912,413742054195200,7022043136,413735032152064,8184799232,36471402466816,6612992,36471395853824,25021440,450213456662016,7028656128,450206428005888,8192102912,413742054195200,7022043136,413735032152064,8184799232,36471402466816,6612992,36471395853824,25021440,175874372,2462,175871910,3000,62725725,886,62724839,1138,113148647,1576,113147071,1870,107095399,105,107095294,237,36940189,70,36940119,138,70155210,35,70155175,117,442765817848320,181352448,442765636495872,1396042240,405534050918400,175382528,405533875535872,1392988160,37231766929920,5969920,37231760960000,20184064,-1,0,361,0,0,3,0,0,0,0,0,0,0,0,446037822543207,7021257792,446030801285415,8176189920,409578869563648,7014793216,409571854770432,8169017344,36458952979559,6464576,36458946514983,24870008,8673820672,8673820672,0,8673820672,8642363392,8642363392,0,8642363392,31457280,31457280,0,31457280,361,361,0,361,346,346,0,346,15,15,0,15,,,,,,,,,,,,,,,,,,,,,,,,,,,,,,,,,,,,,,,,,,,,,,,,,,,,,,,,,,,,,,,,,,,,,,,,,,,,,,,,,,,,,,,,,,,,,,,,,,,,,,,,,,,,,,,,,,,,,,,,,,,,,,,,,,,,,,,,,,,,,,,,,,,,,,,,,,,,,,
,3049,,,,,,,,,,,,,,,,,,,,,,,,,,,,,,,,,,,,,,,,,,,,,,,,,,,,,,,,,,,,,,,,,,,,,,,,,,,,,,,,,,,,,,,,,,,,,,,,,,,,,,,,,,,,,,,,,,,,,,,,,,,175887243,2466,175884777,3000,62730029,886,62729143,1138,113157214,1580,113155634,1870,450242603319808,7028658176,450235574661632,8192102912,413768278818816,7022043136,413761256775680,8184799232,36474324500992,6615040,36474317885952,25021440,450242603319808,7028658176,450235574661632,8192102912,413768278818816,7022043136,413761256775680,8184799232,36474324500992,6615040,36474317885952,25021440,175887243,2466,175884777,3000,62730029,886,62729143,1138,113157214,1580,113155634,1870,107103398,104,107103294,237,36942596,70,36942526,138,70160802,34,70160768,117,442797132729856,181350400,442796951379456,1396042240,405562345463808,175382528,405562170081280,1392988160,37234787266048,5967872,37234781298176,20184064,-1,0,361,0,0,3,0,0,0,0,0,0,0,0,446066696153521,7021257808,446059674895713,8176189920,409604821980160,7014793216,409597807186944,8169017344,36461874173361,6464592,36461867708769,24870008,8673820672,8673820672,0,8673820672,8642363392,8642363392,0,8642363392,31457280,31457280,0,31457280,361,361,0,361,346,346,0,346,15,15,0,15,,,,,,,,,,,,,,,,,,,,,,,,,,,,,,,,,,,,
,3049,,,,,,,,,,,,,,,,,,,,,,,,,,,,,,,,,,,,,,,,,,,,,,,,,,,,,,,,,,,,,,,,,,,,,,,,,,,,,,,,,,,,,,,,,,,,,,,,,,,,,,,,,,,,,,,,,,,,,,,,,,,,,,,,,,,,,,,,,,,,,,,,,,,,,,,,,,,,,,,,,,,,,,,,,,,,,,,,,,,,,,,,,,,,,,,,,,,,,,,,,,,,,,,,,,,,,,,,,,,,,,,,,,,,,,,,,,,,,,,,,,,,,0.00012290477752685547,3.5762786865234375e-07,0.00012826919555664062,4,,,,,,,,,,,,,,,,,,,,,,,,,,,,,,,,
1.416582745887882e-07,3099,,,,,,,,,,,,,,,,,,,,,,,,,,,,,,,,,,,,,,,,,,,,,,,,,,,,,,,,,,,,,,,,,,,,,,,,,,,,,,,,,,,,,,,,,,,,,,,,,,,,,,,,,,,,,,,,,,,,,,,,,,,,,,,,,,,,,,,,,,,,,,,,,,,,,,,,,,,,,,,,,,,,,,,,,,,,,,,,,,,,,,,,,,,,,,,,,,,,,,,,,,,,,,,,,,,,,,,,,,,,,,,,,,,,,,,,,,,,,,,,,,,,,,,,,,,,,,,,,,,,,,,,,,,,,,,,,,,,,,,,
,3099,180790852,2462,180788390,3000,64472532,886,64471646,1138,116318320,1576,116316744,1870,462747440812032,7033397760,462740407414272,8192102912,425244507671552,7026786304,425237480885248,8184799232,37502933140480,6611456,37502926529024,25021440,462747440812032,7033397760,462740407414272,8192102912,425244507671552,7026786304,425237480885248,8184799232,37502933140480,6611456,37502926529024,25021440,180790852,2462,180788390,3000,64472532,886,64471646,1138,116318320,1576,116316744,1870,110126937,107,110126830,237,37973213,72,37973141,138,72153724,35,72153689,117,455209859062272,212262400,455209646799872,1396042240,416926301187072,206290944,416926094896128,1392988160,38283557875200,5971456,38283551903744,20184064,-1,0,361,0,0,3,0,0,0,0,0,0,0,0,458445095827838,7021255812,458438074572026,8176189920,420954955676672,7014793216,420947940883456,8169017344,37490140151166,6462596,37490133688570,24870008,8673820672,8673820672,0,8673820672,8642363392,8642363392,0,8642363392,31457280,31457280,0,31457280,361,361,0,361,346,346,0,346,15,15,0,15,,,,,,,,,,,,,,,,,,,,,,,,,,,,,,,,,,,,,,,,,,,,,,,,,,,,,,,,,,,,,,,,,,,,,,,,,,,,,,,,,,,,,,,,,,,,,,,,,,,,,,,,,,,,,,,,,,,,,,,,,,,,,,,,,,,,,,,,,,,,,,,,,,,,,,,,,,,,,,
,3099,,,,,,,,,,,,,,,,,,,,,,,,,,,,,,,,,,,,,,,,,,,,,,,,,,,,,,,,,,,,,,,,,,,,,,,,,,,,,,,,,,,,,,,,,,,,,,,,,,,,,,,,,,,,,,,,,,,,,,,,,,,180803223,2466,180800757,3000,64476610,886,64475724,1138,116326613,1580,116325033,1870,462775007309824,7034530304,462767972779520,8192102912,425269036981248,7027916800,425262009064448,8184799232,37505970328576,6613504,37505963715072,25021440,462775007309824,7034530304,462767972779520,8192102912,425269036981248,7027916800,425262009064448,8184799232,37505970328576,6613504,37505963715072,25021440,180803223,2466,180800757,3000,64476610,886,64475724,1138,116326613,1580,116325033,1870,110134729,107,110134622,237,37975462,66,37975396,138,72159267,41,72159226,117,455237816562176,175478272,455237641083904,1396042240,416951135616000,169508864,416950966107136,1392988160,38286680946176,5969408,38286674976768,20184064,-1,0,361,0,0,3,0,0,0,0,0,0,0,0,458472445902569,7021255828,458465424646741,8176189920,420979269357312,7014793216,420972254564096,8169017344,37493176545257,6462612,37493170082645,24870008,8673820672,8673820672,0,8673820672,8642363392,8642363392,0,8642363392,31457280,31457280,0,31457280,361,361,0,361,346,346,0,346,15,15,0,15,,,,,,,,,,,,,,,,,,,,,,,,,,,,,,,,,,,,
1.416582745887882e-07,3099,,,,,,,,,,,,,,,,,,,,,,,,,,,,,,,,,,,,,,,,,,,,,,,,,,,,,,,,,,,,,,,,,,,,,,,,,,,,,,,,,,,,,,,,,,,,,,,,,,,,,,,,,,,,,,,,,,,,,,,,,,,,,,,,,,,,,,,,,,,,,,,,,,,,,,,,,,,,,,,,,,,,,,,,,,,,,,,,,,,,,,,,,,,,,,,,,,,,,,,,,,,,,,,,,,,,,,,,,,,,,,,,,,,,,,,,,,,,,,,,,,,,,,,,,,,,,,,,,,,,,,,,,,,,,,,,,,,,,,,,
,3099,180803236,2462,180800774,3000,64476610,886,64475724,1138,116326626,1576,116325050,1870,462775007321088,7034528256,462767972792832,8192102912,425269036981248,7027916800,425262009064448,8184799232,37505970339840,6611456,37505963728384,25021440,462775007321088,7034528256,462767972792832,8192102912,425269036981248,7027916800,425262009064448,8184799232,37505970339840,6611456,37505963728384,25021440,180803236,2462,180800774,3000,64476610,886,64475724,1138,116326626,1576,116325050,1870,110134740,103,110134637,237,37975462,66,37975396,138,72159278,37,72159241,117,455237816575488,175480320,455237641095168,1396042240,416951135616000,169508864,416950966107136,1392988160,38286680959488,5971456,38286674988032,20184064,-1,0,361,0,0,3,0,0,0,0,0,0,0,0,458472445907629,7021255428,458465424652201,8176189920,420979269357312,7014793216,420972254564096,8169017344,37493176550317,6462212,37493170088105,24870008,8673820672,8673820672,0,8673820672,8642363392,8642363392,0,8642363392,31457280,31457280,0,31457280,361,361,0,361,346,346,0,346,15,15,0,15,,,,,,,,,,,,,,,,,,,,,,,,,,,,,,,,,,,,,,,,,,,,,,,,,,,,,,,,,,,,,,,,,,,,,,,,,,,,,,,,,,,,,,,,,,,,,,,,,,,,,,,,,,,,,,,,,,,,,,,,,,,,,,,,,,,,,,,,,,,,,,,,,,,,,,,,,,,,,,
,3099,,,,,,,,,,,,,,,,,,,,,,,,,,,,,,,,,,,,,,,,,,,,,,,,,,,,,,,,,,,,,,,,,,,,,,,,,,,,,,,,,,,,,,,,,,,,,,,,,,,,,,,,,,,,,,,,,,,,,,,,,,,180815607,2466,180813141,3000,64480592,886,64479706,1138,116335015,1580,116333435,1870,462801781197824,7034530304,462794746667520,8192102912,425293139004416,7027916800,425286111087616,8184799232,37508642193408,6613504,37508635579904,25021440,462801781197824,7034530304,462794746667520,8192102912,425293139004416,7027916800,425286111087616,8184799232,37508642193408,6613504,37508635579904,25021440,180815607,2466,180813141,3000,64480592,886,64479706,1138,116335015,1580,116333435,1870,110142680,108,110142572,237,37977834,66,37977768,138,72164846,42,72164804,117,455266096442880,175478272,455265920964608,1396042240,416976743631872,169508864,416976574123008,1392988160,38289352811008,5969408,38289346841600,20184064,-1,0,361,0,0,3,0,0,0,0,0,0,0,0,458498955053530,7021255444,458491933798086,8176189920,421003107639808,7014793216,420996092846592,8169017344,37495847413722,6462228,37495840951494,24870008,8673820672,8673820672,0,8673820672,8642363392,8642363392,0,8642363392,31457280,31457280,0,31457280,361,361,0,361,346,346,0,346,15,15,0,15,,,,,,,,,,,,,,,,,,,,,,,,,,,,,,,,,,,,
1.416582745887882e-07,3099,,,,,,,,,,,,,,,,,,,,,,,,,,,,,,,,,,,,,,,,,,,,,,,,,,,,,,,,,,,,,,,,,,,,,,,,,,,,,,,,,,,,,,,,,,,,,,,,,,,,,,,,,,,,,,,,,,,,,,,,,,,,,,,,,,,,,,,,,,,,,,,,,,,,,,,,,,,,,,,,,,,,,,,,,,,,,,,,,,,,,,,,,,,,,,,,,,,,,,,,,,,,,,,,,,,,,,,,,,,,,,,,,,,,,,,,,,,,,,,,,,,,,,,,,,,,,,,,,,,,,,,,,,,,,,,,,,,,,,,,
,3099,180815620,2462,180813158,3000,64480592,886,64479706,1138,116335028,1576,116333452,1870,462801781210624,7034529792,462794746680832,8192102912,425293139004416,7027916800,425286111087616,8184799232,37508642206208,6612992,37508635593216,25021440,462801781210624,7034529792,462794746680832,8192102912,425293139004416,7027916800,425286111087616,8184799232,37508642206208,6612992,37508635593216,25021440,180815620,2462,180813158,3000,64480592,886,64479706,1138,116335028,1576,116333452,1870,110142691,105,110142586,237,37977834,66,37977768,138,72164857,39,72164818,117,455266096456192,175478784,455265920977408,1396042240,416976743631872,169508864,416976574123008,1392988160,38289352824320,5969920,38289346854400,20184064,-1,0,361,0,0,3,0,0,0,0,0,0,0,0,458498955061206,7021258044,458491933803162,8176189920,421003107639808,7014793216,420996092846592,8169017344,37495847421398,6464828,37495840956570,24870008,8673820672,8673820672,0,8673820672,8642363392,8642363392,0,8642363392,31457280,31457280,0,31457280,361,361,0,361,346,346,0,346,15,15,0,15,,,,,,,,,,,,,,,,,,,,,,,,,,,,,,,,,,,,,,,,,,,,,,,,,,,,,,,,,,,,,,,,,,,,,,,,,,,,,,,,,,,,,,,,,,,,,,,,,,,,,,,,,,,,,,,,,,,,,,,,,,,,,,,,,,,,,,,,,,,,,,,,,,,,,,,,,,,,,,
,3099,,,,,,,,,,,,,,,,,,,,,,,,,,,,,,,,,,,,,,,,,,,,,,,,,,,,,,,,,,,,,,,,,,,,,,,,,,,,,,,,,,,,,,,,,,,,,,,,,,,,,,,,,,,,,,,,,,,,,,,,,,,180827990,2466,180825524,3000,64484675,886,64483789,1138,116343315,1580,116341735,1870,462829269343744,7034531840,462822234811904,8192102912,425317694110720,7027916800,425310666193920,8184799232,37511575233024,6615040,37511568617984,25021440,462829269343744,7034531840,462822234811904,8192102912,425317694110720,7027916800,425310666193920,8184799232,37511575233024,6615040,37511568617984,25021440,180827990,2466,180825524,3000,64484675,886,64483789,1138,116343315,1580,116341735,1870,110150768,110,110150658,237,37980401,66,37980335,138,72170367,44,72170323,117,455294874384896,175476736,455294698908160,1396042240,417002513038336,169508864,417002343529472,1392988160,38292361346560,5967872,38292355378688,20184064,-1,0,361,0,0,3,0,0,0,0,0,0,0,0,458526103415958,7021258060,458519082157898,8176189920,421027323819264,7014793216,421020309026048,8169017344,37498779596694,6464844,37498773131850,24870008,8673820672,8673820672,0,8673820672,8642363392,8642363392,0,8642363392,31457280,31457280,0,31457280,361,361,0,361,346,346,0,346,15,15,0,15,,,,,,,,,,,,,,,,,,,,,,,,,,,,,,,,,,,,
1.416582745887882e-07,3099,,,,,,,,,,,,,,,,,,,,,,,,,,,,,,,,,,,,,,,,,,,,,,,,,,,,,,,,,,,,,,,,,,,,,,,,,,,,,,,,,,,,,,,,,,,,,,,,,,,,,,,,,,,,,,,,,,,,,,,,,,,,,,,,,,,,,,,,,,,,,,,,,,,,,,,,,,,,,,,,,,,,,,,,,,,,,,,,,,,,,,,,,,,,,,,,,,,,,,,,,,,,,,,,,,,,,,,,,,,,,,,,,,,,,,,,,,,,,,,,,,,,,,,,,,,,,,,,,,,,,,,,,,,,,,,,,,,,,,,,
,3099,180828003,2462,180825541,3000,64484675,886,64483789,1138,116343328,1576,116341752,1870,462829269359616,7034532864,462822234826752,8192102912,425317694110720,7027916800,425310666193920,8184799232,37511575248896,6616064,37511568632832,25021440,462829269359616,7034532864,462822234826752,8192102912,425317694110720,7027916800,425310666193920,8184799232,37511575248896,6616064,37511568632832,25021440,180828003,2462,180825541,3000,64484675,886,64483789,1138,116343328,1576,116341752,1870,110150780,109,110150671,237,37980401,66,37980335,138,72170379,43,72170336,117,455294874399744,175475712,455294698924032,1396042240,417002513038336,169508864,417002343529472,1392988160,38292361361408,5966848,38292355394560,20184064,-1,0,361,0,0,3,0,0,0,0,0,0,0,0,458526103426658,7021261068,458519082165590,8176189920,421027323819264,7014793216,421020309026048,8169017344,37498779607394,6467852,37498773139542,24870008,8673820672,8673820672,0,8673820672,8642363392,8642363392,0,8642363392,31457280,31457280,0,31457280,361,361,0,361,346,346,0,346,15,15,0,15,,,,,,,,,,,,,,,,,,,,,,,,,,,,,,,,,,,,,,,,,,,,,,,,,,,,,,,,,,,,,,,,,,,,,,,,,,,,,,,,,,,,,,,,,,,,,,,,,,,,,,,,,,,,,,,,,,,,,,,,,,,,,,,,,,,,,,,,,,,,,,,,,,,,,,,,,,,,,,
,3099,,,,,,,,,,,,,,,,,,,,,,,,,,,,,,,,,,,,,,,,,,,,,,,,,,,,,,,,,,,,,,,,,,,,,,,,,,,,,,,,,,,,,,,,,,,,,,,,,,,,,,,,,,,,,,,,,,,,,,,,,,,180840325,2466,180837859,3000,64488758,886,64487872,1138,116351567,1580,116349987,1870,462856812404736,7034534912,462849777869824,8192102912,425342279183360,7027916800,425335251266560,8184799232,37514533221376,6618112,37514526603264,25021440,462856812404736,7034534912,462849777869824,8192102912,425342279183360,7027916800,425335251266560,8184799232,37514533221376,6618112,37514526603264,25021440,180840325,2466,180837859,3000,64488758,886,64487872,1138,116351567,1580,116349987,1870,110158490,108,110158382,237,37982973,66,37982907,138,72175517,42,72175475,117,455323767582720,175473664,455323592109056,1396042240,417028370394112,169508864,417028200885248,1392988160,38295397188608,5964800,38295391223808,20184064,-1,0,361,0,0,3,0,0,0,0,0,0,0,0,458553305358723,7021261144,458546284097579,8176189920,421051568592896,7014793216,421044553799680,8169017344,37501736765827,6467928,37501730297899,24870008,8673820672,8673820672,0,8673820672,8642363392,8642363392,0,8642363392,31457280,31457280,0,31457280,361,361,0,361,346,346,0,346,15,15,0,15,,,,,,,,,,,,,,,,,,,,,,,,,,,,,,,,,,,,
1.416582745887882e-07,3099,,,,,,,,,,,,,,,,,,,,,,,,,,,,,,,,,,,,,,,,,,,,,,,,,,,,,,,,,,,,,,,,,,,,,,,,,,,,,,,,,,,,,,,,,,,,,,,,,,,,,,,,,,,,,,,,,,,,,,,,,,,,,,,,,,,,,,,,,,,,,,,,,,,,,,,,,,,,,,,,,,,,,,,,,,,,,,,,,,,,,,,,,,,,,,,,,,,,,,,,,,,,,,,,,,,,,,,,,,,,,,,,,,,,,,,,,,,,,,,,,,,,,,,,,,,,,,,,,,,,,,,,,,,,,,,,,,,,,,,,
,3099,180840338,2462,180837876,3000,64488758,886,64487872,1138,116351580,1576,116350004,1870,462856812428288,7034540544,462849777887744,8192102912,425342279183360,7027916800,425335251266560,8184799232,37514533244928,6623744,37514526621184,25021440,462856812428288,7034540544,462849777887744,8192102912,425342279183360,7027916800,425335251266560,8184799232,37514533244928,6623744,37514526621184,25021440,180840338,2462,180837876,3000,64488758,886,64487872,1138,116351580,1576,116350004,1870,110158499,105,110158394,237,37982973,66,37982907,138,72175526,39,72175487,117,455323767600640,175468032,455323592132608,1396042240,417028370394112,169508864,417028200885248,1392988160,38295397206528,5959168,38295391247360,20184064,-1,0,361,0,0,3,0,0,0,0,0,0,0,0,458553305377343,7021269048,458546284108295,8176189920,421051568592896,7014793216,421044553799680,8169017344,37501736784447,6475832,37501730308615,24870008,8673820672,8673820672,0,8673820672,8642363392,8642363392,0,8642363392,31457280,31457280,0,31457280,361,361,0,361,346,346,0,346,15,15,0,15,,,,,,,,,,,,,,,,,,,,,,,,,,,,,,,,,,,,,,,,,,,,,,,,,,,,,,,,,,,,,,,,,,,,,,,,,,,,,,,,,,,,,,,,,,,,,,,,,,,,,,,,,,,,,,,,,,,,,,,,,,,,,,,,,,,,,,,,,,,,,,,,,,,,,,,,,,,,,,
,3099,,,,,,,,,,,,,,,,,,,,,,,,,,,,,,,,,,,,,,,,,,,,,,,,,,,,,,,,,,,,,,,,,,,,,,,,,,,,,,,,,,,,,,,,,,,,,,,,,,,,,,,,,,,,,,,,,,,,,,,,,,,180853261,2466,180850795,3000,64495649,886,64494763,1138,116357612,1580,116356032,1870,462912532968960,7034542592,462905498426368,8192102912,425397170957312,7027916800,425390143040512,8184799232,37515362011648,6625792,37515355385856,25021440,462912532968960,7034542592,462905498426368,8192102912,425397170957312,7027916800,425390143040512,8184799232,37515362011648,6625792,37515355385856,25021440,180853261,2466,180850795,3000,64495649,886,64494763,1138,116357612,1580,116356032,1870,110167082,108,110166974,237,37988249,66,37988183,138,72178833,42,72178791,117,455372718049280,175465984,455372542583296,1396042240,417076492078080,169508864,417076322569216,1392988160,38296225971200,5957120,38296220014080,20184064,-1,0,361,0,0,3,0,0,0,0,0,0,0,0,458608546823658,7021269004,458601525554654,8176189920,421105982061312,7014793216,421098967268096,8169017344,37502564762346,6475788,37502558286558,24870008,8673820672,8673820672,0,8673820672,8642363392,8642363392,0,8642363392,31457280,31457280,0,31457280,361,361,0,361,346,346,0,346,15,15,0,15,,,,,,,,,,,,,,,,,,,,,,,,,,,,,,,,,,,,
1.416582745887882e-07,3099,,,,,,,,,,,,,,,,,,,,,,,,,,,,,,,,,,,,,,,,,,,,,,,,,,,,,,,,,,,,,,,,,,,,,,,,,,,,,,,,,,,,,,,,,,,,,,,,,,,,,,,,,,,,,,,,,,,,,,,,,,,,,,,,,,,,,,,,,,,,,,,,,,,,,,,,,,,,,,,,,,,,,,,,,,,,,,,,,,,,,,,,,,,,,,,,,,,,,,,,,,,,,,,,,,,,,,,,,,,,,,,,,,,,,,,,,,,,,,,,,,,,,,,,,,,,,,,,,,,,,,,,,,,,,,,,,,,,,,,,
,3099,180853274,2462,180850812,3000,64495649,886,64494763,1138,116357625,1576,116356049,1870,462912532983296,7034531328,462905498451968,8192102912,425397170957312,7027916800,425390143040512,8184799232,37515362025984,6614528,37515355411456,25021440,462912532983296,7034531328,462905498451968,8192102912,425397170957312,7027916800,425390143040512,8184799232,37515362025984,6614528,37515355411456,25021440,180853274,2462,180850812,3000,64495649,886,64494763,1138,116357625,1576,116356049,1870,110167092,105,110166987,237,37988249,66,37988183,138,72178843,39,72178804,117,455372718074880,175477248,455372542597632,1396042240,417076492078080,169508864,417076322569216,1392988160,38296225996800,5968384,38296220028416,20184064,-1,0,361,0,0,3,0,0,0,0,0,0,0,0,458608546832630,7021259340,458601525573290,8176189920,421105982061312,7014793216,421098967268096,8169017344,37502564771318,6466124,37502558305194,24870008,8673820672,8673820672,0,8673820672,8642363392,8642363392,0,8642363392,31457280,31457280,0,31457280,361,361,0,361,346,346,0,346,15,15,0,15,,,,,,,,,,,,,,,,,,,,,,,,,,,,,,,,,,,,,,,,,,,,,,,,,,,,,,,,,,,,,,,,,,,,,,,,,,,,,,,,,,,,,,,,,,,,,,,,,,,,,,,,,,,,,,,,,,,,,,,,,,,,,,,,,,,,,,,,,,,,,,,,,,,,,,,,,,,,,,
,3099,,,,,,,,,,,,,,,,,,,,,,,,,,,,,,,,,,,,,,,,,,,,,,,,,,,,,,,,,,,,,,,,,,,,,,,,,,,,,,,,,,,,,,,,,,,,,,,,,,,,,,,,,,,,,,,,,,,,,,,,,,,180865596,2466,180863130,3000,64499636,886,64498750,1138,116365960,1580,116364380,1870,462939675366400,7034533376,462932640833024,8192102912,425421426437120,7027916800,425414398520320,8184799232,37518248929280,6616576,37518242312704,25021440,462939675366400,7034533376,462932640833024,8192102912,425421426437120,7027916800,425414398520320,8184799232,37518248929280,6616576,37518242312704,25021440,180865596,2466,180863130,3000,64499636,886,64498750,1138,116365960,1580,116364380,1870,110174287,108,110174179,237,37990663,66,37990597,138,72183624,42,72183582,117,455401089165824,175475200,455400913690624,1396042240,417101916498944,169508864,417101746990080,1392988160,38299172666880,5966336,38299166700544,20184064,-1,0,361,0,0,3,0,0,0,0,0,0,0,0,458635416197082,7021259416,458628394937666,8176189920,421129965383168,7014793216,421122950589952,8169017344,37505450813914,6466200,37505444347714,24870008,8673820672,8673820672,0,8673820672,8642363392,8642363392,0,8642363392,31457280,31457280,0,31457280,361,361,0,361,346,346,0,346,15,15,0,15,,,,,,,,,,,,,,,,,,,,,,,,,,,,,,,,,,,,
1.416582745887882e-07,3099,,,,,,,,,,,,,,,,,,,,,,,,,,,,,,,,,,,,,,,,,,,,,,,,,,,,,,,,,,,,,,,,,,,,,,,,,,,,,,,,,,,,,,,,,,,,,,,,,,,,,,,,,,,,,,,,,,,,,,,,,,,,,,,,,,,,,,,,,,,,,,,,,,,,,,,,,,,,,,,,,,,,,,,,,,,,,,,,,,,,,,,,,,,,,,,,,,,,,,,,,,,,,,,,,,,,,,,,,,,,,,,,,,,,,,,,,,,,,,,,,,,,,,,,,,,,,,,,,,,,,,,,,,,,,,,,,,,,,,,,
,3099,180865609,2462,180863147,3000,64499636,886,64498750,1138,116365973,1576,116364397,1870,462939675380736,7034531328,462932640849408,8192102912,425421426437120,7027916800,425414398520320,8184799232,37518248943616,6614528,37518242329088,25021440,462939675380736,7034531328,462932640849408,8192102912,425421426437120,7027916800,425414398520320,8184799232,37518248943616,6614528,37518242329088,25021440,180865609,2462,180863147,3000,64499636,886,64498750,1138,116365973,1576,116364397,1870,110174299,105,110174194,237,37990663,66,37990597,138,72183636,39,72183597,117,455401089182208,175477248,455400913704960,1396042240,417101916498944,169508864,417101746990080,1392988160,38299172683264,5968384,38299166714880,20184064,-1,0,361,0,0,3,0,0,0,0,0,0,0,0,458635416206318,7021259664,458628394946654,8176189920,421129965383168,7014793216,421122950589952,8169017344,37505450823150,6466448,37505444356702,24870008,8673820672,8673820672,0,8673820672,8642363392,8642363392,0,8642363392,31457280,31457280,0,31457280,361,361,0,361,346,346,0,346,15,15,0,15,,,,,,,,,,,,,,,,,,,,,,,,,,,,,,,,,,,,,,,,,,,,,,,,,,,,,,,,,,,,,,,,,,,,,,,,,,,,,,,,,,,,,,,,,,,,,,,,,,,,,,,,,,,,,,,,,,,,,,,,,,,,,,,,,,,,,,,,,,,,,,,,,,,,,,,,,,,,,,
,3099,,,,,,,,,,,,,,,,,,,,,,,,,,,,,,,,,,,,,,,,,,,,,,,,,,,,,,,,,,,,,,,,,,,,,,,,,,,,,,,,,,,,,,,,,,,,,,,,,,,,,,,,,,,,,,,,,,,,,,,,,,,180877980,2466,180875514,3000,64503623,886,64502737,1138,116374357,1580,116372777,1870,462966662899712,7034533376,462959628366336,8192102912,425445620968448,7027916800,425438593051648,8184799232,37521041931264,6616576,37521035314688,25021440,462966662899712,7034533376,462959628366336,8192102912,425445620968448,7027916800,425438593051648,8184799232,37521041931264,6616576,37521035314688,25021440,180877980,2466,180875514,3000,64503623,886,64502737,1138,116374357,1580,116372777,1870,110182088,107,110181981,237,37993076,66,37993010,138,72189012,41,72188971,117,455429253389824,175475200,455429077914624,1396042240,417127273565184,169508864,417127104056320,1392988160,38301979824640,5966336,38301973858304,20184064,-1,0,361,0,0,3,0,0,0,0,0,0,0,0,458662132911194,7021259620,458655111651574,8176189920,421153890029824,7014793216,421146875236608,8169017344,37508242881370,6466404,37508236414966,24870008,8673820672,8673820672,0,8673820672,8642363392,8642363392,0,8642363392,31457280,31457280,0,31457280,361,361,0,361,346,346,0,346,15,15,0,15,,,,,,,,,,,,,,,,,,,,,,,,,,,,,,,,,,,,
1.416582745887882e-07,3099,,,,,,,,,,,,,,,,,,,,,,,,,,,,,,,,,,,,,,,,,,,,,,,,,,,,,,,,,,,,,,,,,,,,,,,,,,,,,,,,,,,,,,,,,,,,,,,,,,,,,,,,,,,,,,,,,,,,,,,,,,,,,,,,,,,,,,,,,,,,,,,,,,,,,,,,,,,,,,,,,,,,,,,,,,,,,,,,,,,,,,,,,,,,,,,,,,,,,,,,,,,,,,,,,,,,,,,,,,,,,,,,,,,,,,,,,,,,,,,,,,,,,,,,,,,,,,,,,,,,,,,,,,,,,,,,,,,,,,,,
,3099,180877993,2462,180875531,3000,64503623,886,64502737,1138,116374370,1576,116372794,1870,462966662914048,7034531328,462959628382720,8192102912,425445620968448,7027916800,425438593051648,8184799232,37521041945600,6614528,37521035331072,25021440,462966662914048,7034531328,462959628382720,8192102912,425445620968448,7027916800,425438593051648,8184799232,37521041945600,6614528,37521035331072,25021440,180877993,2462,180875531,3000,64503623,886,64502737,1138,116374370,1576,116372794,1870,110182100,106,110181994,237,37993076,66,37993010,138,72189024,40,72188984,117,455429253406208,175477248,455429077928960,1396042240,417127273565184,169508864,417127104056320,1392988160,38301979841024,5968384,38301973872640,20184064,-1,0,361,0,0,3,0,0,0,0,0,0,0,0,458662132920046,7021259220,458655111660826,8176189920,421153890029824,7014793216,421146875236608,8169017344,37508242890222,6466004,37508236424218,24870008,8673820672,8673820672,0,8673820672,8642363392,8642363392,0,8642363392,31457280,31457280,0,31457280,361,361,0,361,346,346,0,346,15,15,0,15,,,,,,,,,,,,,,,,,,,,,,,,,,,,,,,,,,,,,,,,,,,,,,,,,,,,,,,,,,,,,,,,,,,,,,,,,,,,,,,,,,,,,,,,,,,,,,,,,,,,,,,,,,,,,,,,,,,,,,,,,,,,,,,,,,,,,,,,,,,,,,,,,,,,,,,,,,,,,,
,3099,,,,,,,,,,,,,,,,,,,,,,,,,,,,,,,,,,,,,,,,,,,,,,,,,,,,,,,,,,,,,,,,,,,,,,,,,,,,,,,,,,,,,,,,,,,,,,,,,,,,,,,,,,,,,,,,,,,,,,,,,,,180890909,2466,180888443,3000,64507831,886,64506945,1138,116383078,1580,116381498,1870,462995402427392,7034533376,462988367894016,8192102912,425471565765632,7027916800,425464537848832,8184799232,37523836661760,6616576,37523830045184,25021440,462995402427392,7034533376,462988367894016,8192102912,425471565765632,7027916800,425464537848832,8184799232,37523836661760,6616576,37523830045184,25021440,180890909,2466,180888443,3000,64507831,886,64506945,1138,116383078,1580,116381498,1870,110190321,107,110190214,237,37995491,66,37995425,138,72194830,41,72194789,117,455458987000320,175475200,455458811525120,1396042240,417154176662528,169508864,417154007153664,1392988160,38304810337792,5966336,38304804371456,20184064,-1,0,361,0,0,3,0,0,0,0,0,0,0,0,458690600401109,7021259236,458683579141873,8176189920,421179563725824,7014793216,421172548932608,8169017344,37511036675285,6466020,37511030209265,24870008,8673820672,8673820672,0,8673820672,8642363392,8642363392,0,8642363392,31457280,31457280,0,31457280,361,361,0,361,346,346,0,346,15,15,0,15,,,,,,,,,,,,,,,,,,,,,,,,,,,,,,,,,,,,
,3099,,,,,,,,,,,,,,,,,,,,,,,,,,,,,,,,,,,,,,,,,,,,,,,,,,,,,,,,,,,,,,,,,,,,,,,,,,,,,,,,,,,,,,,,,,,,,,,,,,,,,,,,,,,,,,,,,,,,,,,,,,,,,,,,,,,,,,,,,,,,,,,,,,,,,,,,,,,,,,,,,,,,,,,,,,,,,,,,,,,,,,,,,,,,,,,,,,,,,,,,,,,,,,,,,,,,,,,,,,,,,,,,,,,,,,,,,,,,,,,,,,,,,0.0015382766723632812,0.09445658326148987,1.4183870553970337,4,,,,,,,,,,,,,,,,,,,,,,,,,,,,,,,,
1.0808996307485734e-07,3149,,,,,,,,,,,,,,,,,,,,,,,,,,,,,,,,,,,,,,,,,,,,,,,,,,,,,,,,,,,,,,,,,,,,,,,,,,,,,,,,,,,,,,,,,,,,,,,,,,,,,,,,,,,,,,,,,,,,,,,,,,,,,,,,,,,,,,,,,,,,,,,,,,,,,,,,,,,,,,,,,,,,,,,,,,,,,,,,,,,,,,,,,,,,,,,,,,,,,,,,,,,,,,,,,,,,,,,,,,,,,,,,,,,,,,,,,,,,,,,,,,,,,,,,,,,,,,,,,,,,,,,,,,,,,,,,,,,,,,,,
,3149,185795760,2462,185793298,3000,66266591,886,66265705,1138,119529169,1576,119527593,1870,475397558664704,7032221184,475390526443520,8192102912,436848866931712,7025606656,436841841325056,8184799232,38548691732992,6614528,38548685118464,25021440,475397558664704,7032221184,475390526443520,8192102912,436848866931712,7025606656,436841841325056,8184799232,38548691732992,6614528,38548685118464,25021440,185795760,2462,185793298,3000,66266591,886,66265705,1138,119529169,1576,119527593,1870,113223684,107,113223577,237,39026570,63,39026507,138,74197114,44,74197070,117,467912182424064,144232960,467912038191104,1396042240,428563572298752,136167424,428563436131328,1392988160,39348610125312,8065536,39348602059776,20184064,-1,0,361,0,0,3,0,0,0,0,0,0,0,0,470981202701789,7021259412,470974181442377,8176189920,432445652826112,7014793216,432438638032896,8169017344,38535549875677,6466196,38535543409481,24870008,8673820672,8673820672,0,8673820672,8642363392,8642363392,0,8642363392,31457280,31457280,0,31457280,361,361,0,361,346,346,0,346,15,15,0,15,,,,,,,,,,,,,,,,,,,,,,,,,,,,,,,,,,,,,,,,,,,,,,,,,,,,,,,,,,,,,,,,,,,,,,,,,,,,,,,,,,,,,,,,,,,,,,,,,,,,,,,,,,,,,,,,,,,,,,,,,,,,,,,,,,,,,,,,,,,,,,,,,,,,,,,,,,,,,,
,3149,,,,,,,,,,,,,,,,,,,,,,,,,,,,,,,,,,,,,,,,,,,,,,,,,,,,,,,,,,,,,,,,,,,,,,,,,,,,,,,,,,,,,,,,,,,,,,,,,,,,,,,,,,,,,,,,,,,,,,,,,,,185808082,2466,185805616,3000,66270674,886,66269788,1138,119537408,1580,119535828,1870,475425330632704,7031567872,475418299064832,8192102912,436873506128896,7024951296,436866481177600,8184799232,38551824503808,6616576,38551817887232,25021440,475425330632704,7031567872,475418299064832,8192102912,436873506128896,7024951296,436866481177600,8184799232,38551824503808,6616576,38551817887232,25021440,185808082,2466,185805616,3000,66270674,886,66269788,1138,119537408,1580,119535828,1870,113231202,112,113231090,237,39028896,72,39028824,138,74202306,40,74202266,117,467940264154112,224578048,467940039576064,1396042240,428588466177024,208125952,428588258051072,1392988160,39351797977088,16452096,39351781524992,20184064,-1,0,361,0,0,3,0,0,0,0,0,0,0,0,471008759747592,7021259488,471001738488104,8176189920,432470077811456,7014793216,432463063018240,8169017344,38538681936136,6466272,38538675469864,24870008,8673820672,8673820672,0,8673820672,8642363392,8642363392,0,8642363392,31457280,31457280,0,31457280,361,361,0,361,346,346,0,346,15,15,0,15,,,,,,,,,,,,,,,,,,,,,,,,,,,,,,,,,,,,
1.0808996307485734e-07,3149,,,,,,,,,,,,,,,,,,,,,,,,,,,,,,,,,,,,,,,,,,,,,,,,,,,,,,,,,,,,,,,,,,,,,,,,,,,,,,,,,,,,,,,,,,,,,,,,,,,,,,,,,,,,,,,,,,,,,,,,,,,,,,,,,,,,,,,,,,,,,,,,,,,,,,,,,,,,,,,,,,,,,,,,,,,,,,,,,,,,,,,,,,,,,,,,,,,,,,,,,,,,,,,,,,,,,,,,,,,,,,,,,,,,,,,,,,,,,,,,,,,,,,,,,,,,,,,,,,,,,,,,,,,,,,,,,,,,,,,,
,3149,185808095,2462,185805633,3000,66270674,886,66269788,1138,119537421,1576,119535845,1870,475425330648576,7031567360,475418299081216,8192102912,436873506128896,7024951296,436866481177600,8184799232,38551824519680,6616064,38551817903616,25021440,475425330648576,7031567360,475418299081216,8192102912,436873506128896,7024951296,436866481177600,8184799232,38551824519680,6616064,38551817903616,25021440,185808095,2462,185805633,3000,66270674,886,66269788,1138,119537421,1576,119535845,1870,113231210,105,113231105,237,39028896,72,39028824,138,74202314,33,74202281,117,467940264170496,224578560,467940039591936,1396042240,428588466177024,208125952,428588258051072,1392988160,39351797993472,16452608,39351781540864,20184064,-1,0,361,0,0,3,0,0,0,0,0,0,0,0,471008759757236,7021260072,471001738497164,8176189920,432470077811456,7014793216,432463063018240,8169017344,38538681945780,6466856,38538675478924,24870008,8673820672,8673820672,0,8673820672,8642363392,8642363392,0,8642363392,31457280,31457280,0,31457280,361,361,0,361,346,346,0,346,15,15,0,15,,,,,,,,,,,,,,,,,,,,,,,,,,,,,,,,,,,,,,,,,,,,,,,,,,,,,,,,,,,,,,,,,,,,,,,,,,,,,,,,,,,,,,,,,,,,,,,,,,,,,,,,,,,,,,,,,,,,,,,,,,,,,,,,,,,,,,,,,,,,,,,,,,,,,,,,,,,,,,
,3149,,,,,,,,,,,,,,,,,,,,,,,,,,,,,,,,,,,,,,,,,,,,,,,,,,,,,,,,,,,,,,,,,,,,,,,,,,,,,,,,,,,,,,,,,,,,,,,,,,,,,,,,,,,,,,,,,,,,,,,,,,,185820466,2466,185818000,3000,66274661,886,66273775,1138,119545805,1580,119544225,1870,475452255200256,7031569408,475445223630848,8192102912,436897637544960,7024951296,436890612593664,8184799232,38554617655296,6618112,38554611037184,25021440,475452255200256,7031569408,475445223630848,8192102912,436897637544960,7024951296,436890612593664,8184799232,38554617655296,6618112,38554611037184,25021440,185820466,2466,185818000,3000,66274661,886,66273775,1138,119545805,1580,119544225,1870,113237320,110,113237210,237,39031036,72,39030964,138,74206284,38,74206246,117,467968245627392,224576512,467968021050880,1396042240,428613654500352,208125952,428613446374400,1392988160,39354591127040,16450560,39354574676480,20184064,-1,0,361,0,0,3,0,0,0,0,0,0,0,0,471035476896167,7021260028,471028455636139,8176189920,432494002744832,7014793216,432486987951616,8169017344,38541474151335,6466812,38541467684523,24870008,8673820672,8673820672,0,8673820672,8642363392,8642363392,0,8642363392,31457280,31457280,0,31457280,361,361,0,361,346,346,0,346,15,15,0,15,,,,,,,,,,,,,,,,,,,,,,,,,,,,,,,,,,,,
1.0808996307485734e-07,3149,,,,,,,,,,,,,,,,,,,,,,,,,,,,,,,,,,,,,,,,,,,,,,,,,,,,,,,,,,,,,,,,,,,,,,,,,,,,,,,,,,,,,,,,,,,,,,,,,,,,,,,,,,,,,,,,,,,,,,,,,,,,,,,,,,,,,,,,,,,,,,,,,,,,,,,,,,,,,,,,,,,,,,,,,,,,,,,,,,,,,,,,,,,,,,,,,,,,,,,,,,,,,,,,,,,,,,,,,,,,,,,,,,,,,,,,,,,,,,,,,,,,,,,,,,,,,,,,,,,,,,,,,,,,,,,,,,,,,,,,
,3149,185820479,2462,185818017,3000,66274661,886,66273775,1138,119545818,1576,119544242,1870,475452255213056,7031564288,475445223648768,8192102912,436897637544960,7024951296,436890612593664,8184799232,38554617668096,6612992,38554611055104,25021440,475452255213056,7031564288,475445223648768,8192102912,436897637544960,7024951296,436890612593664,8184799232,38554617668096,6612992,38554611055104,25021440,185820479,2462,185818017,3000,66274661,886,66273775,1138,119545818,1576,119544242,1870,113237332,108,113237224,237,39031036,72,39030964,138,74206296,36,74206260,117,467968245645312,224581632,467968021063680,1396042240,428613654500352,208125952,428613446374400,1392988160,39354591144960,16455680,39354574689280,20184064,-1,0,361,0,0,3,0,0,0,0,0,0,0,0,471035476903387,7021257588,471028455645799,8176189920,432494002744832,7014793216,432486987951616,8169017344,38541474158555,6464372,38541467694183,24870008,8673820672,8673820672,0,8673820672,8642363392,8642363392,0,8642363392,31457280,31457280,0,31457280,361,361,0,361,346,346,0,346,15,15,0,15,,,,,,,,,,,,,,,,,,,,,,,,,,,,,,,,,,,,,,,,,,,,,,,,,,,,,,,,,,,,,,,,,,,,,,,,,,,,,,,,,,,,,,,,,,,,,,,,,,,,,,,,,,,,,,,,,,,,,,,,,,,,,,,,,,,,,,,,,,,,,,,,,,,,,,,,,,,,,,
,3149,,,,,,,,,,,,,,,,,,,,,,,,,,,,,,,,,,,,,,,,,,,,,,,,,,,,,,,,,,,,,,,,,,,,,,,,,,,,,,,,,,,,,,,,,,,,,,,,,,,,,,,,,,,,,,,,,,,,,,,,,,,185832850,2466,185830384,3000,66278744,886,66277858,1138,119554106,1580,119552526,1870,475479608183808,7031566336,475472576617472,8192102912,436922120102912,7024951296,436915095151616,8184799232,38557488080896,6615040,38557481465856,25021440,475479608183808,7031566336,475472576617472,8192102912,436922120102912,7024951296,436915095151616,8184799232,38557488080896,6615040,38557481465856,25021440,185832850,2466,185830384,3000,66278744,886,66277858,1138,119554106,1580,119552526,1870,113243640,110,113243530,237,39033383,72,39033311,138,74210257,38,74210219,117,467996627439104,224579584,467996402859520,1396042240,428639165883392,208125952,428638957757440,1392988160,39357461555712,16453632,39357445102080,20184064,-1,0,361,0,0,3,0,0,0,0,0,0,0,0,471062497417447,7021257604,471055476159843,8176189920,432518153736448,7014793216,432511138943232,8169017344,38544343680999,6464388,38544337216611,24870008,8673820672,8673820672,0,8673820672,8642363392,8642363392,0,8642363392,31457280,31457280,0,31457280,361,361,0,361,346,346,0,346,15,15,0,15,,,,,,,,,,,,,,,,,,,,,,,,,,,,,,,,,,,,
1.0808996307485734e-07,3149,,,,,,,,,,,,,,,,,,,,,,,,,,,,,,,,,,,,,,,,,,,,,,,,,,,,,,,,,,,,,,,,,,,,,,,,,,,,,,,,,,,,,,,,,,,,,,,,,,,,,,,,,,,,,,,,,,,,,,,,,,,,,,,,,,,,,,,,,,,,,,,,,,,,,,,,,,,,,,,,,,,,,,,,,,,,,,,,,,,,,,,,,,,,,,,,,,,,,,,,,,,,,,,,,,,,,,,,,,,,,,,,,,,,,,,,,,,,,,,,,,,,,,,,,,,,,,,,,,,,,,,,,,,,,,,,,,,,,,,,
,3149,185832863,2462,185830401,3000,66278744,886,66277858,1138,119554119,1576,119552543,1870,475479608193536,7031561216,475472576632320,8192102912,436922120102912,7024951296,436915095151616,8184799232,38557488090624,6609920,38557481480704,25021440,475479608193536,7031561216,475472576632320,8192102912,436922120102912,7024951296,436915095151616,8184799232,38557488090624,6609920,38557481480704,25021440,185832863,2462,185830401,3000,66278744,886,66277858,1138,119554119,1576,119552543,1870,113243652,110,113243542,237,39033383,72,39033311,138,74210269,38,74210231,117,467996627453952,224584704,467996402869248,1396042240,428639165883392,208125952,428638957757440,1392988160,39357461570560,16458752,39357445111808,20184064,-1,0,361,0,0,3,0,0,0,0,0,0,0,0,471062497421955,7021254876,471055476167079,8176189920,432518153736448,7014793216,432511138943232,8169017344,38544343685507,6461660,38544337223847,24870008,8673820672,8673820672,0,8673820672,8642363392,8642363392,0,8642363392,31457280,31457280,0,31457280,361,361,0,361,346,346,0,346,15,15,0,15,,,,,,,,,,,,,,,,,,,,,,,,,,,,,,,,,,,,,,,,,,,,,,,,,,,,,,,,,,,,,,,,,,,,,,,,,,,,,,,,,,,,,,,,,,,,,,,,,,,,,,,,,,,,,,,,,,,,,,,,,,,,,,,,,,,,,,,,,,,,,,,,,,,,,,,,,,,,,,
,3149,,,,,,,,,,,,,,,,,,,,,,,,,,,,,,,,,,,,,,,,,,,,,,,,,,,,,,,,,,,,,,,,,,,,,,,,,,,,,,,,,,,,,,,,,,,,,,,,,,,,,,,,,,,,,,,,,,,,,,,,,,,185845185,2466,185842719,3000,66282726,886,66281840,1138,119562459,1580,119560879,1870,475506656701952,7031563264,475499625138688,8192102912,436946309649408,7024951296,436939284698112,8184799232,38560347052544,6611968,38560340440576,25021440,475506656701952,7031563264,475499625138688,8192102912,436946309649408,7024951296,436939284698112,8184799232,38560347052544,6611968,38560340440576,25021440,185845185,2466,185842719,3000,66282726,886,66281840,1138,119562459,1580,119560879,1870,113250495,115,113250380,237,39035552,72,39035480,138,74214943,43,74214900,117,468024726215680,224582656,468024501633024,1396042240,428664405685248,208125952,428664197559296,1392988160,39360320530432,16456704,39360304073728,20184064,-1,0,361,0,0,3,0,0,0,0,0,0,0,0,471089311755187,7021254952,471082290500235,8176189920,432542109983744,7014793216,432535095190528,8169017344,38547201771443,6461736,38547195309707,24870008,8673820672,8673820672,0,8673820672,8642363392,8642363392,0,8642363392,31457280,31457280,0,31457280,361,361,0,361,346,346,0,346,15,15,0,15,,,,,,,,,,,,,,,,,,,,,,,,,,,,,,,,,,,,
1.0808996307485734e-07,3149,,,,,,,,,,,,,,,,,,,,,,,,,,,,,,,,,,,,,,,,,,,,,,,,,,,,,,,,,,,,,,,,,,,,,,,,,,,,,,,,,,,,,,,,,,,,,,,,,,,,,,,,,,,,,,,,,,,,,,,,,,,,,,,,,,,,,,,,,,,,,,,,,,,,,,,,,,,,,,,,,,,,,,,,,,,,,,,,,,,,,,,,,,,,,,,,,,,,,,,,,,,,,,,,,,,,,,,,,,,,,,,,,,,,,,,,,,,,,,,,,,,,,,,,,,,,,,,,,,,,,,,,,,,,,,,,,,,,,,,,
,3149,185845198,2462,185842736,3000,66282726,886,66281840,1138,119562472,1576,119560896,1870,475506656728576,7031578112,475499625150464,8192102912,436946309649408,7024951296,436939284698112,8184799232,38560347079168,6626816,38560340452352,25021440,475506656728576,7031578112,475499625150464,8192102912,436946309649408,7024951296,436939284698112,8184799232,38560347079168,6626816,38560340452352,25021440,185845198,2462,185842736,3000,66282726,886,66281840,1138,119562472,1576,119560896,1870,113250503,108,113250395,237,39035552,72,39035480,138,74214951,36,74214915,117,468024726227456,224567808,468024501659648,1396042240,428664405685248,208125952,428664197559296,1392988160,39360320542208,16441856,39360304100352,20184064,-1,0,361,0,0,3,0,0,0,0,0,0,0,0,471089311776831,7021272072,471082290504759,8176189920,432542109983744,7014793216,432535095190528,8169017344,38547201793087,6478856,38547195314231,24870008,8673820672,8673820672,0,8673820672,8642363392,8642363392,0,8642363392,31457280,31457280,0,31457280,361,361,0,361,346,346,0,346,15,15,0,15,,,,,,,,,,,,,,,,,,,,,,,,,,,,,,,,,,,,,,,,,,,,,,,,,,,,,,,,,,,,,,,,,,,,,,,,,,,,,,,,,,,,,,,,,,,,,,,,,,,,,,,,,,,,,,,,,,,,,,,,,,,,,,,,,,,,,,,,,,,,,,,,,,,,,,,,,,,,,,
,3149,,,,,,,,,,,,,,,,,,,,,,,,,,,,,,,,,,,,,,,,,,,,,,,,,,,,,,,,,,,,,,,,,,,,,,,,,,,,,,,,,,,,,,,,,,,,,,,,,,,,,,,,,,,,,,,,,,,,,,,,,,,185858072,2466,185855606,3000,66289617,886,66288731,1138,119568455,1580,119566875,1870,475561921247744,7031580160,475554889667584,8192102912,437000778646528,7024951296,436993753695232,8184799232,38561142601216,6628864,38561135972352,25021440,475561921247744,7031580160,475554889667584,8192102912,437000778646528,7024951296,436993753695232,8184799232,38561142601216,6628864,38561135972352,25021440,185858072,2466,185855606,3000,66289617,886,66288731,1138,119568455,1580,119566875,1870,113258887,111,113258776,237,39040608,72,39040536,138,74218279,39,74218240,117,468071121270272,224565760,468070896704512,1396042240,428710005208064,208125952,428709797082112,1392988160,39361116062208,16439808,39361099622400,20184064,-1,0,361,0,0,3,0,0,0,0,0,0,0,0,471144020676654,7021272088,471136999404566,8176189920,432596024207104,7014793216,432589009413888,8169017344,38547996469550,6478872,38547989990678,24870008,8673820672,8673820672,0,8673820672,8642363392,8642363392,0,8642363392,31457280,31457280,0,31457280,361,361,0,361,346,346,0,346,15,15,0,15,,,,,,,,,,,,,,,,,,,,,,,,,,,,,,,,,,,,
1.0808996307485734e-07,3149,,,,,,,,,,,,,,,,,,,,,,,,,,,,,,,,,,,,,,,,,,,,,,,,,,,,,,,,,,,,,,,,,,,,,,,,,,,,,,,,,,,,,,,,,,,,,,,,,,,,,,,,,,,,,,,,,,,,,,,,,,,,,,,,,,,,,,,,,,,,,,,,,,,,,,,,,,,,,,,,,,,,,,,,,,,,,,,,,,,,,,,,,,,,,,,,,,,,,,,,,,,,,,,,,,,,,,,,,,,,,,,,,,,,,,,,,,,,,,,,,,,,,,,,,,,,,,,,,,,,,,,,,,,,,,,,,,,,,,,,
,3149,185858085,2462,185855623,3000,66289617,886,66288731,1138,119568468,1576,119566892,1870,475561921266688,7031570432,475554889696256,8192102912,437000778646528,7024951296,436993753695232,8184799232,38561142620160,6619136,38561136001024,25021440,475561921266688,7031570432,475554889696256,8192102912,437000778646528,7024951296,436993753695232,8184799232,38561142620160,6619136,38561136001024,25021440,185858085,2462,185855623,3000,66289617,886,66288731,1138,119568468,1576,119566892,1870,113258898,109,113258789,237,39040608,72,39040536,138,74218290,37,74218253,117,468071121298944,224575488,468070896723456,1396042240,428710005208064,208125952,428709797082112,1392988160,39361116090880,16449536,39361099641344,20184064,-1,0,361,0,0,3,0,0,0,0,0,0,0,0,471144020689538,7021263312,471136999426226,8176189920,432596024207104,7014793216,432589009413888,8169017344,38547996482434,6470096,38547990012338,24870008,8673820672,8673820672,0,8673820672,8642363392,8642363392,0,8642363392,31457280,31457280,0,31457280,361,361,0,361,346,346,0,346,15,15,0,15,,,,,,,,,,,,,,,,,,,,,,,,,,,,,,,,,,,,,,,,,,,,,,,,,,,,,,,,,,,,,,,,,,,,,,,,,,,,,,,,,,,,,,,,,,,,,,,,,,,,,,,,,,,,,,,,,,,,,,,,,,,,,,,,,,,,,,,,,,,,,,,,,,,,,,,,,,,,,,
,3149,,,,,,,,,,,,,,,,,,,,,,,,,,,,,,,,,,,,,,,,,,,,,,,,,,,,,,,,,,,,,,,,,,,,,,,,,,,,,,,,,,,,,,,,,,,,,,,,,,,,,,,,,,,,,,,,,,,,,,,,,,,185870959,2466,185868493,3000,66296508,886,66295622,1138,119574451,1580,119572871,1870,475617418798592,7031572480,475610387226112,8192102912,437055460135936,7024951296,437048435184640,8184799232,38561958662656,6621184,38561952041472,25021440,475617418798592,7031572480,475610387226112,8192102912,437055460135936,7024951296,437048435184640,8184799232,38561958662656,6621184,38561952041472,25021440,185870959,2466,185868493,3000,66296508,886,66295622,1138,119574451,1580,119572871,1870,113266826,110,113266716,237,39045677,72,39045605,138,74221149,38,74221111,117,468117577572352,224573440,468117352998912,1396042240,428755645441024,208125952,428755437315072,1392988160,39361932131328,16447488,39361915683840,20184064,-1,0,361,0,0,3,0,0,0,0,0,0,0,0,471199062179855,7021263328,471192040916527,8176189920,432650250451456,7014793216,432643235658240,8169017344,38548811728399,6470112,38548805258287,24870008,8673820672,8673820672,0,8673820672,8642363392,8642363392,0,8642363392,31457280,31457280,0,31457280,361,361,0,361,346,346,0,346,15,15,0,15,,,,,,,,,,,,,,,,,,,,,,,,,,,,,,,,,,,,
1.0808996307485734e-07,3149,,,,,,,,,,,,,,,,,,,,,,,,,,,,,,,,,,,,,,,,,,,,,,,,,,,,,,,,,,,,,,,,,,,,,,,,,,,,,,,,,,,,,,,,,,,,,,,,,,,,,,,,,,,,,,,,,,,,,,,,,,,,,,,,,,,,,,,,,,,,,,,,,,,,,,,,,,,,,,,,,,,,,,,,,,,,,,,,,,,,,,,,,,,,,,,,,,,,,,,,,,,,,,,,,,,,,,,,,,,,,,,,,,,,,,,,,,,,,,,,,,,,,,,,,,,,,,,,,,,,,,,,,,,,,,,,,,,,,,,,
,3149,185870972,2462,185868510,3000,66296508,886,66295622,1138,119574464,1576,119572888,1870,475617418808320,7031561216,475610387247104,8192102912,437055460135936,7024951296,437048435184640,8184799232,38561958672384,6609920,38561952062464,25021440,475617418808320,7031561216,475610387247104,8192102912,437055460135936,7024951296,437048435184640,8184799232,38561958672384,6609920,38561952062464,25021440,185870972,2462,185868510,3000,66296508,886,66295622,1138,119574464,1576,119572888,1870,113266837,109,113266728,237,39045677,72,39045605,138,74221160,37,74221123,117,468117577593344,224584704,468117353008640,1396042240,428755645441024,208125952,428755437315072,1392988160,39361932152320,16458752,39361915693568,20184064,-1,0,361,0,0,3,0,0,0,0,0,0,0,0,471199062184099,7021254672,471192040929427,8176189920,432650250451456,7014793216,432643235658240,8169017344,38548811732643,6461456,38548805271187,24870008,8673820672,8673820672,0,8673820672,8642363392,8642363392,0,8642363392,31457280,31457280,0,31457280,361,361,0,361,346,346,0,346,15,15,0,15,,,,,,,,,,,,,,,,,,,,,,,,,,,,,,,,,,,,,,,,,,,,,,,,,,,,,,,,,,,,,,,,,,,,,,,,,,,,,,,,,,,,,,,,,,,,,,,,,,,,,,,,,,,,,,,,,,,,,,,,,,,,,,,,,,,,,,,,,,,,,,,,,,,,,,,,,,,,,,
,3149,,,,,,,,,,,,,,,,,,,,,,,,,,,,,,,,,,,,,,,,,,,,,,,,,,,,,,,,,,,,,,,,,,,,,,,,,,,,,,,,,,,,,,,,,,,,,,,,,,,,,,,,,,,,,,,,,,,,,,,,,,,185883343,2466,185880877,3000,66300490,886,66299604,1138,119582853,1580,119581273,1870,475644290219520,7031563264,475637258656256,8192102912,437079566599168,7024951296,437072541647872,8184799232,38564723620352,6611968,38564717008384,25021440,475644290219520,7031563264,475637258656256,8192102912,437079566599168,7024951296,437072541647872,8184799232,38564723620352,6611968,38564717008384,25021440,185883343,2466,185880877,3000,66300490,886,66299604,1138,119582853,1580,119581273,1870,113273039,112,113272927,237,39047812,72,39047740,138,74225227,40,74225187,117,468145509235712,224582656,468145284653056,1396042240,428780812137472,208125952,428780604011520,1392988160,39364697098240,16456704,39364680641536,20184064,-1,0,361,0,0,3,0,0,0,0,0,0,0,0,471225723452286,7021254628,471218702197658,8176189920,432674147716352,7014793216,432667132923136,8169017344,38551575735934,6461412,38551569274522,24870008,8673820672,8673820672,0,8673820672,8642363392,8642363392,0,8642363392,31457280,31457280,0,31457280,361,361,0,361,346,346,0,346,15,15,0,15,,,,,,,,,,,,,,,,,,,,,,,,,,,,,,,,,,,,
1.0808996307485734e-07,3149,,,,,,,,,,,,,,,,,,,,,,,,,,,,,,,,,,,,,,,,,,,,,,,,,,,,,,,,,,,,,,,,,,,,,,,,,,,,,,,,,,,,,,,,,,,,,,,,,,,,,,,,,,,,,,,,,,,,,,,,,,,,,,,,,,,,,,,,,,,,,,,,,,,,,,,,,,,,,,,,,,,,,,,,,,,,,,,,,,,,,,,,,,,,,,,,,,,,,,,,,,,,,,,,,,,,,,,,,,,,,,,,,,,,,,,,,,,,,,,,,,,,,,,,,,,,,,,,,,,,,,,,,,,,,,,,,,,,,,,,
,3149,185883356,2462,185880894,3000,66300490,886,66299604,1138,119582866,1576,119581290,1870,475644290235392,7031567360,475637258668032,8192102912,437079566599168,7024951296,437072541647872,8184799232,38564723636224,6616064,38564717020160,25021440,475644290235392,7031567360,475637258668032,8192102912,437079566599168,7024951296,437072541647872,8184799232,38564723636224,6616064,38564717020160,25021440,185883356,2462,185880894,3000,66300490,886,66299604,1138,119582866,1576,119581290,1870,113273049,108,113272941,237,39047812,72,39047740,138,74225237,36,74225201,117,468145509247488,224578560,468145284668928,1396042240,428780812137472,208125952,428780604011520,1392988160,39364697110016,16452608,39364680657408,20184064,-1,0,361,0,0,3,0,0,0,0,0,0,0,0,471225723462554,7021260636,471218702201918,8176189920,432674147716352,7014793216,432667132923136,8169017344,38551575746202,6467420,38551569278782,24870008,8673820672,8673820672,0,8673820672,8642363392,8642363392,0,8642363392,31457280,31457280,0,31457280,361,361,0,361,346,346,0,346,15,15,0,15,,,,,,,,,,,,,,,,,,,,,,,,,,,,,,,,,,,,,,,,,,,,,,,,,,,,,,,,,,,,,,,,,,,,,,,,,,,,,,,,,,,,,,,,,,,,,,,,,,,,,,,,,,,,,,,,,,,,,,,,,,,,,,,,,,,,,,,,,,,,,,,,,,,,,,,,,,,,,,
,3149,,,,,,,,,,,,,,,,,,,,,,,,,,,,,,,,,,,,,,,,,,,,,,,,,,,,,,,,,,,,,,,,,,,,,,,,,,,,,,,,,,,,,,,,,,,,,,,,,,,,,,,,,,,,,,,,,,,,,,,,,,,185896227,2466,185893761,3000,66305394,886,66304508,1138,119590833,1580,119589253,1870,475674453266432,7031569408,475667421697024,8192102912,437107113378816,7024951296,437100088427520,8184799232,38567339887616,6618112,38567333269504,25021440,475674453266432,7031569408,475667421697024,8192102912,437107113378816,7024951296,437100088427520,8184799232,38567339887616,6618112,38567333269504,25021440,185896227,2466,185893761,3000,66305394,886,66304508,1138,119590833,1580,119589253,1870,113280038,110,113279928,237,39050854,72,39050782,138,74229184,38,74229146,117,468176220509696,224576512,468175995933184,1396042240,428808907150336,208125952,428808699024384,1392988160,39367313359360,16450560,39367296908800,20184064,-1,0,361,0,0,3,0,0,0,0,0,0,0,0,471255338298846,7021260712,471248317038134,8176189920,432701147344896,7014793216,432694132551680,8169017344,38554190953950,6467496,38554184486454,24870008,8673820672,8673820672,0,8673820672,8642363392,8642363392,0,8642363392,31457280,31457280,0,31457280,361,361,0,361,346,346,0,346,15,15,0,15,,,,,,,,,,,,,,,,,,,,,,,,,,,,,,,,,,,,
,3149,,,,,,,,,,,,,,,,,,,,,,,,,,,,,,,,,,,,,,,,,,,,,,,,,,,,,,,,,,,,,,,,,,,,,,,,,,,,,,,,,,,,,,,,,,,,,,,,,,,,,,,,,,,,,,,,,,,,,,,,,,,,,,,,,,,,,,,,,,,,,,,,,,,,,,,,,,,,,,,,,,,,,,,,,,,,,,,,,,,,,,,,,,,,,,,,,,,,,,,,,,,,,,,,,,,,,,,,,,,,,,,,,,,,,,,,,,,,,,,,,,,,,0.0001125335693359375,0.000171661376953125,0.0026874542236328125,4,,,,,,,,,,,,,,,,,,,,,,,,,,,,,,,,
7.452165156092647e-08,3199,,,,,,,,,,,,,,,,,,,,,,,,,,,,,,,,,,,,,,,,,,,,,,,,,,,,,,,,,,,,,,,,,,,,,,,,,,,,,,,,,,,,,,,,,,,,,,,,,,,,,,,,,,,,,,,,,,,,,,,,,,,,,,,,,,,,,,,,,,,,,,,,,,,,,,,,,,,,,,,,,,,,,,,,,,,,,,,,,,,,,,,,,,,,,,,,,,,,,,,,,,,,,,,,,,,,,,,,,,,,,,,,,,,,,,,,,,,,,,,,,,,,,,,,,,,,,,,,,,,,,,,,,,,,,,,,,,,,,,,,
,3199,190795774,2462,190793312,3000,68032254,886,68031368,1138,122763520,1576,122761944,1870,487788611951616,7036348416,487781575603200,8192102912,448178251061248,7029735424,448171221325824,8184799232,39610360890368,6612992,39610354277376,25021440,487788611951616,7036348416,487781575603200,8192102912,448178251061248,7029735424,448171221325824,8184799232,39610360890368,6612992,39610354277376,25021440,190795774,2462,190793312,3000,68032254,886,68031368,1138,122763520,1576,122761944,1870,116285848,104,116285744,237,40060085,66,40060019,138,76225763,38,76225725,117,480369944205312,209311744,480369734893568,1396042240,439936081078272,203341824,439935877736448,1392988160,40433863127040,5969920,40433857157120,20184064,-1,0,361,0,0,3,0,0,0,0,0,0,0,0,483261570174132,7021257936,483254548916196,8176189920,443664702059520,7014793216,443657687266304,8169017344,39596868114612,6464720,39596861649892,24870008,8673820672,8673820672,0,8673820672,8642363392,8642363392,0,8642363392,31457280,31457280,0,31457280,361,361,0,361,346,346,0,346,15,15,0,15,,,,,,,,,,,,,,,,,,,,,,,,,,,,,,,,,,,,,,,,,,,,,,,,,,,,,,,,,,,,,,,,,,,,,,,,,,,,,,,,,,,,,,,,,,,,,,,,,,,,,,,,,,,,,,,,,,,,,,,,,,,,,,,,,,,,,,,,,,,,,,,,,,,,,,,,,,,,,,
,3199,,,,,,,,,,,,,,,,,,,,,,,,,,,,,,,,,,,,,,,,,,,,,,,,,,,,,,,,,,,,,,,,,,,,,,,,,,,,,,,,,,,,,,,,,,,,,,,,,,,,,,,,,,,,,,,,,,,,,,,,,,,190808145,2466,190805679,3000,68036337,886,68035451,1138,122771808,1580,122770228,1870,487816024592896,7027789824,487808996803072,8192102912,448202755737600,7021174784,448195734562816,8184799232,39613268855296,6615040,39613262240256,25021440,487816024592896,7027789824,487808996803072,8192102912,448202755737600,7021174784,448195734562816,8184799232,39613268855296,6615040,39613262240256,25021440,190808145,2466,190805679,3000,68036337,886,68035451,1138,122771808,1580,122770228,1870,116293964,111,116293853,237,40062474,69,40062405,138,76231490,42,76231448,117,480398083660288,184315904,480397899344384,1396042240,439961130121216,176250880,439960953870336,1392988160,40436953539072,8065024,40436945474048,20184064,-1,0,361,0,0,3,0,0,0,0,0,0,0,0,483288667396466,7021257892,483281646138574,8176189920,443688892184320,7014793216,443681877391104,8169017344,39599775212146,6464676,39599768747470,24870008,8673820672,8673820672,0,8673820672,8642363392,8642363392,0,8642363392,31457280,31457280,0,31457280,361,361,0,361,346,346,0,346,15,15,0,15,,,,,,,,,,,,,,,,,,,,,,,,,,,,,,,,,,,,
7.452165156092647e-08,3199,,,,,,,,,,,,,,,,,,,,,,,,,,,,,,,,,,,,,,,,,,,,,,,,,,,,,,,,,,,,,,,,,,,,,,,,,,,,,,,,,,,,,,,,,,,,,,,,,,,,,,,,,,,,,,,,,,,,,,,,,,,,,,,,,,,,,,,,,,,,,,,,,,,,,,,,,,,,,,,,,,,,,,,,,,,,,,,,,,,,,,,,,,,,,,,,,,,,,,,,,,,,,,,,,,,,,,,,,,,,,,,,,,,,,,,,,,,,,,,,,,,,,,,,,,,,,,,,,,,,,,,,,,,,,,,,,,,,,,,,
,3199,190808158,2462,190805696,3000,68036337,886,68035451,1138,122771821,1576,122770245,1870,487816024604160,7027786240,487808996817920,8192102912,448202755737600,7021174784,448195734562816,8184799232,39613268866560,6611456,39613262255104,25021440,487816024604160,7027786240,487808996817920,8192102912,448202755737600,7021174784,448195734562816,8184799232,39613268866560,6611456,39613262255104,25021440,190808158,2462,190805696,3000,68036337,886,68035451,1138,122771821,1576,122770245,1870,116293973,106,116293867,237,40062474,69,40062405,138,76231499,37,76231462,117,480398083675136,184319488,480397899355648,1396042240,439961130121216,176250880,439960953870336,1392988160,40436953553920,8068608,40436945485312,20184064,-1,0,361,0,0,3,0,0,0,0,0,0,0,0,483288667402534,7021256436,483281646146098,8176189920,443688892184320,7014793216,443681877391104,8169017344,39599775218214,6463220,39599768754994,24870008,8673820672,8673820672,0,8673820672,8642363392,8642363392,0,8642363392,31457280,31457280,0,31457280,361,361,0,361,346,346,0,346,15,15,0,15,,,,,,,,,,,,,,,,,,,,,,,,,,,,,,,,,,,,,,,,,,,,,,,,,,,,,,,,,,,,,,,,,,,,,,,,,,,,,,,,,,,,,,,,,,,,,,,,,,,,,,,,,,,,,,,,,,,,,,,,,,,,,,,,,,,,,,,,,,,,,,,,,,,,,,,,,,,,,,
,3199,,,,,,,,,,,,,,,,,,,,,,,,,,,,,,,,,,,,,,,,,,,,,,,,,,,,,,,,,,,,,,,,,,,,,,,,,,,,,,,,,,,,,,,,,,,,,,,,,,,,,,,,,,,,,,,,,,,,,,,,,,,190820529,2466,190818063,3000,68040415,886,68039529,1138,122780114,1580,122778534,1870,487843406491136,7027788288,487836378702848,8192102912,448227237275648,7021174784,448220216100864,8184799232,39616169215488,6613504,39616162601984,25021440,487843406491136,7027788288,487836378702848,8192102912,448227237275648,7021174784,448220216100864,8184799232,39616169215488,6613504,39616162601984,25021440,190820529,2466,190818063,3000,68040415,886,68039529,1138,122780114,1580,122778534,1870,116301964,115,116301849,237,40065038,69,40064969,138,76236926,46,76236880,117,480427784969216,184317440,480427600651776,1396042240,439987835516928,176250880,439987659266048,1392988160,40439949452288,8066560,40439941385728,20184064,-1,0,361,0,0,3,0,0,0,0,0,0,0,0,483315737819590,7021256452,483308716563138,8176189920,443713063127552,7014793216,443706048334336,8169017344,39602674692038,6463236,39602668228802,24870008,8673820672,8673820672,0,8673820672,8642363392,8642363392,0,8642363392,31457280,31457280,0,31457280,361,361,0,361,346,346,0,346,15,15,0,15,,,,,,,,,,,,,,,,,,,,,,,,,,,,,,,,,,,,
7.452165156092647e-08,3199,,,,,,,,,,,,,,,,,,,,,,,,,,,,,,,,,,,,,,,,,,,,,,,,,,,,,,,,,,,,,,,,,,,,,,,,,,,,,,,,,,,,,,,,,,,,,,,,,,,,,,,,,,,,,,,,,,,,,,,,,,,,,,,,,,,,,,,,,,,,,,,,,,,,,,,,,,,,,,,,,,,,,,,,,,,,,,,,,,,,,,,,,,,,,,,,,,,,,,,,,,,,,,,,,,,,,,,,,,,,,,,,,,,,,,,,,,,,,,,,,,,,,,,,,,,,,,,,,,,,,,,,,,,,,,,,,,,,,,,,
,3199,190820542,2462,190818080,3000,68040415,886,68039529,1138,122780127,1576,122778551,1870,487843406507008,7027790848,487836378716160,8192102912,448227237275648,7021174784,448220216100864,8184799232,39616169231360,6616064,39616162615296,25021440,487843406507008,7027790848,487836378716160,8192102912,448227237275648,7021174784,448220216100864,8184799232,39616169231360,6616064,39616162615296,25021440,190820542,2462,190818080,3000,68040415,886,68039529,1138,122780127,1576,122778551,1870,116301977,116,116301861,237,40065038,69,40064969,138,76236939,47,76236892,117,480427784982528,184314880,480427600667648,1396042240,439987835516928,176250880,439987659266048,1392988160,40439949465600,8064000,40439941401600,20184064,-1,0,361,0,0,3,0,0,0,0,0,0,0,0,483315737829282,7021260060,483308716569222,8176189920,443713063127552,7014793216,443706048334336,8169017344,39602674701730,6466844,39602668234886,24870008,8673820672,8673820672,0,8673820672,8642363392,8642363392,0,8642363392,31457280,31457280,0,31457280,361,361,0,361,346,346,0,346,15,15,0,15,,,,,,,,,,,,,,,,,,,,,,,,,,,,,,,,,,,,,,,,,,,,,,,,,,,,,,,,,,,,,,,,,,,,,,,,,,,,,,,,,,,,,,,,,,,,,,,,,,,,,,,,,,,,,,,,,,,,,,,,,,,,,,,,,,,,,,,,,,,,,,,,,,,,,,,,,,,,,,
,3199,,,,,,,,,,,,,,,,,,,,,,,,,,,,,,,,,,,,,,,,,,,,,,,,,,,,,,,,,,,,,,,,,,,,,,,,,,,,,,,,,,,,,,,,,,,,,,,,,,,,,,,,,,,,,,,,,,,,,,,,,,,190832864,2466,190830398,3000,68044402,886,68043516,1138,122788462,1580,122786882,1870,487870547283968,7027792896,487863519491072,8192102912,448251475658752,7021174784,448244454483968,8184799232,39619071625216,6618112,39619065007104,25021440,487870547283968,7027792896,487863519491072,8192102912,448251475658752,7021174784,448244454483968,8184799232,39619071625216,6618112,39619065007104,25021440,190832864,2466,190830398,3000,68044402,886,68043516,1138,122788462,1580,122786882,1870,116309798,116,116309682,237,40067428,69,40067359,138,76242370,47,76242323,117,480457398316032,184312832,480457214003200,1396042240,440014491408384,176250880,440014315157504,1392988160,40442906907648,8061952,40442898845696,20184064,-1,0,361,0,0,3,0,0,0,0,0,0,0,0,483342633216946,7021260136,483335611956810,8176189920,443737056976128,7014793216,443730042182912,8169017344,39605576240818,6466920,39605569773898,24870008,8673820672,8673820672,0,8673820672,8642363392,8642363392,0,8642363392,31457280,31457280,0,31457280,361,361,0,361,346,346,0,346,15,15,0,15,,,,,,,,,,,,,,,,,,,,,,,,,,,,,,,,,,,,
7.452165156092647e-08,3199,,,,,,,,,,,,,,,,,,,,,,,,,,,,,,,,,,,,,,,,,,,,,,,,,,,,,,,,,,,,,,,,,,,,,,,,,,,,,,,,,,,,,,,,,,,,,,,,,,,,,,,,,,,,,,,,,,,,,,,,,,,,,,,,,,,,,,,,,,,,,,,,,,,,,,,,,,,,,,,,,,,,,,,,,,,,,,,,,,,,,,,,,,,,,,,,,,,,,,,,,,,,,,,,,,,,,,,,,,,,,,,,,,,,,,,,,,,,,,,,,,,,,,,,,,,,,,,,,,,,,,,,,,,,,,,,,,,,,,,,
,3199,190832877,2462,190830415,3000,68044402,886,68043516,1138,122788475,1576,122786899,1870,487870547299840,7027790848,487863519508992,8192102912,448251475658752,7021174784,448244454483968,8184799232,39619071641088,6616064,39619065025024,25021440,487870547299840,7027790848,487863519508992,8192102912,448251475658752,7021174784,448244454483968,8184799232,39619071641088,6616064,39619065025024,25021440,190832877,2462,190830415,3000,68044402,886,68043516,1138,122788475,1576,122786899,1870,116309808,113,116309695,237,40067428,69,40067359,138,76242380,44,76242336,117,480457398333952,184314880,480457214019072,1396042240,440014491408384,176250880,440014315157504,1392988160,40442906925568,8064000,40442898861568,20184064,-1,0,361,0,0,3,0,0,0,0,0,0,0,0,483342633227958,7021261440,483335611966518,8176189920,443737056976128,7014793216,443730042182912,8169017344,39605576251830,6468224,39605569783606,24870008,8673820672,8673820672,0,8673820672,8642363392,8642363392,0,8642363392,31457280,31457280,0,31457280,361,361,0,361,346,346,0,346,15,15,0,15,,,,,,,,,,,,,,,,,,,,,,,,,,,,,,,,,,,,,,,,,,,,,,,,,,,,,,,,,,,,,,,,,,,,,,,,,,,,,,,,,,,,,,,,,,,,,,,,,,,,,,,,,,,,,,,,,,,,,,,,,,,,,,,,,,,,,,,,,,,,,,,,,,,,,,,,,,,,,,
,3199,,,,,,,,,,,,,,,,,,,,,,,,,,,,,,,,,,,,,,,,,,,,,,,,,,,,,,,,,,,,,,,,,,,,,,,,,,,,,,,,,,,,,,,,,,,,,,,,,,,,,,,,,,,,,,,,,,,,,,,,,,,190845239,2466,190842773,3000,68048389,886,68047503,1138,122796850,1580,122795270,1870,487897689171456,7027792896,487890661378560,8192102912,448275714799616,7021174784,448268693624832,8184799232,39621974371840,6618112,39621967753728,25021440,487897689171456,7027792896,487890661378560,8192102912,448275714799616,7021174784,448268693624832,8184799232,39621974371840,6618112,39621967753728,25021440,190845239,2466,190842773,3000,68048389,886,68047503,1138,122796850,1580,122795270,1870,116317543,113,116317430,237,40069818,69,40069749,138,76247725,44,76247681,117,480487030850048,184312832,480486846537216,1396042240,440041148057600,176250880,440040971806720,1392988160,40445882792448,8061952,40445874730496,20184064,-1,0,361,0,0,3,0,0,0,0,0,0,0,0,483369529939008,7021261408,483362508677600,8176189920,443761051828224,7014793216,443754037035008,8169017344,39608478110784,6468192,39608471642592,24870008,8673820672,8673820672,0,8673820672,8642363392,8642363392,0,8642363392,31457280,31457280,0,31457280,361,361,0,361,346,346,0,346,15,15,0,15,,,,,,,,,,,,,,,,,,,,,,,,,,,,,,,,,,,,
7.452165156092647e-08,3199,,,,,,,,,,,,,,,,,,,,,,,,,,,,,,,,,,,,,,,,,,,,,,,,,,,,,,,,,,,,,,,,,,,,,,,,,,,,,,,,,,,,,,,,,,,,,,,,,,,,,,,,,,,,,,,,,,,,,,,,,,,,,,,,,,,,,,,,,,,,,,,,,,,,,,,,,,,,,,,,,,,,,,,,,,,,,,,,,,,,,,,,,,,,,,,,,,,,,,,,,,,,,,,,,,,,,,,,,,,,,,,,,,,,,,,,,,,,,,,,,,,,,,,,,,,,,,,,,,,,,,,,,,,,,,,,,,,,,,,,
,3199,190845252,2462,190842790,3000,68048389,886,68047503,1138,122796863,1576,122795287,1870,487897689188864,7027792384,487890661396480,8192102912,448275714799616,7021174784,448268693624832,8184799232,39621974389248,6617600,39621967771648,25021440,487897689188864,7027792384,487890661396480,8192102912,448275714799616,7021174784,448268693624832,8184799232,39621974389248,6617600,39621967771648,25021440,190845252,2462,190842790,3000,68048389,886,68047503,1138,122796863,1576,122795287,1870,116317555,112,116317443,237,40069818,69,40069749,138,76247737,43,76247694,117,480487030867968,184313344,480486846554624,1396042240,440041148057600,176250880,440040971806720,1392988160,40445882810368,8062464,40445874747904,20184064,-1,0,361,0,0,3,0,0,0,0,0,0,0,0,483369529951532,7021262904,483362508688628,8176189920,443761051828224,7014793216,443754037035008,8169017344,39608478123308,6469688,39608471653620,24870008,8673820672,8673820672,0,8673820672,8642363392,8642363392,0,8642363392,31457280,31457280,0,31457280,361,361,0,361,346,346,0,346,15,15,0,15,,,,,,,,,,,,,,,,,,,,,,,,,,,,,,,,,,,,,,,,,,,,,,,,,,,,,,,,,,,,,,,,,,,,,,,,,,,,,,,,,,,,,,,,,,,,,,,,,,,,,,,,,,,,,,,,,,,,,,,,,,,,,,,,,,,,,,,,,,,,,,,,,,,,,,,,,,,,,,
,3199,,,,,,,,,,,,,,,,,,,,,,,,,,,,,,,,,,,,,,,,,,,,,,,,,,,,,,,,,,,,,,,,,,,,,,,,,,,,,,,,,,,,,,,,,,,,,,,,,,,,,,,,,,,,,,,,,,,,,,,,,,,190857574,2466,190855108,3000,68052472,886,68051586,1138,122805102,1580,122803522,1870,487925287724032,7027794432,487918259929600,8192102912,448300292773888,7021174784,448293271599104,8184799232,39624994950144,6619648,39624988330496,25021440,487925287724032,7027794432,487918259929600,8192102912,448300292773888,7021174784,448293271599104,8184799232,39624994950144,6619648,39624988330496,25021440,190857574,2466,190855108,3000,68052472,886,68051586,1138,122805102,1580,122803522,1870,116325482,114,116325368,237,40072393,69,40072324,138,76253089,45,76253044,117,480516904229376,184311296,480516719918080,1396042240,440067927328768,176250880,440067751077888,1392988160,40448976900608,8060416,40448968840192,20184064,-1,0,361,0,0,3,0,0,0,0,0,0,0,0,483396860905743,7021262968,483389839642775,8176189920,443785362998016,7014793216,443778348204800,8169017344,39611497907727,6469752,39611491437975,24870008,8673820672,8673820672,0,8673820672,8642363392,8642363392,0,8642363392,31457280,31457280,0,31457280,361,361,0,361,346,346,0,346,15,15,0,15,,,,,,,,,,,,,,,,,,,,,,,,,,,,,,,,,,,,
7.452165156092647e-08,3199,,,,,,,,,,,,,,,,,,,,,,,,,,,,,,,,,,,,,,,,,,,,,,,,,,,,,,,,,,,,,,,,,,,,,,,,,,,,,,,,,,,,,,,,,,,,,,,,,,,,,,,,,,,,,,,,,,,,,,,,,,,,,,,,,,,,,,,,,,,,,,,,,,,,,,,,,,,,,,,,,,,,,,,,,,,,,,,,,,,,,,,,,,,,,,,,,,,,,,,,,,,,,,,,,,,,,,,,,,,,,,,,,,,,,,,,,,,,,,,,,,,,,,,,,,,,,,,,,,,,,,,,,,,,,,,,,,,,,,,,
,3199,190857587,2462,190855125,3000,68052472,886,68051586,1138,122805115,1576,122803539,1870,487925287739904,7027790848,487918259949056,8192102912,448300292773888,7021174784,448293271599104,8184799232,39624994966016,6616064,39624988349952,25021440,487925287739904,7027790848,487918259949056,8192102912,448300292773888,7021174784,448293271599104,8184799232,39624994966016,6616064,39624988349952,25021440,190857587,2462,190855125,3000,68052472,886,68051586,1138,122805115,1576,122803539,1870,116325494,114,116325380,237,40072393,69,40072324,138,76253101,45,76253056,117,480516904248832,184314880,480516719933952,1396042240,440067927328768,176250880,440067751077888,1392988160,40448976920064,8064000,40448968856064,20184064,-1,0,361,0,0,3,0,0,0,0,0,0,0,0,483396860915363,7021260048,483389839655315,8176189920,443785362998016,7014793216,443778348204800,8169017344,39611497917347,6466832,39611491450515,24870008,8673820672,8673820672,0,8673820672,8642363392,8642363392,0,8642363392,31457280,31457280,0,31457280,361,361,0,361,346,346,0,346,15,15,0,15,,,,,,,,,,,,,,,,,,,,,,,,,,,,,,,,,,,,,,,,,,,,,,,,,,,,,,,,,,,,,,,,,,,,,,,,,,,,,,,,,,,,,,,,,,,,,,,,,,,,,,,,,,,,,,,,,,,,,,,,,,,,,,,,,,,,,,,,,,,,,,,,,,,,,,,,,,,,,,
,3199,,,,,,,,,,,,,,,,,,,,,,,,,,,,,,,,,,,,,,,,,,,,,,,,,,,,,,,,,,,,,,,,,,,,,,,,,,,,,,,,,,,,,,,,,,,,,,,,,,,,,,,,,,,,,,,,,,,,,,,,,,,190869909,2466,190867443,3000,68056555,886,68055669,1138,122813354,1580,122811774,1870,487952884126208,7027792896,487945856333312,8192102912,448324868724736,7021174784,448317847549952,8184799232,39628015401472,6618112,39628008783360,25021440,487952884126208,7027792896,487945856333312,8192102912,448324868724736,7021174784,448317847549952,8184799232,39628015401472,6618112,39628008783360,25021440,190869909,2466,190867443,3000,68056555,886,68055669,1138,122813354,1580,122811774,1870,116333487,113,116333374,237,40074968,69,40074899,138,76258519,44,76258475,117,480546775461376,184312832,480546591148544,1396042240,440094704576512,176250880,440094528325632,1392988160,40452070884864,8061952,40452062822912,20184064,-1,0,361,0,0,3,0,0,0,0,0,0,0,0,483424189264686,7021260064,483417168004622,8176189920,443809671689728,7014793216,443802656896512,8169017344,39614517574958,6466848,39614511108110,24870008,8673820672,8673820672,0,8673820672,8642363392,8642363392,0,8642363392,31457280,31457280,0,31457280,361,361,0,361,346,346,0,346,15,15,0,15,,,,,,,,,,,,,,,,,,,,,,,,,,,,,,,,,,,,
7.452165156092647e-08,3199,,,,,,,,,,,,,,,,,,,,,,,,,,,,,,,,,,,,,,,,,,,,,,,,,,,,,,,,,,,,,,,,,,,,,,,,,,,,,,,,,,,,,,,,,,,,,,,,,,,,,,,,,,,,,,,,,,,,,,,,,,,,,,,,,,,,,,,,,,,,,,,,,,,,,,,,,,,,,,,,,,,,,,,,,,,,,,,,,,,,,,,,,,,,,,,,,,,,,,,,,,,,,,,,,,,,,,,,,,,,,,,,,,,,,,,,,,,,,,,,,,,,,,,,,,,,,,,,,,,,,,,,,,,,,,,,,,,,,,,,
,3199,190869922,2462,190867460,3000,68056555,886,68055669,1138,122813367,1576,122811791,1870,487952884137472,7027786240,487945856351232,8192102912,448324868724736,7021174784,448317847549952,8184799232,39628015412736,6611456,39628008801280,25021440,487952884137472,7027786240,487945856351232,8192102912,448324868724736,7021174784,448317847549952,8184799232,39628015412736,6611456,39628008801280,25021440,190869922,2462,190867460,3000,68056555,886,68055669,1138,122813367,1576,122811791,1870,116333498,110,116333388,237,40074968,69,40074899,138,76258530,41,76258489,117,480546775479296,184319488,480546591159808,1396042240,440094704576512,176250880,440094528325632,1392988160,40452070902784,8068608,40452062834176,20184064,-1,0,361,0,0,3,0,0,0,0,0,0,0,0,483424189269890,7021255632,483417168014258,8176189920,443809671689728,7014793216,443802656896512,8169017344,39614517580162,6462416,39614511117746,24870008,8673820672,8673820672,0,8673820672,8642363392,8642363392,0,8642363392,31457280,31457280,0,31457280,361,361,0,361,346,346,0,346,15,15,0,15,,,,,,,,,,,,,,,,,,,,,,,,,,,,,,,,,,,,,,,,,,,,,,,,,,,,,,,,,,,,,,,,,,,,,,,,,,,,,,,,,,,,,,,,,,,,,,,,,,,,,,,,,,,,,,,,,,,,,,,,,,,,,,,,,,,,,,,,,,,,,,,,,,,,,,,,,,,,,,
,3199,,,,,,,,,,,,,,,,,,,,,,,,,,,,,,,,,,,,,,,,,,,,,,,,,,,,,,,,,,,,,,,,,,,,,,,,,,,,,,,,,,,,,,,,,,,,,,,,,,,,,,,,,,,,,,,,,,,,,,,,,,,190882293,2466,190879827,3000,68060633,886,68059747,1138,122821660,1580,122820080,1870,487980229281280,7027788288,487973201492992,8192102912,448349339285504,7021174784,448342318110720,8184799232,39630889995776,6613504,39630883382272,25021440,487980229281280,7027788288,487973201492992,8192102912,448349339285504,7021174784,448342318110720,8184799232,39630889995776,6613504,39630883382272,25021440,190882293,2466,190879827,3000,68060633,886,68059747,1138,122821660,1580,122820080,1870,116341544,115,116341429,237,40077532,69,40077463,138,76264012,46,76263966,117,480576464884736,184317440,480576280567296,1396042240,440121405368320,176250880,440121229117440,1392988160,40455059516416,8066560,40455051449856,20184064,-1,0,361,0,0,3,0,0,0,0,0,0,0,0,483451207952905,7021255588,483444186697317,8176189920,443833816680704,7014793216,443826801887488,8169017344,39617391272201,6462372,39617384809829,24870008,8673820672,8673820672,0,8673820672,8642363392,8642363392,0,8642363392,31457280,31457280,0,31457280,361,361,0,361,346,346,0,346,15,15,0,15,,,,,,,,,,,,,,,,,,,,,,,,,,,,,,,,,,,,
7.452165156092647e-08,3199,,,,,,,,,,,,,,,,,,,,,,,,,,,,,,,,,,,,,,,,,,,,,,,,,,,,,,,,,,,,,,,,,,,,,,,,,,,,,,,,,,,,,,,,,,,,,,,,,,,,,,,,,,,,,,,,,,,,,,,,,,,,,,,,,,,,,,,,,,,,,,,,,,,,,,,,,,,,,,,,,,,,,,,,,,,,,,,,,,,,,,,,,,,,,,,,,,,,,,,,,,,,,,,,,,,,,,,,,,,,,,,,,,,,,,,,,,,,,,,,,,,,,,,,,,,,,,,,,,,,,,,,,,,,,,,,,,,,,,,,
,3199,190882306,2462,190879844,3000,68060633,886,68059747,1138,122821673,1576,122820097,1870,487980229297152,7027790848,487973201506304,8192102912,448349339285504,7021174784,448342318110720,8184799232,39630890011648,6616064,39630883395584,25021440,487980229297152,7027790848,487973201506304,8192102912,448349339285504,7021174784,448342318110720,8184799232,39630890011648,6616064,39630883395584,25021440,190882306,2462,190879844,3000,68060633,886,68059747,1138,122821673,1576,122820097,1870,116341556,117,116341439,237,40077532,69,40077463,138,76264024,48,76263976,117,480576464898048,184314880,480576280583168,1396042240,440121405368320,176250880,440121229117440,1392988160,40455059529728,8064000,40455051465728,20184064,-1,0,361,0,0,3,0,0,0,0,0,0,0,0,483451207962861,7021260324,483444186702537,8176189920,443833816680704,7014793216,443826801887488,8169017344,39617391282157,6467108,39617384815049,24870008,8673820672,8673820672,0,8673820672,8642363392,8642363392,0,8642363392,31457280,31457280,0,31457280,361,361,0,361,346,346,0,346,15,15,0,15,,,,,,,,,,,,,,,,,,,,,,,,,,,,,,,,,,,,,,,,,,,,,,,,,,,,,,,,,,,,,,,,,,,,,,,,,,,,,,,,,,,,,,,,,,,,,,,,,,,,,,,,,,,,,,,,,,,,,,,,,,,,,,,,,,,,,,,,,,,,,,,,,,,,,,,,,,,,,,
,3199,,,,,,,,,,,,,,,,,,,,,,,,,,,,,,,,,,,,,,,,,,,,,,,,,,,,,,,,,,,,,,,,,,,,,,,,,,,,,,,,,,,,,,,,,,,,,,,,,,,,,,,,,,,,,,,,,,,,,,,,,,,190895226,2466,190892760,3000,68064841,886,68063955,1138,122830385,1580,122828805,1870,488008936281600,7027792896,488001908488704,8192102912,448375235786752,7021174784,448368214611968,8184799232,39633700494848,6618112,39633693876736,25021440,488008936281600,7027792896,488001908488704,8192102912,448375235786752,7021174784,448368214611968,8184799232,39633700494848,6618112,39633693876736,25021440,190895226,2466,190892760,3000,68064841,886,68063955,1138,122830385,1580,122828805,1870,116349654,119,116349535,237,40079885,69,40079816,138,76269769,50,76269719,117,480607415480832,184312832,480607231168000,1396042240,440149526595584,176250880,440149350344704,1392988160,40457888885248,8061952,40457880823296,20184064,-1,0,361,0,0,3,0,0,0,0,0,0,0,0,483479701947674,7021260340,483472680687334,8176189920,443859501108224,7014793216,443852486315008,8169017344,39620200839450,6467124,39620194372326,24870008,8673820672,8673820672,0,8673820672,8642363392,8642363392,0,8642363392,31457280,31457280,0,31457280,361,361,0,361,346,346,0,346,15,15,0,15,,,,,,,,,,,,,,,,,,,,,,,,,,,,,,,,,,,,
,3199,,,,,,,,,,,,,,,,,,,,,,,,,,,,,,,,,,,,,,,,,,,,,,,,,,,,,,,,,,,,,,,,,,,,,,,,,,,,,,,,,,,,,,,,,,,,,,,,,,,,,,,,,,,,,,,,,,,,,,,,,,,,,,,,,,,,,,,,,,,,,,,,,,,,,,,,,,,,,,,,,,,,,,,,,,,,,,,,,,,,,,,,,,,,,,,,,,,,,,,,,,,,,,,,,,,,,,,,,,,,,,,,,,,,,,,,,,,,,,,,,,,,,0.0007457733154296875,0.004033392295241356,0.06124665588140488,4,,,,,,,,,,,,,,,,,,,,,,,,,,,,,,,,
4.095334004699563e-08,3249,,,,,,,,,,,,,,,,,,,,,,,,,,,,,,,,,,,,,,,,,,,,,,,,,,,,,,,,,,,,,,,,,,,,,,,,,,,,,,,,,,,,,,,,,,,,,,,,,,,,,,,,,,,,,,,,,,,,,,,,,,,,,,,,,,,,,,,,,,,,,,,,,,,,,,,,,,,,,,,,,,,,,,,,,,,,,,,,,,,,,,,,,,,,,,,,,,,,,,,,,,,,,,,,,,,,,,,,,,,,,,,,,,,,,,,,,,,,,,,,,,,,,,,,,,,,,,,,,,,,,,,,,,,,,,,,,,,,,,,,
,3249,195796294,2462,195793832,3000,69804188,886,69803302,1138,125992106,1576,125990530,1870,500421243959808,7030715392,500414213244416,8192102912,459755372030976,7024099328,459748347931648,8184799232,40665871928832,6616064,40665865312768,25021440,500421243959808,7030715392,500414213244416,8192102912,459755372030976,7024099328,459748347931648,8184799232,40665871928832,6616064,40665865312768,25021440,195796294,2462,195793832,3000,69804188,886,69803302,1138,125992106,1576,125990530,1870,119375611,113,119375498,237,41093682,72,41093610,138,78281929,41,78281888,117,492917296676352,219139072,492917077537280,1396042240,451406853925888,208977920,451406644947968,1392988160,41510442750464,10161152,41510432589312,20184064,-1,0,361,0,0,3,0,0,0,0,0,0,0,0,495776184581477,7021260852,495769163320625,8176189920,455124156858368,7014793216,455117142065152,8169017344,40652027723109,6467636,40652021255473,24870008,8673820672,8673820672,0,8673820672,8642363392,8642363392,0,8642363392,31457280,31457280,0,31457280,361,361,0,361,346,346,0,346,15,15,0,15,,,,,,,,,,,,,,,,,,,,,,,,,,,,,,,,,,,,,,,,,,,,,,,,,,,,,,,,,,,,,,,,,,,,,,,,,,,,,,,,,,,,,,,,,,,,,,,,,,,,,,,,,,,,,,,,,,,,,,,,,,,,,,,,,,,,,,,,,,,,,,,,,,,,,,,,,,,,,,
,3249,,,,,,,,,,,,,,,,,,,,,,,,,,,,,,,,,,,,,,,,,,,,,,,,,,,,,,,,,,,,,,,,,,,,,,,,,,,,,,,,,,,,,,,,,,,,,,,,,,,,,,,,,,,,,,,,,,,,,,,,,,,195808665,2466,195806199,3000,69808271,886,69807385,1138,126000394,1580,125998814,1870,500448705553408,7035296768,500441670256640,8192102912,459779850492928,7028678656,459772821814272,8184799232,40668855060480,6618112,40668848442368,25021440,500448705553408,7035296768,500441670256640,8192102912,459779850492928,7028678656,459772821814272,8184799232,40668855060480,6618112,40668848442368,25021440,195808665,2466,195806199,3000,69808271,886,69807385,1138,126000394,1580,125998814,1870,119383023,116,119382907,237,41095962,74,41095888,138,78287061,42,78287019,117,492945258844160,178906112,492945079938048,1396042240,451431799757824,168747008,451431631010816,1392988160,41513459086336,10159104,41513448927232,20184064,-1,0,361,0,0,3,0,0,0,0,0,0,0,0,495803437349962,7021260868,495796416089094,8176189920,455148427318016,7014793216,455141412524800,8169017344,40655010031946,6467652,40655003564294,24870008,8673820672,8673820672,0,8673820672,8642363392,8642363392,0,8642363392,31457280,31457280,0,31457280,361,361,0,361,346,346,0,346,15,15,0,15,,,,,,,,,,,,,,,,,,,,,,,,,,,,,,,,,,,,
4.095334004699563e-08,3249,,,,,,,,,,,,,,,,,,,,,,,,,,,,,,,,,,,,,,,,,,,,,,,,,,,,,,,,,,,,,,,,,,,,,,,,,,,,,,,,,,,,,,,,,,,,,,,,,,,,,,,,,,,,,,,,,,,,,,,,,,,,,,,,,,,,,,,,,,,,,,,,,,,,,,,,,,,,,,,,,,,,,,,,,,,,,,,,,,,,,,,,,,,,,,,,,,,,,,,,,,,,,,,,,,,,,,,,,,,,,,,,,,,,,,,,,,,,,,,,,,,,,,,,,,,,,,,,,,,,,,,,,,,,,,,,,,,,,,,,
,3249,195808678,2462,195806216,3000,69808271,886,69807385,1138,126000407,1576,125998831,1870,500448705564672,7035290112,500441670274560,8192102912,459779850492928,7028678656,459772821814272,8184799232,40668855071744,6611456,40668848460288,25021440,500448705564672,7035290112,500441670274560,8192102912,459779850492928,7028678656,459772821814272,8184799232,40668855071744,6611456,40668848460288,25021440,195808678,2462,195806216,3000,69808271,886,69807385,1138,126000407,1576,125998831,1870,119383032,111,119382921,237,41095962,74,41095888,138,78287070,37,78287033,117,492945258862080,178912768,492945079949312,1396042240,451431799757824,168747008,451431631010816,1392988160,41513459104256,10165760,41513448938496,20184064,-1,0,361,0,0,3,0,0,0,0,0,0,0,0,495803437356246,7021256652,495796416099594,8176189920,455148427318016,7014793216,455141412524800,8169017344,40655010038230,6463436,40655003574794,24870008,8673820672,8673820672,0,8673820672,8642363392,8642363392,0,8642363392,31457280,31457280,0,31457280,361,361,0,361,346,346,0,346,15,15,0,15,,,,,,,,,,,,,,,,,,,,,,,,,,,,,,,,,,,,,,,,,,,,,,,,,,,,,,,,,,,,,,,,,,,,,,,,,,,,,,,,,,,,,,,,,,,,,,,,,,,,,,,,,,,,,,,,,,,,,,,,,,,,,,,,,,,,,,,,,,,,,,,,,,,,,,,,,,,,,,
,3249,,,,,,,,,,,,,,,,,,,,,,,,,,,,,,,,,,,,,,,,,,,,,,,,,,,,,,,,,,,,,,,,,,,,,,,,,,,,,,,,,,,,,,,,,,,,,,,,,,,,,,,,,,,,,,,,,,,,,,,,,,,195821049,2466,195818583,3000,69812949,886,69812063,1138,126008100,1580,126006520,1870,500477164483584,7035292160,500470129191424,8192102912,459805692505088,7028678656,459798663826432,8184799232,40671471978496,6613504,40671465364992,25021440,500477164483584,7035292160,500470129191424,8192102912,459805692505088,7028678656,459798663826432,8184799232,40671471978496,6613504,40671465364992,25021440,195821049,2466,195818583,3000,69812949,886,69812063,1138,126008100,1580,126006520,1870,119390462,114,119390348,237,41098649,74,41098575,138,78291813,40,78291773,117,492975486931456,178910720,492975308020736,1396042240,451459410922496,168747008,451459242175488,1392988160,41516076008960,10163712,41516065845248,20184064,-1,0,361,0,0,3,0,0,0,0,0,0,0,0,495831272056196,7021256668,495824250799528,8176189920,455173646181888,7014793216,455166631388672,8169017344,40657625874308,6463452,40657619410856,24870008,8673820672,8673820672,0,8673820672,8642363392,8642363392,0,8642363392,31457280,31457280,0,31457280,361,361,0,361,346,346,0,346,15,15,0,15,,,,,,,,,,,,,,,,,,,,,,,,,,,,,,,,,,,,
4.095334004699563e-08,3249,,,,,,,,,,,,,,,,,,,,,,,,,,,,,,,,,,,,,,,,,,,,,,,,,,,,,,,,,,,,,,,,,,,,,,,,,,,,,,,,,,,,,,,,,,,,,,,,,,,,,,,,,,,,,,,,,,,,,,,,,,,,,,,,,,,,,,,,,,,,,,,,,,,,,,,,,,,,,,,,,,,,,,,,,,,,,,,,,,,,,,,,,,,,,,,,,,,,,,,,,,,,,,,,,,,,,,,,,,,,,,,,,,,,,,,,,,,,,,,,,,,,,,,,,,,,,,,,,,,,,,,,,,,,,,,,,,,,,,,,
,3249,195821062,2462,195818600,3000,69812949,886,69812063,1138,126008113,1576,126006537,1870,500477164496384,7035291648,500470129204736,8192102912,459805692505088,7028678656,459798663826432,8184799232,40671471991296,6612992,40671465378304,25021440,500477164496384,7035291648,500470129204736,8192102912,459805692505088,7028678656,459798663826432,8184799232,40671471991296,6612992,40671465378304,25021440,195821062,2462,195818600,3000,69812949,886,69812063,1138,126008113,1576,126006537,1870,119390476,116,119390360,237,41098649,74,41098575,138,78291827,42,78291785,117,492975486944768,178911232,492975308033536,1396042240,451459410922496,168747008,451459242175488,1392988160,41516076022272,10164224,41516065858048,20184064,-1,0,361,0,0,3,0,0,0,0,0,0,0,0,495831272064088,7021258260,495824250805828,8176189920,455173646181888,7014793216,455166631388672,8169017344,40657625882200,6465044,40657619417156,24870008,8673820672,8673820672,0,8673820672,8642363392,8642363392,0,8642363392,31457280,31457280,0,31457280,361,361,0,361,346,346,0,346,15,15,0,15,,,,,,,,,,,,,,,,,,,,,,,,,,,,,,,,,,,,,,,,,,,,,,,,,,,,,,,,,,,,,,,,,,,,,,,,,,,,,,,,,,,,,,,,,,,,,,,,,,,,,,,,,,,,,,,,,,,,,,,,,,,,,,,,,,,,,,,,,,,,,,,,,,,,,,,,,,,,,,
,3249,,,,,,,,,,,,,,,,,,,,,,,,,,,,,,,,,,,,,,,,,,,,,,,,,,,,,,,,,,,,,,,,,,,,,,,,,,,,,,,,,,,,,,,,,,,,,,,,,,,,,,,,,,,,,,,,,,,,,,,,,,,195833433,2466,195830967,3000,69816936,886,69816050,1138,126016497,1580,126014917,1870,500504275346432,7035293696,500497240052736,8192102912,459829900884992,7028678656,459822872206336,8184799232,40674374461440,6615040,40674367846400,25021440,500504275346432,7035293696,500497240052736,8192102912,459829900884992,7028678656,459822872206336,8184799232,40674374461440,6615040,40674367846400,25021440,195833433,2466,195830967,3000,69816936,886,69816050,1138,126016497,1580,126014917,1870,119397456,119,119397337,237,41100572,74,41100498,138,78296884,45,78296839,117,493004348242944,178909184,493004169333760,1396042240,451485366606848,168747008,451485197859840,1392988160,41518981636096,10162176,41518971473920,20184064,-1,0,361,0,0,3,0,0,0,0,0,0,0,0,495858165908539,7021258276,495851144650263,8176189920,455197638433024,7014793216,455190623639808,8169017344,40660527475515,6465060,40660521010455,24870008,8673820672,8673820672,0,8673820672,8642363392,8642363392,0,8642363392,31457280,31457280,0,31457280,361,361,0,361,346,346,0,346,15,15,0,15,,,,,,,,,,,,,,,,,,,,,,,,,,,,,,,,,,,,
4.095334004699563e-08,3249,,,,,,,,,,,,,,,,,,,,,,,,,,,,,,,,,,,,,,,,,,,,,,,,,,,,,,,,,,,,,,,,,,,,,,,,,,,,,,,,,,,,,,,,,,,,,,,,,,,,,,,,,,,,,,,,,,,,,,,,,,,,,,,,,,,,,,,,,,,,,,,,,,,,,,,,,,,,,,,,,,,,,,,,,,,,,,,,,,,,,,,,,,,,,,,,,,,,,,,,,,,,,,,,,,,,,,,,,,,,,,,,,,,,,,,,,,,,,,,,,,,,,,,,,,,,,,,,,,,,,,,,,,,,,,,,,,,,,,,,
,3249,195833446,2462,195830984,3000,69816936,886,69816050,1138,126016510,1576,126014934,1870,500504275359232,7035291648,500497240067584,8192102912,459829900884992,7028678656,459822872206336,8184799232,40674374474240,6612992,40674367861248,25021440,500504275359232,7035291648,500497240067584,8192102912,459829900884992,7028678656,459822872206336,8184799232,40674374474240,6612992,40674367861248,25021440,195833446,2462,195830984,3000,69816936,886,69816050,1138,126016510,1576,126014934,1870,119397466,115,119397351,237,41100572,74,41100498,138,78296894,41,78296853,117,493004348257792,178911232,493004169346560,1396042240,451485366606848,168747008,451485197859840,1392988160,41518981650944,10164224,41518971486720,20184064,-1,0,361,0,0,3,0,0,0,0,0,0,0,0,495858165916503,7021258332,495851144658171,8176189920,455197638433024,7014793216,455190623639808,8169017344,40660527483479,6465116,40660521018363,24870008,8673820672,8673820672,0,8673820672,8642363392,8642363392,0,8642363392,31457280,31457280,0,31457280,361,361,0,361,346,346,0,346,15,15,0,15,,,,,,,,,,,,,,,,,,,,,,,,,,,,,,,,,,,,,,,,,,,,,,,,,,,,,,,,,,,,,,,,,,,,,,,,,,,,,,,,,,,,,,,,,,,,,,,,,,,,,,,,,,,,,,,,,,,,,,,,,,,,,,,,,,,,,,,,,,,,,,,,,,,,,,,,,,,,,,
,3249,,,,,,,,,,,,,,,,,,,,,,,,,,,,,,,,,,,,,,,,,,,,,,,,,,,,,,,,,,,,,,,,,,,,,,,,,,,,,,,,,,,,,,,,,,,,,,,,,,,,,,,,,,,,,,,,,,,,,,,,,,,195845816,2466,195843350,3000,69821019,886,69820133,1138,126024797,1580,126023217,1870,500531766437376,7035293696,500524731143680,8192102912,459854433954816,7028678656,459847405276160,8184799232,40677332482560,6615040,40677325867520,25021440,500531766437376,7035293696,500524731143680,8192102912,459854433954816,7028678656,459847405276160,8184799232,40677332482560,6615040,40677325867520,25021440,195845816,2466,195843350,3000,69821019,886,69820133,1138,126024797,1580,126023217,1870,119404835,121,119404714,237,41102688,74,41102614,138,78302147,47,78302100,117,493033628974592,178909184,493033450065408,1396042240,451511672015872,168747008,451511503268864,1392988160,41521956958720,10162176,41521946796544,20184064,-1,0,361,0,0,3,0,0,0,0,0,0,0,0,495885365465847,7021258348,495878344207499,8176189920,455221880810496,7014793216,455214866017280,8169017344,40663484655351,6465132,40663478190219,24870008,8673820672,8673820672,0,8673820672,8642363392,8642363392,0,8642363392,31457280,31457280,0,31457280,361,361,0,361,346,346,0,346,15,15,0,15,,,,,,,,,,,,,,,,,,,,,,,,,,,,,,,,,,,,
4.095334004699563e-08,3249,,,,,,,,,,,,,,,,,,,,,,,,,,,,,,,,,,,,,,,,,,,,,,,,,,,,,,,,,,,,,,,,,,,,,,,,,,,,,,,,,,,,,,,,,,,,,,,,,,,,,,,,,,,,,,,,,,,,,,,,,,,,,,,,,,,,,,,,,,,,,,,,,,,,,,,,,,,,,,,,,,,,,,,,,,,,,,,,,,,,,,,,,,,,,,,,,,,,,,,,,,,,,,,,,,,,,,,,,,,,,,,,,,,,,,,,,,,,,,,,,,,,,,,,,,,,,,,,,,,,,,,,,,,,,,,,,,,,,,,,
,3249,195845829,2462,195843367,3000,69821019,886,69820133,1138,126024810,1576,126023234,1870,500531766451712,7035293184,500524731158528,8192102912,459854433954816,7028678656,459847405276160,8184799232,40677332496896,6614528,40677325882368,25021440,500531766451712,7035293184,500524731158528,8192102912,459854433954816,7028678656,459847405276160,8184799232,40677332496896,6614528,40677325882368,25021440,195845829,2462,195843367,3000,69821019,886,69820133,1138,126024810,1576,126023234,1870,119404844,114,119404730,237,41102688,74,41102614,138,78302156,40,78302116,117,493033628989440,178909696,493033450079744,1396042240,451511672015872,168747008,451511503268864,1392988160,41521956973568,10162688,41521946810880,20184064,-1,0,361,0,0,3,0,0,0,0,0,0,0,0,495885365474603,7021259124,495878344215479,8176189920,455221880810496,7014793216,455214866017280,8169017344,40663484664107,6465908,40663478198199,24870008,8673820672,8673820672,0,8673820672,8642363392,8642363392,0,8642363392,31457280,31457280,0,31457280,361,361,0,361,346,346,0,346,15,15,0,15,,,,,,,,,,,,,,,,,,,,,,,,,,,,,,,,,,,,,,,,,,,,,,,,,,,,,,,,,,,,,,,,,,,,,,,,,,,,,,,,,,,,,,,,,,,,,,,,,,,,,,,,,,,,,,,,,,,,,,,,,,,,,,,,,,,,,,,,,,,,,,,,,,,,,,,,,,,,,,
,3249,,,,,,,,,,,,,,,,,,,,,,,,,,,,,,,,,,,,,,,,,,,,,,,,,,,,,,,,,,,,,,,,,,,,,,,,,,,,,,,,,,,,,,,,,,,,,,,,,,,,,,,,,,,,,,,,,,,,,,,,,,,195858151,2466,195855685,3000,69825702,886,69824816,1138,126032449,1580,126030869,1870,500560227639296,7035295232,500553192344064,8192102912,459880283315200,7028678656,459873254636544,8184799232,40679944324096,6616576,40679937707520,25021440,500560227639296,7035295232,500553192344064,8192102912,459880283315200,7028678656,459873254636544,8184799232,40679944324096,6616576,40679937707520,25021440,195858151,2466,195855685,3000,69825702,886,69824816,1138,126032449,1580,126030869,1870,119412108,118,119411990,237,41105380,74,41105306,138,78306728,44,78306684,117,493063859327488,178907648,493063680419840,1396042240,451539290528768,168747008,451539121781760,1392988160,41524568798720,10160640,41524558638080,20184064,-1,0,361,0,0,3,0,0,0,0,0,0,0,0,495913202388789,7021259200,495906181129589,8176189920,455247106944768,7014793216,455240092151552,8169017344,40666095444021,6465984,40666088978037,24870008,8673820672,8673820672,0,8673820672,8642363392,8642363392,0,8642363392,31457280,31457280,0,31457280,361,361,0,361,346,346,0,346,15,15,0,15,,,,,,,,,,,,,,,,,,,,,,,,,,,,,,,,,,,,
4.095334004699563e-08,3249,,,,,,,,,,,,,,,,,,,,,,,,,,,,,,,,,,,,,,,,,,,,,,,,,,,,,,,,,,,,,,,,,,,,,,,,,,,,,,,,,,,,,,,,,,,,,,,,,,,,,,,,,,,,,,,,,,,,,,,,,,,,,,,,,,,,,,,,,,,,,,,,,,,,,,,,,,,,,,,,,,,,,,,,,,,,,,,,,,,,,,,,,,,,,,,,,,,,,,,,,,,,,,,,,,,,,,,,,,,,,,,,,,,,,,,,,,,,,,,,,,,,,,,,,,,,,,,,,,,,,,,,,,,,,,,,,,,,,,,,
,3249,195858164,2462,195855702,3000,69825702,886,69824816,1138,126032462,1576,126030886,1870,500560227652096,7035291648,500553192360448,8192102912,459880283315200,7028678656,459873254636544,8184799232,40679944336896,6612992,40679937723904,25021440,500560227652096,7035291648,500553192360448,8192102912,459880283315200,7028678656,459873254636544,8184799232,40679944336896,6612992,40679937723904,25021440,195858164,2462,195855702,3000,69825702,886,69824816,1138,126032462,1576,126030886,1870,119412121,119,119412002,237,41105380,74,41105306,138,78306741,45,78306696,117,493063859343872,178911232,493063680432640,1396042240,451539290528768,168747008,451539121781760,1392988160,41524568815104,10164224,41524558650880,20184064,-1,0,361,0,0,3,0,0,0,0,0,0,0,0,495913202395265,7021256904,495906181138361,8176189920,455247106944768,7014793216,455240092151552,8169017344,40666095450497,6463688,40666088986809,24870008,8673820672,8673820672,0,8673820672,8642363392,8642363392,0,8642363392,31457280,31457280,0,31457280,361,361,0,361,346,346,0,346,15,15,0,15,,,,,,,,,,,,,,,,,,,,,,,,,,,,,,,,,,,,,,,,,,,,,,,,,,,,,,,,,,,,,,,,,,,,,,,,,,,,,,,,,,,,,,,,,,,,,,,,,,,,,,,,,,,,,,,,,,,,,,,,,,,,,,,,,,,,,,,,,,,,,,,,,,,,,,,,,,,,,,
,3249,,,,,,,,,,,,,,,,,,,,,,,,,,,,,,,,,,,,,,,,,,,,,,,,,,,,,,,,,,,,,,,,,,,,,,,,,,,,,,,,,,,,,,,,,,,,,,,,,,,,,,,,,,,,,,,,,,,,,,,,,,,195870535,2466,195868069,3000,69830385,886,69829499,1138,126040150,1580,126038570,1870,500588677440512,7035293696,500581642146816,8192102912,459906124131328,7028678656,459899095452672,8184799232,40682553309184,6615040,40682546694144,25021440,500588677440512,7035293696,500581642146816,8192102912,459906124131328,7028678656,459899095452672,8184799232,40682553309184,6615040,40682546694144,25021440,195870535,2466,195868069,3000,69830385,886,69829499,1138,126040150,1580,126038570,1870,119419454,120,119419334,237,41108072,74,41107998,138,78311382,46,78311336,117,493094082952192,178909184,493093904043008,1396042240,451566905166848,168747008,451566736419840,1392988160,41527177785344,10162176,41527167623168,20184064,-1,0,361,0,0,3,0,0,0,0,0,0,0,0,495941011731400,7021256860,495933990474540,8176189920,455272308388352,7014793216,455265293595136,8169017344,40668703343048,6463644,40668696879404,24870008,8673820672,8673820672,0,8673820672,8642363392,8642363392,0,8642363392,31457280,31457280,0,31457280,361,361,0,361,346,346,0,346,15,15,0,15,,,,,,,,,,,,,,,,,,,,,,,,,,,,,,,,,,,,
4.095334004699563e-08,3249,,,,,,,,,,,,,,,,,,,,,,,,,,,,,,,,,,,,,,,,,,,,,,,,,,,,,,,,,,,,,,,,,,,,,,,,,,,,,,,,,,,,,,,,,,,,,,,,,,,,,,,,,,,,,,,,,,,,,,,,,,,,,,,,,,,,,,,,,,,,,,,,,,,,,,,,,,,,,,,,,,,,,,,,,,,,,,,,,,,,,,,,,,,,,,,,,,,,,,,,,,,,,,,,,,,,,,,,,,,,,,,,,,,,,,,,,,,,,,,,,,,,,,,,,,,,,,,,,,,,,,,,,,,,,,,,,,,,,,,,
,3249,195870548,2462,195868086,3000,69830385,886,69829499,1138,126040163,1576,126038587,1870,500588677453312,7035291648,500581642161664,8192102912,459906124131328,7028678656,459899095452672,8184799232,40682553321984,6612992,40682546708992,25021440,500588677453312,7035291648,500581642161664,8192102912,459906124131328,7028678656,459899095452672,8184799232,40682553321984,6612992,40682546708992,25021440,195870548,2462,195868086,3000,69830385,886,69829499,1138,126040163,1576,126038587,1870,119419463,117,119419346,237,41108072,74,41107998,138,78311391,43,78311348,117,493094082967040,178911232,493093904055808,1396042240,451566905166848,168747008,451566736419840,1392988160,41527177800192,10164224,41527167635968,20184064,-1,0,361,0,0,3,0,0,0,0,0,0,0,0,495941011738236,7021257204,495933990481032,8176189920,455272308388352,7014793216,455265293595136,8169017344,40668703349884,6463988,40668696885896,24870008,8673820672,8673820672,0,8673820672,8642363392,8642363392,0,8642363392,31457280,31457280,0,31457280,361,361,0,361,346,346,0,346,15,15,0,15,,,,,,,,,,,,,,,,,,,,,,,,,,,,,,,,,,,,,,,,,,,,,,,,,,,,,,,,,,,,,,,,,,,,,,,,,,,,,,,,,,,,,,,,,,,,,,,,,,,,,,,,,,,,,,,,,,,,,,,,,,,,,,,,,,,,,,,,,,,,,,,,,,,,,,,,,,,,,,
,3249,,,,,,,,,,,,,,,,,,,,,,,,,,,,,,,,,,,,,,,,,,,,,,,,,,,,,,,,,,,,,,,,,,,,,,,,,,,,,,,,,,,,,,,,,,,,,,,,,,,,,,,,,,,,,,,,,,,,,,,,,,,195882870,2466,195880404,3000,69834372,886,69833486,1138,126048498,1580,126046918,1870,500615806337536,7035293696,500608771043840,8192102912,459930335116288,7028678656,459923306437632,8184799232,40685471221248,6615040,40685464606208,25021440,500615806337536,7035293696,500608771043840,8192102912,459930335116288,7028678656,459923306437632,8184799232,40685471221248,6615040,40685464606208,25021440,195882870,2466,195880404,3000,69834372,886,69833486,1138,126048498,1580,126046918,1870,119426638,119,119426519,237,41109978,74,41109904,138,78316660,45,78316615,117,493122929375744,178909184,493122750466560,1396042240,451592832105472,168747008,451592663358464,1392988160,41530097270272,10162176,41530087108096,20184064,-1,0,361,0,0,3,0,0,0,0,0,0,0,0,495967930032196,7021257280,495960908774916,8176189920,455296309630208,7014793216,455289294836992,8169017344,40671620401988,6464064,40671613937924,24870008,8673820672,8673820672,0,8673820672,8642363392,8642363392,0,8642363392,31457280,31457280,0,31457280,361,361,0,361,346,346,0,346,15,15,0,15,,,,,,,,,,,,,,,,,,,,,,,,,,,,,,,,,,,,
4.095334004699563e-08,3249,,,,,,,,,,,,,,,,,,,,,,,,,,,,,,,,,,,,,,,,,,,,,,,,,,,,,,,,,,,,,,,,,,,,,,,,,,,,,,,,,,,,,,,,,,,,,,,,,,,,,,,,,,,,,,,,,,,,,,,,,,,,,,,,,,,,,,,,,,,,,,,,,,,,,,,,,,,,,,,,,,,,,,,,,,,,,,,,,,,,,,,,,,,,,,,,,,,,,,,,,,,,,,,,,,,,,,,,,,,,,,,,,,,,,,,,,,,,,,,,,,,,,,,,,,,,,,,,,,,,,,,,,,,,,,,,,,,,,,,,
,3249,195882883,2462,195880421,3000,69834372,886,69833486,1138,126048511,1576,126046935,1870,500615806351872,7035293184,500608771058688,8192102912,459930335116288,7028678656,459923306437632,8184799232,40685471235584,6614528,40685464621056,25021440,500615806351872,7035293184,500608771058688,8192102912,459930335116288,7028678656,459923306437632,8184799232,40685471235584,6614528,40685464621056,25021440,195882883,2462,195880421,3000,69834372,886,69833486,1138,126048511,1576,126046935,1870,119426647,115,119426532,237,41109978,74,41109904,138,78316669,41,78316628,117,493122929390592,178909696,493122750480896,1396042240,451592832105472,168747008,451592663358464,1392988160,41530097285120,10162688,41530087122432,20184064,-1,0,361,0,0,3,0,0,0,0,0,0,0,0,495967930040712,7021258944,495960908781768,8176189920,455296309630208,7014793216,455289294836992,8169017344,40671620410504,6465728,40671613944776,24870008,8673820672,8673820672,0,8673820672,8642363392,8642363392,0,8642363392,31457280,31457280,0,31457280,361,361,0,361,346,346,0,346,15,15,0,15,,,,,,,,,,,,,,,,,,,,,,,,,,,,,,,,,,,,,,,,,,,,,,,,,,,,,,,,,,,,,,,,,,,,,,,,,,,,,,,,,,,,,,,,,,,,,,,,,,,,,,,,,,,,,,,,,,,,,,,,,,,,,,,,,,,,,,,,,,,,,,,,,,,,,,,,,,,,,,
,3249,,,,,,,,,,,,,,,,,,,,,,,,,,,,,,,,,,,,,,,,,,,,,,,,,,,,,,,,,,,,,,,,,,,,,,,,,,,,,,,,,,,,,,,,,,,,,,,,,,,,,,,,,,,,,,,,,,,,,,,,,,,195895803,2466,195893337,3000,69838676,886,69837790,1138,126057127,1580,126055547,1870,500644905346560,7035295232,500637870051328,8192102912,459956574379008,7028678656,459949545700352,8184799232,40688330967552,6616576,40688324350976,25021440,500644905346560,7035295232,500637870051328,8192102912,459956574379008,7028678656,459949545700352,8184799232,40688330967552,6616576,40688324350976,25021440,195895803,2466,195893337,3000,69838676,886,69837790,1138,126057127,1580,126055547,1870,119434458,116,119434342,237,41112328,74,41112254,138,78322130,42,78322088,117,493158327203840,178907648,493158148296192,1396042240,451625346595840,168747008,451625177848832,1392988160,41532980608000,10160640,41532970447360,20184064,-1,0,361,0,0,3,0,0,0,0,0,0,0,0,495996677369655,7021258900,495989656110755,8176189920,455322198128640,7014793216,455315183335424,8169017344,40674479241015,6465684,40674472775331,24870008,8673820672,8673820672,0,8673820672,8642363392,8642363392,0,8642363392,31457280,31457280,0,31457280,361,361,0,361,346,346,0,346,15,15,0,15,,,,,,,,,,,,,,,,,,,,,,,,,,,,,,,,,,,,
,3249,,,,,,,,,,,,,,,,,,,,,,,,,,,,,,,,,,,,,,,,,,,,,,,,,,,,,,,,,,,,,,,,,,,,,,,,,,,,,,,,,,,,,,,,,,,,,,,,,,,,,,,,,,,,,,,,,,,,,,,,,,,,,,,,,,,,,,,,,,,,,,,,,,,,,,,,,,,,,,,,,,,,,,,,,,,,,,,,,,,,,,,,,,,,,,,,,,,,,,,,,,,,,,,,,,,,,,,,,,,,,,,,,,,,,,,,,,,,,,,,,,,,,0.0002142190933227539,0.0022726310417056084,0.034303683787584305,4,,,,,,,,,,,,,,,,,,,,,,,,,,,,,,,,
7.385028533064787e-09,3299,,,,,,,,,,,,,,,,,,,,,,,,,,,,,,,,,,,,,,,,,,,,,,,,,,,,,,,,,,,,,,,,,,,,,,,,,,,,,,,,,,,,,,,,,,,,,,,,,,,,,,,,,,,,,,,,,,,,,,,,,,,,,,,,,,,,,,,,,,,,,,,,,,,,,,,,,,,,,,,,,,,,,,,,,,,,,,,,,,,,,,,,,,,,,,,,,,,,,,,,,,,,,,,,,,,,,,,,,,,,,,,,,,,,,,,,,,,,,,,,,,,,,,,,,,,,,,,,,,,,,,,,,,,,,,,,,,,,,,,,
,3299,200797629,2462,200795167,3000,71580595,886,71579709,1138,129217034,1576,129215458,1870,513129810104832,7030438400,513122779666432,8192102912,471411977573376,7023820800,471404953752576,8184799232,41717832531456,6617600,41717825913856,25021440,513129810104832,7030438400,513122779666432,8192102912,471411977573376,7023820800,471404953752576,8184799232,41717832531456,6617600,41717825913856,25021440,200797629,2462,200795167,3000,71580595,886,71579709,1138,129217034,1576,129215458,1870,122476029,120,122475909,237,42133547,66,42133481,138,80342482,54,80342428,117,505461675830784,146015744,505461529815040,1396042240,462879281583104,137953280,462879143629824,1392988160,42582394247680,8062464,42582386185216,20184064,-1,0,361,0,0,3,0,0,0,0,0,0,0,0,508368180158021,7021262052,508361158895969,8176189920,466664545760256,7014793216,466657530967040,8169017344,41703634397765,6468836,41703627928929,24870008,8673820672,8673820672,0,8673820672,8642363392,8642363392,0,8642363392,31457280,31457280,0,31457280,361,361,0,361,346,346,0,346,15,15,0,15,,,,,,,,,,,,,,,,,,,,,,,,,,,,,,,,,,,,,,,,,,,,,,,,,,,,,,,,,,,,,,,,,,,,,,,,,,,,,,,,,,,,,,,,,,,,,,,,,,,,,,,,,,,,,,,,,,,,,,,,,,,,,,,,,,,,,,,,,,,,,,,,,,,,,,,,,,,,,,
,3299,,,,,,,,,,,,,,,,,,,,,,,,,,,,,,,,,,,,,,,,,,,,,,,,,,,,,,,,,,,,,,,,,,,,,,,,,,,,,,,,,,,,,,,,,,,,,,,,,,,,,,,,,,,,,,,,,,,,,,,,,,,200809951,2466,200807485,3000,71584678,886,71583792,1138,129225273,1580,129223693,1870,513157245992960,7026541056,513150219451904,8192102912,471436542751744,7019921408,471429522830336,8184799232,41720703241216,6619648,41720696621568,25021440,513157245992960,7026541056,513150219451904,8192102912,471436542751744,7019921408,471429522830336,8184799232,41720703241216,6619648,41720696621568,25021440,200809951,2466,200807485,3000,71584678,886,71583792,1138,129225273,1580,129223693,1870,122483953,121,122483832,237,42135964,72,42135892,138,80347989,49,80347940,117,505489085641728,185564672,505488900077056,1396042240,462903812133888,177504256,462903634629632,1392988160,42585273507840,8060416,42585265447424,20184064,-1,0,361,0,0,3,0,0,0,0,0,0,0,0,508395204741216,7021262128,508388183479088,8176189920,466688700499712,7014793216,466681685706496,8169017344,41706504241504,6468912,41706497772592,24870008,8673820672,8673820672,0,8673820672,8642363392,8642363392,0,8642363392,31457280,31457280,0,31457280,361,361,0,361,346,346,0,346,15,15,0,15,,,,,,,,,,,,,,,,,,,,,,,,,,,,,,,,,,,,
7.385028533064787e-09,3299,,,,,,,,,,,,,,,,,,,,,,,,,,,,,,,,,,,,,,,,,,,,,,,,,,,,,,,,,,,,,,,,,,,,,,,,,,,,,,,,,,,,,,,,,,,,,,,,,,,,,,,,,,,,,,,,,,,,,,,,,,,,,,,,,,,,,,,,,,,,,,,,,,,,,,,,,,,,,,,,,,,,,,,,,,,,,,,,,,,,,,,,,,,,,,,,,,,,,,,,,,,,,,,,,,,,,,,,,,,,,,,,,,,,,,,,,,,,,,,,,,,,,,,,,,,,,,,,,,,,,,,,,,,,,,,,,,,,,,,,
,3299,200809964,2462,200807502,3000,71584678,886,71583792,1138,129225286,1576,129223710,1870,513157246007296,7026535936,513150219471360,8192102912,471436542751744,7019921408,471429522830336,8184799232,41720703255552,6614528,41720696641024,25021440,513157246007296,7026535936,513150219471360,8192102912,471436542751744,7019921408,471429522830336,8184799232,41720703255552,6614528,41720696641024,25021440,200809964,2462,200807502,3000,71584678,886,71583792,1138,129225286,1576,129223710,1870,122483965,120,122483845,237,42135964,72,42135892,138,80348001,48,80347953,117,505489085661184,185569792,505488900091392,1396042240,462903812133888,177504256,462903634629632,1392988160,42585273527296,8065536,42585265461760,20184064,-1,0,361,0,0,3,0,0,0,0,0,0,0,0,508395204750236,7021259448,508388183490788,8176189920,466688700499712,7014793216,466681685706496,8169017344,41706504250524,6466232,41706497784292,24870008,8673820672,8673820672,0,8673820672,8642363392,8642363392,0,8642363392,31457280,31457280,0,31457280,361,361,0,361,346,346,0,346,15,15,0,15,,,,,,,,,,,,,,,,,,,,,,,,,,,,,,,,,,,,,,,,,,,,,,,,,,,,,,,,,,,,,,,,,,,,,,,,,,,,,,,,,,,,,,,,,,,,,,,,,,,,,,,,,,,,,,,,,,,,,,,,,,,,,,,,,,,,,,,,,,,,,,,,,,,,,,,,,,,,,,
,3299,,,,,,,,,,,,,,,,,,,,,,,,,,,,,,,,,,,,,,,,,,,,,,,,,,,,,,,,,,,,,,,,,,,,,,,,,,,,,,,,,,,,,,,,,,,,,,,,,,,,,,,,,,,,,,,,,,,,,,,,,,,200822335,2466,200819869,3000,71588761,886,71587875,1138,129233574,1580,129231994,1870,513184699455488,7026537984,513177672917504,8192102912,471461113009152,7019921408,471454093087744,8184799232,41723586446336,6616576,41723579829760,25021440,513184699455488,7026537984,513177672917504,8192102912,471461113009152,7019921408,471454093087744,8184799232,41723586446336,6616576,41723579829760,25021440,200822335,2466,200819869,3000,71588761,886,71587875,1138,129233574,1580,129231994,1870,122491718,126,122491592,237,42138531,72,42138459,138,80353187,54,80353133,117,505518831163392,185567744,505518645595648,1396042240,462930597377024,177504256,462930419872768,1392988160,42588233786368,8063488,42588225722880,20184064,-1,0,361,0,0,3,0,0,0,0,0,0,0,0,508422252460489,7021259404,508415231201085,8176189920,466712865901056,7014793216,466705851107840,8169017344,41709386559433,6466188,41709380093245,24870008,8673820672,8673820672,0,8673820672,8642363392,8642363392,0,8642363392,31457280,31457280,0,31457280,361,361,0,361,346,346,0,346,15,15,0,15,,,,,,,,,,,,,,,,,,,,,,,,,,,,,,,,,,,,
7.385028533064787e-09,3299,,,,,,,,,,,,,,,,,,,,,,,,,,,,,,,,,,,,,,,,,,,,,,,,,,,,,,,,,,,,,,,,,,,,,,,,,,,,,,,,,,,,,,,,,,,,,,,,,,,,,,,,,,,,,,,,,,,,,,,,,,,,,,,,,,,,,,,,,,,,,,,,,,,,,,,,,,,,,,,,,,,,,,,,,,,,,,,,,,,,,,,,,,,,,,,,,,,,,,,,,,,,,,,,,,,,,,,,,,,,,,,,,,,,,,,,,,,,,,,,,,,,,,,,,,,,,,,,,,,,,,,,,,,,,,,,,,,,,,,,
,3299,200822348,2462,200819886,3000,71588761,886,71587875,1138,129233587,1576,129232011,1870,513184699468288,7026534400,513177672933888,8192102912,471461113009152,7019921408,471454093087744,8184799232,41723586459136,6612992,41723579846144,25021440,513184699468288,7026534400,513177672933888,8192102912,471461113009152,7019921408,471454093087744,8184799232,41723586459136,6612992,41723579846144,25021440,200822348,2462,200819886,3000,71588761,886,71587875,1138,129233587,1576,129232011,1870,122491729,124,122491605,237,42138531,72,42138459,138,80353198,52,80353146,117,505518831179776,185571328,505518645608448,1396042240,462930597377024,177504256,462930419872768,1392988160,42588233802752,8067072,42588225735680,20184064,-1,0,361,0,0,3,0,0,0,0,0,0,0,0,508422252467373,7021257252,508415231210121,8176189920,466712865901056,7014793216,466705851107840,8169017344,41709386566317,6464036,41709380102281,24870008,8673820672,8673820672,0,8673820672,8642363392,8642363392,0,8642363392,31457280,31457280,0,31457280,361,361,0,361,346,346,0,346,15,15,0,15,,,,,,,,,,,,,,,,,,,,,,,,,,,,,,,,,,,,,,,,,,,,,,,,,,,,,,,,,,,,,,,,,,,,,,,,,,,,,,,,,,,,,,,,,,,,,,,,,,,,,,,,,,,,,,,,,,,,,,,,,,,,,,,,,,,,,,,,,,,,,,,,,,,,,,,,,,,,,,
,3299,,,,,,,,,,,,,,,,,,,,,,,,,,,,,,,,,,,,,,,,,,,,,,,,,,,,,,,,,,,,,,,,,,,,,,,,,,,,,,,,,,,,,,,,,,,,,,,,,,,,,,,,,,,,,,,,,,,,,,,,,,,200834719,2466,200832253,3000,71592748,886,71591862,1138,129241971,1580,129240391,1870,513211802288128,7026536448,513204775751680,8192102912,471485407183872,7019921408,471478387262464,8184799232,41726395104256,6615040,41726388489216,25021440,513211802288128,7026536448,513204775751680,8192102912,471485407183872,7019921408,471478387262464,8184799232,41726395104256,6615040,41726388489216,25021440,200834719,2466,200832253,3000,71592748,886,71591862,1138,129241971,1580,129240391,1870,122499370,127,122499243,237,42140941,72,42140869,138,80358429,55,80358374,117,505548178179584,185569280,505547992610304,1396042240,462957135733760,177504256,462956958229504,1392988160,42591042445824,8065024,42591034380800,20184064,-1,0,361,0,0,3,0,0,0,0,0,0,0,0,508448992598712,7021257268,508441971341444,8176189920,466736798309632,7014793216,466729783516416,8169017344,41712194289080,6464052,41712187825028,24870008,8673820672,8673820672,0,8673820672,8642363392,8642363392,0,8642363392,31457280,31457280,0,31457280,361,361,0,361,346,346,0,346,15,15,0,15,,,,,,,,,,,,,,,,,,,,,,,,,,,,,,,,,,,,
7.385028533064787e-09,3299,,,,,,,,,,,,,,,,,,,,,,,,,,,,,,,,,,,,,,,,,,,,,,,,,,,,,,,,,,,,,,,,,,,,,,,,,,,,,,,,,,,,,,,,,,,,,,,,,,,,,,,,,,,,,,,,,,,,,,,,,,,,,,,,,,,,,,,,,,,,,,,,,,,,,,,,,,,,,,,,,,,,,,,,,,,,,,,,,,,,,,,,,,,,,,,,,,,,,,,,,,,,,,,,,,,,,,,,,,,,,,,,,,,,,,,,,,,,,,,,,,,,,,,,,,,,,,,,,,,,,,,,,,,,,,,,,,,,,,,,
,3299,200834732,2462,200832270,3000,71592748,886,71591862,1138,129241984,1576,129240408,1870,513211802304000,7026537472,513204775766528,8192102912,471485407183872,7019921408,471478387262464,8184799232,41726395120128,6616064,41726388504064,25021440,513211802304000,7026537472,513204775766528,8192102912,471485407183872,7019921408,471478387262464,8184799232,41726395120128,6616064,41726388504064,25021440,200834732,2462,200832270,3000,71592748,886,71591862,1138,129241984,1576,129240408,1870,122499382,126,122499256,237,42140941,72,42140869,138,80358441,54,80358387,117,505548178194432,185568256,505547992626176,1396042240,462957135733760,177504256,462956958229504,1392988160,42591042460672,8064000,42591034396672,20184064,-1,0,361,0,0,3,0,0,0,0,0,0,0,0,508448992609292,7021260948,508441971348344,8176189920,466736798309632,7014793216,466729783516416,8169017344,41712194299660,6467732,41712187831928,24870008,8673820672,8673820672,0,8673820672,8642363392,8642363392,0,8642363392,31457280,31457280,0,31457280,361,361,0,361,346,346,0,346,15,15,0,15,,,,,,,,,,,,,,,,,,,,,,,,,,,,,,,,,,,,,,,,,,,,,,,,,,,,,,,,,,,,,,,,,,,,,,,,,,,,,,,,,,,,,,,,,,,,,,,,,,,,,,,,,,,,,,,,,,,,,,,,,,,,,,,,,,,,,,,,,,,,,,,,,,,,,,,,,,,,,,
,3299,,,,,,,,,,,,,,,,,,,,,,,,,,,,,,,,,,,,,,,,,,,,,,,,,,,,,,,,,,,,,,,,,,,,,,,,,,,,,,,,,,,,,,,,,,,,,,,,,,,,,,,,,,,,,,,,,,,,,,,,,,,200847054,2466,200844588,3000,71596735,886,71595849,1138,129250319,1580,129248739,1870,513239135913472,7026539520,513232109373952,8192102912,471509822559232,7019921408,471502802637824,8184799232,41729313354240,6618112,41729306736128,25021440,513239135913472,7026539520,513232109373952,8192102912,471509822559232,7019921408,471502802637824,8184799232,41729313354240,6618112,41729306736128,25021440,200847054,2466,200844588,3000,71596735,886,71595849,1138,129250319,1580,129248739,1870,122506772,124,122506648,237,42143413,72,42143341,138,80363359,52,80363307,117,505577759809536,185566208,505577574243328,1396042240,462983784567808,177504256,462983607063552,1392988160,42593975241728,8061952,42593967179776,20184064,-1,0,361,0,0,3,0,0,0,0,0,0,0,0,508475914352376,7021261024,508468893091352,8176189920,466760802664448,7014793216,466753787871232,8169017344,41715111687928,6467808,41715105220120,24870008,8673820672,8673820672,0,8673820672,8642363392,8642363392,0,8642363392,31457280,31457280,0,31457280,361,361,0,361,346,346,0,346,15,15,0,15,,,,,,,,,,,,,,,,,,,,,,,,,,,,,,,,,,,,
7.385028533064787e-09,3299,,,,,,,,,,,,,,,,,,,,,,,,,,,,,,,,,,,,,,,,,,,,,,,,,,,,,,,,,,,,,,,,,,,,,,,,,,,,,,,,,,,,,,,,,,,,,,,,,,,,,,,,,,,,,,,,,,,,,,,,,,,,,,,,,,,,,,,,,,,,,,,,,,,,,,,,,,,,,,,,,,,,,,,,,,,,,,,,,,,,,,,,,,,,,,,,,,,,,,,,,,,,,,,,,,,,,,,,,,,,,,,,,,,,,,,,,,,,,,,,,,,,,,,,,,,,,,,,,,,,,,,,,,,,,,,,,,,,,,,,
,3299,200847067,2462,200844605,3000,71596735,886,71595849,1138,129250332,1576,129248756,1870,513239135929344,7026537472,513232109391872,8192102912,471509822559232,7019921408,471502802637824,8184799232,41729313370112,6616064,41729306754048,25021440,513239135929344,7026537472,513232109391872,8192102912,471509822559232,7019921408,471502802637824,8184799232,41729313370112,6616064,41729306754048,25021440,200847067,2462,200844605,3000,71596735,886,71595849,1138,129250332,1576,129248756,1870,122506782,123,122506659,237,42143413,72,42143341,138,80363369,51,80363318,117,505577759827456,185568256,505577574259200,1396042240,462983784567808,177504256,462983607063552,1392988160,42593975259648,8064000,42593967195648,20184064,-1,0,361,0,0,3,0,0,0,0,0,0,0,0,508475914362884,7021260936,508468893101948,8176189920,466760802664448,7014793216,466753787871232,8169017344,41715111698436,6467720,41715105230716,24870008,8673820672,8673820672,0,8673820672,8642363392,8642363392,0,8642363392,31457280,31457280,0,31457280,361,361,0,361,346,346,0,346,15,15,0,15,,,,,,,,,,,,,,,,,,,,,,,,,,,,,,,,,,,,,,,,,,,,,,,,,,,,,,,,,,,,,,,,,,,,,,,,,,,,,,,,,,,,,,,,,,,,,,,,,,,,,,,,,,,,,,,,,,,,,,,,,,,,,,,,,,,,,,,,,,,,,,,,,,,,,,,,,,,,,,
,3299,,,,,,,,,,,,,,,,,,,,,,,,,,,,,,,,,,,,,,,,,,,,,,,,,,,,,,,,,,,,,,,,,,,,,,,,,,,,,,,,,,,,,,,,,,,,,,,,,,,,,,,,,,,,,,,,,,,,,,,,,,,200859389,2466,200856923,3000,71600818,886,71599932,1138,129258571,1580,129256991,1870,513266551597056,7026539520,513259525057536,8192102912,471534380139520,7019921408,471527360218112,8184799232,41732171457536,6618112,41732164839424,25021440,513266551597056,7026539520,513259525057536,8192102912,471534380139520,7019921408,471527360218112,8184799232,41732171457536,6618112,41732164839424,25021440,200859389,2466,200856923,3000,71600818,886,71599932,1138,129258571,1580,129256991,1870,122514566,126,122514440,237,42145980,72,42145908,138,80368586,54,80368532,117,505607456850432,185566208,505607271284224,1396042240,463010564523008,177504256,463010387018752,1392988160,42596892327424,8061952,42596884265472,20184064,-1,0,361,0,0,3,0,0,0,0,0,0,0,0,508502912377701,7021260952,508495891116749,8176189920,466784943465216,7014793216,466777928672000,8169017344,41717968912485,6467736,41717962444749,24870008,8673820672,8673820672,0,8673820672,8642363392,8642363392,0,8642363392,31457280,31457280,0,31457280,361,361,0,361,346,346,0,346,15,15,0,15,,,,,,,,,,,,,,,,,,,,,,,,,,,,,,,,,,,,
7.385028533064787e-09,3299,,,,,,,,,,,,,,,,,,,,,,,,,,,,,,,,,,,,,,,,,,,,,,,,,,,,,,,,,,,,,,,,,,,,,,,,,,,,,,,,,,,,,,,,,,,,,,,,,,,,,,,,,,,,,,,,,,,,,,,,,,,,,,,,,,,,,,,,,,,,,,,,,,,,,,,,,,,,,,,,,,,,,,,,,,,,,,,,,,,,,,,,,,,,,,,,,,,,,,,,,,,,,,,,,,,,,,,,,,,,,,,,,,,,,,,,,,,,,,,,,,,,,,,,,,,,,,,,,,,,,,,,,,,,,,,,,,,,,,,,
,3299,200859402,2462,200856940,3000,71600818,886,71599932,1138,129258584,1576,129257008,1870,513266551608320,7026532864,513259525075456,8192102912,471534380139520,7019921408,471527360218112,8184799232,41732171468800,6611456,41732164857344,25021440,513266551608320,7026532864,513259525075456,8192102912,471534380139520,7019921408,471527360218112,8184799232,41732171468800,6611456,41732164857344,25021440,200859402,2462,200856940,3000,71600818,886,71599932,1138,129258584,1576,129257008,1870,122514576,122,122514454,237,42145980,72,42145908,138,80368596,50,80368546,117,505607456868352,185572864,505607271295488,1396042240,463010564523008,177504256,463010387018752,1392988160,42596892345344,8068608,42596884276736,20184064,-1,0,361,0,0,3,0,0,0,0,0,0,0,0,508502912383361,7021256088,508495891127273,8176189920,466784943465216,7014793216,466777928672000,8169017344,41717968918145,6462872,41717962455273,24870008,8673820672,8673820672,0,8673820672,8642363392,8642363392,0,8642363392,31457280,31457280,0,31457280,361,361,0,361,346,346,0,346,15,15,0,15,,,,,,,,,,,,,,,,,,,,,,,,,,,,,,,,,,,,,,,,,,,,,,,,,,,,,,,,,,,,,,,,,,,,,,,,,,,,,,,,,,,,,,,,,,,,,,,,,,,,,,,,,,,,,,,,,,,,,,,,,,,,,,,,,,,,,,,,,,,,,,,,,,,,,,,,,,,,,,
,3299,,,,,,,,,,,,,,,,,,,,,,,,,,,,,,,,,,,,,,,,,,,,,,,,,,,,,,,,,,,,,,,,,,,,,,,,,,,,,,,,,,,,,,,,,,,,,,,,,,,,,,,,,,,,,,,,,,,,,,,,,,,200871724,2466,200869258,3000,71604800,886,71603914,1138,129266924,1580,129265344,1870,513293607605760,7026534912,513286581070848,8192102912,471558654292992,7019921408,471551634371584,8184799232,41734953312768,6613504,41734946699264,25021440,513293607605760,7026534912,513286581070848,8192102912,471558654292992,7019921408,471551634371584,8184799232,41734953312768,6613504,41734946699264,25021440,200871724,2466,200869258,3000,71604800,886,71603914,1138,129266924,1580,129265344,1870,122522009,120,122521889,237,42148385,72,42148313,138,80373624,48,80373576,117,505636760109568,185570816,505636574538752,1396042240,463037085922304,177504256,463036908418048,1392988160,42599674187264,8066560,42599666120704,20184064,-1,0,361,0,0,3,0,0,0,0,0,0,0,0,508529600409297,7021256104,508522579153193,8176189920,466808850560512,7014793216,466801835767296,8169017344,41720749848785,6462888,41720743385897,24870008,8673820672,8673820672,0,8673820672,8642363392,8642363392,0,8642363392,31457280,31457280,0,31457280,361,361,0,361,346,346,0,346,15,15,0,15,,,,,,,,,,,,,,,,,,,,,,,,,,,,,,,,,,,,
7.385028533064787e-09,3299,,,,,,,,,,,,,,,,,,,,,,,,,,,,,,,,,,,,,,,,,,,,,,,,,,,,,,,,,,,,,,,,,,,,,,,,,,,,,,,,,,,,,,,,,,,,,,,,,,,,,,,,,,,,,,,,,,,,,,,,,,,,,,,,,,,,,,,,,,,,,,,,,,,,,,,,,,,,,,,,,,,,,,,,,,,,,,,,,,,,,,,,,,,,,,,,,,,,,,,,,,,,,,,,,,,,,,,,,,,,,,,,,,,,,,,,,,,,,,,,,,,,,,,,,,,,,,,,,,,,,,,,,,,,,,,,,,,,,,,,
,3299,200871737,2462,200869275,3000,71604800,886,71603914,1138,129266937,1576,129265361,1870,513293607624704,7026540544,513286581084160,8192102912,471558654292992,7019921408,471551634371584,8184799232,41734953331712,6619136,41734946712576,25021440,513293607624704,7026540544,513286581084160,8192102912,471558654292992,7019921408,471551634371584,8184799232,41734953331712,6619136,41734946712576,25021440,200871737,2462,200869275,3000,71604800,886,71603914,1138,129266937,1576,129265361,1870,122522022,120,122521902,237,42148385,72,42148313,138,80373637,48,80373589,117,505636760122880,185565184,505636574557696,1396042240,463037085922304,177504256,463036908418048,1392988160,42599674200576,8060928,42599666139648,20184064,-1,0,361,0,0,3,0,0,0,0,0,0,0,0,508529600421965,7021263096,508522579158869,8176189920,466808850560512,7014793216,466801835767296,8169017344,41720749861453,6469880,41720743391573,24870008,8673820672,8673820672,0,8673820672,8642363392,8642363392,0,8642363392,31457280,31457280,0,31457280,361,361,0,361,346,346,0,346,15,15,0,15,,,,,,,,,,,,,,,,,,,,,,,,,,,,,,,,,,,,,,,,,,,,,,,,,,,,,,,,,,,,,,,,,,,,,,,,,,,,,,,,,,,,,,,,,,,,,,,,,,,,,,,,,,,,,,,,,,,,,,,,,,,,,,,,,,,,,,,,,,,,,,,,,,,,,,,,,,,,,,
,3299,,,,,,,,,,,,,,,,,,,,,,,,,,,,,,,,,,,,,,,,,,,,,,,,,,,,,,,,,,,,,,,,,,,,,,,,,,,,,,,,,,,,,,,,,,,,,,,,,,,,,,,,,,,,,,,,,,,,,,,,,,,200884660,2466,200882194,3000,71611091,886,71610205,1138,129273569,1580,129271989,1870,513347818131456,7026542592,513340791588864,8192102912,471611535107072,7019921408,471604515185664,8184799232,41736283024384,6621184,41736276403200,25021440,513347818131456,7026542592,513340791588864,8192102912,471611535107072,7019921408,471604515185664,8184799232,41736283024384,6621184,41736276403200,25021440,200884660,2466,200882194,3000,71611091,886,71610205,1138,129273569,1580,129271989,1870,122529823,123,122529700,237,42152793,72,42152721,138,80377030,51,80376979,117,505681466064384,185563136,505681280501248,1396042240,463080452736000,177504256,463080275231744,1392988160,42601013328384,8058880,42601005269504,20184064,-1,0,361,0,0,3,0,0,0,0,0,0,0,0,508583425047583,7021263052,508576403784531,8176189920,466861346449664,7014793216,466854331656448,8169017344,41722078597919,6469836,41722072128083,24870008,8673820672,8673820672,0,8673820672,8642363392,8642363392,0,8642363392,31457280,31457280,0,31457280,361,361,0,361,346,346,0,346,15,15,0,15,,,,,,,,,,,,,,,,,,,,,,,,,,,,,,,,,,,,
7.385028533064787e-09,3299,,,,,,,,,,,,,,,,,,,,,,,,,,,,,,,,,,,,,,,,,,,,,,,,,,,,,,,,,,,,,,,,,,,,,,,,,,,,,,,,,,,,,,,,,,,,,,,,,,,,,,,,,,,,,,,,,,,,,,,,,,,,,,,,,,,,,,,,,,,,,,,,,,,,,,,,,,,,,,,,,,,,,,,,,,,,,,,,,,,,,,,,,,,,,,,,,,,,,,,,,,,,,,,,,,,,,,,,,,,,,,,,,,,,,,,,,,,,,,,,,,,,,,,,,,,,,,,,,,,,,,,,,,,,,,,,,,,,,,,,
,3299,200884673,2462,200882211,3000,71611091,886,71610205,1138,129273582,1576,129272006,1870,513347818148864,7026539008,513340791609856,8192102912,471611535107072,7019921408,471604515185664,8184799232,41736283041792,6617600,41736276424192,25021440,513347818148864,7026539008,513340791609856,8192102912,471611535107072,7019921408,471604515185664,8184799232,41736283041792,6617600,41736276424192,25021440,200884673,2462,200882211,3000,71611091,886,71610205,1138,129273582,1576,129272006,1870,122529836,122,122529714,237,42152793,72,42152721,138,80377043,50,80376993,117,505681466085376,185566720,505681280518656,1396042240,463080452736000,177504256,463080275231744,1392988160,42601013349376,8062464,42601005286912,20184064,-1,0,361,0,0,3,0,0,0,0,0,0,0,0,508583425059651,7021262436,508576403797215,8176189920,466861346449664,7014793216,466854331656448,8169017344,41722078609987,6469220,41722072140767,24870008,8673820672,8673820672,0,8673820672,8642363392,8642363392,0,8642363392,31457280,31457280,0,31457280,361,361,0,361,346,346,0,346,15,15,0,15,,,,,,,,,,,,,,,,,,,,,,,,,,,,,,,,,,,,,,,,,,,,,,,,,,,,,,,,,,,,,,,,,,,,,,,,,,,,,,,,,,,,,,,,,,,,,,,,,,,,,,,,,,,,,,,,,,,,,,,,,,,,,,,,,,,,,,,,,,,,,,,,,,,,,,,,,,,,,,
,3299,,,,,,,,,,,,,,,,,,,,,,,,,,,,,,,,,,,,,,,,,,,,,,,,,,,,,,,,,,,,,,,,,,,,,,,,,,,,,,,,,,,,,,,,,,,,,,,,,,,,,,,,,,,,,,,,,,,,,,,,,,,200897593,2466,200895127,3000,71615395,886,71614509,1138,129282198,1580,129280618,1870,513376973028352,7026541056,513369946487296,8192102912,471637842412544,7019921408,471630822491136,8184799232,41739130615808,6619648,41739123996160,25021440,513376973028352,7026541056,513369946487296,8192102912,471637842412544,7019921408,471630822491136,8184799232,41739130615808,6619648,41739123996160,25021440,200897593,2466,200895127,3000,71615395,886,71614509,1138,129282198,1580,129280618,1870,122537974,123,122537851,237,42155531,72,42155459,138,80382443,51,80382392,117,505712703746048,185564672,505712518181376,1396042240,463108781876224,177504256,463108604371968,1392988160,42603921869824,8060416,42603913809408,20184064,-1,0,361,0,0,3,0,0,0,0,0,0,0,0,508612150197382,7021262452,508605128934930,8176189920,466887224921088,7014793216,466880210127872,8169017344,41724925276294,6469236,41724918807058,24870008,8673820672,8673820672,0,8673820672,8642363392,8642363392,0,8642363392,31457280,31457280,0,31457280,361,361,0,361,346,346,0,346,15,15,0,15,,,,,,,,,,,,,,,,,,,,,,,,,,,,,,,,,,,,
,3299,,,,,,,,,,,,,,,,,,,,,,,,,,,,,,,,,,,,,,,,,,,,,,,,,,,,,,,,,,,,,,,,,,,,,,,,,,,,,,,,,,,,,,,,,,,,,,,,,,,,,,,,,,,,,,,,,,,,,,,,,,,,,,,,,,,,,,,,,,,,,,,,,,,,,,,,,,,,,,,,,,,,,,,,,,,,,,,,,,,,,,,,,,,,,,,,,,,,,,,,,,,,,,,,,,,,,,,,,,,,,,,,,,,,,,,,,,,,,,,,,,,,,5.2094459533691406e-05,3.181313877576031e-05,0.0005292915739119053,4,,,,,,,,,,,,,,,,,,,,,,,,,,,,,,,,
,3309,,,,,,,,,,,,,,,,,,,,,,,,,,,,,,,,,,,,,,,,,,,,,,,,,,,,,,,,,,,,,,,,,,,,,,,,,,,,,,,,,,,,,,,,,,,,,,,,,,,,,,,,,,,,,,,,,,,,,,,,,,,,,,,,,,,,,,,,,,,,,,,,,,,,,,,,,,,,,,,,,,,,,,,,,,,,,,,,,,,,,,,,,,,,,,,,,,,,,,,,,,,,,,,,,,,,,,,,,,,,,,,,,,,,,,,,,,,,,,,,,,,,,,,,4,0.997732400894165,0.9964093565940857,0.9970059990882874,0.996707558631897,0.8348294496536255,0.8353293538093567,0.8350793123245239,0.9721053242683411,0.9728633761405945,0.9724842309951782,0.9721053242683411,0.9728633761405945,0.9724842309951782,0.969456136226654,0.9702121019363403,0.96983402967453,0.7606382966041565,0.6834264397621155,0.7224409580230713,0.7023923993110657,0.5418994426727295,0.5728346705436707,0.5569377541542053,0.39064088463783264,0.795854926109314,0.5240532159805298,0.39034411311149597,0.787564754486084,0.5219780206680298,0.315356969833374,0.6362694501876831,0.4217033088207245
