lr-AdamW,step,DeviceStatsMonitor.on_train_batch_start/active.all.allocated,DeviceStatsMonitor.on_train_batch_start/active.all.current,DeviceStatsMonitor.on_train_batch_start/active.all.freed,DeviceStatsMonitor.on_train_batch_start/active.all.peak,DeviceStatsMonitor.on_train_batch_start/active.large_pool.allocated,DeviceStatsMonitor.on_train_batch_start/active.large_pool.current,DeviceStatsMonitor.on_train_batch_start/active.large_pool.freed,DeviceStatsMonitor.on_train_batch_start/active.large_pool.peak,DeviceStatsMonitor.on_train_batch_start/active.small_pool.allocated,DeviceStatsMonitor.on_train_batch_start/active.small_pool.current,DeviceStatsMonitor.on_train_batch_start/active.small_pool.freed,DeviceStatsMonitor.on_train_batch_start/active.small_pool.peak,DeviceStatsMonitor.on_train_batch_start/active_bytes.all.allocated,DeviceStatsMonitor.on_train_batch_start/active_bytes.all.current,DeviceStatsMonitor.on_train_batch_start/active_bytes.all.freed,DeviceStatsMonitor.on_train_batch_start/active_bytes.all.peak,DeviceStatsMonitor.on_train_batch_start/active_bytes.large_pool.allocated,DeviceStatsMonitor.on_train_batch_start/active_bytes.large_pool.current,DeviceStatsMonitor.on_train_batch_start/active_bytes.large_pool.freed,DeviceStatsMonitor.on_train_batch_start/active_bytes.large_pool.peak,DeviceStatsMonitor.on_train_batch_start/active_bytes.small_pool.allocated,DeviceStatsMonitor.on_train_batch_start/active_bytes.small_pool.current,DeviceStatsMonitor.on_train_batch_start/active_bytes.small_pool.freed,DeviceStatsMonitor.on_train_batch_start/active_bytes.small_pool.peak,DeviceStatsMonitor.on_train_batch_start/allocated_bytes.all.allocated,DeviceStatsMonitor.on_train_batch_start/allocated_bytes.all.current,DeviceStatsMonitor.on_train_batch_start/allocated_bytes.all.freed,DeviceStatsMonitor.on_train_batch_start/allocated_bytes.all.peak,DeviceStatsMonitor.on_train_batch_start/allocated_bytes.large_pool.allocated,DeviceStatsMonitor.on_train_batch_start/allocated_bytes.large_pool.current,DeviceStatsMonitor.on_train_batch_start/allocated_bytes.large_pool.freed,DeviceStatsMonitor.on_train_batch_start/allocated_bytes.large_pool.peak,DeviceStatsMonitor.on_train_batch_start/allocated_bytes.small_pool.allocated,DeviceStatsMonitor.on_train_batch_start/allocated_bytes.small_pool.current,DeviceStatsMonitor.on_train_batch_start/allocated_bytes.small_pool.freed,DeviceStatsMonitor.on_train_batch_start/allocated_bytes.small_pool.peak,DeviceStatsMonitor.on_train_batch_start/allocation.all.allocated,DeviceStatsMonitor.on_train_batch_start/allocation.all.current,DeviceStatsMonitor.on_train_batch_start/allocation.all.freed,DeviceStatsMonitor.on_train_batch_start/allocation.all.peak,DeviceStatsMonitor.on_train_batch_start/allocation.large_pool.allocated,DeviceStatsMonitor.on_train_batch_start/allocation.large_pool.current,DeviceStatsMonitor.on_train_batch_start/allocation.large_pool.freed,DeviceStatsMonitor.on_train_batch_start/allocation.large_pool.peak,DeviceStatsMonitor.on_train_batch_start/allocation.small_pool.allocated,DeviceStatsMonitor.on_train_batch_start/allocation.small_pool.current,DeviceStatsMonitor.on_train_batch_start/allocation.small_pool.freed,DeviceStatsMonitor.on_train_batch_start/allocation.small_pool.peak,DeviceStatsMonitor.on_train_batch_start/inactive_split.all.allocated,DeviceStatsMonitor.on_train_batch_start/inactive_split.all.current,DeviceStatsMonitor.on_train_batch_start/inactive_split.all.freed,DeviceStatsMonitor.on_train_batch_start/inactive_split.all.peak,DeviceStatsMonitor.on_train_batch_start/inactive_split.large_pool.allocated,DeviceStatsMonitor.on_train_batch_start/inactive_split.large_pool.current,DeviceStatsMonitor.on_train_batch_start/inactive_split.large_pool.freed,DeviceStatsMonitor.on_train_batch_start/inactive_split.large_pool.peak,DeviceStatsMonitor.on_train_batch_start/inactive_split.small_pool.allocated,DeviceStatsMonitor.on_train_batch_start/inactive_split.small_pool.current,DeviceStatsMonitor.on_train_batch_start/inactive_split.small_pool.freed,DeviceStatsMonitor.on_train_batch_start/inactive_split.small_pool.peak,DeviceStatsMonitor.on_train_batch_start/inactive_split_bytes.all.allocated,DeviceStatsMonitor.on_train_batch_start/inactive_split_bytes.all.current,DeviceStatsMonitor.on_train_batch_start/inactive_split_bytes.all.freed,DeviceStatsMonitor.on_train_batch_start/inactive_split_bytes.all.peak,DeviceStatsMonitor.on_train_batch_start/inactive_split_bytes.large_pool.allocated,DeviceStatsMonitor.on_train_batch_start/inactive_split_bytes.large_pool.current,DeviceStatsMonitor.on_train_batch_start/inactive_split_bytes.large_pool.freed,DeviceStatsMonitor.on_train_batch_start/inactive_split_bytes.large_pool.peak,DeviceStatsMonitor.on_train_batch_start/inactive_split_bytes.small_pool.allocated,DeviceStatsMonitor.on_train_batch_start/inactive_split_bytes.small_pool.current,DeviceStatsMonitor.on_train_batch_start/inactive_split_bytes.small_pool.freed,DeviceStatsMonitor.on_train_batch_start/inactive_split_bytes.small_pool.peak,DeviceStatsMonitor.on_train_batch_start/max_split_size,DeviceStatsMonitor.on_train_batch_start/num_alloc_retries,DeviceStatsMonitor.on_train_batch_start/num_device_alloc,DeviceStatsMonitor.on_train_batch_start/num_device_free,DeviceStatsMonitor.on_train_batch_start/num_ooms,DeviceStatsMonitor.on_train_batch_start/num_sync_all_streams,DeviceStatsMonitor.on_train_batch_start/oversize_allocations.allocated,DeviceStatsMonitor.on_train_batch_start/oversize_allocations.current,DeviceStatsMonitor.on_train_batch_start/oversize_allocations.freed,DeviceStatsMonitor.on_train_batch_start/oversize_allocations.peak,DeviceStatsMonitor.on_train_batch_start/oversize_segments.allocated,DeviceStatsMonitor.on_train_batch_start/oversize_segments.current,DeviceStatsMonitor.on_train_batch_start/oversize_segments.freed,DeviceStatsMonitor.on_train_batch_start/oversize_segments.peak,DeviceStatsMonitor.on_train_batch_start/requested_bytes.all.allocated,DeviceStatsMonitor.on_train_batch_start/requested_bytes.all.current,DeviceStatsMonitor.on_train_batch_start/requested_bytes.all.freed,DeviceStatsMonitor.on_train_batch_start/requested_bytes.all.peak,DeviceStatsMonitor.on_train_batch_start/requested_bytes.large_pool.allocated,DeviceStatsMonitor.on_train_batch_start/requested_bytes.large_pool.current,DeviceStatsMonitor.on_train_batch_start/requested_bytes.large_pool.freed,DeviceStatsMonitor.on_train_batch_start/requested_bytes.large_pool.peak,DeviceStatsMonitor.on_train_batch_start/requested_bytes.small_pool.allocated,DeviceStatsMonitor.on_train_batch_start/requested_bytes.small_pool.current,DeviceStatsMonitor.on_train_batch_start/requested_bytes.small_pool.freed,DeviceStatsMonitor.on_train_batch_start/requested_bytes.small_pool.peak,DeviceStatsMonitor.on_train_batch_start/reserved_bytes.all.allocated,DeviceStatsMonitor.on_train_batch_start/reserved_bytes.all.current,DeviceStatsMonitor.on_train_batch_start/reserved_bytes.all.freed,DeviceStatsMonitor.on_train_batch_start/reserved_bytes.all.peak,DeviceStatsMonitor.on_train_batch_start/reserved_bytes.large_pool.allocated,DeviceStatsMonitor.on_train_batch_start/reserved_bytes.large_pool.current,DeviceStatsMonitor.on_train_batch_start/reserved_bytes.large_pool.freed,DeviceStatsMonitor.on_train_batch_start/reserved_bytes.large_pool.peak,DeviceStatsMonitor.on_train_batch_start/reserved_bytes.small_pool.allocated,DeviceStatsMonitor.on_train_batch_start/reserved_bytes.small_pool.current,DeviceStatsMonitor.on_train_batch_start/reserved_bytes.small_pool.freed,DeviceStatsMonitor.on_train_batch_start/reserved_bytes.small_pool.peak,DeviceStatsMonitor.on_train_batch_start/segment.all.allocated,DeviceStatsMonitor.on_train_batch_start/segment.all.current,DeviceStatsMonitor.on_train_batch_start/segment.all.freed,DeviceStatsMonitor.on_train_batch_start/segment.all.peak,DeviceStatsMonitor.on_train_batch_start/segment.large_pool.allocated,DeviceStatsMonitor.on_train_batch_start/segment.large_pool.current,DeviceStatsMonitor.on_train_batch_start/segment.large_pool.freed,DeviceStatsMonitor.on_train_batch_start/segment.large_pool.peak,DeviceStatsMonitor.on_train_batch_start/segment.small_pool.allocated,DeviceStatsMonitor.on_train_batch_start/segment.small_pool.current,DeviceStatsMonitor.on_train_batch_start/segment.small_pool.freed,DeviceStatsMonitor.on_train_batch_start/segment.small_pool.peak,DeviceStatsMonitor.on_train_batch_end/active.all.allocated,DeviceStatsMonitor.on_train_batch_end/active.all.current,DeviceStatsMonitor.on_train_batch_end/active.all.freed,DeviceStatsMonitor.on_train_batch_end/active.all.peak,DeviceStatsMonitor.on_train_batch_end/active.large_pool.allocated,DeviceStatsMonitor.on_train_batch_end/active.large_pool.current,DeviceStatsMonitor.on_train_batch_end/active.large_pool.freed,DeviceStatsMonitor.on_train_batch_end/active.large_pool.peak,DeviceStatsMonitor.on_train_batch_end/active.small_pool.allocated,DeviceStatsMonitor.on_train_batch_end/active.small_pool.current,DeviceStatsMonitor.on_train_batch_end/active.small_pool.freed,DeviceStatsMonitor.on_train_batch_end/active.small_pool.peak,DeviceStatsMonitor.on_train_batch_end/active_bytes.all.allocated,DeviceStatsMonitor.on_train_batch_end/active_bytes.all.current,DeviceStatsMonitor.on_train_batch_end/active_bytes.all.freed,DeviceStatsMonitor.on_train_batch_end/active_bytes.all.peak,DeviceStatsMonitor.on_train_batch_end/active_bytes.large_pool.allocated,DeviceStatsMonitor.on_train_batch_end/active_bytes.large_pool.current,DeviceStatsMonitor.on_train_batch_end/active_bytes.large_pool.freed,DeviceStatsMonitor.on_train_batch_end/active_bytes.large_pool.peak,DeviceStatsMonitor.on_train_batch_end/active_bytes.small_pool.allocated,DeviceStatsMonitor.on_train_batch_end/active_bytes.small_pool.current,DeviceStatsMonitor.on_train_batch_end/active_bytes.small_pool.freed,DeviceStatsMonitor.on_train_batch_end/active_bytes.small_pool.peak,DeviceStatsMonitor.on_train_batch_end/allocated_bytes.all.allocated,DeviceStatsMonitor.on_train_batch_end/allocated_bytes.all.current,DeviceStatsMonitor.on_train_batch_end/allocated_bytes.all.freed,DeviceStatsMonitor.on_train_batch_end/allocated_bytes.all.peak,DeviceStatsMonitor.on_train_batch_end/allocated_bytes.large_pool.allocated,DeviceStatsMonitor.on_train_batch_end/allocated_bytes.large_pool.current,DeviceStatsMonitor.on_train_batch_end/allocated_bytes.large_pool.freed,DeviceStatsMonitor.on_train_batch_end/allocated_bytes.large_pool.peak,DeviceStatsMonitor.on_train_batch_end/allocated_bytes.small_pool.allocated,DeviceStatsMonitor.on_train_batch_end/allocated_bytes.small_pool.current,DeviceStatsMonitor.on_train_batch_end/allocated_bytes.small_pool.freed,DeviceStatsMonitor.on_train_batch_end/allocated_bytes.small_pool.peak,DeviceStatsMonitor.on_train_batch_end/allocation.all.allocated,DeviceStatsMonitor.on_train_batch_end/allocation.all.current,DeviceStatsMonitor.on_train_batch_end/allocation.all.freed,DeviceStatsMonitor.on_train_batch_end/allocation.all.peak,DeviceStatsMonitor.on_train_batch_end/allocation.large_pool.allocated,DeviceStatsMonitor.on_train_batch_end/allocation.large_pool.current,DeviceStatsMonitor.on_train_batch_end/allocation.large_pool.freed,DeviceStatsMonitor.on_train_batch_end/allocation.large_pool.peak,DeviceStatsMonitor.on_train_batch_end/allocation.small_pool.allocated,DeviceStatsMonitor.on_train_batch_end/allocation.small_pool.current,DeviceStatsMonitor.on_train_batch_end/allocation.small_pool.freed,DeviceStatsMonitor.on_train_batch_end/allocation.small_pool.peak,DeviceStatsMonitor.on_train_batch_end/inactive_split.all.allocated,DeviceStatsMonitor.on_train_batch_end/inactive_split.all.current,DeviceStatsMonitor.on_train_batch_end/inactive_split.all.freed,DeviceStatsMonitor.on_train_batch_end/inactive_split.all.peak,DeviceStatsMonitor.on_train_batch_end/inactive_split.large_pool.allocated,DeviceStatsMonitor.on_train_batch_end/inactive_split.large_pool.current,DeviceStatsMonitor.on_train_batch_end/inactive_split.large_pool.freed,DeviceStatsMonitor.on_train_batch_end/inactive_split.large_pool.peak,DeviceStatsMonitor.on_train_batch_end/inactive_split.small_pool.allocated,DeviceStatsMonitor.on_train_batch_end/inactive_split.small_pool.current,DeviceStatsMonitor.on_train_batch_end/inactive_split.small_pool.freed,DeviceStatsMonitor.on_train_batch_end/inactive_split.small_pool.peak,DeviceStatsMonitor.on_train_batch_end/inactive_split_bytes.all.allocated,DeviceStatsMonitor.on_train_batch_end/inactive_split_bytes.all.current,DeviceStatsMonitor.on_train_batch_end/inactive_split_bytes.all.freed,DeviceStatsMonitor.on_train_batch_end/inactive_split_bytes.all.peak,DeviceStatsMonitor.on_train_batch_end/inactive_split_bytes.large_pool.allocated,DeviceStatsMonitor.on_train_batch_end/inactive_split_bytes.large_pool.current,DeviceStatsMonitor.on_train_batch_end/inactive_split_bytes.large_pool.freed,DeviceStatsMonitor.on_train_batch_end/inactive_split_bytes.large_pool.peak,DeviceStatsMonitor.on_train_batch_end/inactive_split_bytes.small_pool.allocated,DeviceStatsMonitor.on_train_batch_end/inactive_split_bytes.small_pool.current,DeviceStatsMonitor.on_train_batch_end/inactive_split_bytes.small_pool.freed,DeviceStatsMonitor.on_train_batch_end/inactive_split_bytes.small_pool.peak,DeviceStatsMonitor.on_train_batch_end/max_split_size,DeviceStatsMonitor.on_train_batch_end/num_alloc_retries,DeviceStatsMonitor.on_train_batch_end/num_device_alloc,DeviceStatsMonitor.on_train_batch_end/num_device_free,DeviceStatsMonitor.on_train_batch_end/num_ooms,DeviceStatsMonitor.on_train_batch_end/num_sync_all_streams,DeviceStatsMonitor.on_train_batch_end/oversize_allocations.allocated,DeviceStatsMonitor.on_train_batch_end/oversize_allocations.current,DeviceStatsMonitor.on_train_batch_end/oversize_allocations.freed,DeviceStatsMonitor.on_train_batch_end/oversize_allocations.peak,DeviceStatsMonitor.on_train_batch_end/oversize_segments.allocated,DeviceStatsMonitor.on_train_batch_end/oversize_segments.current,DeviceStatsMonitor.on_train_batch_end/oversize_segments.freed,DeviceStatsMonitor.on_train_batch_end/oversize_segments.peak,DeviceStatsMonitor.on_train_batch_end/requested_bytes.all.allocated,DeviceStatsMonitor.on_train_batch_end/requested_bytes.all.current,DeviceStatsMonitor.on_train_batch_end/requested_bytes.all.freed,DeviceStatsMonitor.on_train_batch_end/requested_bytes.all.peak,DeviceStatsMonitor.on_train_batch_end/requested_bytes.large_pool.allocated,DeviceStatsMonitor.on_train_batch_end/requested_bytes.large_pool.current,DeviceStatsMonitor.on_train_batch_end/requested_bytes.large_pool.freed,DeviceStatsMonitor.on_train_batch_end/requested_bytes.large_pool.peak,DeviceStatsMonitor.on_train_batch_end/requested_bytes.small_pool.allocated,DeviceStatsMonitor.on_train_batch_end/requested_bytes.small_pool.current,DeviceStatsMonitor.on_train_batch_end/requested_bytes.small_pool.freed,DeviceStatsMonitor.on_train_batch_end/requested_bytes.small_pool.peak,DeviceStatsMonitor.on_train_batch_end/reserved_bytes.all.allocated,DeviceStatsMonitor.on_train_batch_end/reserved_bytes.all.current,DeviceStatsMonitor.on_train_batch_end/reserved_bytes.all.freed,DeviceStatsMonitor.on_train_batch_end/reserved_bytes.all.peak,DeviceStatsMonitor.on_train_batch_end/reserved_bytes.large_pool.allocated,DeviceStatsMonitor.on_train_batch_end/reserved_bytes.large_pool.current,DeviceStatsMonitor.on_train_batch_end/reserved_bytes.large_pool.freed,DeviceStatsMonitor.on_train_batch_end/reserved_bytes.large_pool.peak,DeviceStatsMonitor.on_train_batch_end/reserved_bytes.small_pool.allocated,DeviceStatsMonitor.on_train_batch_end/reserved_bytes.small_pool.current,DeviceStatsMonitor.on_train_batch_end/reserved_bytes.small_pool.freed,DeviceStatsMonitor.on_train_batch_end/reserved_bytes.small_pool.peak,DeviceStatsMonitor.on_train_batch_end/segment.all.allocated,DeviceStatsMonitor.on_train_batch_end/segment.all.current,DeviceStatsMonitor.on_train_batch_end/segment.all.freed,DeviceStatsMonitor.on_train_batch_end/segment.all.peak,DeviceStatsMonitor.on_train_batch_end/segment.large_pool.allocated,DeviceStatsMonitor.on_train_batch_end/segment.large_pool.current,DeviceStatsMonitor.on_train_batch_end/segment.large_pool.freed,DeviceStatsMonitor.on_train_batch_end/segment.large_pool.peak,DeviceStatsMonitor.on_train_batch_end/segment.small_pool.allocated,DeviceStatsMonitor.on_train_batch_end/segment.small_pool.current,DeviceStatsMonitor.on_train_batch_end/segment.small_pool.freed,DeviceStatsMonitor.on_train_batch_end/segment.small_pool.peak,label_loss,rationale_loss,loss,epoch,train_label_accuracy,train_abstract_label_only_precision,train_abstract_label_only_recall,train_abstract_label_only_f1,train_abstract_rationalized_precision,train_abstract_rationalized_recall,train_abstract_rationalized_f1,train_sentence_nei_precision,train_sentence_nei_recall,train_sentence_nei_f1,train_sentence_selection_precision,train_sentence_selection_recall,train_sentence_selection_f1,train_sentence_label_precision,train_sentence_label_recall,train_sentence_label_f1,valid_label_accuracy,valid_abstract_label_only_precision,valid_abstract_label_only_recall,valid_abstract_label_only_f1,valid_abstract_rationalized_precision,valid_abstract_rationalized_recall,valid_abstract_rationalized_f1,valid_sentence_nei_precision,valid_sentence_nei_recall,valid_sentence_nei_f1,valid_sentence_selection_precision,valid_sentence_selection_recall,valid_sentence_selection_f1,valid_sentence_label_precision,valid_sentence_label_recall,valid_sentence_label_f1
2.9607250755287007e-07,49,,,,,,,,,,,,,,,,,,,,,,,,,,,,,,,,,,,,,,,,,,,,,,,,,,,,,,,,,,,,,,,,,,,,,,,,,,,,,,,,,,,,,,,,,,,,,,,,,,,,,,,,,,,,,,,,,,,,,,,,,,,,,,,,,,,,,,,,,,,,,,,,,,,,,,,,,,,,,,,,,,,,,,,,,,,,,,,,,,,,,,,,,,,,,,,,,,,,,,,,,,,,,,,,,,,,,,,,,,,,,,,,,,,,,,,,,,,,,,,,,,,,,,,,,,,,,,,,,,,,,,,,,,,,,,,,,,,,,,,,
,49,4910204,2429,4907775,2967,1750298,886,1749412,1138,3159906,1543,3158363,1837,12456274684928,7038703616,12449235981312,8181997056,11427796028416,7032102912,11420763925504,8174694400,1028478656512,6600704,1028472055808,25003008,12456274684928,7038703616,12449235981312,8181997056,11427796028416,7032102912,11420763925504,8174694400,1028478656512,6600704,1028472055808,25003008,4910204,2429,4907775,2967,1750298,886,1749412,1138,3159906,1543,3158363,1837,3036384,193,3036191,253,1057555,121,1057434,156,1978829,72,1978757,117,12688026904064,378923008,12687647981056,1204202496,11639716840448,372940800,11639343899648,1199894528,1048310063616,5982208,1048304081408,14234112,-1,0,354,0,0,2,0,0,0,0,0,0,0,0,12346312950095,7021262016,12339291688079,8164391232,11318180369408,7014793216,11311165576192,8157220864,1028132580687,6468800,1028126111887,24867224,8524922880,8524922880,0,8524922880,8495562752,8495562752,0,8495562752,29360128,29360128,0,29360128,354,354,0,354,340,340,0,340,14,14,0,14,,,,,,,,,,,,,,,,,,,,,,,,,,,,,,,,,,,,,,,,,,,,,,,,,,,,,,,,,,,,,,,,,,,,,,,,,,,,,,,,,,,,,,,,,,,,,,,,,,,,,,,,,,,,,,,,,,,,,,,,,,,,,,,,,,,,,,,,,,,,,,,,,,,,,,,,,,,,,,
,49,,,,,,,,,,,,,,,,,,,,,,,,,,,,,,,,,,,,,,,,,,,,,,,,,,,,,,,,,,,,,,,,,,,,,,,,,,,,,,,,,,,,,,,,,,,,,,,,,,,,,,,,,,,,,,,,,,,,,,,,,,,4922526,2433,4920093,2967,1754381,886,1753495,1138,3168145,1547,3166598,1837,12483752061440,7035969536,12476716091904,8181997056,11452352752640,7029366784,11445323385856,8174694400,1031399308800,6602752,1031392706048,25003008,12483752061440,7035969536,12476716091904,8181997056,11452352752640,7029366784,11445323385856,8174694400,1031399308800,6602752,1031392706048,25003008,4922526,2433,4920093,2967,1754381,886,1753495,1138,3168145,1547,3166598,1837,3044109,157,3043952,253,1059934,104,1059830,156,1984175,53,1984122,117,12714918350848,255827968,12714662522880,1204202496,11663585764352,249847808,11663335916544,1199894528,1051332586496,5980160,1051326606336,14234112,-1,0,354,0,0,2,0,0,0,0,0,0,0,0,12373439491914,7021262092,12366418229822,8164391232,11342387095296,7014793216,11335372302080,8157220864,1031052396618,6468876,1031045927742,24867224,8524922880,8524922880,0,8524922880,8495562752,8495562752,0,8495562752,29360128,29360128,0,29360128,354,354,0,354,340,340,0,340,14,14,0,14,,,,,,,,,,,,,,,,,,,,,,,,,,,,,,,,,,,,
2.9607250755287007e-07,49,,,,,,,,,,,,,,,,,,,,,,,,,,,,,,,,,,,,,,,,,,,,,,,,,,,,,,,,,,,,,,,,,,,,,,,,,,,,,,,,,,,,,,,,,,,,,,,,,,,,,,,,,,,,,,,,,,,,,,,,,,,,,,,,,,,,,,,,,,,,,,,,,,,,,,,,,,,,,,,,,,,,,,,,,,,,,,,,,,,,,,,,,,,,,,,,,,,,,,,,,,,,,,,,,,,,,,,,,,,,,,,,,,,,,,,,,,,,,,,,,,,,,,,,,,,,,,,,,,,,,,,,,,,,,,,,,,,,,,,,
,49,4922539,2429,4920110,2967,1754381,886,1753495,1138,3168158,1543,3166615,1837,12483752071168,7035959808,12476716111360,8181997056,11452352752640,7029366784,11445323385856,8174694400,1031399318528,6593024,1031392725504,25003008,12483752071168,7035959808,12476716111360,8181997056,11452352752640,7029366784,11445323385856,8174694400,1031399318528,6593024,1031392725504,25003008,4922539,2429,4920110,2967,1754381,886,1753495,1138,3168158,1543,3166615,1837,3044119,153,3043966,253,1059934,104,1059830,156,1984185,49,1984136,117,12714918370304,255837696,12714662532608,1204202496,11663585764352,249847808,11663335916544,1199894528,1051332605952,5989888,1051326616064,14234112,-1,0,354,0,0,2,0,0,0,0,0,0,0,0,12373439496446,7021254828,12366418241618,8164391232,11342387095296,7014793216,11335372302080,8157220864,1031052401150,6461612,1031045939538,24867224,8524922880,8524922880,0,8524922880,8495562752,8495562752,0,8495562752,29360128,29360128,0,29360128,354,354,0,354,340,340,0,340,14,14,0,14,,,,,,,,,,,,,,,,,,,,,,,,,,,,,,,,,,,,,,,,,,,,,,,,,,,,,,,,,,,,,,,,,,,,,,,,,,,,,,,,,,,,,,,,,,,,,,,,,,,,,,,,,,,,,,,,,,,,,,,,,,,,,,,,,,,,,,,,,,,,,,,,,,,,,,,,,,,,,,
,49,,,,,,,,,,,,,,,,,,,,,,,,,,,,,,,,,,,,,,,,,,,,,,,,,,,,,,,,,,,,,,,,,,,,,,,,,,,,,,,,,,,,,,,,,,,,,,,,,,,,,,,,,,,,,,,,,,,,,,,,,,,4934910,2433,4932477,2967,1758459,886,1757573,1138,3176451,1547,3174904,1837,12510980600320,7035961856,12503944638464,8181997056,11476732271616,7029366784,11469702904832,8174694400,1034248328704,6595072,1034241733632,25003008,12510980600320,7035961856,12503944638464,8181997056,11476732271616,7029366784,11469702904832,8174694400,1034248328704,6595072,1034241733632,25003008,4934910,2433,4932477,2967,1758459,886,1757573,1138,3176451,1547,3174904,1837,3051963,156,3051807,253,1062405,104,1062301,156,1989558,52,1989506,117,12744324503040,255835648,12744068667392,1204202496,11690033181696,249847808,11689783333888,1199894528,1054291321344,5987840,1054285333504,14234112,-1,0,354,0,0,2,0,0,0,0,0,0,0,0,12400406640505,7021254784,12393385385721,8164391232,11366506134016,7014793216,11359491340800,8157220864,1033900506489,6461568,1033894044921,24867224,8524922880,8524922880,0,8524922880,8495562752,8495562752,0,8495562752,29360128,29360128,0,29360128,354,354,0,354,340,340,0,340,14,14,0,14,,,,,,,,,,,,,,,,,,,,,,,,,,,,,,,,,,,,
2.9607250755287007e-07,49,,,,,,,,,,,,,,,,,,,,,,,,,,,,,,,,,,,,,,,,,,,,,,,,,,,,,,,,,,,,,,,,,,,,,,,,,,,,,,,,,,,,,,,,,,,,,,,,,,,,,,,,,,,,,,,,,,,,,,,,,,,,,,,,,,,,,,,,,,,,,,,,,,,,,,,,,,,,,,,,,,,,,,,,,,,,,,,,,,,,,,,,,,,,,,,,,,,,,,,,,,,,,,,,,,,,,,,,,,,,,,,,,,,,,,,,,,,,,,,,,,,,,,,,,,,,,,,,,,,,,,,,,,,,,,,,,,,,,,,,
,49,4934923,2429,4932494,2967,1758459,886,1757573,1138,3176464,1543,3174921,1837,12510980617728,7035967488,12503944650240,8181997056,11476732271616,7029366784,11469702904832,8174694400,1034248346112,6600704,1034241745408,25003008,12510980617728,7035967488,12503944650240,8181997056,11476732271616,7029366784,11469702904832,8174694400,1034248346112,6600704,1034241745408,25003008,4934923,2429,4932494,2967,1758459,886,1757573,1138,3176464,1543,3174921,1837,3051975,155,3051820,253,1062405,104,1062301,156,1989570,51,1989519,117,12744324514816,255830016,12744068684800,1204202496,11690033181696,249847808,11689783333888,1199894528,1054291333120,5982208,1054285350912,14234112,-1,0,354,0,0,2,0,0,0,0,0,0,0,0,12400406651973,7021261704,12393385390269,8164391232,11366506134016,7014793216,11359491340800,8157220864,1033900517957,6468488,1033894049469,24867224,8524922880,8524922880,0,8524922880,8495562752,8495562752,0,8495562752,29360128,29360128,0,29360128,354,354,0,354,340,340,0,340,14,14,0,14,,,,,,,,,,,,,,,,,,,,,,,,,,,,,,,,,,,,,,,,,,,,,,,,,,,,,,,,,,,,,,,,,,,,,,,,,,,,,,,,,,,,,,,,,,,,,,,,,,,,,,,,,,,,,,,,,,,,,,,,,,,,,,,,,,,,,,,,,,,,,,,,,,,,,,,,,,,,,,
,49,,,,,,,,,,,,,,,,,,,,,,,,,,,,,,,,,,,,,,,,,,,,,,,,,,,,,,,,,,,,,,,,,,,,,,,,,,,,,,,,,,,,,,,,,,,,,,,,,,,,,,,,,,,,,,,,,,,,,,,,,,,4947294,2433,4944861,2967,1762446,886,1761560,1138,3184848,1547,3183301,1837,12537968171520,7035969536,12530932201984,8181997056,11500879719424,7029366784,11493850352640,8174694400,1037088452096,6602752,1037081849344,25003008,12537968171520,7035969536,12530932201984,8181997056,11500879719424,7029366784,11493850352640,8174694400,1037088452096,6602752,1037081849344,25003008,4947294,2433,4944861,2967,1762446,886,1761560,1138,3184848,1547,3183301,1837,3059189,154,3059035,253,1064740,104,1064636,156,1994449,50,1994399,117,12773559468032,255827968,12773303640064,1204202496,11716358824960,249847808,11716108977152,1199894528,1057200643072,5980160,1057194662912,14234112,-1,0,354,0,0,2,0,0,0,0,0,0,0,0,12427201831416,7021261720,12420180569696,8164391232,11390462115072,7014793216,11383447321856,8157220864,1036739716344,6468504,1036733247840,24867224,8524922880,8524922880,0,8524922880,8495562752,8495562752,0,8495562752,29360128,29360128,0,29360128,354,354,0,354,340,340,0,340,14,14,0,14,,,,,,,,,,,,,,,,,,,,,,,,,,,,,,,,,,,,
2.9607250755287007e-07,49,,,,,,,,,,,,,,,,,,,,,,,,,,,,,,,,,,,,,,,,,,,,,,,,,,,,,,,,,,,,,,,,,,,,,,,,,,,,,,,,,,,,,,,,,,,,,,,,,,,,,,,,,,,,,,,,,,,,,,,,,,,,,,,,,,,,,,,,,,,,,,,,,,,,,,,,,,,,,,,,,,,,,,,,,,,,,,,,,,,,,,,,,,,,,,,,,,,,,,,,,,,,,,,,,,,,,,,,,,,,,,,,,,,,,,,,,,,,,,,,,,,,,,,,,,,,,,,,,,,,,,,,,,,,,,,,,,,,,,,,
,49,4947307,2429,4944878,2967,1762446,886,1761560,1138,3184861,1543,3183318,1837,12537968187392,7035965952,12530932221440,8181997056,11500879719424,7029366784,11493850352640,8174694400,1037088467968,6599168,1037081868800,25003008,12537968187392,7035965952,12530932221440,8181997056,11500879719424,7029366784,11493850352640,8174694400,1037088467968,6599168,1037081868800,25003008,4947307,2429,4944878,2967,1762446,886,1761560,1138,3184861,1543,3183318,1837,3059202,156,3059046,253,1064740,104,1064636,156,1994462,52,1994410,117,12773559487488,255831552,12773303655936,1204202496,11716358824960,249847808,11716108977152,1199894528,1057200662528,5983744,1057194678784,14234112,-1,0,354,0,0,2,0,0,0,0,0,0,0,0,12427201841540,7021260360,12420180581180,8164391232,11390462115072,7014793216,11383447321856,8157220864,1036739726468,6467144,1036733259324,24867224,8524922880,8524922880,0,8524922880,8495562752,8495562752,0,8495562752,29360128,29360128,0,29360128,354,354,0,354,340,340,0,340,14,14,0,14,,,,,,,,,,,,,,,,,,,,,,,,,,,,,,,,,,,,,,,,,,,,,,,,,,,,,,,,,,,,,,,,,,,,,,,,,,,,,,,,,,,,,,,,,,,,,,,,,,,,,,,,,,,,,,,,,,,,,,,,,,,,,,,,,,,,,,,,,,,,,,,,,,,,,,,,,,,,,,
,49,,,,,,,,,,,,,,,,,,,,,,,,,,,,,,,,,,,,,,,,,,,,,,,,,,,,,,,,,,,,,,,,,,,,,,,,,,,,,,,,,,,,,,,,,,,,,,,,,,,,,,,,,,,,,,,,,,,,,,,,,,,4959677,2433,4957244,2967,1766529,886,1765643,1138,3193148,1547,3191601,1837,12565748984832,7035968000,12558713016832,8181997056,11525527456768,7029366784,11518498089984,8174694400,1040221528064,6601216,1040214926848,25003008,12565748984832,7035968000,12558713016832,8181997056,11525527456768,7029366784,11518498089984,8174694400,1040221528064,6601216,1040214926848,25003008,4959677,2433,4957244,2967,1766529,886,1765643,1138,3193148,1547,3191601,1837,3067234,159,3067075,253,1067219,104,1067115,156,2000015,55,1999960,117,12803481450496,255829504,12803225620992,1204202496,11743091516416,249847808,11742841668608,1199894528,1060389934080,5981696,1060383952384,14234112,-1,0,354,0,0,2,0,0,0,0,0,0,0,0,12454759973052,7021260376,12447738712676,8164391232,11414887919616,7014793216,11407873126400,8157220864,1039872053436,6467160,1039865586276,24867224,8524922880,8524922880,0,8524922880,8495562752,8495562752,0,8495562752,29360128,29360128,0,29360128,354,354,0,354,340,340,0,340,14,14,0,14,,,,,,,,,,,,,,,,,,,,,,,,,,,,,,,,,,,,
2.9607250755287007e-07,49,,,,,,,,,,,,,,,,,,,,,,,,,,,,,,,,,,,,,,,,,,,,,,,,,,,,,,,,,,,,,,,,,,,,,,,,,,,,,,,,,,,,,,,,,,,,,,,,,,,,,,,,,,,,,,,,,,,,,,,,,,,,,,,,,,,,,,,,,,,,,,,,,,,,,,,,,,,,,,,,,,,,,,,,,,,,,,,,,,,,,,,,,,,,,,,,,,,,,,,,,,,,,,,,,,,,,,,,,,,,,,,,,,,,,,,,,,,,,,,,,,,,,,,,,,,,,,,,,,,,,,,,,,,,,,,,,,,,,,,,
,49,4959690,2429,4957261,2967,1766529,886,1765643,1138,3193161,1543,3191618,1837,12565748999168,7035964416,12558713034752,8181997056,11525527456768,7029366784,11518498089984,8174694400,1040221542400,6597632,1040214944768,25003008,12565748999168,7035964416,12558713034752,8181997056,11525527456768,7029366784,11518498089984,8174694400,1040221542400,6597632,1040214944768,25003008,4959690,2429,4957261,2967,1766529,886,1765643,1138,3193161,1543,3191618,1837,3067243,155,3067088,253,1067219,104,1067115,156,2000024,51,1999973,117,12803481468416,255833088,12803225635328,1204202496,11743091516416,249847808,11742841668608,1199894528,1060389952000,5985280,1060383966720,14234112,-1,0,354,0,0,2,0,0,0,0,0,0,0,0,12454759982120,7021259304,12447738722816,8164391232,11414887919616,7014793216,11407873126400,8157220864,1039872062504,6466088,1039865596416,24867224,8524922880,8524922880,0,8524922880,8495562752,8495562752,0,8495562752,29360128,29360128,0,29360128,354,354,0,354,340,340,0,340,14,14,0,14,,,,,,,,,,,,,,,,,,,,,,,,,,,,,,,,,,,,,,,,,,,,,,,,,,,,,,,,,,,,,,,,,,,,,,,,,,,,,,,,,,,,,,,,,,,,,,,,,,,,,,,,,,,,,,,,,,,,,,,,,,,,,,,,,,,,,,,,,,,,,,,,,,,,,,,,,,,,,,
,49,,,,,,,,,,,,,,,,,,,,,,,,,,,,,,,,,,,,,,,,,,,,,,,,,,,,,,,,,,,,,,,,,,,,,,,,,,,,,,,,,,,,,,,,,,,,,,,,,,,,,,,,,,,,,,,,,,,,,,,,,,,4972061,2433,4969628,2967,1770516,886,1769630,1138,3201545,1547,3199998,1837,12592677706752,7035966464,12585641740288,8181997056,11549647424512,7029366784,11542618057728,8174694400,1043030282240,6599680,1043023682560,25003008,12592677706752,7035966464,12585641740288,8181997056,11549647424512,7029366784,11542618057728,8174694400,1043030282240,6599680,1043023682560,25003008,4972061,2433,4969628,2967,1770516,886,1769630,1138,3201545,1547,3199998,1837,3074925,157,3074768,253,1069548,104,1069444,156,2005377,53,2005324,117,12832614583808,255831040,12832358752768,1204202496,11769393873920,249847808,11769144026112,1199894528,1063220709888,5983232,1063214726656,14234112,-1,0,354,0,0,2,0,0,0,0,0,0,0,0,12481502072507,7021259320,12474480813187,8164391232,11438822191872,7014793216,11431807398656,8157220864,1042679880635,6466104,1042673414531,24867224,8524922880,8524922880,0,8524922880,8495562752,8495562752,0,8495562752,29360128,29360128,0,29360128,354,354,0,354,340,340,0,340,14,14,0,14,,,,,,,,,,,,,,,,,,,,,,,,,,,,,,,,,,,,
2.9607250755287007e-07,49,,,,,,,,,,,,,,,,,,,,,,,,,,,,,,,,,,,,,,,,,,,,,,,,,,,,,,,,,,,,,,,,,,,,,,,,,,,,,,,,,,,,,,,,,,,,,,,,,,,,,,,,,,,,,,,,,,,,,,,,,,,,,,,,,,,,,,,,,,,,,,,,,,,,,,,,,,,,,,,,,,,,,,,,,,,,,,,,,,,,,,,,,,,,,,,,,,,,,,,,,,,,,,,,,,,,,,,,,,,,,,,,,,,,,,,,,,,,,,,,,,,,,,,,,,,,,,,,,,,,,,,,,,,,,,,,,,,,,,,,
,49,4972074,2429,4969645,2967,1770516,886,1769630,1138,3201558,1543,3200015,1837,12592677722624,7035965952,12585641756672,8181997056,11549647424512,7029366784,11542618057728,8174694400,1043030298112,6599168,1043023698944,25003008,12592677722624,7035965952,12585641756672,8181997056,11549647424512,7029366784,11542618057728,8174694400,1043030298112,6599168,1043023698944,25003008,4972074,2429,4969645,2967,1770516,886,1769630,1138,3201558,1543,3200015,1837,3074935,154,3074781,253,1069548,104,1069444,156,2005387,50,2005337,117,12832614600192,255831552,12832358768640,1204202496,11769393873920,249847808,11769144026112,1199894528,1063220726272,5983744,1063214742528,14234112,-1,0,354,0,0,2,0,0,0,0,0,0,0,0,12481502082463,7021260192,12474480822271,8164391232,11438822191872,7014793216,11431807398656,8157220864,1042679890591,6466976,1042673423615,24867224,8524922880,8524922880,0,8524922880,8495562752,8495562752,0,8495562752,29360128,29360128,0,29360128,354,354,0,354,340,340,0,340,14,14,0,14,,,,,,,,,,,,,,,,,,,,,,,,,,,,,,,,,,,,,,,,,,,,,,,,,,,,,,,,,,,,,,,,,,,,,,,,,,,,,,,,,,,,,,,,,,,,,,,,,,,,,,,,,,,,,,,,,,,,,,,,,,,,,,,,,,,,,,,,,,,,,,,,,,,,,,,,,,,,,,
,49,,,,,,,,,,,,,,,,,,,,,,,,,,,,,,,,,,,,,,,,,,,,,,,,,,,,,,,,,,,,,,,,,,,,,,,,,,,,,,,,,,,,,,,,,,,,,,,,,,,,,,,,,,,,,,,,,,,,,,,,,,,4984445,2433,4982012,2967,1774599,886,1773713,1138,3209846,1547,3208299,1837,12620378190848,7035968000,12613342222848,8181997056,11574252465152,7029366784,11567223098368,8174694400,1046125725696,6601216,1046119124480,25003008,12620378190848,7035968000,12613342222848,8181997056,11574252465152,7029366784,11567223098368,8174694400,1046125725696,6601216,1046119124480,25003008,4984445,2433,4982012,2967,1774599,886,1773713,1138,3209846,1547,3208299,1837,3083028,160,3082868,253,1072027,104,1071923,156,2011001,56,2010945,117,12862503565312,255829504,12862247735808,1204202496,11796101317632,249847808,11795851469824,1199894528,1066402247680,5981696,1066396265984,14234112,-1,0,354,0,0,2,0,0,0,0,0,0,0,0,12508983567959,7021260208,12501962307751,8164391232,11463209006592,7014793216,11456194213376,8157220864,1045774561367,6466992,1045768094375,24867224,8524922880,8524922880,0,8524922880,8495562752,8495562752,0,8495562752,29360128,29360128,0,29360128,354,354,0,354,340,340,0,340,14,14,0,14,,,,,,,,,,,,,,,,,,,,,,,,,,,,,,,,,,,,
2.9607250755287007e-07,49,,,,,,,,,,,,,,,,,,,,,,,,,,,,,,,,,,,,,,,,,,,,,,,,,,,,,,,,,,,,,,,,,,,,,,,,,,,,,,,,,,,,,,,,,,,,,,,,,,,,,,,,,,,,,,,,,,,,,,,,,,,,,,,,,,,,,,,,,,,,,,,,,,,,,,,,,,,,,,,,,,,,,,,,,,,,,,,,,,,,,,,,,,,,,,,,,,,,,,,,,,,,,,,,,,,,,,,,,,,,,,,,,,,,,,,,,,,,,,,,,,,,,,,,,,,,,,,,,,,,,,,,,,,,,,,,,,,,,,,,
,49,4984458,2429,4982029,2967,1774599,886,1773713,1138,3209859,1543,3208316,1837,12620378211328,7035970560,12613342240768,8181997056,11574252465152,7029366784,11567223098368,8174694400,1046125746176,6603776,1046119142400,25003008,12620378211328,7035970560,12613342240768,8181997056,11574252465152,7029366784,11567223098368,8174694400,1046125746176,6603776,1046119142400,25003008,4984458,2429,4982029,2967,1774599,886,1773713,1138,3209859,1543,3208316,1837,3083039,158,3082881,253,1072027,104,1071923,156,2011012,54,2010958,117,12862503583232,255826944,12862247756288,1204202496,11796101317632,249847808,11795851469824,1199894528,1066402265600,5979136,1066396286464,14234112,-1,0,354,0,0,2,0,0,0,0,0,0,0,0,12508983583483,7021265760,12501962317723,8164391232,11463209006592,7014793216,11456194213376,8157220864,1045774576891,6472544,1045768104347,24867224,8524922880,8524922880,0,8524922880,8495562752,8495562752,0,8495562752,29360128,29360128,0,29360128,354,354,0,354,340,340,0,340,14,14,0,14,,,,,,,,,,,,,,,,,,,,,,,,,,,,,,,,,,,,,,,,,,,,,,,,,,,,,,,,,,,,,,,,,,,,,,,,,,,,,,,,,,,,,,,,,,,,,,,,,,,,,,,,,,,,,,,,,,,,,,,,,,,,,,,,,,,,,,,,,,,,,,,,,,,,,,,,,,,,,,
,49,,,,,,,,,,,,,,,,,,,,,,,,,,,,,,,,,,,,,,,,,,,,,,,,,,,,,,,,,,,,,,,,,,,,,,,,,,,,,,,,,,,,,,,,,,,,,,,,,,,,,,,,,,,,,,,,,,,,,,,,,,,4997380,2433,4994947,2967,1781490,886,1780604,1138,3215890,1547,3214343,1837,12675389844480,7035972608,12668353871872,8181997056,11628471692288,7029366784,11621442325504,8174694400,1046918152192,6605824,1046911546368,25003008,12675389844480,7035972608,12668353871872,8181997056,11628471692288,7029366784,11621442325504,8174694400,1046918152192,6605824,1046911546368,25003008,4997380,2433,4994947,2967,1781490,886,1780604,1138,3215890,1547,3214343,1837,3091740,156,3091584,253,1077243,104,1077139,156,2014497,52,2014445,117,12908803522048,255824896,12908547697152,1204202496,11841608852480,249847808,11841359004672,1199894528,1067194669568,5977088,1067188692480,14234112,-1,0,354,0,0,2,0,0,0,0,0,0,0,0,12563638419946,7021265776,12556617154170,8164391232,11517072312576,7014793216,11510057519360,8157220864,1046566107370,6472560,1046559634810,24867224,8524922880,8524922880,0,8524922880,8495562752,8495562752,0,8495562752,29360128,29360128,0,29360128,354,354,0,354,340,340,0,340,14,14,0,14,,,,,,,,,,,,,,,,,,,,,,,,,,,,,,,,,,,,
2.9607250755287007e-07,49,,,,,,,,,,,,,,,,,,,,,,,,,,,,,,,,,,,,,,,,,,,,,,,,,,,,,,,,,,,,,,,,,,,,,,,,,,,,,,,,,,,,,,,,,,,,,,,,,,,,,,,,,,,,,,,,,,,,,,,,,,,,,,,,,,,,,,,,,,,,,,,,,,,,,,,,,,,,,,,,,,,,,,,,,,,,,,,,,,,,,,,,,,,,,,,,,,,,,,,,,,,,,,,,,,,,,,,,,,,,,,,,,,,,,,,,,,,,,,,,,,,,,,,,,,,,,,,,,,,,,,,,,,,,,,,,,,,,,,,,
,49,4997393,2429,4994964,2967,1781490,886,1780604,1138,3215903,1543,3214360,1837,12675389858816,7035964416,12668353894400,8181997056,11628471692288,7029366784,11621442325504,8174694400,1046918166528,6597632,1046911568896,25003008,12675389858816,7035964416,12668353894400,8181997056,11628471692288,7029366784,11621442325504,8174694400,1046918166528,6597632,1046911568896,25003008,4997393,2429,4994964,2967,1781490,886,1780604,1138,3215903,1543,3214360,1837,3091752,157,3091595,253,1077243,104,1077139,156,2014509,53,2014456,117,12908803544576,255833088,12908547711488,1204202496,11841608852480,249847808,11841359004672,1199894528,1067194692096,5985280,1067188706816,14234112,-1,0,354,0,0,2,0,0,0,0,0,0,0,0,12563638427934,7021258224,12556617169710,8164391232,11517072312576,7014793216,11510057519360,8157220864,1046566115358,6465008,1046559650350,24867224,8524922880,8524922880,0,8524922880,8495562752,8495562752,0,8495562752,29360128,29360128,0,29360128,354,354,0,354,340,340,0,340,14,14,0,14,,,,,,,,,,,,,,,,,,,,,,,,,,,,,,,,,,,,,,,,,,,,,,,,,,,,,,,,,,,,,,,,,,,,,,,,,,,,,,,,,,,,,,,,,,,,,,,,,,,,,,,,,,,,,,,,,,,,,,,,,,,,,,,,,,,,,,,,,,,,,,,,,,,,,,,,,,,,,,
,49,,,,,,,,,,,,,,,,,,,,,,,,,,,,,,,,,,,,,,,,,,,,,,,,,,,,,,,,,,,,,,,,,,,,,,,,,,,,,,,,,,,,,,,,,,,,,,,,,,,,,,,,,,,,,,,,,,,,,,,,,,,5010264,2433,5007831,2967,1785794,886,1784908,1138,3224470,1547,3222923,1837,12704867438080,7035966464,12697831471616,8181997056,11654839897088,7029366784,11647810530304,8174694400,1050027540992,6599680,1050020941312,25003008,12704867438080,7035966464,12697831471616,8181997056,11654839897088,7029366784,11647810530304,8174694400,1050027540992,6599680,1050020941312,25003008,5010264,2433,5007831,2967,1785794,886,1784908,1138,3224470,1547,3222923,1837,3099791,160,3099631,253,1079773,104,1079669,156,2020018,56,2019962,117,12940239771648,255831040,12939983940608,1204202496,11869871490048,249847808,11869621642240,1199894528,1070368281600,5983232,1070362298368,14234112,-1,0,354,0,0,2,0,0,0,0,0,0,0,0,12592894642585,7021258300,12585873384285,8164391232,11543219883008,7014793216,11536205089792,8157220864,1049674759577,6465084,1049668294493,24867224,8524922880,8524922880,0,8524922880,8495562752,8495562752,0,8495562752,29360128,29360128,0,29360128,354,354,0,354,340,340,0,340,14,14,0,14,,,,,,,,,,,,,,,,,,,,,,,,,,,,,,,,,,,,
,49,,,,,,,,,,,,,,,,,,,,,,,,,,,,,,,,,,,,,,,,,,,,,,,,,,,,,,,,,,,,,,,,,,,,,,,,,,,,,,,,,,,,,,,,,,,,,,,,,,,,,,,,,,,,,,,,,,,,,,,,,,,,,,,,,,,,,,,,,,,,,,,,,,,,,,,,,,,,,,,,,,,,,,,,,,,,,,,,,,,,,,,,,,,,,,,,,,,,,,,,,,,,,,,,,,,,,,,,,,,,,,,,,,,,,,,,,,,,,,,,,,,,,0.00014293193817138672,0.0002617835998535156,0.004069685935974121,0,,,,,,,,,,,,,,,,,,,,,,,,,,,,,,,,
5.981873111782477e-07,99,,,,,,,,,,,,,,,,,,,,,,,,,,,,,,,,,,,,,,,,,,,,,,,,,,,,,,,,,,,,,,,,,,,,,,,,,,,,,,,,,,,,,,,,,,,,,,,,,,,,,,,,,,,,,,,,,,,,,,,,,,,,,,,,,,,,,,,,,,,,,,,,,,,,,,,,,,,,,,,,,,,,,,,,,,,,,,,,,,,,,,,,,,,,,,,,,,,,,,,,,,,,,,,,,,,,,,,,,,,,,,,,,,,,,,,,,,,,,,,,,,,,,,,,,,,,,,,,,,,,,,,,,,,,,,,,,,,,,,,,
,99,9911080,2429,9908651,2967,3520057,886,3519171,1138,6391023,1543,6389480,1837,24996951532544,7029291520,24989922241024,8186488320,22912743993344,7022698496,22905721294848,8179184640,2084207539200,6593024,2084200946176,25003008,24996951532544,7029291520,24989922241024,8186488320,22912743993344,7022698496,22905721294848,8179184640,2084207539200,6593024,2084200946176,25003008,9911080,2429,9908651,2967,3520057,886,3519171,1138,6391023,1543,6389480,1837,6153529,144,6153385,253,2111974,100,2111874,156,4041555,44,4041511,117,25241913546752,262505984,25241651040768,1204202496,23109498042368,256516096,23109241526272,1199894528,2132415504384,5989888,2132409514496,17643520,-1,0,355,0,0,2,0,0,0,0,0,0,0,0,24783361865370,7021254696,24776340610674,8171929220,22699852890112,7014793216,22692838096896,8164757504,2083508975258,6461480,2083502513778,24867224,8602517504,8602517504,0,8602517504,8573157376,8573157376,0,8573157376,29360128,29360128,0,29360128,355,355,0,355,341,341,0,341,14,14,0,14,,,,,,,,,,,,,,,,,,,,,,,,,,,,,,,,,,,,,,,,,,,,,,,,,,,,,,,,,,,,,,,,,,,,,,,,,,,,,,,,,,,,,,,,,,,,,,,,,,,,,,,,,,,,,,,,,,,,,,,,,,,,,,,,,,,,,,,,,,,,,,,,,,,,,,,,,,,,,,
,99,,,,,,,,,,,,,,,,,,,,,,,,,,,,,,,,,,,,,,,,,,,,,,,,,,,,,,,,,,,,,,,,,,,,,,,,,,,,,,,,,,,,,,,,,,,,,,,,,,,,,,,,,,,,,,,,,,,,,,,,,,,9923451,2433,9921018,2967,3524039,886,3523153,1138,6399412,1547,6397865,1837,25023789857280,7033938432,25016755918848,8186488320,22936817221632,7027343360,22929789878272,8179184640,2086972635648,6595072,2086966040576,25003008,25023789857280,7033938432,25016755918848,8186488320,22936817221632,7027343360,22929789878272,8179184640,2086972635648,6595072,2086966040576,25003008,9923451,2433,9921018,2967,3524039,886,3523153,1138,6399412,1547,6397865,1837,6161169,158,6161011,253,2114268,97,2114171,156,4046901,61,4046840,117,25268740838912,222207488,25268518631424,1204202496,23133535332352,216219648,23133319112704,1199894528,2135205506560,5987840,2135199518720,17643520,-1,0,355,0,0,2,0,0,0,0,0,0,0,0,24810023281839,7021254712,24803002027127,8171929220,22723750155008,7014793216,22716735361792,8164757504,2086273126831,6461496,2086266665335,24867224,8602517504,8602517504,0,8602517504,8573157376,8573157376,0,8573157376,29360128,29360128,0,29360128,355,355,0,355,341,341,0,341,14,14,0,14,,,,,,,,,,,,,,,,,,,,,,,,,,,,,,,,,,,,
5.981873111782477e-07,99,,,,,,,,,,,,,,,,,,,,,,,,,,,,,,,,,,,,,,,,,,,,,,,,,,,,,,,,,,,,,,,,,,,,,,,,,,,,,,,,,,,,,,,,,,,,,,,,,,,,,,,,,,,,,,,,,,,,,,,,,,,,,,,,,,,,,,,,,,,,,,,,,,,,,,,,,,,,,,,,,,,,,,,,,,,,,,,,,,,,,,,,,,,,,,,,,,,,,,,,,,,,,,,,,,,,,,,,,,,,,,,,,,,,,,,,,,,,,,,,,,,,,,,,,,,,,,,,,,,,,,,,,,,,,,,,,,,,,,,,
,99,9923464,2429,9921035,2967,3524039,886,3523153,1138,6399425,1543,6397882,1837,25023789876224,7033945600,25016755930624,8186488320,22936817221632,7027343360,22929789878272,8179184640,2086972654592,6602240,2086966052352,25003008,25023789876224,7033945600,25016755930624,8186488320,22936817221632,7027343360,22929789878272,8179184640,2086972654592,6602240,2086966052352,25003008,9923464,2429,9921035,2967,3524039,886,3523153,1138,6399425,1543,6397882,1837,6161179,157,6161022,253,2114268,97,2114171,156,4046911,60,4046851,117,25268740850688,222200320,25268518650368,1204202496,23133535332352,216219648,23133319112704,1199894528,2135205518336,5980672,2135199537664,17643520,-1,0,355,0,0,2,0,0,0,0,0,0,0,0,24810023294963,7021263360,24803002031603,8171929220,22723750155008,7014793216,22716735361792,8164757504,2086273139955,6470144,2086266669811,24867224,8602517504,8602517504,0,8602517504,8573157376,8573157376,0,8573157376,29360128,29360128,0,29360128,355,355,0,355,341,341,0,341,14,14,0,14,,,,,,,,,,,,,,,,,,,,,,,,,,,,,,,,,,,,,,,,,,,,,,,,,,,,,,,,,,,,,,,,,,,,,,,,,,,,,,,,,,,,,,,,,,,,,,,,,,,,,,,,,,,,,,,,,,,,,,,,,,,,,,,,,,,,,,,,,,,,,,,,,,,,,,,,,,,,,,
,99,,,,,,,,,,,,,,,,,,,,,,,,,,,,,,,,,,,,,,,,,,,,,,,,,,,,,,,,,,,,,,,,,,,,,,,,,,,,,,,,,,,,,,,,,,,,,,,,,,,,,,,,,,,,,,,,,,,,,,,,,,,9936338,2433,9933905,2967,3530978,886,3530092,1138,6405360,1547,6403813,1837,25080299015680,7033947648,25073265068032,8186488320,22992503230464,7027343360,22985475887104,8179184640,2087795785216,6604288,2087789180928,25003008,25080299015680,7033947648,25073265068032,8186488320,22992503230464,7027343360,22985475887104,8179184640,2087795785216,6604288,2087789180928,25003008,9936338,2433,9933905,2967,3530978,886,3530092,1138,6405360,1547,6403813,1837,6169407,165,6169242,253,2118757,97,2118660,156,4050650,68,4050582,117,25316852950528,222198272,25316630752256,1204202496,23180824303616,216219648,23180608083968,1199894528,2136028646912,5978624,2136022668288,17643520,-1,0,355,0,0,2,0,0,0,0,0,0,0,0,24866135784500,7021263436,24859114521064,8171929220,22779040564736,7014793216,22772025771520,8164757504,2087095219764,6470220,2087088749544,24867224,8602517504,8602517504,0,8602517504,8573157376,8573157376,0,8573157376,29360128,29360128,0,29360128,355,355,0,355,341,341,0,341,14,14,0,14,,,,,,,,,,,,,,,,,,,,,,,,,,,,,,,,,,,,
5.981873111782477e-07,99,,,,,,,,,,,,,,,,,,,,,,,,,,,,,,,,,,,,,,,,,,,,,,,,,,,,,,,,,,,,,,,,,,,,,,,,,,,,,,,,,,,,,,,,,,,,,,,,,,,,,,,,,,,,,,,,,,,,,,,,,,,,,,,,,,,,,,,,,,,,,,,,,,,,,,,,,,,,,,,,,,,,,,,,,,,,,,,,,,,,,,,,,,,,,,,,,,,,,,,,,,,,,,,,,,,,,,,,,,,,,,,,,,,,,,,,,,,,,,,,,,,,,,,,,,,,,,,,,,,,,,,,,,,,,,,,,,,,,,,,
,99,9936351,2429,9933922,2967,3530978,886,3530092,1138,6405373,1543,6403830,1837,25080299033088,7033944064,25073265089024,8186488320,22992503230464,7027343360,22985475887104,8179184640,2087795802624,6600704,2087789201920,25003008,25080299033088,7033944064,25073265089024,8186488320,22992503230464,7027343360,22985475887104,8179184640,2087795802624,6600704,2087789201920,25003008,9936351,2429,9933922,2967,3530978,886,3530092,1138,6405373,1543,6403830,1837,6169416,160,6169256,253,2118757,97,2118660,156,4050659,63,4050596,117,25316852971520,222201856,25316630769664,1204202496,23180824303616,216219648,23180608083968,1199894528,2136028667904,5982208,2136022685696,17643520,-1,0,355,0,0,2,0,0,0,0,0,0,0,0,24866135796616,7021262412,24859114534204,8171929220,22779040564736,7014793216,22772025771520,8164757504,2087095231880,6469196,2087088762684,24867224,8602517504,8602517504,0,8602517504,8573157376,8573157376,0,8573157376,29360128,29360128,0,29360128,355,355,0,355,341,341,0,341,14,14,0,14,,,,,,,,,,,,,,,,,,,,,,,,,,,,,,,,,,,,,,,,,,,,,,,,,,,,,,,,,,,,,,,,,,,,,,,,,,,,,,,,,,,,,,,,,,,,,,,,,,,,,,,,,,,,,,,,,,,,,,,,,,,,,,,,,,,,,,,,,,,,,,,,,,,,,,,,,,,,,,
,99,,,,,,,,,,,,,,,,,,,,,,,,,,,,,,,,,,,,,,,,,,,,,,,,,,,,,,,,,,,,,,,,,,,,,,,,,,,,,,,,,,,,,,,,,,,,,,,,,,,,,,,,,,,,,,,,,,,,,,,,,,,9948722,2433,9946289,2967,3535061,886,3534175,1138,6413661,1547,6412114,1837,25107744922112,7033946112,25100710976000,8186488320,23016953561088,7027343360,23009926217728,8179184640,2090791361024,6602752,2090784758272,25003008,25107744922112,7033946112,25100710976000,8186488320,23016953561088,7027343360,23009926217728,8179184640,2090791361024,6602752,2090784758272,25003008,9948722,2433,9946289,2967,3535061,886,3534175,1138,6413661,1547,6412114,1837,6177028,160,6176868,253,2120967,97,2120870,156,4056061,63,4055998,117,25346657726464,222199808,25346435526656,1204202496,23207550674944,216219648,23207334455296,1199894528,2139107051520,5980160,2139101071360,17643520,-1,0,355,0,0,2,0,0,0,0,0,0,0,0,24893415429054,7021262368,24886394166686,8171929220,22803325454592,7014793216,22796310661376,8164757504,2090089974462,6469152,2090083505310,24867224,8602517504,8602517504,0,8602517504,8573157376,8573157376,0,8573157376,29360128,29360128,0,29360128,355,355,0,355,341,341,0,341,14,14,0,14,,,,,,,,,,,,,,,,,,,,,,,,,,,,,,,,,,,,
5.981873111782477e-07,99,,,,,,,,,,,,,,,,,,,,,,,,,,,,,,,,,,,,,,,,,,,,,,,,,,,,,,,,,,,,,,,,,,,,,,,,,,,,,,,,,,,,,,,,,,,,,,,,,,,,,,,,,,,,,,,,,,,,,,,,,,,,,,,,,,,,,,,,,,,,,,,,,,,,,,,,,,,,,,,,,,,,,,,,,,,,,,,,,,,,,,,,,,,,,,,,,,,,,,,,,,,,,,,,,,,,,,,,,,,,,,,,,,,,,,,,,,,,,,,,,,,,,,,,,,,,,,,,,,,,,,,,,,,,,,,,,,,,,,,,
,99,9948735,2429,9946306,2967,3535061,886,3534175,1138,6413674,1543,6412131,1837,25107744930304,7033934848,25100710995456,8186488320,23016953561088,7027343360,23009926217728,8179184640,2090791369216,6591488,2090784777728,25003008,25107744930304,7033934848,25100710995456,8186488320,23016953561088,7027343360,23009926217728,8179184640,2090791369216,6591488,2090784777728,25003008,9948735,2429,9946306,2967,3535061,886,3534175,1138,6413674,1543,6412131,1837,6177040,158,6176882,253,2120967,97,2120870,156,4056073,61,4056012,117,25346657745920,222211072,25346435534848,1204202496,23207550674944,216219648,23207334455296,1199894528,2139107070976,5991424,2139101079552,17643520,-1,0,355,0,0,2,0,0,0,0,0,0,0,0,24893415431906,7021253088,24886394178818,8171929220,22803325454592,7014793216,22796310661376,8164757504,2090089977314,6459872,2090083517442,24867224,8602517504,8602517504,0,8602517504,8573157376,8573157376,0,8573157376,29360128,29360128,0,29360128,355,355,0,355,341,341,0,341,14,14,0,14,,,,,,,,,,,,,,,,,,,,,,,,,,,,,,,,,,,,,,,,,,,,,,,,,,,,,,,,,,,,,,,,,,,,,,,,,,,,,,,,,,,,,,,,,,,,,,,,,,,,,,,,,,,,,,,,,,,,,,,,,,,,,,,,,,,,,,,,,,,,,,,,,,,,,,,,,,,,,,
,99,,,,,,,,,,,,,,,,,,,,,,,,,,,,,,,,,,,,,,,,,,,,,,,,,,,,,,,,,,,,,,,,,,,,,,,,,,,,,,,,,,,,,,,,,,,,,,,,,,,,,,,,,,,,,,,,,,,,,,,,,,,9961106,2433,9958673,2967,3539043,886,3538157,1138,6422063,1547,6420516,1837,25134721988096,7033936896,25127688051200,8186488320,23041073205248,7027343360,23034045861888,8179184640,2093648782848,6593536,2093642189312,25003008,25134721988096,7033936896,25127688051200,8186488320,23041073205248,7027343360,23034045861888,8179184640,2093648782848,6593536,2093642189312,25003008,9961106,2433,9958673,2967,3539043,886,3538157,1138,6422063,1547,6420516,1837,6184553,166,6184387,253,2123029,97,2122932,156,4061524,69,4061455,117,25376306909184,222209024,25376084700160,1204202496,23234276366336,216219648,23234060146688,1199894528,2142030542848,5989376,2142024553472,17643520,-1,0,355,0,0,2,0,0,0,0,0,0,0,0,24920228192074,7021253104,24913206938970,8171929220,22827281701888,7014793216,22820266908672,8164757504,2092946490186,6459888,2092940030298,24867224,8602517504,8602517504,0,8602517504,8573157376,8573157376,0,8573157376,29360128,29360128,0,29360128,355,355,0,355,341,341,0,341,14,14,0,14,,,,,,,,,,,,,,,,,,,,,,,,,,,,,,,,,,,,
5.981873111782477e-07,99,,,,,,,,,,,,,,,,,,,,,,,,,,,,,,,,,,,,,,,,,,,,,,,,,,,,,,,,,,,,,,,,,,,,,,,,,,,,,,,,,,,,,,,,,,,,,,,,,,,,,,,,,,,,,,,,,,,,,,,,,,,,,,,,,,,,,,,,,,,,,,,,,,,,,,,,,,,,,,,,,,,,,,,,,,,,,,,,,,,,,,,,,,,,,,,,,,,,,,,,,,,,,,,,,,,,,,,,,,,,,,,,,,,,,,,,,,,,,,,,,,,,,,,,,,,,,,,,,,,,,,,,,,,,,,,,,,,,,,,,
,99,9961119,2429,9958690,2967,3539043,886,3538157,1138,6422076,1543,6420533,1837,25134722003968,7033942528,25127688061440,8186488320,23041073205248,7027343360,23034045861888,8179184640,2093648798720,6599168,2093642199552,25003008,25134722003968,7033942528,25127688061440,8186488320,23041073205248,7027343360,23034045861888,8179184640,2093648798720,6599168,2093642199552,25003008,9961119,2429,9958690,2967,3539043,886,3538157,1138,6422076,1543,6420533,1837,6184566,166,6184400,253,2123029,97,2122932,156,4061537,69,4061468,117,25376306919424,222203392,25376084716032,1204202496,23234276366336,216219648,23234060146688,1199894528,2142030553088,5983744,2142024569344,17643520,-1,0,355,0,0,2,0,0,0,0,0,0,0,0,24920228202582,7021260744,24913206941838,8171929220,22827281701888,7014793216,22820266908672,8164757504,2092946500694,6467528,2092940033166,24867224,8602517504,8602517504,0,8602517504,8573157376,8573157376,0,8573157376,29360128,29360128,0,29360128,355,355,0,355,341,341,0,341,14,14,0,14,,,,,,,,,,,,,,,,,,,,,,,,,,,,,,,,,,,,,,,,,,,,,,,,,,,,,,,,,,,,,,,,,,,,,,,,,,,,,,,,,,,,,,,,,,,,,,,,,,,,,,,,,,,,,,,,,,,,,,,,,,,,,,,,,,,,,,,,,,,,,,,,,,,,,,,,,,,,,,
,99,,,,,,,,,,,,,,,,,,,,,,,,,,,,,,,,,,,,,,,,,,,,,,,,,,,,,,,,,,,,,,,,,,,,,,,,,,,,,,,,,,,,,,,,,,,,,,,,,,,,,,,,,,,,,,,,,,,,,,,,,,,9973441,2433,9971008,2967,3543126,886,3542240,1138,6430315,1547,6428768,1837,25162018887680,7033944576,25154984943104,8186488320,23065461891072,7027343360,23058434547712,8179184640,2096556996608,6601216,2096550395392,25003008,25162018887680,7033944576,25154984943104,8186488320,23065461891072,7027343360,23058434547712,8179184640,2096556996608,6601216,2096550395392,25003008,9973441,2433,9971008,2967,3543126,886,3542240,1138,6430315,1547,6428768,1837,6192087,159,6191928,253,2125231,97,2125134,156,4066856,62,4066794,117,25406135538688,222201344,25405913337344,1204202496,23261104777216,216219648,23260888557568,1199894528,2145030761472,5981696,2145024779776,17643520,-1,0,355,0,0,2,0,0,0,0,0,0,0,0,24947328180667,7021260820,24940306919847,8171929220,22851474325248,7014793216,22844459532032,8164757504,2095853855419,6467604,2095847387815,24867224,8602517504,8602517504,0,8602517504,8573157376,8573157376,0,8573157376,29360128,29360128,0,29360128,355,355,0,355,341,341,0,341,14,14,0,14,,,,,,,,,,,,,,,,,,,,,,,,,,,,,,,,,,,,
5.981873111782477e-07,99,,,,,,,,,,,,,,,,,,,,,,,,,,,,,,,,,,,,,,,,,,,,,,,,,,,,,,,,,,,,,,,,,,,,,,,,,,,,,,,,,,,,,,,,,,,,,,,,,,,,,,,,,,,,,,,,,,,,,,,,,,,,,,,,,,,,,,,,,,,,,,,,,,,,,,,,,,,,,,,,,,,,,,,,,,,,,,,,,,,,,,,,,,,,,,,,,,,,,,,,,,,,,,,,,,,,,,,,,,,,,,,,,,,,,,,,,,,,,,,,,,,,,,,,,,,,,,,,,,,,,,,,,,,,,,,,,,,,,,,,
,99,9973454,2429,9971025,2967,3543126,886,3542240,1138,6430328,1543,6428785,1837,25162018903552,7033942528,25154984961024,8186488320,23065461891072,7027343360,23058434547712,8179184640,2096557012480,6599168,2096550413312,25003008,25162018903552,7033942528,25154984961024,8186488320,23065461891072,7027343360,23058434547712,8179184640,2096557012480,6599168,2096550413312,25003008,9973454,2429,9971025,2967,3543126,886,3542240,1138,6430328,1543,6428785,1837,6192099,159,6191940,253,2125231,97,2125134,156,4066868,62,4066806,117,25406135556608,222203392,25405913353216,1204202496,23261104777216,216219648,23260888557568,1199894528,2145030779392,5983744,2145024795648,17643520,-1,0,355,0,0,2,0,0,0,0,0,0,0,0,24947328190695,7021260324,24940306930371,8171929220,22851474325248,7014793216,22844459532032,8164757504,2095853865447,6467108,2095847398339,24867224,8602517504,8602517504,0,8602517504,8573157376,8573157376,0,8573157376,29360128,29360128,0,29360128,355,355,0,355,341,341,0,341,14,14,0,14,,,,,,,,,,,,,,,,,,,,,,,,,,,,,,,,,,,,,,,,,,,,,,,,,,,,,,,,,,,,,,,,,,,,,,,,,,,,,,,,,,,,,,,,,,,,,,,,,,,,,,,,,,,,,,,,,,,,,,,,,,,,,,,,,,,,,,,,,,,,,,,,,,,,,,,,,,,,,,
,99,,,,,,,,,,,,,,,,,,,,,,,,,,,,,,,,,,,,,,,,,,,,,,,,,,,,,,,,,,,,,,,,,,,,,,,,,,,,,,,,,,,,,,,,,,,,,,,,,,,,,,,,,,,,,,,,,,,,,,,,,,,9985776,2433,9983343,2967,3547209,886,3546323,1138,6438567,1547,6437020,1837,25189332687360,7033944576,25182298742784,8186488320,23089855012864,7027343360,23082827669504,8179184640,2099477674496,6601216,2099471073280,25003008,25189332687360,7033944576,25182298742784,8186488320,23089855012864,7027343360,23082827669504,8179184640,2099477674496,6601216,2099471073280,25003008,9985776,2433,9983343,2967,3547209,886,3546323,1138,6438567,1547,6437020,1837,6199888,163,6199725,253,2127433,97,2127336,156,4072455,66,4072389,117,25435982231040,222201344,25435760029696,1204202496,23287932487680,216219648,23287716268032,1199894528,2148049743360,5981696,2148043761664,17643520,-1,0,355,0,0,2,0,0,0,0,0,0,0,0,24974453206348,7021260340,24967431946008,8171929220,22875679515136,7014793216,22868664721920,8164757504,2098773691212,6467124,2098767224088,24867224,8602517504,8602517504,0,8602517504,8573157376,8573157376,0,8573157376,29360128,29360128,0,29360128,355,355,0,355,341,341,0,341,14,14,0,14,,,,,,,,,,,,,,,,,,,,,,,,,,,,,,,,,,,,
5.981873111782477e-07,99,,,,,,,,,,,,,,,,,,,,,,,,,,,,,,,,,,,,,,,,,,,,,,,,,,,,,,,,,,,,,,,,,,,,,,,,,,,,,,,,,,,,,,,,,,,,,,,,,,,,,,,,,,,,,,,,,,,,,,,,,,,,,,,,,,,,,,,,,,,,,,,,,,,,,,,,,,,,,,,,,,,,,,,,,,,,,,,,,,,,,,,,,,,,,,,,,,,,,,,,,,,,,,,,,,,,,,,,,,,,,,,,,,,,,,,,,,,,,,,,,,,,,,,,,,,,,,,,,,,,,,,,,,,,,,,,,,,,,,,,
,99,9985789,2429,9983360,2967,3547209,886,3546323,1138,6438580,1543,6437037,1837,25189332697088,7033936384,25182298760704,8186488320,23089855012864,7027343360,23082827669504,8179184640,2099477684224,6593024,2099471091200,25003008,25189332697088,7033936384,25182298760704,8186488320,23089855012864,7027343360,23082827669504,8179184640,2099477684224,6593024,2099471091200,25003008,9985789,2429,9983360,2967,3547209,886,3546323,1138,6438580,1543,6437037,1837,6199899,163,6199736,253,2127433,97,2127336,156,4072466,66,4072400,117,25435982248960,222209536,25435760039424,1204202496,23287932487680,216219648,23287716268032,1199894528,2148049761280,5989888,2148043771392,17643520,-1,0,355,0,0,2,0,0,0,0,0,0,0,0,24974453210832,7021254780,24967431956052,8171929220,22875679515136,7014793216,22868664721920,8164757504,2098773695696,6461564,2098767234132,24867224,8602517504,8602517504,0,8602517504,8573157376,8573157376,0,8573157376,29360128,29360128,0,29360128,355,355,0,355,341,341,0,341,14,14,0,14,,,,,,,,,,,,,,,,,,,,,,,,,,,,,,,,,,,,,,,,,,,,,,,,,,,,,,,,,,,,,,,,,,,,,,,,,,,,,,,,,,,,,,,,,,,,,,,,,,,,,,,,,,,,,,,,,,,,,,,,,,,,,,,,,,,,,,,,,,,,,,,,,,,,,,,,,,,,,,
,99,,,,,,,,,,,,,,,,,,,,,,,,,,,,,,,,,,,,,,,,,,,,,,,,,,,,,,,,,,,,,,,,,,,,,,,,,,,,,,,,,,,,,,,,,,,,,,,,,,,,,,,,,,,,,,,,,,,,,,,,,,,9998111,2433,9995678,2967,3551287,886,3550401,1138,6446824,1547,6445277,1837,25216538533888,7033938432,25209504595456,8186488320,23114211954688,7027343360,23107184611328,8179184640,2102326579200,6595072,2102319984128,25003008,25216538533888,7033938432,25209504595456,8186488320,23114211954688,7027343360,23107184611328,8179184640,2102326579200,6595072,2102319984128,25003008,9998111,2433,9995678,2967,3551287,886,3550401,1138,6446824,1547,6445277,1837,6207475,161,6207314,253,2129660,97,2129563,156,4077815,64,4077751,117,25465793344512,222207488,25465571137024,1204202496,23314784983040,216219648,23314568763392,1199894528,2151008361472,5987840,2151002373632,17643520,-1,0,355,0,0,2,0,0,0,0,0,0,0,0,25001420263237,7021254796,24994399008441,8171929220,22899798553856,7014793216,22892783760640,8164757504,2101621709381,6461580,2101615247801,24867224,8602517504,8602517504,0,8602517504,8573157376,8573157376,0,8573157376,29360128,29360128,0,29360128,355,355,0,355,341,341,0,341,14,14,0,14,,,,,,,,,,,,,,,,,,,,,,,,,,,,,,,,,,,,
5.981873111782477e-07,99,,,,,,,,,,,,,,,,,,,,,,,,,,,,,,,,,,,,,,,,,,,,,,,,,,,,,,,,,,,,,,,,,,,,,,,,,,,,,,,,,,,,,,,,,,,,,,,,,,,,,,,,,,,,,,,,,,,,,,,,,,,,,,,,,,,,,,,,,,,,,,,,,,,,,,,,,,,,,,,,,,,,,,,,,,,,,,,,,,,,,,,,,,,,,,,,,,,,,,,,,,,,,,,,,,,,,,,,,,,,,,,,,,,,,,,,,,,,,,,,,,,,,,,,,,,,,,,,,,,,,,,,,,,,,,,,,,,,,,,,
,99,9998124,2429,9995695,2967,3551287,886,3550401,1138,6446837,1543,6445294,1837,25216538549760,7033942528,25209504607232,8186488320,23114211954688,7027343360,23107184611328,8179184640,2102326595072,6599168,2102319995904,25003008,25216538549760,7033942528,25209504607232,8186488320,23114211954688,7027343360,23107184611328,8179184640,2102326595072,6599168,2102319995904,25003008,9998124,2429,9995695,2967,3551287,886,3550401,1138,6446837,1543,6445294,1837,6207487,162,6207325,253,2129660,97,2129563,156,4077827,65,4077762,117,25465793356288,222203392,25465571152896,1204202496,23314784983040,216219648,23314568763392,1199894528,2151008373248,5983744,2151002389504,17643520,-1,0,355,0,0,2,0,0,0,0,0,0,0,0,25001420273961,7021261020,24994399012941,8171929220,22899798553856,7014793216,22892783760640,8164757504,2101621720105,6467804,2101615252301,24867224,8602517504,8602517504,0,8602517504,8573157376,8573157376,0,8573157376,29360128,29360128,0,29360128,355,355,0,355,341,341,0,341,14,14,0,14,,,,,,,,,,,,,,,,,,,,,,,,,,,,,,,,,,,,,,,,,,,,,,,,,,,,,,,,,,,,,,,,,,,,,,,,,,,,,,,,,,,,,,,,,,,,,,,,,,,,,,,,,,,,,,,,,,,,,,,,,,,,,,,,,,,,,,,,,,,,,,,,,,,,,,,,,,,,,,
,99,,,,,,,,,,,,,,,,,,,,,,,,,,,,,,,,,,,,,,,,,,,,,,,,,,,,,,,,,,,,,,,,,,,,,,,,,,,,,,,,,,,,,,,,,,,,,,,,,,,,,,,,,,,,,,,,,,,,,,,,,,,10010995,2433,10008562,2967,3555591,886,3554705,1138,6455404,1547,6453857,1837,25245956965888,7033944576,25238923021312,8186488320,23140520792064,7027343360,23133493448704,8179184640,2105436173824,6601216,2105429572608,25003008,25245956965888,7033944576,25238923021312,8186488320,23140520792064,7027343360,23133493448704,8179184640,2105436173824,6601216,2105429572608,25003008,10010995,2433,10008562,2967,3555591,886,3554705,1138,6455404,1547,6453857,1837,6215578,162,6215416,253,2132133,97,2132036,156,4083445,65,4083380,117,25502009180672,222201344,25501786979328,1204202496,23347844044800,216219648,23347627825152,1199894528,2154165135872,5981696,2154159154176,17643520,-1,0,355,0,0,2,0,0,0,0,0,0,0,0,25030678988182,7021261036,25023657727146,8171929220,22925948418048,7014793216,22918933624832,8164757504,2104730570134,6467820,2104724102314,24867224,8602517504,8602517504,0,8602517504,8573157376,8573157376,0,8573157376,29360128,29360128,0,29360128,355,355,0,355,341,341,0,341,14,14,0,14,,,,,,,,,,,,,,,,,,,,,,,,,,,,,,,,,,,,
,99,,,,,,,,,,,,,,,,,,,,,,,,,,,,,,,,,,,,,,,,,,,,,,,,,,,,,,,,,,,,,,,,,,,,,,,,,,,,,,,,,,,,,,,,,,,,,,,,,,,,,,,,,,,,,,,,,,,,,,,,,,,,,,,,,,,,,,,,,,,,,,,,,,,,,,,,,,,,,,,,,,,,,,,,,,,,,,,,,,,,,,,,,,,,,,,,,,,,,,,,,,,,,,,,,,,,,,,,,,,,,,,,,,,,,,,,,,,,,,,,,,,,,0.0921630859375,0.0030806714203208685,0.13837316632270813,0,,,,,,,,,,,,,,,,,,,,,,,,,,,,,,,,
9.003021148036254e-07,149,,,,,,,,,,,,,,,,,,,,,,,,,,,,,,,,,,,,,,,,,,,,,,,,,,,,,,,,,,,,,,,,,,,,,,,,,,,,,,,,,,,,,,,,,,,,,,,,,,,,,,,,,,,,,,,,,,,,,,,,,,,,,,,,,,,,,,,,,,,,,,,,,,,,,,,,,,,,,,,,,,,,,,,,,,,,,,,,,,,,,,,,,,,,,,,,,,,,,,,,,,,,,,,,,,,,,,,,,,,,,,,,,,,,,,,,,,,,,,,,,,,,,,,,,,,,,,,,,,,,,,,,,,,,,,,,,,,,,,,,
,149,14916041,2429,14913612,2967,5311798,886,5310912,1138,9604243,1543,9602700,1837,37960879426048,7040235520,37953839190528,8190438912,34832572595200,7033634816,34825538960384,8183136256,3128306830848,6600704,3128300230144,25004544,37960879426048,7040235520,37953839190528,8190438912,34832572595200,7033634816,34825538960384,8183136256,3128306830848,6600704,3128300230144,25004544,14916041,2429,14913612,2967,5311798,886,5310912,1138,9604243,1543,9602700,1837,9301672,149,9301523,253,3202463,104,3202359,156,6099209,45,6099164,117,38059419776000,251561984,38059168214016,1204202496,34859972408320,245579776,34859726828544,1199894528,3199447367680,5982208,3199441385472,17643520,-1,0,355,0,0,2,0,0,0,0,0,0,0,0,37632047066977,7021261812,37625025805165,8171929220,34504788255744,7014793216,34497773462528,8164757504,3127258811233,6468596,3127252342637,24868808,8602517504,8602517504,0,8602517504,8573157376,8573157376,0,8573157376,29360128,29360128,0,29360128,355,355,0,355,341,341,0,341,14,14,0,14,,,,,,,,,,,,,,,,,,,,,,,,,,,,,,,,,,,,,,,,,,,,,,,,,,,,,,,,,,,,,,,,,,,,,,,,,,,,,,,,,,,,,,,,,,,,,,,,,,,,,,,,,,,,,,,,,,,,,,,,,,,,,,,,,,,,,,,,,,,,,,,,,,,,,,,,,,,,,,
,149,,,,,,,,,,,,,,,,,,,,,,,,,,,,,,,,,,,,,,,,,,,,,,,,,,,,,,,,,,,,,,,,,,,,,,,,,,,,,,,,,,,,,,,,,,,,,,,,,,,,,,,,,,,,,,,,,,,,,,,,,,,14928412,2433,14925979,2967,5315785,886,5314899,1138,9612627,1547,9611080,1837,37987852445184,7031939072,37980820506112,8190438912,34856721136640,7025336320,34849695800320,8183136256,3131131308544,6602752,3131124705792,25004544,37987852445184,7031939072,37980820506112,8190438912,34856721136640,7025336320,34849695800320,8183136256,3131131308544,6602752,3131124705792,25004544,14928412,2433,14925979,2967,5315785,886,5314899,1138,9612627,1547,9611080,1837,9309478,151,9309327,253,3204805,97,3204708,156,6104673,54,6104619,117,38086754846720,224206848,38086530639872,1204202496,34884451152896,218226688,34884232926208,1199894528,3202303693824,5980160,3202297713664,17643520,-1,0,355,0,0,2,0,0,0,0,0,0,0,0,37658816821348,7021261768,37651795559580,8171929220,34528734447360,7014793216,34521719654144,8164757504,3130082373988,6468552,3130075905436,24868808,8602517504,8602517504,0,8602517504,8573157376,8573157376,0,8573157376,29360128,29360128,0,29360128,355,355,0,355,341,341,0,341,14,14,0,14,,,,,,,,,,,,,,,,,,,,,,,,,,,,,,,,,,,,
9.003021148036254e-07,149,,,,,,,,,,,,,,,,,,,,,,,,,,,,,,,,,,,,,,,,,,,,,,,,,,,,,,,,,,,,,,,,,,,,,,,,,,,,,,,,,,,,,,,,,,,,,,,,,,,,,,,,,,,,,,,,,,,,,,,,,,,,,,,,,,,,,,,,,,,,,,,,,,,,,,,,,,,,,,,,,,,,,,,,,,,,,,,,,,,,,,,,,,,,,,,,,,,,,,,,,,,,,,,,,,,,,,,,,,,,,,,,,,,,,,,,,,,,,,,,,,,,,,,,,,,,,,,,,,,,,,,,,,,,,,,,,,,,,,,,
,149,14928425,2429,14925996,2967,5315785,886,5314899,1138,9612640,1543,9611097,1837,37987852457984,7031932416,37980820525568,8190438912,34856721136640,7025336320,34849695800320,8183136256,3131131321344,6596096,3131124725248,25004544,37987852457984,7031932416,37980820525568,8190438912,34856721136640,7025336320,34849695800320,8183136256,3131131321344,6596096,3131124725248,25004544,14928425,2429,14925996,2967,5315785,886,5314899,1138,9612640,1543,9611097,1837,9309491,151,9309340,253,3204805,97,3204708,156,6104686,54,6104632,117,38086754866176,224213504,38086530652672,1204202496,34884451152896,218226688,34884232926208,1199894528,3202303713280,5986816,3202297726464,17643520,-1,0,355,0,0,2,0,0,0,0,0,0,0,0,37658816828400,7021257288,37651795571112,8171929220,34528734447360,7014793216,34521719654144,8164757504,3130082381040,6464072,3130075916968,24868808,8602517504,8602517504,0,8602517504,8573157376,8573157376,0,8573157376,29360128,29360128,0,29360128,355,355,0,355,341,341,0,341,14,14,0,14,,,,,,,,,,,,,,,,,,,,,,,,,,,,,,,,,,,,,,,,,,,,,,,,,,,,,,,,,,,,,,,,,,,,,,,,,,,,,,,,,,,,,,,,,,,,,,,,,,,,,,,,,,,,,,,,,,,,,,,,,,,,,,,,,,,,,,,,,,,,,,,,,,,,,,,,,,,,,,
,149,,,,,,,,,,,,,,,,,,,,,,,,,,,,,,,,,,,,,,,,,,,,,,,,,,,,,,,,,,,,,,,,,,,,,,,,,,,,,,,,,,,,,,,,,,,,,,,,,,,,,,,,,,,,,,,,,,,,,,,,,,,14940796,2433,14938363,2967,5320468,886,5319582,1138,9620328,1547,9618781,1837,38016371853824,7031934464,38009339919360,8190438912,34882626227200,7025336320,34875600890880,8183136256,3133745626624,6598144,3133739028480,25004544,38016371853824,7031934464,38009339919360,8190438912,34882626227200,7025336320,34875600890880,8183136256,3133745626624,6598144,3133739028480,25004544,14940796,2433,14938363,2967,5320468,886,5319582,1138,9620328,1547,9618781,1837,9317745,158,9317587,253,3207763,97,3207666,156,6109982,61,6109921,117,38117722029568,224211456,38117497818112,1204202496,34912804013056,218226688,34912585786368,1199894528,3204918016512,5984768,3204912031744,17643520,-1,0,355,0,0,2,0,0,0,0,0,0,0,0,37686677617379,7021257304,37679656360075,8171929220,34553981995520,7014793216,34546967202304,8164757504,3132695621859,6464088,3132689157771,24868808,8602517504,8602517504,0,8602517504,8573157376,8573157376,0,8573157376,29360128,29360128,0,29360128,355,355,0,355,341,341,0,341,14,14,0,14,,,,,,,,,,,,,,,,,,,,,,,,,,,,,,,,,,,,
9.003021148036254e-07,149,,,,,,,,,,,,,,,,,,,,,,,,,,,,,,,,,,,,,,,,,,,,,,,,,,,,,,,,,,,,,,,,,,,,,,,,,,,,,,,,,,,,,,,,,,,,,,,,,,,,,,,,,,,,,,,,,,,,,,,,,,,,,,,,,,,,,,,,,,,,,,,,,,,,,,,,,,,,,,,,,,,,,,,,,,,,,,,,,,,,,,,,,,,,,,,,,,,,,,,,,,,,,,,,,,,,,,,,,,,,,,,,,,,,,,,,,,,,,,,,,,,,,,,,,,,,,,,,,,,,,,,,,,,,,,,,,,,,,,,,
,149,14940809,2429,14938380,2967,5320468,886,5319582,1138,9620341,1543,9618798,1837,38016371871232,7031937024,38009339934208,8190438912,34882626227200,7025336320,34875600890880,8183136256,3133745644032,6600704,3133739043328,25004544,38016371871232,7031937024,38009339934208,8190438912,34882626227200,7025336320,34875600890880,8183136256,3133745644032,6600704,3133739043328,25004544,14940809,2429,14938380,2967,5320468,886,5319582,1138,9620341,1543,9618798,1837,9317757,157,9317600,253,3207763,97,3207666,156,6109994,60,6109934,117,38117722044416,224208896,38117497835520,1204202496,34912804013056,218226688,34912585786368,1199894528,3204918031360,5982208,3204912049152,17643520,-1,0,355,0,0,2,0,0,0,0,0,0,0,0,37686677629087,7021261944,37679656367143,8171929220,34553981995520,7014793216,34546967202304,8164757504,3132695633567,6468728,3132689164839,24868808,8602517504,8602517504,0,8602517504,8573157376,8573157376,0,8573157376,29360128,29360128,0,29360128,355,355,0,355,341,341,0,341,14,14,0,14,,,,,,,,,,,,,,,,,,,,,,,,,,,,,,,,,,,,,,,,,,,,,,,,,,,,,,,,,,,,,,,,,,,,,,,,,,,,,,,,,,,,,,,,,,,,,,,,,,,,,,,,,,,,,,,,,,,,,,,,,,,,,,,,,,,,,,,,,,,,,,,,,,,,,,,,,,,,,,
,149,,,,,,,,,,,,,,,,,,,,,,,,,,,,,,,,,,,,,,,,,,,,,,,,,,,,,,,,,,,,,,,,,,,,,,,,,,,,,,,,,,,,,,,,,,,,,,,,,,,,,,,,,,,,,,,,,,,,,,,,,,,14953180,2433,14950747,2967,5324551,886,5323665,1138,9628629,1547,9627082,1837,38044140263936,7031939072,38037108324864,8190438912,34907361238016,7025336320,34900335901696,8183136256,3136779025920,6602752,3136772423168,25004544,38044140263936,7031939072,38037108324864,8190438912,34907361238016,7025336320,34900335901696,8183136256,3136779025920,6602752,3136772423168,25004544,14953180,2433,14950747,2967,5324551,886,5323665,1138,9628629,1547,9627082,1837,9325502,153,9325349,253,3210189,97,3210092,156,6115313,56,6115257,117,38147737082880,224206848,38147512876032,1204202496,34939712369664,218226688,34939494142976,1199894528,3208024713216,5980160,3208018733056,17643520,-1,0,355,0,0,2,0,0,0,0,0,0,0,0,37714033504170,7021261960,37707012242210,8171929220,34578305281280,7014793216,34571290488064,8164757504,3135728222890,6468744,3135721754146,24868808,8602517504,8602517504,0,8602517504,8573157376,8573157376,0,8573157376,29360128,29360128,0,29360128,355,355,0,355,341,341,0,341,14,14,0,14,,,,,,,,,,,,,,,,,,,,,,,,,,,,,,,,,,,,
9.003021148036254e-07,149,,,,,,,,,,,,,,,,,,,,,,,,,,,,,,,,,,,,,,,,,,,,,,,,,,,,,,,,,,,,,,,,,,,,,,,,,,,,,,,,,,,,,,,,,,,,,,,,,,,,,,,,,,,,,,,,,,,,,,,,,,,,,,,,,,,,,,,,,,,,,,,,,,,,,,,,,,,,,,,,,,,,,,,,,,,,,,,,,,,,,,,,,,,,,,,,,,,,,,,,,,,,,,,,,,,,,,,,,,,,,,,,,,,,,,,,,,,,,,,,,,,,,,,,,,,,,,,,,,,,,,,,,,,,,,,,,,,,,,,,
,149,14953193,2429,14950764,2967,5324551,886,5323665,1138,9628642,1543,9627099,1837,38044140276736,7031932416,38037108344320,8190438912,34907361238016,7025336320,34900335901696,8183136256,3136779038720,6596096,3136772442624,25004544,38044140276736,7031932416,38037108344320,8190438912,34907361238016,7025336320,34900335901696,8183136256,3136779038720,6596096,3136772442624,25004544,14953193,2429,14950764,2967,5324551,886,5323665,1138,9628642,1543,9627099,1837,9325516,154,9325362,253,3210189,97,3210092,156,6115327,57,6115270,117,38147737102336,224213504,38147512888832,1204202496,34939712369664,218226688,34939494142976,1199894528,3208024732672,5986816,3208018745856,17643520,-1,0,355,0,0,2,0,0,0,0,0,0,0,0,37714033510838,7021256904,37707012253934,8171929220,34578305281280,7014793216,34571290488064,8164757504,3135728229558,6463688,3135721765870,24868808,8602517504,8602517504,0,8602517504,8573157376,8573157376,0,8573157376,29360128,29360128,0,29360128,355,355,0,355,341,341,0,341,14,14,0,14,,,,,,,,,,,,,,,,,,,,,,,,,,,,,,,,,,,,,,,,,,,,,,,,,,,,,,,,,,,,,,,,,,,,,,,,,,,,,,,,,,,,,,,,,,,,,,,,,,,,,,,,,,,,,,,,,,,,,,,,,,,,,,,,,,,,,,,,,,,,,,,,,,,,,,,,,,,,,,
,149,,,,,,,,,,,,,,,,,,,,,,,,,,,,,,,,,,,,,,,,,,,,,,,,,,,,,,,,,,,,,,,,,,,,,,,,,,,,,,,,,,,,,,,,,,,,,,,,,,,,,,,,,,,,,,,,,,,,,,,,,,,14965564,2433,14963131,2967,5328538,886,5327652,1138,9637026,1547,9635479,1837,38071320765952,7031934464,38064288831488,8190438912,34931717590016,7025336320,34924692253696,8183136256,3139603175936,6598144,3139596577792,25004544,38071320765952,7031934464,38064288831488,8190438912,34931717590016,7025336320,34924692253696,8183136256,3139603175936,6598144,3139596577792,25004544,14965564,2433,14963131,2967,5328538,886,5327652,1138,9637026,1547,9635479,1837,9333376,159,9333217,253,3212459,97,3212362,156,6120917,62,6120855,117,38177155299840,224211456,38176931088384,1204202496,34966285591552,218226688,34966067364864,1199894528,3210869708288,5984768,3210863723520,17643520,-1,0,355,0,0,2,0,0,0,0,0,0,0,0,37740798848558,7021256920,37733777591638,8171929220,34602247397376,7014793216,34595232604160,8164757504,3138551451182,6463704,3138544987478,24868808,8602517504,8602517504,0,8602517504,8573157376,8573157376,0,8573157376,29360128,29360128,0,29360128,355,355,0,355,341,341,0,341,14,14,0,14,,,,,,,,,,,,,,,,,,,,,,,,,,,,,,,,,,,,
9.003021148036254e-07,149,,,,,,,,,,,,,,,,,,,,,,,,,,,,,,,,,,,,,,,,,,,,,,,,,,,,,,,,,,,,,,,,,,,,,,,,,,,,,,,,,,,,,,,,,,,,,,,,,,,,,,,,,,,,,,,,,,,,,,,,,,,,,,,,,,,,,,,,,,,,,,,,,,,,,,,,,,,,,,,,,,,,,,,,,,,,,,,,,,,,,,,,,,,,,,,,,,,,,,,,,,,,,,,,,,,,,,,,,,,,,,,,,,,,,,,,,,,,,,,,,,,,,,,,,,,,,,,,,,,,,,,,,,,,,,,,,,,,,,,,
,149,14965577,2429,14963148,2967,5328538,886,5327652,1138,9637039,1543,9635496,1837,38071320777216,7031930880,38064288846336,8190438912,34931717590016,7025336320,34924692253696,8183136256,3139603187200,6594560,3139596592640,25004544,38071320777216,7031930880,38064288846336,8190438912,34931717590016,7025336320,34924692253696,8183136256,3139603187200,6594560,3139596592640,25004544,14965577,2429,14963148,2967,5328538,886,5327652,1138,9637039,1543,9635496,1837,9333388,157,9333231,253,3212459,97,3212362,156,6120929,60,6120869,117,38177155314688,224215040,38176931099648,1204202496,34966285591552,218226688,34966067364864,1199894528,3210869723136,5988352,3210863734784,17643520,-1,0,355,0,0,2,0,0,0,0,0,0,0,0,37740798853906,7021255584,37733777598322,8171929220,34602247397376,7014793216,34595232604160,8164757504,3138551456530,6462368,3138544994162,24868808,8602517504,8602517504,0,8602517504,8573157376,8573157376,0,8573157376,29360128,29360128,0,29360128,355,355,0,355,341,341,0,341,14,14,0,14,,,,,,,,,,,,,,,,,,,,,,,,,,,,,,,,,,,,,,,,,,,,,,,,,,,,,,,,,,,,,,,,,,,,,,,,,,,,,,,,,,,,,,,,,,,,,,,,,,,,,,,,,,,,,,,,,,,,,,,,,,,,,,,,,,,,,,,,,,,,,,,,,,,,,,,,,,,,,,
,149,,,,,,,,,,,,,,,,,,,,,,,,,,,,,,,,,,,,,,,,,,,,,,,,,,,,,,,,,,,,,,,,,,,,,,,,,,,,,,,,,,,,,,,,,,,,,,,,,,,,,,,,,,,,,,,,,,,,,,,,,,,14977899,2433,14975466,2967,5332616,886,5331730,1138,9645283,1547,9643736,1837,38099370850304,7031932928,38092338917376,8190438912,34956593347584,7025336320,34949568011264,8183136256,3142777502720,6596608,3142770906112,25004544,38099370850304,7031932928,38092338917376,8190438912,34956593347584,7025336320,34949568011264,8183136256,3142777502720,6596608,3142770906112,25004544,14977899,2433,14975466,2967,5332616,886,5331730,1138,9645283,1547,9643736,1837,9341171,154,9341017,253,3214874,97,3214777,156,6126297,57,6126240,117,38207634936320,224212992,38207410723328,1204202496,34993548973056,218226688,34993330746368,1199894528,3214085963264,5986304,3214079976960,17643520,-1,0,355,0,0,2,0,0,0,0,0,0,0,0,37768428898025,7021255660,37761407642365,8171929220,34626703815424,7014793216,34619689022208,8164757504,3141725082601,6462444,3141718620157,24868808,8602517504,8602517504,0,8602517504,8573157376,8573157376,0,8573157376,29360128,29360128,0,29360128,355,355,0,355,341,341,0,341,14,14,0,14,,,,,,,,,,,,,,,,,,,,,,,,,,,,,,,,,,,,
9.003021148036254e-07,149,,,,,,,,,,,,,,,,,,,,,,,,,,,,,,,,,,,,,,,,,,,,,,,,,,,,,,,,,,,,,,,,,,,,,,,,,,,,,,,,,,,,,,,,,,,,,,,,,,,,,,,,,,,,,,,,,,,,,,,,,,,,,,,,,,,,,,,,,,,,,,,,,,,,,,,,,,,,,,,,,,,,,,,,,,,,,,,,,,,,,,,,,,,,,,,,,,,,,,,,,,,,,,,,,,,,,,,,,,,,,,,,,,,,,,,,,,,,,,,,,,,,,,,,,,,,,,,,,,,,,,,,,,,,,,,,,,,,,,,,
,149,14977912,2429,14975483,2967,5332616,886,5331730,1138,9645296,1543,9643753,1837,38099370864640,7031933952,38092338930688,8190438912,34956593347584,7025336320,34949568011264,8183136256,3142777517056,6597632,3142770919424,25004544,38099370864640,7031933952,38092338930688,8190438912,34956593347584,7025336320,34949568011264,8183136256,3142777517056,6597632,3142770919424,25004544,14977912,2429,14975483,2967,5332616,886,5331730,1138,9645296,1543,9643753,1837,9341184,156,9341028,253,3214874,97,3214777,156,6126310,59,6126251,117,38207634949632,224211968,38207410737664,1204202496,34993548973056,218226688,34993330746368,1199894528,3214085976576,5985280,3214079991296,17643520,-1,0,355,0,0,2,0,0,0,0,0,0,0,0,37768428906277,7021258548,37761407647729,8171929220,34626703815424,7014793216,34619689022208,8164757504,3141725090853,6465332,3141718625521,24868808,8602517504,8602517504,0,8602517504,8573157376,8573157376,0,8573157376,29360128,29360128,0,29360128,355,355,0,355,341,341,0,341,14,14,0,14,,,,,,,,,,,,,,,,,,,,,,,,,,,,,,,,,,,,,,,,,,,,,,,,,,,,,,,,,,,,,,,,,,,,,,,,,,,,,,,,,,,,,,,,,,,,,,,,,,,,,,,,,,,,,,,,,,,,,,,,,,,,,,,,,,,,,,,,,,,,,,,,,,,,,,,,,,,,,,
,149,,,,,,,,,,,,,,,,,,,,,,,,,,,,,,,,,,,,,,,,,,,,,,,,,,,,,,,,,,,,,,,,,,,,,,,,,,,,,,,,,,,,,,,,,,,,,,,,,,,,,,,,,,,,,,,,,,,,,,,,,,,14990282,2433,14987849,2967,5337299,886,5336413,1138,9652983,1547,9651436,1837,38127902311936,7031936000,38120870375936,8190438912,34982507654144,7025336320,34975482317824,8183136256,3145394657792,6599680,3145388058112,25004544,38127902311936,7031936000,38120870375936,8190438912,34982507654144,7025336320,34975482317824,8183136256,3145394657792,6599680,3145388058112,25004544,14990282,2433,14987849,2967,5337299,886,5336413,1138,9652983,1547,9651436,1837,9349302,158,9349144,253,3217832,97,3217735,156,6131470,61,6131409,117,38238620668928,224209920,38238396459008,1204202496,35021904970752,218226688,35021686744064,1199894528,3216715698176,5983232,3216709714944,17643520,-1,0,355,0,0,2,0,0,0,0,0,0,0,0,37796316308279,7021258504,37789295049775,8171929220,34651975132672,7014793216,34644960339456,8164757504,3144341175607,6465288,3144334710319,24868808,8602517504,8602517504,0,8602517504,8573157376,8573157376,0,8573157376,29360128,29360128,0,29360128,355,355,0,355,341,341,0,341,14,14,0,14,,,,,,,,,,,,,,,,,,,,,,,,,,,,,,,,,,,,
9.003021148036254e-07,149,,,,,,,,,,,,,,,,,,,,,,,,,,,,,,,,,,,,,,,,,,,,,,,,,,,,,,,,,,,,,,,,,,,,,,,,,,,,,,,,,,,,,,,,,,,,,,,,,,,,,,,,,,,,,,,,,,,,,,,,,,,,,,,,,,,,,,,,,,,,,,,,,,,,,,,,,,,,,,,,,,,,,,,,,,,,,,,,,,,,,,,,,,,,,,,,,,,,,,,,,,,,,,,,,,,,,,,,,,,,,,,,,,,,,,,,,,,,,,,,,,,,,,,,,,,,,,,,,,,,,,,,,,,,,,,,,,,,,,,,
,149,14990295,2429,14987866,2967,5337299,886,5336413,1138,9652996,1543,9651453,1837,38127902323200,7031930880,38120870392320,8190438912,34982507654144,7025336320,34975482317824,8183136256,3145394669056,6594560,3145388074496,25004544,38127902323200,7031930880,38120870392320,8190438912,34982507654144,7025336320,34975482317824,8183136256,3145394669056,6594560,3145388074496,25004544,14990295,2429,14987866,2967,5337299,886,5336413,1138,9652996,1543,9651453,1837,9349313,156,9349157,253,3217832,97,3217735,156,6131481,59,6131422,117,38238620685312,224215040,38238396470272,1204202496,35021904970752,218226688,35021686744064,1199894528,3216715714560,5988352,3216709726208,17643520,-1,0,355,0,0,2,0,0,0,0,0,0,0,0,37796316314035,7021255992,37789295058043,8171929220,34651975132672,7014793216,34644960339456,8164757504,3144341181363,6462776,3144334718587,24868808,8602517504,8602517504,0,8602517504,8573157376,8573157376,0,8573157376,29360128,29360128,0,29360128,355,355,0,355,341,341,0,341,14,14,0,14,,,,,,,,,,,,,,,,,,,,,,,,,,,,,,,,,,,,,,,,,,,,,,,,,,,,,,,,,,,,,,,,,,,,,,,,,,,,,,,,,,,,,,,,,,,,,,,,,,,,,,,,,,,,,,,,,,,,,,,,,,,,,,,,,,,,,,,,,,,,,,,,,,,,,,,,,,,,,,
,149,,,,,,,,,,,,,,,,,,,,,,,,,,,,,,,,,,,,,,,,,,,,,,,,,,,,,,,,,,,,,,,,,,,,,,,,,,,,,,,,,,,,,,,,,,,,,,,,,,,,,,,,,,,,,,,,,,,,,,,,,,,15002666,2433,15000233,2967,5341377,886,5340491,1138,9661289,1547,9659742,1837,38155444805120,7031932928,38148412872192,8190438912,35007150021632,7025336320,35000124685312,8183136256,3148294783488,6596608,3148288186880,25004544,38155444805120,7031932928,38148412872192,8190438912,35007150021632,7025336320,35000124685312,8183136256,3148294783488,6596608,3148288186880,25004544,15002666,2433,15000233,2967,5341377,886,5340491,1138,9661289,1547,9659742,1837,9357057,155,9356902,253,3220253,97,3220156,156,6136804,58,6136746,117,38268473669632,224212992,38268249456640,1204202496,35048762291200,218226688,35048544064512,1199894528,3219711378432,5986304,3219705392128,17643520,-1,0,355,0,0,2,0,0,0,0,0,0,0,0,37823386496697,7021256008,37816365240689,8171929220,34676146075904,7014793216,34669131282688,8164757504,3147240420793,6462792,3147233958001,24868808,8602517504,8602517504,0,8602517504,8573157376,8573157376,0,8573157376,29360128,29360128,0,29360128,355,355,0,355,341,341,0,341,14,14,0,14,,,,,,,,,,,,,,,,,,,,,,,,,,,,,,,,,,,,
9.003021148036254e-07,149,,,,,,,,,,,,,,,,,,,,,,,,,,,,,,,,,,,,,,,,,,,,,,,,,,,,,,,,,,,,,,,,,,,,,,,,,,,,,,,,,,,,,,,,,,,,,,,,,,,,,,,,,,,,,,,,,,,,,,,,,,,,,,,,,,,,,,,,,,,,,,,,,,,,,,,,,,,,,,,,,,,,,,,,,,,,,,,,,,,,,,,,,,,,,,,,,,,,,,,,,,,,,,,,,,,,,,,,,,,,,,,,,,,,,,,,,,,,,,,,,,,,,,,,,,,,,,,,,,,,,,,,,,,,,,,,,,,,,,,,
,149,15002679,2429,15000250,2967,5341377,886,5340491,1138,9661302,1543,9659759,1837,38155444824064,7031938560,38148412885504,8190438912,35007150021632,7025336320,35000124685312,8183136256,3148294802432,6602240,3148288200192,25004544,38155444824064,7031938560,38148412885504,8190438912,35007150021632,7025336320,35000124685312,8183136256,3148294802432,6602240,3148288200192,25004544,15002679,2429,15000250,2967,5341377,886,5340491,1138,9661302,1543,9659759,1837,9357070,157,9356913,253,3220253,97,3220156,156,6136817,60,6136757,117,38268473682944,224207360,38268249475584,1204202496,35048762291200,218226688,35048544064512,1199894528,3219711391744,5980672,3219705411072,17643520,-1,0,355,0,0,2,0,0,0,0,0,0,0,0,37823386510205,7021263744,37816365246461,8171929220,34676146075904,7014793216,34669131282688,8164757504,3147240434301,6470528,3147233963773,24868808,8602517504,8602517504,0,8602517504,8573157376,8573157376,0,8573157376,29360128,29360128,0,29360128,355,355,0,355,341,341,0,341,14,14,0,14,,,,,,,,,,,,,,,,,,,,,,,,,,,,,,,,,,,,,,,,,,,,,,,,,,,,,,,,,,,,,,,,,,,,,,,,,,,,,,,,,,,,,,,,,,,,,,,,,,,,,,,,,,,,,,,,,,,,,,,,,,,,,,,,,,,,,,,,,,,,,,,,,,,,,,,,,,,,,,
,149,,,,,,,,,,,,,,,,,,,,,,,,,,,,,,,,,,,,,,,,,,,,,,,,,,,,,,,,,,,,,,,,,,,,,,,,,,,,,,,,,,,,,,,,,,,,,,,,,,,,,,,,,,,,,,,,,,,,,,,,,,,15016151,2433,15013718,2967,5348489,886,5347603,1138,9667662,1547,9666115,1837,38211798377472,7031940608,38204766436864,8190438912,35062752603136,7025336320,35055727266816,8183136256,3149045774336,6604288,3149039170048,25004544,38211798377472,7031940608,38204766436864,8190438912,35062752603136,7025336320,35055727266816,8183136256,3149045774336,6604288,3149039170048,25004544,15016151,2433,15013718,2967,5348489,886,5347603,1138,9667662,1547,9666115,1837,9365728,156,9365572,253,3225221,97,3225124,156,6140507,59,6140448,117,38320021118976,224205312,38319796913664,1204202496,35099558757376,218226688,35099340530688,1199894528,3220462361600,5978624,3220456382976,17643520,-1,0,355,0,0,2,0,0,0,0,0,0,0,0,37879109081497,7021263760,37872087817737,8171929220,34731118660608,7014793216,34724103867392,8164757504,3147990420889,6470544,3147983950345,24868808,8602517504,8602517504,0,8602517504,8573157376,8573157376,0,8573157376,29360128,29360128,0,29360128,355,355,0,355,341,341,0,341,14,14,0,14,,,,,,,,,,,,,,,,,,,,,,,,,,,,,,,,,,,,
,149,,,,,,,,,,,,,,,,,,,,,,,,,,,,,,,,,,,,,,,,,,,,,,,,,,,,,,,,,,,,,,,,,,,,,,,,,,,,,,,,,,,,,,,,,,,,,,,,,,,,,,,,,,,,,,,,,,,,,,,,,,,,,,,,,,,,,,,,,,,,,,,,,,,,,,,,,,,,,,,,,,,,,,,,,,,,,,,,,,,,,,,,,,,,,,,,,,,,,,,,,,,,,,,,,,,,,,,,,,,,,,,,,,,,,,,,,,,,,,,,,,,,,0.0004832744598388672,0.0003029442159458995,0.005027437582612038,0,,,,,,,,,,,,,,,,,,,,,,,,,,,,,,,,
1.202416918429003e-06,199,,,,,,,,,,,,,,,,,,,,,,,,,,,,,,,,,,,,,,,,,,,,,,,,,,,,,,,,,,,,,,,,,,,,,,,,,,,,,,,,,,,,,,,,,,,,,,,,,,,,,,,,,,,,,,,,,,,,,,,,,,,,,,,,,,,,,,,,,,,,,,,,,,,,,,,,,,,,,,,,,,,,,,,,,,,,,,,,,,,,,,,,,,,,,,,,,,,,,,,,,,,,,,,,,,,,,,,,,,,,,,,,,,,,,,,,,,,,,,,,,,,,,,,,,,,,,,,,,,,,,,,,,,,,,,,,,,,,,,,,
,199,19915350,2429,19912921,2967,7072041,886,7071155,1138,12843309,1543,12841766,1837,50464865583104,7028575232,50457837007872,8190438912,46272331565056,7021977600,46265309587456,8183136256,4192534018048,6597632,4192527420416,25004544,50464865583104,7028575232,50457837007872,8190438912,46272331565056,7021977600,46265309587456,8183136256,4192534018048,6597632,4192527420416,25004544,19915350,2429,19912921,2967,7072041,886,7071155,1138,12843309,1543,12841766,1837,12456297,149,12456148,254,4256920,104,4256816,156,8199377,45,8199332,117,50588428081664,279999488,50588148082176,1204202496,46296087162880,276111360,46295811051520,1199894528,4292340918784,3888128,4292337030656,17643520,-1,0,356,0,0,2,0,0,0,0,0,0,0,0,50021495354564,7021259364,50014474095200,8171929220,45830359608320,7014793216,45823344815104,8164757504,4191135746244,6466148,4191129280096,24868808,8604614656,8604614656,0,8604614656,8573157376,8573157376,0,8573157376,31457280,31457280,0,31457280,356,356,0,356,341,341,0,341,15,15,0,15,,,,,,,,,,,,,,,,,,,,,,,,,,,,,,,,,,,,,,,,,,,,,,,,,,,,,,,,,,,,,,,,,,,,,,,,,,,,,,,,,,,,,,,,,,,,,,,,,,,,,,,,,,,,,,,,,,,,,,,,,,,,,,,,,,,,,,,,,,,,,,,,,,,,,,,,,,,,,,
,199,,,,,,,,,,,,,,,,,,,,,,,,,,,,,,,,,,,,,,,,,,,,,,,,,,,,,,,,,,,,,,,,,,,,,,,,,,,,,,,,,,,,,,,,,,,,,,,,,,,,,,,,,,,,,,,,,,,,,,,,,,,19927672,2433,19925239,2967,7076028,886,7075142,1138,12851644,1547,12850097,1837,50492002422272,7032566784,50484969855488,8190438912,46296534648832,7025967104,46289508681728,8183136256,4195467773440,6599680,4195461173760,25004544,50492002422272,7032566784,50484969855488,8190438912,46296534648832,7025967104,46289508681728,8183136256,4195467773440,6599680,4195461173760,25004544,19927672,2433,19925239,2967,7076028,886,7075142,1138,12851644,1547,12850097,1837,12464286,133,12464153,254,4259199,100,4259099,156,8205087,33,8205054,117,50615181533184,257133568,50614924399616,1204202496,46319818780672,253247488,46319565533184,1199894528,4295362752512,3886080,4295358866432,17643520,-1,0,356,0,0,2,0,0,0,0,0,0,0,0,50048441186823,7021259380,50041419927443,8171929220,45854372523776,7014793216,45847357730560,8164757504,4194068663047,6466164,4194062196883,24868808,8604614656,8604614656,0,8604614656,8573157376,8573157376,0,8573157376,31457280,31457280,0,31457280,356,356,0,356,341,341,0,341,15,15,0,15,,,,,,,,,,,,,,,,,,,,,,,,,,,,,,,,,,,,
1.202416918429003e-06,199,,,,,,,,,,,,,,,,,,,,,,,,,,,,,,,,,,,,,,,,,,,,,,,,,,,,,,,,,,,,,,,,,,,,,,,,,,,,,,,,,,,,,,,,,,,,,,,,,,,,,,,,,,,,,,,,,,,,,,,,,,,,,,,,,,,,,,,,,,,,,,,,,,,,,,,,,,,,,,,,,,,,,,,,,,,,,,,,,,,,,,,,,,,,,,,,,,,,,,,,,,,,,,,,,,,,,,,,,,,,,,,,,,,,,,,,,,,,,,,,,,,,,,,,,,,,,,,,,,,,,,,,,,,,,,,,,,,,,,,,
,199,19927685,2429,19925256,2967,7076028,886,7075142,1138,12851657,1543,12850114,1837,50492002439680,7032567808,50484969871872,8190438912,46296534648832,7025967104,46289508681728,8183136256,4195467790848,6600704,4195461190144,25004544,50492002439680,7032567808,50484969871872,8190438912,46296534648832,7025967104,46289508681728,8183136256,4195467790848,6600704,4195461190144,25004544,19927685,2429,19925256,2967,7076028,886,7075142,1138,12851657,1543,12850114,1837,12464296,129,12464167,254,4259199,100,4259099,156,8205097,29,8205068,117,50615181549568,257132544,50614924417024,1204202496,46319818780672,253247488,46319565533184,1199894528,4295362768896,3885056,4295358883840,17643520,-1,0,356,0,0,2,0,0,0,0,0,0,0,0,50048441198867,7021262340,50041419936527,8171929220,45854372523776,7014793216,45847357730560,8164757504,4194068675091,6469124,4194062205967,24868808,8604614656,8604614656,0,8604614656,8573157376,8573157376,0,8573157376,31457280,31457280,0,31457280,356,356,0,356,341,341,0,341,15,15,0,15,,,,,,,,,,,,,,,,,,,,,,,,,,,,,,,,,,,,,,,,,,,,,,,,,,,,,,,,,,,,,,,,,,,,,,,,,,,,,,,,,,,,,,,,,,,,,,,,,,,,,,,,,,,,,,,,,,,,,,,,,,,,,,,,,,,,,,,,,,,,,,,,,,,,,,,,,,,,,,
,199,,,,,,,,,,,,,,,,,,,,,,,,,,,,,,,,,,,,,,,,,,,,,,,,,,,,,,,,,,,,,,,,,,,,,,,,,,,,,,,,,,,,,,,,,,,,,,,,,,,,,,,,,,,,,,,,,,,,,,,,,,,19940056,2433,19937623,2967,7080015,886,7079129,1138,12860041,1547,12858494,1837,50518840577536,7032569856,50511808007680,8190438912,46320563959808,7025967104,46313537992704,8183136256,4198276617728,6602752,4198270014976,25004544,50518840577536,7032569856,50511808007680,8190438912,46320563959808,7025967104,46313537992704,8183136256,4198276617728,6602752,4198270014976,25004544,19940056,2433,19937623,2967,7080015,886,7079129,1138,12860041,1547,12858494,1837,12472014,137,12471877,254,4261212,100,4261112,156,8210802,37,8210765,117,50643282736128,257130496,50643025605632,1204202496,46345048227840,253247488,46344794980352,1199894528,4298234508288,3883008,4298230625280,17643520,-1,0,356,0,0,2,0,0,0,0,0,0,0,0,50075185936033,7021262296,50068164673737,8171929220,45878309356032,7014793216,45871294562816,8164757504,4196876580001,6469080,4196870110921,24868808,8604614656,8604614656,0,8604614656,8573157376,8573157376,0,8573157376,31457280,31457280,0,31457280,356,356,0,356,341,341,0,341,15,15,0,15,,,,,,,,,,,,,,,,,,,,,,,,,,,,,,,,,,,,
1.202416918429003e-06,199,,,,,,,,,,,,,,,,,,,,,,,,,,,,,,,,,,,,,,,,,,,,,,,,,,,,,,,,,,,,,,,,,,,,,,,,,,,,,,,,,,,,,,,,,,,,,,,,,,,,,,,,,,,,,,,,,,,,,,,,,,,,,,,,,,,,,,,,,,,,,,,,,,,,,,,,,,,,,,,,,,,,,,,,,,,,,,,,,,,,,,,,,,,,,,,,,,,,,,,,,,,,,,,,,,,,,,,,,,,,,,,,,,,,,,,,,,,,,,,,,,,,,,,,,,,,,,,,,,,,,,,,,,,,,,,,,,,,,,,,
,199,19940069,2429,19937640,2967,7080015,886,7079129,1138,12860054,1543,12858511,1837,50518840588800,7032561664,50511808027136,8190438912,46320563959808,7025967104,46313537992704,8183136256,4198276628992,6594560,4198270034432,25004544,50518840588800,7032561664,50511808027136,8190438912,46320563959808,7025967104,46313537992704,8183136256,4198276628992,6594560,4198270034432,25004544,19940069,2429,19937640,2967,7080015,886,7079129,1138,12860054,1543,12858511,1837,12472027,135,12471892,254,4261212,100,4261112,156,8210815,35,8210780,117,50643282755584,257138688,50643025616896,1204202496,46345048227840,253247488,46344794980352,1199894528,4298234527744,3891200,4298230636544,17643520,-1,0,356,0,0,2,0,0,0,0,0,0,0,0,50075185941885,7021256088,50068164685797,8171929220,45878309356032,7014793216,45871294562816,8164757504,4196876585853,6462872,4196870122981,24868808,8604614656,8604614656,0,8604614656,8573157376,8573157376,0,8573157376,31457280,31457280,0,31457280,356,356,0,356,341,341,0,341,15,15,0,15,,,,,,,,,,,,,,,,,,,,,,,,,,,,,,,,,,,,,,,,,,,,,,,,,,,,,,,,,,,,,,,,,,,,,,,,,,,,,,,,,,,,,,,,,,,,,,,,,,,,,,,,,,,,,,,,,,,,,,,,,,,,,,,,,,,,,,,,,,,,,,,,,,,,,,,,,,,,,,
,199,,,,,,,,,,,,,,,,,,,,,,,,,,,,,,,,,,,,,,,,,,,,,,,,,,,,,,,,,,,,,,,,,,,,,,,,,,,,,,,,,,,,,,,,,,,,,,,,,,,,,,,,,,,,,,,,,,,,,,,,,,,19952440,2433,19950007,2967,7083997,886,7083111,1138,12868443,1547,12866896,1837,50545630506496,7032563712,50538597942784,8190438912,46344571856896,7025967104,46337545889792,8183136256,4201058649600,6596608,4201052052992,25004544,50545630506496,7032563712,50538597942784,8190438912,46344571856896,7025967104,46337545889792,8183136256,4201058649600,6596608,4201052052992,25004544,19952440,2433,19950007,2967,7083997,886,7083111,1138,12868443,1547,12866896,1837,12479520,133,12479387,254,4263212,100,4263112,156,8216308,33,8216275,117,50671342496768,257136640,50671085360128,1204202496,46370259734528,253247488,46370006487040,1199894528,4301082762240,3889152,4301078873088,17643520,-1,0,356,0,0,2,0,0,0,0,0,0,0,0,50101874120492,7021256104,50094852864388,8171929220,45902216451328,7014793216,45895201658112,8164757504,4199657669164,6462888,4199651206276,24868808,8604614656,8604614656,0,8604614656,8573157376,8573157376,0,8573157376,31457280,31457280,0,31457280,356,356,0,356,341,341,0,341,15,15,0,15,,,,,,,,,,,,,,,,,,,,,,,,,,,,,,,,,,,,
1.202416918429003e-06,199,,,,,,,,,,,,,,,,,,,,,,,,,,,,,,,,,,,,,,,,,,,,,,,,,,,,,,,,,,,,,,,,,,,,,,,,,,,,,,,,,,,,,,,,,,,,,,,,,,,,,,,,,,,,,,,,,,,,,,,,,,,,,,,,,,,,,,,,,,,,,,,,,,,,,,,,,,,,,,,,,,,,,,,,,,,,,,,,,,,,,,,,,,,,,,,,,,,,,,,,,,,,,,,,,,,,,,,,,,,,,,,,,,,,,,,,,,,,,,,,,,,,,,,,,,,,,,,,,,,,,,,,,,,,,,,,,,,,,,,,
,199,19952453,2429,19950024,2967,7083997,886,7083111,1138,12868456,1543,12866913,1837,50545630522368,7032566272,50538597956096,8190438912,46344571856896,7025967104,46337545889792,8183136256,4201058665472,6599168,4201052066304,25004544,50545630522368,7032566272,50538597956096,8190438912,46344571856896,7025967104,46337545889792,8183136256,4201058665472,6599168,4201052066304,25004544,19952453,2429,19950024,2967,7083997,886,7083111,1138,12868456,1543,12866913,1837,12479534,135,12479399,254,4263212,100,4263112,156,8216322,35,8216287,117,50671342510080,257134080,50671085376000,1204202496,46370259734528,253247488,46370006487040,1199894528,4301082775552,3886592,4301078888960,17643520,-1,0,356,0,0,2,0,0,0,0,0,0,0,0,50101874130184,7021259928,50094852870256,8171929220,45902216451328,7014793216,45895201658112,8164757504,4199657678856,6466712,4199651212144,24868808,8604614656,8604614656,0,8604614656,8573157376,8573157376,0,8573157376,31457280,31457280,0,31457280,356,356,0,356,341,341,0,341,15,15,0,15,,,,,,,,,,,,,,,,,,,,,,,,,,,,,,,,,,,,,,,,,,,,,,,,,,,,,,,,,,,,,,,,,,,,,,,,,,,,,,,,,,,,,,,,,,,,,,,,,,,,,,,,,,,,,,,,,,,,,,,,,,,,,,,,,,,,,,,,,,,,,,,,,,,,,,,,,,,,,,
,199,,,,,,,,,,,,,,,,,,,,,,,,,,,,,,,,,,,,,,,,,,,,,,,,,,,,,,,,,,,,,,,,,,,,,,,,,,,,,,,,,,,,,,,,,,,,,,,,,,,,,,,,,,,,,,,,,,,,,,,,,,,19964824,2433,19962391,2967,7087984,886,7087098,1138,12876840,1547,12875293,1837,50572287181312,7032568320,50565254612992,8190438912,46368529418240,7025967104,46361503451136,8183136256,4203757763072,6601216,4203751161856,25004544,50572287181312,7032568320,50565254612992,8190438912,46368529418240,7025967104,46361503451136,8183136256,4203757763072,6601216,4203751161856,25004544,19964824,2433,19962391,2967,7087984,886,7087098,1138,12876840,1547,12875293,1837,12487045,141,12486904,254,4265205,100,4265105,156,8221840,41,8221799,117,50699267878400,257132032,50699010746368,1204202496,46395429588992,253247488,46395176341504,1199894528,4303838289408,3884544,4303834404864,17643520,-1,0,356,0,0,2,0,0,0,0,0,0,0,0,50128438367245,7021259944,50121417107301,8171929220,45926082566144,7014793216,45919067772928,8164757504,4202355801101,6466728,4202349334373,24868808,8604614656,8604614656,0,8604614656,8573157376,8573157376,0,8573157376,31457280,31457280,0,31457280,356,356,0,356,341,341,0,341,15,15,0,15,,,,,,,,,,,,,,,,,,,,,,,,,,,,,,,,,,,,
1.202416918429003e-06,199,,,,,,,,,,,,,,,,,,,,,,,,,,,,,,,,,,,,,,,,,,,,,,,,,,,,,,,,,,,,,,,,,,,,,,,,,,,,,,,,,,,,,,,,,,,,,,,,,,,,,,,,,,,,,,,,,,,,,,,,,,,,,,,,,,,,,,,,,,,,,,,,,,,,,,,,,,,,,,,,,,,,,,,,,,,,,,,,,,,,,,,,,,,,,,,,,,,,,,,,,,,,,,,,,,,,,,,,,,,,,,,,,,,,,,,,,,,,,,,,,,,,,,,,,,,,,,,,,,,,,,,,,,,,,,,,,,,,,,,,
,199,19964837,2429,19962408,2967,7087984,886,7087098,1138,12876853,1543,12875310,1837,50572287198720,7032567808,50565254630912,8190438912,46368529418240,7025967104,46361503451136,8183136256,4203757780480,6600704,4203751179776,25004544,50572287198720,7032567808,50565254630912,8190438912,46368529418240,7025967104,46361503451136,8183136256,4203757780480,6600704,4203751179776,25004544,19964837,2429,19962408,2967,7087984,886,7087098,1138,12876853,1543,12875310,1837,12487055,136,12486919,254,4265205,100,4265105,156,8221850,36,8221814,117,50699267896320,257132544,50699010763776,1204202496,46395429588992,253247488,46395176341504,1199894528,4303838307328,3885056,4303834422272,17643520,-1,0,356,0,0,2,0,0,0,0,0,0,0,0,50128438379721,7021262712,50121417117009,8171929220,45926082566144,7014793216,45919067772928,8164757504,4202355813577,6469496,4202349344081,24868808,8604614656,8604614656,0,8604614656,8573157376,8573157376,0,8573157376,31457280,31457280,0,31457280,356,356,0,356,341,341,0,341,15,15,0,15,,,,,,,,,,,,,,,,,,,,,,,,,,,,,,,,,,,,,,,,,,,,,,,,,,,,,,,,,,,,,,,,,,,,,,,,,,,,,,,,,,,,,,,,,,,,,,,,,,,,,,,,,,,,,,,,,,,,,,,,,,,,,,,,,,,,,,,,,,,,,,,,,,,,,,,,,,,,,,
,199,,,,,,,,,,,,,,,,,,,,,,,,,,,,,,,,,,,,,,,,,,,,,,,,,,,,,,,,,,,,,,,,,,,,,,,,,,,,,,,,,,,,,,,,,,,,,,,,,,,,,,,,,,,,,,,,,,,,,,,,,,,19977159,2433,19974726,2967,7092067,886,7091181,1138,12885092,1547,12883545,1837,50599764029440,7032569856,50592731459584,8190438912,46392973162496,7025967104,46385947195392,8183136256,4206790866944,6602752,4206784264192,25004544,50599764029440,7032569856,50592731459584,8190438912,46392973162496,7025967104,46385947195392,8183136256,4206790866944,6602752,4206784264192,25004544,19977159,2433,19974726,2967,7092067,886,7091181,1138,12885092,1547,12883545,1837,12494742,138,12494604,254,4267371,100,4267271,156,8227371,38,8227333,117,50727962195456,257130496,50727705064960,1204202496,46421017567232,253247488,46420764319744,1199894528,4306944628224,3883008,4306940745216,17643520,-1,0,356,0,0,2,0,0,0,0,0,0,0,0,50155794781693,7021262788,50148773518905,8171929220,45950406650624,7014793216,45943391857408,8164757504,4205388131069,6469572,4205381661497,24868808,8604614656,8604614656,0,8604614656,8573157376,8573157376,0,8573157376,31457280,31457280,0,31457280,356,356,0,356,341,341,0,341,15,15,0,15,,,,,,,,,,,,,,,,,,,,,,,,,,,,,,,,,,,,
1.202416918429003e-06,199,,,,,,,,,,,,,,,,,,,,,,,,,,,,,,,,,,,,,,,,,,,,,,,,,,,,,,,,,,,,,,,,,,,,,,,,,,,,,,,,,,,,,,,,,,,,,,,,,,,,,,,,,,,,,,,,,,,,,,,,,,,,,,,,,,,,,,,,,,,,,,,,,,,,,,,,,,,,,,,,,,,,,,,,,,,,,,,,,,,,,,,,,,,,,,,,,,,,,,,,,,,,,,,,,,,,,,,,,,,,,,,,,,,,,,,,,,,,,,,,,,,,,,,,,,,,,,,,,,,,,,,,,,,,,,,,,,,,,,,,
,199,19977172,2429,19974743,2967,7092067,886,7091181,1138,12885105,1543,12883562,1837,50599764045312,7032566272,50592731479040,8190438912,46392973162496,7025967104,46385947195392,8183136256,4206790882816,6599168,4206784283648,25004544,50599764045312,7032566272,50592731479040,8190438912,46392973162496,7025967104,46385947195392,8183136256,4206790882816,6599168,4206784283648,25004544,19977172,2429,19974743,2967,7092067,886,7091181,1138,12885105,1543,12883562,1837,12494754,137,12494617,254,4267371,100,4267271,156,8227383,37,8227346,117,50727962214912,257134080,50727705080832,1204202496,46421017567232,253247488,46420764319744,1199894528,4306944647680,3886592,4306940761088,17643520,-1,0,356,0,0,2,0,0,0,0,0,0,0,0,50155794791817,7021260420,50148773531397,8171929220,45950406650624,7014793216,45943391857408,8164757504,4205388141193,6467204,4205381673989,24868808,8604614656,8604614656,0,8604614656,8573157376,8573157376,0,8573157376,31457280,31457280,0,31457280,356,356,0,356,341,341,0,341,15,15,0,15,,,,,,,,,,,,,,,,,,,,,,,,,,,,,,,,,,,,,,,,,,,,,,,,,,,,,,,,,,,,,,,,,,,,,,,,,,,,,,,,,,,,,,,,,,,,,,,,,,,,,,,,,,,,,,,,,,,,,,,,,,,,,,,,,,,,,,,,,,,,,,,,,,,,,,,,,,,,,,
,199,,,,,,,,,,,,,,,,,,,,,,,,,,,,,,,,,,,,,,,,,,,,,,,,,,,,,,,,,,,,,,,,,,,,,,,,,,,,,,,,,,,,,,,,,,,,,,,,,,,,,,,,,,,,,,,,,,,,,,,,,,,19989543,2433,19987110,2967,7096150,886,7095264,1138,12893393,1547,12891846,1837,50627213831168,7032568320,50620181262848,8190438912,46417402206208,7025967104,46410376239104,8183136256,4209811624960,6601216,4209805023744,25004544,50627213831168,7032568320,50620181262848,8190438912,46417402206208,7025967104,46410376239104,8183136256,4209811624960,6601216,4209805023744,25004544,19989543,2433,19987110,2967,7096150,886,7095264,1138,12893393,1547,12891846,1837,12502241,139,12502102,254,4269537,100,4269437,156,8232704,39,8232665,117,50756711258112,257132032,50756454126080,1204202496,46446595268608,253247488,46446342021120,1199894528,4310115989504,3884544,4310112104960,17643520,-1,0,356,0,0,2,0,0,0,0,0,0,0,0,50183123732622,7021260376,50176102472246,8171929220,45974715649536,7014793216,45967700856320,8164757504,4208408083086,6467160,4208401615926,24868808,8604614656,8604614656,0,8604614656,8573157376,8573157376,0,8573157376,31457280,31457280,0,31457280,356,356,0,356,341,341,0,341,15,15,0,15,,,,,,,,,,,,,,,,,,,,,,,,,,,,,,,,,,,,
1.202416918429003e-06,199,,,,,,,,,,,,,,,,,,,,,,,,,,,,,,,,,,,,,,,,,,,,,,,,,,,,,,,,,,,,,,,,,,,,,,,,,,,,,,,,,,,,,,,,,,,,,,,,,,,,,,,,,,,,,,,,,,,,,,,,,,,,,,,,,,,,,,,,,,,,,,,,,,,,,,,,,,,,,,,,,,,,,,,,,,,,,,,,,,,,,,,,,,,,,,,,,,,,,,,,,,,,,,,,,,,,,,,,,,,,,,,,,,,,,,,,,,,,,,,,,,,,,,,,,,,,,,,,,,,,,,,,,,,,,,,,,,,,,,,,
,199,19989556,2429,19987127,2967,7096150,886,7095264,1138,12893406,1543,12891863,1837,50627213843968,7032563200,50620181280768,8190438912,46417402206208,7025967104,46410376239104,8183136256,4209811637760,6596096,4209805041664,25004544,50627213843968,7032563200,50620181280768,8190438912,46417402206208,7025967104,46410376239104,8183136256,4209811637760,6596096,4209805041664,25004544,19989556,2429,19987127,2967,7096150,886,7095264,1138,12893406,1543,12891863,1837,12502253,135,12502118,254,4269537,100,4269437,156,8232716,35,8232681,117,50756711276032,257137152,50756454138880,1204202496,46446595268608,253247488,46446342021120,1199894528,4310116007424,3889664,4310112117760,17643520,-1,0,356,0,0,2,0,0,0,0,0,0,0,0,50183123739242,7021256856,50176102482386,8171929220,45974715649536,7014793216,45967700856320,8164757504,4208408089706,6463640,4208401626066,24868808,8604614656,8604614656,0,8604614656,8573157376,8573157376,0,8573157376,31457280,31457280,0,31457280,356,356,0,356,341,341,0,341,15,15,0,15,,,,,,,,,,,,,,,,,,,,,,,,,,,,,,,,,,,,,,,,,,,,,,,,,,,,,,,,,,,,,,,,,,,,,,,,,,,,,,,,,,,,,,,,,,,,,,,,,,,,,,,,,,,,,,,,,,,,,,,,,,,,,,,,,,,,,,,,,,,,,,,,,,,,,,,,,,,,,,
,199,,,,,,,,,,,,,,,,,,,,,,,,,,,,,,,,,,,,,,,,,,,,,,,,,,,,,,,,,,,,,,,,,,,,,,,,,,,,,,,,,,,,,,,,,,,,,,,,,,,,,,,,,,,,,,,,,,,,,,,,,,,20001927,2433,19999494,2967,7100233,886,7099347,1138,12901694,1547,12900147,1837,50654427021312,7032565248,50647394456064,8190438912,46441732425728,7025967104,46434706458624,8183136256,4212694595584,6598144,4212687997440,25004544,50654427021312,7032565248,50647394456064,8190438912,46441732425728,7025967104,46434706458624,8183136256,4212694595584,6598144,4212687997440,25004544,20001927,2433,19999494,2967,7100233,886,7099347,1138,12901694,1547,12900147,1837,12509879,138,12509741,254,4271719,100,4271619,156,8238160,38,8238122,117,50785191041024,257135104,50784933905920,1204202496,46472092987392,253247488,46471839739904,1199894528,4313098053632,3887616,4313094166016,17643520,-1,0,356,0,0,2,0,0,0,0,0,0,0,0,50210169228616,7021256872,50203147971744,8171929220,45998879064320,7014793216,45991864271104,8164757504,4211290164296,6463656,4211283700640,24868808,8604614656,8604614656,0,8604614656,8573157376,8573157376,0,8573157376,31457280,31457280,0,31457280,356,356,0,356,341,341,0,341,15,15,0,15,,,,,,,,,,,,,,,,,,,,,,,,,,,,,,,,,,,,
1.202416918429003e-06,199,,,,,,,,,,,,,,,,,,,,,,,,,,,,,,,,,,,,,,,,,,,,,,,,,,,,,,,,,,,,,,,,,,,,,,,,,,,,,,,,,,,,,,,,,,,,,,,,,,,,,,,,,,,,,,,,,,,,,,,,,,,,,,,,,,,,,,,,,,,,,,,,,,,,,,,,,,,,,,,,,,,,,,,,,,,,,,,,,,,,,,,,,,,,,,,,,,,,,,,,,,,,,,,,,,,,,,,,,,,,,,,,,,,,,,,,,,,,,,,,,,,,,,,,,,,,,,,,,,,,,,,,,,,,,,,,,,,,,,,,
,199,20001940,2429,19999511,2967,7100233,886,7099347,1138,12901707,1543,12900164,1837,50654427032576,7032561664,50647394470912,8190438912,46441732425728,7025967104,46434706458624,8183136256,4212694606848,6594560,4212688012288,25004544,50654427032576,7032561664,50647394470912,8190438912,46441732425728,7025967104,46434706458624,8183136256,4212694606848,6594560,4212688012288,25004544,20001940,2429,19999511,2967,7100233,886,7099347,1138,12901707,1543,12900164,1837,12509890,133,12509757,254,4271719,100,4271619,156,8238171,33,8238138,117,50785191055872,257138688,50784933917184,1204202496,46472092987392,253247488,46471839739904,1199894528,4313098068480,3891200,4313094177280,17643520,-1,0,356,0,0,2,0,0,0,0,0,0,0,0,50210169234108,7021255728,50203147978380,8171929220,45998879064320,7014793216,45991864271104,8164757504,4211290169788,6462512,4211283707276,24868808,8604614656,8604614656,0,8604614656,8573157376,8573157376,0,8573157376,31457280,31457280,0,31457280,356,356,0,356,341,341,0,341,15,15,0,15,,,,,,,,,,,,,,,,,,,,,,,,,,,,,,,,,,,,,,,,,,,,,,,,,,,,,,,,,,,,,,,,,,,,,,,,,,,,,,,,,,,,,,,,,,,,,,,,,,,,,,,,,,,,,,,,,,,,,,,,,,,,,,,,,,,,,,,,,,,,,,,,,,,,,,,,,,,,,,
,199,,,,,,,,,,,,,,,,,,,,,,,,,,,,,,,,,,,,,,,,,,,,,,,,,,,,,,,,,,,,,,,,,,,,,,,,,,,,,,,,,,,,,,,,,,,,,,,,,,,,,,,,,,,,,,,,,,,,,,,,,,,20014811,2433,20012378,2967,7104436,886,7103550,1138,12910375,1547,12908828,1837,50682989738496,7032563712,50675957174784,8190438912,46467496167424,7025967104,46460470200320,8183136256,4215493571072,6596608,4215486974464,25004544,50682989738496,7032563712,50675957174784,8190438912,46467496167424,7025967104,46460470200320,8183136256,4215493571072,6596608,4215486974464,25004544,20014811,2433,20012378,2967,7104436,886,7103550,1138,12910375,1547,12908828,1837,12517579,137,12517442,254,4273720,100,4273620,156,8243859,37,8243822,117,50814838073344,257136640,50814580936704,1204202496,46498854367232,253247488,46498601119744,1199894528,4315983706112,3889152,4315979816960,17643520,-1,0,356,0,0,2,0,0,0,0,0,0,0,0,50238633652501,7021255804,50231612396697,8171929220,46024545428480,7014793216,46017530635264,8164757504,4214088224021,6462588,4214081761433,24868808,8604614656,8604614656,0,8604614656,8573157376,8573157376,0,8573157376,31457280,31457280,0,31457280,356,356,0,356,341,341,0,341,15,15,0,15,,,,,,,,,,,,,,,,,,,,,,,,,,,,,,,,,,,,
,199,,,,,,,,,,,,,,,,,,,,,,,,,,,,,,,,,,,,,,,,,,,,,,,,,,,,,,,,,,,,,,,,,,,,,,,,,,,,,,,,,,,,,,,,,,,,,,,,,,,,,,,,,,,,,,,,,,,,,,,,,,,,,,,,,,,,,,,,,,,,,,,,,,,,,,,,,,,,,,,,,,,,,,,,,,,,,,,,,,,,,,,,,,,,,,,,,,,,,,,,,,,,,,,,,,,,,,,,,,,,,,,,,,,,,,,,,,,,,,,,,,,,,0.00017952919006347656,5.0817216106224805e-05,0.0009417874389328063,0,,,,,,,,,,,,,,,,,,,,,,,,,,,,,,,,
1.5045317220543804e-06,249,,,,,,,,,,,,,,,,,,,,,,,,,,,,,,,,,,,,,,,,,,,,,,,,,,,,,,,,,,,,,,,,,,,,,,,,,,,,,,,,,,,,,,,,,,,,,,,,,,,,,,,,,,,,,,,,,,,,,,,,,,,,,,,,,,,,,,,,,,,,,,,,,,,,,,,,,,,,,,,,,,,,,,,,,,,,,,,,,,,,,,,,,,,,,,,,,,,,,,,,,,,,,,,,,,,,,,,,,,,,,,,,,,,,,,,,,,,,,,,,,,,,,,,,,,,,,,,,,,,,,,,,,,,,,,,,,,,,,,,,
,249,24915702,2429,24913273,2967,8839365,886,8838479,1138,16076337,1543,16074794,1837,63177166662656,7036339712,63170130322944,8190438912,57928149428224,7029743616,57921119684608,8183136256,5249017234432,6596096,5249010638336,25004544,63177166662656,7036339712,63170130322944,8190438912,57928149428224,7029743616,57921119684608,8183136256,5249017234432,6596096,5249010638336,25004544,24915702,2429,24913273,2967,8839365,886,8838479,1138,16076337,1543,16074794,1837,15581514,148,15581366,254,5315280,98,5315182,156,10266234,50,10266184,117,63217392634368,217709056,63217174925312,1337435648,57844867997696,213819392,57844654178304,1332846592,5372524636672,3889664,5372520747008,17643520,-1,0,356,0,0,2,0,0,0,0,0,0,0,0,62626595385877,7021257900,62619574127977,8171929220,57379327920128,7014793216,57372313126912,8164757504,5247267465749,6464684,5247261001065,24868808,8604614656,8604614656,0,8604614656,8573157376,8573157376,0,8573157376,31457280,31457280,0,31457280,356,356,0,356,341,341,0,341,15,15,0,15,,,,,,,,,,,,,,,,,,,,,,,,,,,,,,,,,,,,,,,,,,,,,,,,,,,,,,,,,,,,,,,,,,,,,,,,,,,,,,,,,,,,,,,,,,,,,,,,,,,,,,,,,,,,,,,,,,,,,,,,,,,,,,,,,,,,,,,,,,,,,,,,,,,,,,,,,,,,,,
,249,,,,,,,,,,,,,,,,,,,,,,,,,,,,,,,,,,,,,,,,,,,,,,,,,,,,,,,,,,,,,,,,,,,,,,,,,,,,,,,,,,,,,,,,,,,,,,,,,,,,,,,,,,,,,,,,,,,,,,,,,,,24928072,2433,24925639,2967,8843448,886,8842562,1138,16084624,1547,16083077,1837,63204625100800,7037505024,63197587595776,8190438912,57952649959424,7030906880,57945619052544,8183136256,5251975141376,6598144,5251968543232,25004544,63204625100800,7037505024,63197587595776,8190438912,57952649959424,7030906880,57945619052544,8183136256,5251975141376,6598144,5251968543232,25004544,24928072,2433,24925639,2967,8843448,886,8842562,1138,16084624,1547,16083077,1837,15589120,138,15588982,254,5317659,95,5317564,156,10271461,43,10271418,117,63245051183616,256389632,63244794793984,1337435648,57869479104512,248307712,57869230796800,1332846592,5375572079104,8081920,5375563997184,17643520,-1,0,356,0,0,2,0,0,0,0,0,0,0,0,62653794567167,7021257856,62646773309311,8171929220,57403570031360,7014793216,57396555238144,8164757504,5250224535807,6464640,5250218071167,24868808,8604614656,8604614656,0,8604614656,8573157376,8573157376,0,8573157376,31457280,31457280,0,31457280,356,356,0,356,341,341,0,341,15,15,0,15,,,,,,,,,,,,,,,,,,,,,,,,,,,,,,,,,,,,
1.5045317220543804e-06,249,,,,,,,,,,,,,,,,,,,,,,,,,,,,,,,,,,,,,,,,,,,,,,,,,,,,,,,,,,,,,,,,,,,,,,,,,,,,,,,,,,,,,,,,,,,,,,,,,,,,,,,,,,,,,,,,,,,,,,,,,,,,,,,,,,,,,,,,,,,,,,,,,,,,,,,,,,,,,,,,,,,,,,,,,,,,,,,,,,,,,,,,,,,,,,,,,,,,,,,,,,,,,,,,,,,,,,,,,,,,,,,,,,,,,,,,,,,,,,,,,,,,,,,,,,,,,,,,,,,,,,,,,,,,,,,,,,,,,,,,
,249,24928085,2429,24925656,2967,8843448,886,8842562,1138,16084637,1543,16083094,1837,63204625112064,7037501440,63197587610624,8190438912,57952649959424,7030906880,57945619052544,8183136256,5251975152640,6594560,5251968558080,25004544,63204625112064,7037501440,63197587610624,8190438912,57952649959424,7030906880,57945619052544,8183136256,5251975152640,6594560,5251968558080,25004544,24928085,2429,24925656,2967,8843448,886,8842562,1138,16084637,1543,16083094,1837,15589132,135,15588997,254,5317659,95,5317564,156,10271473,40,10271433,117,63245051198464,256393216,63244794805248,1337435648,57869479104512,248307712,57869230796800,1332846592,5375572093952,8085504,5375564008448,17643520,-1,0,356,0,0,2,0,0,0,0,0,0,0,0,62653794572107,7021255176,62646773316931,8171929220,57403570031360,7014793216,57396555238144,8164757504,5250224540747,6461960,5250218078787,24868808,8604614656,8604614656,0,8604614656,8573157376,8573157376,0,8573157376,31457280,31457280,0,31457280,356,356,0,356,341,341,0,341,15,15,0,15,,,,,,,,,,,,,,,,,,,,,,,,,,,,,,,,,,,,,,,,,,,,,,,,,,,,,,,,,,,,,,,,,,,,,,,,,,,,,,,,,,,,,,,,,,,,,,,,,,,,,,,,,,,,,,,,,,,,,,,,,,,,,,,,,,,,,,,,,,,,,,,,,,,,,,,,,,,,,,
,249,,,,,,,,,,,,,,,,,,,,,,,,,,,,,,,,,,,,,,,,,,,,,,,,,,,,,,,,,,,,,,,,,,,,,,,,,,,,,,,,,,,,,,,,,,,,,,,,,,,,,,,,,,,,,,,,,,,,,,,,,,,24940456,2433,24938023,2967,8847526,886,8846640,1138,16092930,1547,16091383,1837,63231961597952,7037503488,63224924094464,8190438912,57977037236224,7030906880,57970006329344,8183136256,5254924361728,6596608,5254917765120,25004544,63231961597952,7037503488,63224924094464,8190438912,57977037236224,7030906880,57970006329344,8183136256,5254924361728,6596608,5254917765120,25004544,24940456,2433,24938023,2967,8847526,886,8846640,1138,16092930,1547,16091383,1837,15596264,143,15596121,254,5319769,95,5319674,156,10276495,48,10276447,117,63273363701760,256391168,63273107310592,1337435648,57894797180928,248307712,57894548873216,1332846592,5378566520832,8083456,5378558437376,17643520,-1,0,356,0,0,2,0,0,0,0,0,0,0,0,62680965781696,7021255192,62673944526504,8171929220,57427792879104,7014793216,57420778085888,8164757504,5253172902592,6461976,5253166440616,24868808,8604614656,8604614656,0,8604614656,8573157376,8573157376,0,8573157376,31457280,31457280,0,31457280,356,356,0,356,341,341,0,341,15,15,0,15,,,,,,,,,,,,,,,,,,,,,,,,,,,,,,,,,,,,
1.5045317220543804e-06,249,,,,,,,,,,,,,,,,,,,,,,,,,,,,,,,,,,,,,,,,,,,,,,,,,,,,,,,,,,,,,,,,,,,,,,,,,,,,,,,,,,,,,,,,,,,,,,,,,,,,,,,,,,,,,,,,,,,,,,,,,,,,,,,,,,,,,,,,,,,,,,,,,,,,,,,,,,,,,,,,,,,,,,,,,,,,,,,,,,,,,,,,,,,,,,,,,,,,,,,,,,,,,,,,,,,,,,,,,,,,,,,,,,,,,,,,,,,,,,,,,,,,,,,,,,,,,,,,,,,,,,,,,,,,,,,,,,,,,,,,
,249,24940469,2429,24938040,2967,8847526,886,8846640,1138,16092943,1543,16091400,1837,63231961612288,7037504512,63224924107776,8190438912,57977037236224,7030906880,57970006329344,8183136256,5254924376064,6597632,5254917778432,25004544,63231961612288,7037504512,63224924107776,8190438912,57977037236224,7030906880,57970006329344,8183136256,5254924376064,6597632,5254917778432,25004544,24940469,2429,24938040,2967,8847526,886,8846640,1138,16092943,1543,16091400,1837,15596278,145,15596133,254,5319769,95,5319674,156,10276509,50,10276459,117,63273363715072,256390144,63273107324928,1337435648,57894797180928,248307712,57894548873216,1332846592,5378566534144,8082432,5378558451712,17643520,-1,0,356,0,0,2,0,0,0,0,0,0,0,0,62680965789708,7021258248,62673944531460,8171929220,57427792879104,7014793216,57420778085888,8164757504,5253172910604,6465032,5253166445572,24868808,8604614656,8604614656,0,8604614656,8573157376,8573157376,0,8573157376,31457280,31457280,0,31457280,356,356,0,356,341,341,0,341,15,15,0,15,,,,,,,,,,,,,,,,,,,,,,,,,,,,,,,,,,,,,,,,,,,,,,,,,,,,,,,,,,,,,,,,,,,,,,,,,,,,,,,,,,,,,,,,,,,,,,,,,,,,,,,,,,,,,,,,,,,,,,,,,,,,,,,,,,,,,,,,,,,,,,,,,,,,,,,,,,,,,,
,249,,,,,,,,,,,,,,,,,,,,,,,,,,,,,,,,,,,,,,,,,,,,,,,,,,,,,,,,,,,,,,,,,,,,,,,,,,,,,,,,,,,,,,,,,,,,,,,,,,,,,,,,,,,,,,,,,,,,,,,,,,,24952791,2433,24950358,2967,8851609,886,8850723,1138,16101182,1547,16099635,1837,63259594522112,7037506560,63252557015552,8190438912,58001562474496,7030906880,57994531567616,8183136256,5258032047616,6599680,5258025447936,25004544,63259594522112,7037506560,63252557015552,8190438912,58001562474496,7030906880,57994531567616,8183136256,5258032047616,6599680,5258025447936,25004544,24952791,2433,24950358,2967,8851609,886,8850723,1138,16101182,1547,16099635,1837,15603673,141,15603532,254,5321887,95,5321792,156,10281786,46,10281740,117,63302312958464,256388096,63302056570368,1337435648,57920584011776,248307712,57920335704064,1332846592,5381728946688,8080384,5381720866304,17643520,-1,0,356,0,0,2,0,0,0,0,0,0,0,0,62708470928173,7021258324,62701449669849,8171929220,57452191072512,7014793216,57445176279296,8164757504,5256279855661,6465108,5256273390553,24868808,8604614656,8604614656,0,8604614656,8573157376,8573157376,0,8573157376,31457280,31457280,0,31457280,356,356,0,356,341,341,0,341,15,15,0,15,,,,,,,,,,,,,,,,,,,,,,,,,,,,,,,,,,,,
1.5045317220543804e-06,249,,,,,,,,,,,,,,,,,,,,,,,,,,,,,,,,,,,,,,,,,,,,,,,,,,,,,,,,,,,,,,,,,,,,,,,,,,,,,,,,,,,,,,,,,,,,,,,,,,,,,,,,,,,,,,,,,,,,,,,,,,,,,,,,,,,,,,,,,,,,,,,,,,,,,,,,,,,,,,,,,,,,,,,,,,,,,,,,,,,,,,,,,,,,,,,,,,,,,,,,,,,,,,,,,,,,,,,,,,,,,,,,,,,,,,,,,,,,,,,,,,,,,,,,,,,,,,,,,,,,,,,,,,,,,,,,,,,,,,,,
,249,24952804,2429,24950375,2967,8851609,886,8850723,1138,16101195,1543,16099652,1837,63259594536448,7037504512,63252557031936,8190438912,58001562474496,7030906880,57994531567616,8183136256,5258032061952,6597632,5258025464320,25004544,63259594536448,7037504512,63252557031936,8190438912,58001562474496,7030906880,57994531567616,8183136256,5258032061952,6597632,5258025464320,25004544,24952804,2429,24950375,2967,8851609,886,8850723,1138,16101195,1543,16099652,1837,15603684,137,15603547,254,5321887,95,5321792,156,10281797,42,10281755,117,63302312974848,256390144,63302056584704,1337435648,57920584011776,248307712,57920335704064,1332846592,5381728963072,8082432,5381720880640,17643520,-1,0,356,0,0,2,0,0,0,0,0,0,0,0,62708470937241,7021259364,62701449677877,8171929220,57452191072512,7014793216,57445176279296,8164757504,5256279864729,6466148,5256273398581,24868808,8604614656,8604614656,0,8604614656,8573157376,8573157376,0,8573157376,31457280,31457280,0,31457280,356,356,0,356,341,341,0,341,15,15,0,15,,,,,,,,,,,,,,,,,,,,,,,,,,,,,,,,,,,,,,,,,,,,,,,,,,,,,,,,,,,,,,,,,,,,,,,,,,,,,,,,,,,,,,,,,,,,,,,,,,,,,,,,,,,,,,,,,,,,,,,,,,,,,,,,,,,,,,,,,,,,,,,,,,,,,,,,,,,,,,
,249,,,,,,,,,,,,,,,,,,,,,,,,,,,,,,,,,,,,,,,,,,,,,,,,,,,,,,,,,,,,,,,,,,,,,,,,,,,,,,,,,,,,,,,,,,,,,,,,,,,,,,,,,,,,,,,,,,,,,,,,,,,24965175,2433,24962742,2967,8855596,886,8854710,1138,16109579,1547,16108032,1837,63286387471872,7037506560,63279349965312,8190438912,58025577973760,7030906880,58018547066880,8183136256,5260809498112,6599680,5260802898432,25004544,63286387471872,7037506560,63279349965312,8190438912,58025577973760,7030906880,58018547066880,8183136256,5260809498112,6599680,5260802898432,25004544,24965175,2433,24962742,2967,8855596,886,8854710,1138,16109579,1547,16108032,1837,15610655,145,15610510,254,5323748,95,5323653,156,10286907,50,10286857,117,63330074669568,256388096,63329818281472,1337435648,57945568272384,248307712,57945319964672,1332846592,5384506397184,8080384,5384498316800,17643520,-1,0,356,0,0,2,0,0,0,0,0,0,0,0,62735162068679,7021259320,62728140809359,8171929220,57476105704448,7014793216,57469090911232,8164757504,5259056364231,6466104,5259049898127,24868808,8604614656,8604614656,0,8604614656,8573157376,8573157376,0,8573157376,31457280,31457280,0,31457280,356,356,0,356,341,341,0,341,15,15,0,15,,,,,,,,,,,,,,,,,,,,,,,,,,,,,,,,,,,,
1.5045317220543804e-06,249,,,,,,,,,,,,,,,,,,,,,,,,,,,,,,,,,,,,,,,,,,,,,,,,,,,,,,,,,,,,,,,,,,,,,,,,,,,,,,,,,,,,,,,,,,,,,,,,,,,,,,,,,,,,,,,,,,,,,,,,,,,,,,,,,,,,,,,,,,,,,,,,,,,,,,,,,,,,,,,,,,,,,,,,,,,,,,,,,,,,,,,,,,,,,,,,,,,,,,,,,,,,,,,,,,,,,,,,,,,,,,,,,,,,,,,,,,,,,,,,,,,,,,,,,,,,,,,,,,,,,,,,,,,,,,,,,,,,,,,,
,249,24965188,2429,24962759,2967,8855596,886,8854710,1138,16109592,1543,16108049,1837,63286387486208,7037504512,63279349981696,8190438912,58025577973760,7030906880,58018547066880,8183136256,5260809512448,6597632,5260802914816,25004544,63286387486208,7037504512,63279349981696,8190438912,58025577973760,7030906880,58018547066880,8183136256,5260809512448,6597632,5260802914816,25004544,24965188,2429,24962759,2967,8855596,886,8854710,1138,16109592,1543,16108049,1837,15610669,146,15610523,254,5323748,95,5323653,156,10286921,51,10286870,117,63330074685952,256390144,63329818295808,1337435648,57945568272384,248307712,57945319964672,1332846592,5384506413568,8082432,5384498331136,17643520,-1,0,356,0,0,2,0,0,0,0,0,0,0,0,62735162077459,7021259016,62728140818443,8171929220,57476105704448,7014793216,57469090911232,8164757504,5259056373011,6465800,5259049907211,24868808,8604614656,8604614656,0,8604614656,8573157376,8573157376,0,8573157376,31457280,31457280,0,31457280,356,356,0,356,341,341,0,341,15,15,0,15,,,,,,,,,,,,,,,,,,,,,,,,,,,,,,,,,,,,,,,,,,,,,,,,,,,,,,,,,,,,,,,,,,,,,,,,,,,,,,,,,,,,,,,,,,,,,,,,,,,,,,,,,,,,,,,,,,,,,,,,,,,,,,,,,,,,,,,,,,,,,,,,,,,,,,,,,,,,,,
,249,,,,,,,,,,,,,,,,,,,,,,,,,,,,,,,,,,,,,,,,,,,,,,,,,,,,,,,,,,,,,,,,,,,,,,,,,,,,,,,,,,,,,,,,,,,,,,,,,,,,,,,,,,,,,,,,,,,,,,,,,,,24977559,2433,24975126,2967,8859679,886,8858793,1138,16117880,1547,16116333,1837,63313616563712,7037506560,63306579057152,8190438912,58049948882944,7030906880,58042917976064,8183136256,5263667680768,6599680,5263661081088,25004544,63313616563712,7037506560,63306579057152,8190438912,58049948882944,7030906880,58042917976064,8183136256,5263667680768,6599680,5263661081088,25004544,24977559,2433,24975126,2967,8859679,886,8858793,1138,16117880,1547,16116333,1837,15617929,144,15617785,254,5325829,95,5325734,156,10292100,49,10292051,117,63358304766464,256388096,63358048378368,1337435648,57970881204224,248307712,57970632896512,1332846592,5387423562240,8080384,5387415481856,17643520,-1,0,356,0,0,2,0,0,0,0,0,0,0,0,62762158613483,7021259032,62755137354451,8171929220,57500244969216,7014793216,57493230176000,8164757504,5261913644267,6465816,5261907178451,24868808,8604614656,8604614656,0,8604614656,8573157376,8573157376,0,8573157376,31457280,31457280,0,31457280,356,356,0,356,341,341,0,341,15,15,0,15,,,,,,,,,,,,,,,,,,,,,,,,,,,,,,,,,,,,
1.5045317220543804e-06,249,,,,,,,,,,,,,,,,,,,,,,,,,,,,,,,,,,,,,,,,,,,,,,,,,,,,,,,,,,,,,,,,,,,,,,,,,,,,,,,,,,,,,,,,,,,,,,,,,,,,,,,,,,,,,,,,,,,,,,,,,,,,,,,,,,,,,,,,,,,,,,,,,,,,,,,,,,,,,,,,,,,,,,,,,,,,,,,,,,,,,,,,,,,,,,,,,,,,,,,,,,,,,,,,,,,,,,,,,,,,,,,,,,,,,,,,,,,,,,,,,,,,,,,,,,,,,,,,,,,,,,,,,,,,,,,,,,,,,,,,
,249,24977572,2429,24975143,2967,8859679,886,8858793,1138,16117893,1543,16116350,1837,63313616576512,7037502976,63306579073536,8190438912,58049948882944,7030906880,58042917976064,8183136256,5263667693568,6596096,5263661097472,25004544,63313616576512,7037502976,63306579073536,8190438912,58049948882944,7030906880,58042917976064,8183136256,5263667693568,6596096,5263661097472,25004544,24977572,2429,24975143,2967,8859679,886,8858793,1138,16117893,1543,16116350,1837,15617940,141,15617799,254,5325829,95,5325734,156,10292111,46,10292065,117,63358304782848,256391680,63358048391168,1337435648,57970881204224,248307712,57970632896512,1332846592,5387423578624,8083968,5387415494656,17643520,-1,0,356,0,0,2,0,0,0,0,0,0,0,0,62762158620319,7021257072,62755137363247,8171929220,57500244969216,7014793216,57493230176000,8164757504,5261913651103,6463856,5261907187247,24868808,8604614656,8604614656,0,8604614656,8573157376,8573157376,0,8573157376,31457280,31457280,0,31457280,356,356,0,356,341,341,0,341,15,15,0,15,,,,,,,,,,,,,,,,,,,,,,,,,,,,,,,,,,,,,,,,,,,,,,,,,,,,,,,,,,,,,,,,,,,,,,,,,,,,,,,,,,,,,,,,,,,,,,,,,,,,,,,,,,,,,,,,,,,,,,,,,,,,,,,,,,,,,,,,,,,,,,,,,,,,,,,,,,,,,,
,249,,,,,,,,,,,,,,,,,,,,,,,,,,,,,,,,,,,,,,,,,,,,,,,,,,,,,,,,,,,,,,,,,,,,,,,,,,,,,,,,,,,,,,,,,,,,,,,,,,,,,,,,,,,,,,,,,,,,,,,,,,,24989894,2433,24987461,2967,8863666,886,8862780,1138,16126228,1547,16124681,1837,63340752120832,7037505024,63333714615808,8190438912,58074166528000,7030906880,58067135621120,8183136256,5266585592832,6598144,5266578994688,25004544,63340752120832,7037505024,63333714615808,8190438912,58074166528000,7030906880,58067135621120,8183136256,5266585592832,6598144,5266578994688,25004544,24989894,2433,24987461,2967,8863666,886,8862780,1138,16126228,1547,16124681,1837,15624847,142,15624705,254,5327812,95,5327717,156,10297035,47,10296988,117,63386394291712,256389632,63386137902080,1337435648,57996051243008,248307712,57995802935296,1332846592,5390343048704,8081920,5390334966784,17643520,-1,0,356,0,0,2,0,0,0,0,0,0,0,0,62789076914279,7021257148,62782055657131,8171929220,57524246211072,7014793216,57517231417856,8164757504,5264830703207,6463932,5264824239275,24868808,8604614656,8604614656,0,8604614656,8573157376,8573157376,0,8573157376,31457280,31457280,0,31457280,356,356,0,356,341,341,0,341,15,15,0,15,,,,,,,,,,,,,,,,,,,,,,,,,,,,,,,,,,,,
1.5045317220543804e-06,249,,,,,,,,,,,,,,,,,,,,,,,,,,,,,,,,,,,,,,,,,,,,,,,,,,,,,,,,,,,,,,,,,,,,,,,,,,,,,,,,,,,,,,,,,,,,,,,,,,,,,,,,,,,,,,,,,,,,,,,,,,,,,,,,,,,,,,,,,,,,,,,,,,,,,,,,,,,,,,,,,,,,,,,,,,,,,,,,,,,,,,,,,,,,,,,,,,,,,,,,,,,,,,,,,,,,,,,,,,,,,,,,,,,,,,,,,,,,,,,,,,,,,,,,,,,,,,,,,,,,,,,,,,,,,,,,,,,,,,,,
,249,24989907,2429,24987478,2967,8863666,886,8862780,1138,16126241,1543,16124698,1837,63340752147456,7037516800,63333714630656,8190438912,58074166528000,7030906880,58067135621120,8183136256,5266585619456,6609920,5266579009536,25004544,63340752147456,7037516800,63333714630656,8190438912,58074166528000,7030906880,58067135621120,8183136256,5266585619456,6609920,5266579009536,25004544,24989907,2429,24987478,2967,8863666,886,8862780,1138,16126241,1543,16124698,1837,15624860,144,15624716,254,5327812,95,5327717,156,10297048,49,10296999,117,63386394306560,256377856,63386137928704,1337435648,57996051243008,248307712,57995802935296,1332846592,5390343063552,8070144,5390334993408,17643520,-1,0,356,0,0,2,0,0,0,0,0,0,0,0,62789076935659,7021271676,62782055663983,8171929220,57524246211072,7014793216,57517231417856,8164757504,5264830724587,6478460,5264824246127,24868808,8604614656,8604614656,0,8604614656,8573157376,8573157376,0,8573157376,31457280,31457280,0,31457280,356,356,0,356,341,341,0,341,15,15,0,15,,,,,,,,,,,,,,,,,,,,,,,,,,,,,,,,,,,,,,,,,,,,,,,,,,,,,,,,,,,,,,,,,,,,,,,,,,,,,,,,,,,,,,,,,,,,,,,,,,,,,,,,,,,,,,,,,,,,,,,,,,,,,,,,,,,,,,,,,,,,,,,,,,,,,,,,,,,,,,
,249,,,,,,,,,,,,,,,,,,,,,,,,,,,,,,,,,,,,,,,,,,,,,,,,,,,,,,,,,,,,,,,,,,,,,,,,,,,,,,,,,,,,,,,,,,,,,,,,,,,,,,,,,,,,,,,,,,,,,,,,,,,25002830,2433,25000397,2967,8870557,886,8869671,1138,16132273,1547,16130726,1837,63395364673024,7037518848,63388327154176,8190438912,58128017037312,7030906880,58120986130432,8183136256,5267347635712,6611968,5267341023744,25004544,63395364673024,7037518848,63388327154176,8190438912,58128017037312,7030906880,58120986130432,8183136256,5267347635712,6611968,5267341023744,25004544,25002830,2433,25000397,2967,8870557,886,8869671,1138,16132273,1547,16130726,1837,15632733,144,15632589,254,5332614,95,5332519,156,10300119,49,10300070,117,63435795530240,256375808,63435539154432,1337435648,58044690452480,248307712,58044442144768,1332846592,5391105077760,8068096,5391097009664,17643520,-1,0,356,0,0,2,0,0,0,0,0,0,0,0,62843250255282,7021271632,62836228983650,8171929220,57577658465536,7014793216,57570643672320,8164757504,5265591789746,6478416,5265585311330,24868808,8604614656,8604614656,0,8604614656,8573157376,8573157376,0,8573157376,31457280,31457280,0,31457280,356,356,0,356,341,341,0,341,15,15,0,15,,,,,,,,,,,,,,,,,,,,,,,,,,,,,,,,,,,,
1.5045317220543804e-06,249,,,,,,,,,,,,,,,,,,,,,,,,,,,,,,,,,,,,,,,,,,,,,,,,,,,,,,,,,,,,,,,,,,,,,,,,,,,,,,,,,,,,,,,,,,,,,,,,,,,,,,,,,,,,,,,,,,,,,,,,,,,,,,,,,,,,,,,,,,,,,,,,,,,,,,,,,,,,,,,,,,,,,,,,,,,,,,,,,,,,,,,,,,,,,,,,,,,,,,,,,,,,,,,,,,,,,,,,,,,,,,,,,,,,,,,,,,,,,,,,,,,,,,,,,,,,,,,,,,,,,,,,,,,,,,,,,,,,,,,,
,249,25002843,2429,25000414,2967,8870557,886,8869671,1138,16132286,1543,16130743,1837,63395364690432,7037507584,63388327182848,8190438912,58128017037312,7030906880,58120986130432,8183136256,5267347653120,6600704,5267341052416,25004544,63395364690432,7037507584,63388327182848,8190438912,58128017037312,7030906880,58120986130432,8183136256,5267347653120,6600704,5267341052416,25004544,25002843,2429,25000414,2967,8870557,886,8869671,1138,16132286,1543,16130743,1837,15632744,141,15632603,254,5332614,95,5332519,156,10300130,46,10300084,117,63435795558912,256387072,63435539171840,1337435648,58044690452480,248307712,58044442144768,1332846592,5391105106432,8079360,5391097027072,17643520,-1,0,356,0,0,2,0,0,0,0,0,0,0,0,62843250267062,7021262016,62836229005046,8171929220,57577658465536,7014793216,57570643672320,8164757504,5265591801526,6468800,5265585332726,24868808,8604614656,8604614656,0,8604614656,8573157376,8573157376,0,8573157376,31457280,31457280,0,31457280,356,356,0,356,341,341,0,341,15,15,0,15,,,,,,,,,,,,,,,,,,,,,,,,,,,,,,,,,,,,,,,,,,,,,,,,,,,,,,,,,,,,,,,,,,,,,,,,,,,,,,,,,,,,,,,,,,,,,,,,,,,,,,,,,,,,,,,,,,,,,,,,,,,,,,,,,,,,,,,,,,,,,,,,,,,,,,,,,,,,,,
,249,,,,,,,,,,,,,,,,,,,,,,,,,,,,,,,,,,,,,,,,,,,,,,,,,,,,,,,,,,,,,,,,,,,,,,,,,,,,,,,,,,,,,,,,,,,,,,,,,,,,,,,,,,,,,,,,,,,,,,,,,,,25015763,2433,25013330,2967,8874861,886,8873975,1138,16140902,1547,16139355,1837,63424435864064,7037509632,63417398354432,8190438912,58154153342976,7030906880,58147122436096,8183136256,5270282521088,6602752,5270275918336,25004544,63424435864064,7037509632,63417398354432,8190438912,58154153342976,7030906880,58147122436096,8183136256,5270282521088,6602752,5270275918336,25004544,25015763,2433,25013330,2967,8874861,886,8873975,1138,16140902,1547,16139355,1837,15639756,143,15639613,254,5334723,95,5334628,156,10305033,48,10304985,117,63465663402496,256385024,63465407017472,1337435648,58071557369856,248307712,58071309062144,1332846592,5394106032640,8077312,5394097955328,17643520,-1,0,356,0,0,2,0,0,0,0,0,0,0,0,62872153377883,7021262032,62865132115851,8171929220,57603627565056,7014793216,57596612771840,8164757504,5268525812827,6468816,5268519344011,24868808,8604614656,8604614656,0,8604614656,8573157376,8573157376,0,8573157376,31457280,31457280,0,31457280,356,356,0,356,341,341,0,341,15,15,0,15,,,,,,,,,,,,,,,,,,,,,,,,,,,,,,,,,,,,
,249,,,,,,,,,,,,,,,,,,,,,,,,,,,,,,,,,,,,,,,,,,,,,,,,,,,,,,,,,,,,,,,,,,,,,,,,,,,,,,,,,,,,,,,,,,,,,,,,,,,,,,,,,,,,,,,,,,,,,,,,,,,,,,,,,,,,,,,,,,,,,,,,,,,,,,,,,,,,,,,,,,,,,,,,,,,,,,,,,,,,,,,,,,,,,,,,,,,,,,,,,,,,,,,,,,,,,,,,,,,,,,,,,,,,,,,,,,,,,,,,,,,,,0.00010597705841064453,7.029552944004536e-05,0.0011604100000113249,0,,,,,,,,,,,,,,,,,,,,,,,,,,,,,,,,
1.8066465256797582e-06,299,,,,,,,,,,,,,,,,,,,,,,,,,,,,,,,,,,,,,,,,,,,,,,,,,,,,,,,,,,,,,,,,,,,,,,,,,,,,,,,,,,,,,,,,,,,,,,,,,,,,,,,,,,,,,,,,,,,,,,,,,,,,,,,,,,,,,,,,,,,,,,,,,,,,,,,,,,,,,,,,,,,,,,,,,,,,,,,,,,,,,,,,,,,,,,,,,,,,,,,,,,,,,,,,,,,,,,,,,,,,,,,,,,,,,,,,,,,,,,,,,,,,,,,,,,,,,,,,,,,,,,,,,,,,,,,,,,,,,,,,
,299,29916195,2429,29913766,2967,10608670,886,10607784,1138,19307525,1543,19305982,1837,75614713002496,7032555008,75607680447488,8190438912,69306929028096,7025958912,69299903069184,8183136256,6307783974400,6596096,6307777378304,25004544,75614713002496,7032555008,75607680447488,8190438912,69306929028096,7025958912,69299903069184,8183136256,6307783974400,6596096,6307777378304,25004544,29916195,2429,29913766,2967,10608670,886,10607784,1138,19307525,1543,19305982,1837,18668369,143,18668226,254,6368380,98,6368282,156,12299989,45,12299944,117,75783570656768,223590912,75783347065856,1337435648,69330126668800,217604096,69329909064704,1332846592,6453443987968,5986816,6453438001152,17643520,-1,0,356,0,0,2,0,0,0,0,0,0,0,0,74959120657215,7021256988,74952099400227,8171929220,68653435539456,7014793216,68646420746240,8164757504,6305685117759,6463772,6305678653987,24868808,8604614656,8604614656,0,8604614656,8573157376,8573157376,0,8573157376,31457280,31457280,0,31457280,356,356,0,356,341,341,0,341,15,15,0,15,,,,,,,,,,,,,,,,,,,,,,,,,,,,,,,,,,,,,,,,,,,,,,,,,,,,,,,,,,,,,,,,,,,,,,,,,,,,,,,,,,,,,,,,,,,,,,,,,,,,,,,,,,,,,,,,,,,,,,,,,,,,,,,,,,,,,,,,,,,,,,,,,,,,,,,,,,,,,,
,299,,,,,,,,,,,,,,,,,,,,,,,,,,,,,,,,,,,,,,,,,,,,,,,,,,,,,,,,,,,,,,,,,,,,,,,,,,,,,,,,,,,,,,,,,,,,,,,,,,,,,,,,,,,,,,,,,,,,,,,,,,,29928517,2433,29926084,2967,10612657,886,10611771,1138,19315860,1547,19314313,1837,75641690619392,7032843776,75634657775616,8190438912,69331082533888,7026245632,69324056288256,8183136256,6310608085504,6598144,6310601487360,25004544,75641690619392,7032843776,75634657775616,8190438912,69331082533888,7026245632,69324056288256,8183136256,6310608085504,6598144,6310601487360,25004544,29928517,2433,29926084,2967,10612657,886,10611771,1138,19315860,1547,19314313,1837,18675908,154,18675754,254,6370730,98,6370632,156,12305178,56,12305122,117,75811055020544,225399296,75810829621248,1337435648,69354765427712,217317376,69354548110336,1332846592,6456289592832,8081920,6456281510912,17643520,-1,0,356,0,0,2,0,0,0,0,0,0,0,0,74985886013239,7021257004,74978864756235,8171929220,68677377676032,7014793216,68670362882816,8164757504,6308508337207,6463788,6308501873419,24868808,8604614656,8604614656,0,8604614656,8573157376,8573157376,0,8573157376,31457280,31457280,0,31457280,356,356,0,356,341,341,0,341,15,15,0,15,,,,,,,,,,,,,,,,,,,,,,,,,,,,,,,,,,,,
1.8066465256797582e-06,299,,,,,,,,,,,,,,,,,,,,,,,,,,,,,,,,,,,,,,,,,,,,,,,,,,,,,,,,,,,,,,,,,,,,,,,,,,,,,,,,,,,,,,,,,,,,,,,,,,,,,,,,,,,,,,,,,,,,,,,,,,,,,,,,,,,,,,,,,,,,,,,,,,,,,,,,,,,,,,,,,,,,,,,,,,,,,,,,,,,,,,,,,,,,,,,,,,,,,,,,,,,,,,,,,,,,,,,,,,,,,,,,,,,,,,,,,,,,,,,,,,,,,,,,,,,,,,,,,,,,,,,,,,,,,,,,,,,,,,,,
,299,29928530,2429,29926101,2967,10612657,886,10611771,1138,19315873,1543,19314330,1837,75641690629120,7032838656,75634657790464,8190438912,69331082533888,7026245632,69324056288256,8183136256,6310608095232,6593024,6310601502208,25004544,75641690629120,7032838656,75634657790464,8190438912,69331082533888,7026245632,69324056288256,8183136256,6310608095232,6593024,6310601502208,25004544,29928530,2429,29926101,2967,10612657,886,10611771,1138,19315873,1543,19314330,1837,18675920,155,18675765,254,6370730,98,6370632,156,12305190,57,12305133,117,75811055035392,225404416,75810829630976,1337435648,69354765427712,217317376,69354548110336,1332846592,6456289607680,8087040,6456281520640,17643520,-1,0,356,0,0,2,0,0,0,0,0,0,0,0,74985886017627,7021254684,74978864762943,8171929220,68677377676032,7014793216,68670362882816,8164757504,6308508341595,6461468,6308501880127,24868808,8604614656,8604614656,0,8604614656,8573157376,8573157376,0,8573157376,31457280,31457280,0,31457280,356,356,0,356,341,341,0,341,15,15,0,15,,,,,,,,,,,,,,,,,,,,,,,,,,,,,,,,,,,,,,,,,,,,,,,,,,,,,,,,,,,,,,,,,,,,,,,,,,,,,,,,,,,,,,,,,,,,,,,,,,,,,,,,,,,,,,,,,,,,,,,,,,,,,,,,,,,,,,,,,,,,,,,,,,,,,,,,,,,,,,
,299,,,,,,,,,,,,,,,,,,,,,,,,,,,,,,,,,,,,,,,,,,,,,,,,,,,,,,,,,,,,,,,,,,,,,,,,,,,,,,,,,,,,,,,,,,,,,,,,,,,,,,,,,,,,,,,,,,,,,,,,,,,29940901,2433,29938468,2967,10616639,886,10615753,1138,19324262,1547,19322715,1837,75668693741056,7032840704,75661660900352,8190438912,69355351829504,7026245632,69348325583872,8183136256,6313341911552,6595072,6313335316480,25004544,75668693741056,7032840704,75661660900352,8190438912,69355351829504,7026245632,69348325583872,8183136256,6313341911552,6595072,6313335316480,25004544,29940901,2433,29938468,2967,10616639,886,10615753,1138,19324262,1547,19322715,1837,18683129,160,18682969,254,6372976,98,6372878,156,12310153,62,12310091,117,75840278898176,225402368,75840053495808,1337435648,69381255476224,217317376,69381038158848,1332846592,6459023421952,8084992,6459015336960,17643520,-1,0,356,0,0,2,0,0,0,0,0,0,0,0,75012496478642,7021254640,75005475224002,8171929220,68701255280128,7014793216,68694240486912,8164757504,6311241198514,6461424,6311234737090,24868808,8604614656,8604614656,0,8604614656,8573157376,8573157376,0,8573157376,31457280,31457280,0,31457280,356,356,0,356,341,341,0,341,15,15,0,15,,,,,,,,,,,,,,,,,,,,,,,,,,,,,,,,,,,,
1.8066465256797582e-06,299,,,,,,,,,,,,,,,,,,,,,,,,,,,,,,,,,,,,,,,,,,,,,,,,,,,,,,,,,,,,,,,,,,,,,,,,,,,,,,,,,,,,,,,,,,,,,,,,,,,,,,,,,,,,,,,,,,,,,,,,,,,,,,,,,,,,,,,,,,,,,,,,,,,,,,,,,,,,,,,,,,,,,,,,,,,,,,,,,,,,,,,,,,,,,,,,,,,,,,,,,,,,,,,,,,,,,,,,,,,,,,,,,,,,,,,,,,,,,,,,,,,,,,,,,,,,,,,,,,,,,,,,,,,,,,,,,,,,,,,,
,299,29940914,2429,29938485,2967,10616639,886,10615753,1138,19324275,1543,19322732,1837,75668693756928,7032844800,75661660912128,8190438912,69355351829504,7026245632,69348325583872,8183136256,6313341927424,6599168,6313335328256,25004544,75668693756928,7032844800,75661660912128,8190438912,69355351829504,7026245632,69348325583872,8183136256,6313341927424,6599168,6313335328256,25004544,29940914,2429,29938485,2967,10616639,886,10615753,1138,19324275,1543,19322732,1837,18683142,161,18682981,254,6372976,98,6372878,156,12310166,63,12310103,117,75840278909952,225398272,75840053511680,1337435648,69381255476224,217317376,69381038158848,1332846592,6459023433728,8080896,6459015352832,17643520,-1,0,356,0,0,2,0,0,0,0,0,0,0,0,75012496488766,7021260360,75005475228406,8171929220,68701255280128,7014793216,68694240486912,8164757504,6311241208638,6467144,6311234741494,24868808,8604614656,8604614656,0,8604614656,8573157376,8573157376,0,8573157376,31457280,31457280,0,31457280,356,356,0,356,341,341,0,341,15,15,0,15,,,,,,,,,,,,,,,,,,,,,,,,,,,,,,,,,,,,,,,,,,,,,,,,,,,,,,,,,,,,,,,,,,,,,,,,,,,,,,,,,,,,,,,,,,,,,,,,,,,,,,,,,,,,,,,,,,,,,,,,,,,,,,,,,,,,,,,,,,,,,,,,,,,,,,,,,,,,,,
,299,,,,,,,,,,,,,,,,,,,,,,,,,,,,,,,,,,,,,,,,,,,,,,,,,,,,,,,,,,,,,,,,,,,,,,,,,,,,,,,,,,,,,,,,,,,,,,,,,,,,,,,,,,,,,,,,,,,,,,,,,,,29953285,2433,29950852,2967,10620626,886,10619740,1138,19332659,1547,19331112,1837,75695941020160,7032846848,75688908173312,8190438912,69379712068608,7026245632,69372685822976,8183136256,6316228951552,6601216,6316222350336,25004544,75695941020160,7032846848,75688908173312,8190438912,69379712068608,7026245632,69372685822976,8183136256,6316228951552,6601216,6316222350336,25004544,29953285,2433,29950852,2967,10620626,886,10619740,1138,19332659,1547,19331112,1837,18690298,160,18690138,254,6375271,98,6375173,156,12315027,62,12314965,117,75869748447744,225396224,75869523051520,1337435648,69407819510784,217317376,69407602193408,1332846592,6461928936960,8078848,6461920858112,17643520,-1,0,356,0,0,2,0,0,0,0,0,0,0,0,75039366912579,7021260376,75032345652203,8171929220,68725239564544,7014793216,68718224771328,8164757504,6314127348035,6467160,6314120880875,24868808,8604614656,8604614656,0,8604614656,8573157376,8573157376,0,8573157376,31457280,31457280,0,31457280,356,356,0,356,341,341,0,341,15,15,0,15,,,,,,,,,,,,,,,,,,,,,,,,,,,,,,,,,,,,
1.8066465256797582e-06,299,,,,,,,,,,,,,,,,,,,,,,,,,,,,,,,,,,,,,,,,,,,,,,,,,,,,,,,,,,,,,,,,,,,,,,,,,,,,,,,,,,,,,,,,,,,,,,,,,,,,,,,,,,,,,,,,,,,,,,,,,,,,,,,,,,,,,,,,,,,,,,,,,,,,,,,,,,,,,,,,,,,,,,,,,,,,,,,,,,,,,,,,,,,,,,,,,,,,,,,,,,,,,,,,,,,,,,,,,,,,,,,,,,,,,,,,,,,,,,,,,,,,,,,,,,,,,,,,,,,,,,,,,,,,,,,,,,,,,,,,
,299,29953298,2429,29950869,2967,10620626,886,10619740,1138,19332672,1543,19331129,1837,75695941036032,7032844800,75688908191232,8190438912,69379712068608,7026245632,69372685822976,8183136256,6316228967424,6599168,6316222368256,25004544,75695941036032,7032844800,75688908191232,8190438912,69379712068608,7026245632,69372685822976,8183136256,6316228967424,6599168,6316222368256,25004544,29953298,2429,29950869,2967,10620626,886,10619740,1138,19332672,1543,19331129,1837,18690309,159,18690150,254,6375271,98,6375173,156,12315038,61,12314977,117,75869748465664,225398272,75869523067392,1337435648,69407819510784,217317376,69407602193408,1332846592,6461928954880,8080896,6461920873984,17643520,-1,0,356,0,0,2,0,0,0,0,0,0,0,0,75039366922583,7021260240,75032345662343,8171929220,68725239564544,7014793216,68718224771328,8164757504,6314127358039,6467024,6314120891015,24868808,8604614656,8604614656,0,8604614656,8573157376,8573157376,0,8573157376,31457280,31457280,0,31457280,356,356,0,356,341,341,0,341,15,15,0,15,,,,,,,,,,,,,,,,,,,,,,,,,,,,,,,,,,,,,,,,,,,,,,,,,,,,,,,,,,,,,,,,,,,,,,,,,,,,,,,,,,,,,,,,,,,,,,,,,,,,,,,,,,,,,,,,,,,,,,,,,,,,,,,,,,,,,,,,,,,,,,,,,,,,,,,,,,,,,,
,299,,,,,,,,,,,,,,,,,,,,,,,,,,,,,,,,,,,,,,,,,,,,,,,,,,,,,,,,,,,,,,,,,,,,,,,,,,,,,,,,,,,,,,,,,,,,,,,,,,,,,,,,,,,,,,,,,,,,,,,,,,,29965665,2433,29963232,2967,10624613,886,10623727,1138,19341052,1547,19339505,1837,75723134663168,7032846848,75716101816320,8190438912,69404065569792,7026245632,69397039324160,8183136256,6319069093376,6601216,6319062492160,25004544,75723134663168,7032846848,75716101816320,8190438912,69404065569792,7026245632,69397039324160,8183136256,6319069093376,6601216,6319062492160,25004544,29965665,2433,29963232,2967,10624613,886,10623727,1138,19341052,1547,19339505,1837,18697654,159,18697495,254,6377566,98,6377468,156,12320088,61,12320027,117,75899180857856,225396224,75898955461632,1337435648,69434381894656,217317376,69434164577280,1332846592,6464798963200,8078848,6464790884352,17643520,-1,0,356,0,0,2,0,0,0,0,0,0,0,0,75066160834288,7021260256,75059139574032,8171929220,68749194255360,7014793216,68742179462144,8164757504,6316966578928,6467040,6316960111888,24868808,8604614656,8604614656,0,8604614656,8573157376,8573157376,0,8573157376,31457280,31457280,0,31457280,356,356,0,356,341,341,0,341,15,15,0,15,,,,,,,,,,,,,,,,,,,,,,,,,,,,,,,,,,,,
1.8066465256797582e-06,299,,,,,,,,,,,,,,,,,,,,,,,,,,,,,,,,,,,,,,,,,,,,,,,,,,,,,,,,,,,,,,,,,,,,,,,,,,,,,,,,,,,,,,,,,,,,,,,,,,,,,,,,,,,,,,,,,,,,,,,,,,,,,,,,,,,,,,,,,,,,,,,,,,,,,,,,,,,,,,,,,,,,,,,,,,,,,,,,,,,,,,,,,,,,,,,,,,,,,,,,,,,,,,,,,,,,,,,,,,,,,,,,,,,,,,,,,,,,,,,,,,,,,,,,,,,,,,,,,,,,,,,,,,,,,,,,,,,,,,,,
,299,29965678,2429,29963249,2967,10624613,886,10623727,1138,19341065,1543,19339522,1837,75723134679040,7032844800,75716101834240,8190438912,69404065569792,7026245632,69397039324160,8183136256,6319069109248,6599168,6319062510080,25004544,75723134679040,7032844800,75716101834240,8190438912,69404065569792,7026245632,69397039324160,8183136256,6319069109248,6599168,6319062510080,25004544,29965678,2429,29963249,2967,10624613,886,10623727,1138,19341065,1543,19339522,1837,18697666,159,18697507,254,6377566,98,6377468,156,12320100,61,12320039,117,75899180875776,225398272,75898955477504,1337435648,69434381894656,217317376,69434164577280,1332846592,6464798981120,8080896,6464790900224,17643520,-1,0,356,0,0,2,0,0,0,0,0,0,0,0,75066160844532,7021260480,75059139584052,8171929220,68749194255360,7014793216,68742179462144,8164757504,6316966589172,6467264,6316960121908,24868808,8604614656,8604614656,0,8604614656,8573157376,8573157376,0,8573157376,31457280,31457280,0,31457280,356,356,0,356,341,341,0,341,15,15,0,15,,,,,,,,,,,,,,,,,,,,,,,,,,,,,,,,,,,,,,,,,,,,,,,,,,,,,,,,,,,,,,,,,,,,,,,,,,,,,,,,,,,,,,,,,,,,,,,,,,,,,,,,,,,,,,,,,,,,,,,,,,,,,,,,,,,,,,,,,,,,,,,,,,,,,,,,,,,,,,
,299,,,,,,,,,,,,,,,,,,,,,,,,,,,,,,,,,,,,,,,,,,,,,,,,,,,,,,,,,,,,,,,,,,,,,,,,,,,,,,,,,,,,,,,,,,,,,,,,,,,,,,,,,,,,,,,,,,,,,,,,,,,29978049,2433,29975616,2967,10628600,886,10627714,1138,19349449,1547,19347902,1837,75750347127296,7032846848,75743314280448,8190438912,69428422249472,7026245632,69421396003840,8183136256,6321924877824,6601216,6321918276608,25004544,75750347127296,7032846848,75743314280448,8190438912,69428422249472,7026245632,69421396003840,8183136256,6321924877824,6601216,6321918276608,25004544,29978049,2433,29975616,2967,10628600,886,10627714,1138,19349449,1547,19347902,1837,18705231,162,18705069,254,6379861,98,6379763,156,12325370,64,12325306,117,75928629606912,225396224,75928404210688,1337435648,69460945761280,217317376,69460728443904,1332846592,6467683845632,8078848,6467675766784,17643520,-1,0,356,0,0,2,0,0,0,0,0,0,0,0,75092980439561,7021260496,75085959179065,8171929220,68773158981376,7014793216,68766144188160,8164757504,6319821458185,6467280,6319814990905,24868808,8604614656,8604614656,0,8604614656,8573157376,8573157376,0,8573157376,31457280,31457280,0,31457280,356,356,0,356,341,341,0,341,15,15,0,15,,,,,,,,,,,,,,,,,,,,,,,,,,,,,,,,,,,,
1.8066465256797582e-06,299,,,,,,,,,,,,,,,,,,,,,,,,,,,,,,,,,,,,,,,,,,,,,,,,,,,,,,,,,,,,,,,,,,,,,,,,,,,,,,,,,,,,,,,,,,,,,,,,,,,,,,,,,,,,,,,,,,,,,,,,,,,,,,,,,,,,,,,,,,,,,,,,,,,,,,,,,,,,,,,,,,,,,,,,,,,,,,,,,,,,,,,,,,,,,,,,,,,,,,,,,,,,,,,,,,,,,,,,,,,,,,,,,,,,,,,,,,,,,,,,,,,,,,,,,,,,,,,,,,,,,,,,,,,,,,,,,,,,,,,,
,299,29978062,2429,29975633,2967,10628600,886,10627714,1138,19349462,1543,19347919,1837,75750347140096,7032841728,75743314298368,8190438912,69428422249472,7026245632,69421396003840,8183136256,6321924890624,6596096,6321918294528,25004544,75750347140096,7032841728,75743314298368,8190438912,69428422249472,7026245632,69421396003840,8183136256,6321924890624,6596096,6321918294528,25004544,29978062,2429,29975633,2967,10628600,886,10627714,1138,19349462,1543,19347919,1837,18705241,159,18705082,254,6379861,98,6379763,156,12325380,61,12325319,117,75928629624832,225401344,75928404223488,1337435648,69460945761280,217317376,69460728443904,1332846592,6467683863552,8083968,6467675779584,17643520,-1,0,356,0,0,2,0,0,0,0,0,0,0,0,75092980446253,7021256928,75085959189325,8171929220,68773158981376,7014793216,68766144188160,8164757504,6319821464877,6463712,6319815001165,24868808,8604614656,8604614656,0,8604614656,8573157376,8573157376,0,8573157376,31457280,31457280,0,31457280,356,356,0,356,341,341,0,341,15,15,0,15,,,,,,,,,,,,,,,,,,,,,,,,,,,,,,,,,,,,,,,,,,,,,,,,,,,,,,,,,,,,,,,,,,,,,,,,,,,,,,,,,,,,,,,,,,,,,,,,,,,,,,,,,,,,,,,,,,,,,,,,,,,,,,,,,,,,,,,,,,,,,,,,,,,,,,,,,,,,,,
,299,,,,,,,,,,,,,,,,,,,,,,,,,,,,,,,,,,,,,,,,,,,,,,,,,,,,,,,,,,,,,,,,,,,,,,,,,,,,,,,,,,,,,,,,,,,,,,,,,,,,,,,,,,,,,,,,,,,,,,,,,,,29990384,2433,29987951,2967,10632587,886,10631701,1138,19357797,1547,19356250,1837,75777519689728,7032843776,75770486845952,8190438912,69452770688000,7026245632,69445744442368,8183136256,6324749001728,6598144,6324742403584,25004544,75777519689728,7032843776,75770486845952,8190438912,69452770688000,7026245632,69445744442368,8183136256,6324749001728,6598144,6324742403584,25004544,29990384,2433,29987951,2967,10632587,886,10631701,1138,19357797,1547,19356250,1837,18712575,159,18712416,254,6382156,98,6382058,156,12330419,61,12330358,117,75958043421696,225399296,75957818022400,1337435648,69487504778240,217317376,69487287460864,1332846592,6470538643456,8081920,6470530561536,17643520,-1,0,356,0,0,2,0,0,0,0,0,0,0,0,75119745802277,7021257004,75112724545273,8171929220,68797101117952,7014793216,68790086324736,8164757504,6322644684325,6463788,6322638220537,24868808,8604614656,8604614656,0,8604614656,8573157376,8573157376,0,8573157376,31457280,31457280,0,31457280,356,356,0,356,341,341,0,341,15,15,0,15,,,,,,,,,,,,,,,,,,,,,,,,,,,,,,,,,,,,
1.8066465256797582e-06,299,,,,,,,,,,,,,,,,,,,,,,,,,,,,,,,,,,,,,,,,,,,,,,,,,,,,,,,,,,,,,,,,,,,,,,,,,,,,,,,,,,,,,,,,,,,,,,,,,,,,,,,,,,,,,,,,,,,,,,,,,,,,,,,,,,,,,,,,,,,,,,,,,,,,,,,,,,,,,,,,,,,,,,,,,,,,,,,,,,,,,,,,,,,,,,,,,,,,,,,,,,,,,,,,,,,,,,,,,,,,,,,,,,,,,,,,,,,,,,,,,,,,,,,,,,,,,,,,,,,,,,,,,,,,,,,,,,,,,,,,
,299,29990397,2429,29987968,2967,10632587,886,10631701,1138,19357810,1543,19356267,1837,75777519702528,7032841728,75770486860800,8190438912,69452770688000,7026245632,69445744442368,8183136256,6324749014528,6596096,6324742418432,25004544,75777519702528,7032841728,75770486860800,8190438912,69452770688000,7026245632,69445744442368,8183136256,6324749014528,6596096,6324742418432,25004544,29990397,2429,29987968,2967,10632587,886,10631701,1138,19357810,1543,19356267,1837,18712586,157,18712429,254,6382156,98,6382058,156,12330430,59,12330371,117,75958043436544,225401344,75957818035200,1337435648,69487504778240,217317376,69487287460864,1332846592,6470538658304,8083968,6470530574336,17643520,-1,0,356,0,0,2,0,0,0,0,0,0,0,0,75119745809017,7021257036,75112724551981,8171929220,68797101117952,7014793216,68790086324736,8164757504,6322644691065,6463820,6322638227245,24868808,8604614656,8604614656,0,8604614656,8573157376,8573157376,0,8573157376,31457280,31457280,0,31457280,356,356,0,356,341,341,0,341,15,15,0,15,,,,,,,,,,,,,,,,,,,,,,,,,,,,,,,,,,,,,,,,,,,,,,,,,,,,,,,,,,,,,,,,,,,,,,,,,,,,,,,,,,,,,,,,,,,,,,,,,,,,,,,,,,,,,,,,,,,,,,,,,,,,,,,,,,,,,,,,,,,,,,,,,,,,,,,,,,,,,,
,299,,,,,,,,,,,,,,,,,,,,,,,,,,,,,,,,,,,,,,,,,,,,,,,,,,,,,,,,,,,,,,,,,,,,,,,,,,,,,,,,,,,,,,,,,,,,,,,,,,,,,,,,,,,,,,,,,,,,,,,,,,,30002768,2433,30000335,2967,10636670,886,10635784,1138,19366098,1547,19364551,1837,75804980480000,7032843776,75797947636224,8190438912,69477373643776,7026245632,69470347398144,8183136256,6327606836224,6598144,6327600238080,25004544,75804980480000,7032843776,75797947636224,8190438912,69477373643776,7026245632,69470347398144,8183136256,6327606836224,6598144,6327600238080,25004544,30002768,2433,30000335,2967,10636670,886,10635784,1138,19366098,1547,19364551,1837,18720093,157,18719936,254,6384643,98,6384545,156,12335450,59,12335391,117,75987712308224,225399296,75987486908928,1337435648,69514292237312,217317376,69514074919936,1332846592,6473420070912,8081920,6473411988992,17643520,-1,0,356,0,0,2,0,0,0,0,0,0,0,0,75146740379003,7021256992,75139719122011,8171929220,68821238764800,7014793216,68814223971584,8164757504,6325501614203,6463776,6325495150427,24868808,8604614656,8604614656,0,8604614656,8573157376,8573157376,0,8573157376,31457280,31457280,0,31457280,356,356,0,356,341,341,0,341,15,15,0,15,,,,,,,,,,,,,,,,,,,,,,,,,,,,,,,,,,,,
1.8066465256797582e-06,299,,,,,,,,,,,,,,,,,,,,,,,,,,,,,,,,,,,,,,,,,,,,,,,,,,,,,,,,,,,,,,,,,,,,,,,,,,,,,,,,,,,,,,,,,,,,,,,,,,,,,,,,,,,,,,,,,,,,,,,,,,,,,,,,,,,,,,,,,,,,,,,,,,,,,,,,,,,,,,,,,,,,,,,,,,,,,,,,,,,,,,,,,,,,,,,,,,,,,,,,,,,,,,,,,,,,,,,,,,,,,,,,,,,,,,,,,,,,,,,,,,,,,,,,,,,,,,,,,,,,,,,,,,,,,,,,,,,,,,,,
,299,30002781,2429,30000352,2967,10636670,886,10635784,1138,19366111,1543,19364568,1837,75804980491264,7032840192,75797947651072,8190438912,69477373643776,7026245632,69470347398144,8183136256,6327606847488,6594560,6327600252928,25004544,75804980491264,7032840192,75797947651072,8190438912,69477373643776,7026245632,69470347398144,8183136256,6327606847488,6594560,6327600252928,25004544,30002781,2429,30000352,2967,10636670,886,10635784,1138,19366111,1543,19364568,1837,18720107,158,18719949,254,6384643,98,6384545,156,12335464,60,12335404,117,75987712323072,225402880,75987486920192,1337435648,69514292237312,217317376,69514074919936,1332846592,6473420085760,8085504,6473412000256,17643520,-1,0,356,0,0,2,0,0,0,0,0,0,0,0,75146740384519,7021255752,75139719128767,8171929220,68821238764800,7014793216,68814223971584,8164757504,6325501619719,6462536,6325495157183,24868808,8604614656,8604614656,0,8604614656,8573157376,8573157376,0,8573157376,31457280,31457280,0,31457280,356,356,0,356,341,341,0,341,15,15,0,15,,,,,,,,,,,,,,,,,,,,,,,,,,,,,,,,,,,,,,,,,,,,,,,,,,,,,,,,,,,,,,,,,,,,,,,,,,,,,,,,,,,,,,,,,,,,,,,,,,,,,,,,,,,,,,,,,,,,,,,,,,,,,,,,,,,,,,,,,,,,,,,,,,,,,,,,,,,,,,
,299,,,,,,,,,,,,,,,,,,,,,,,,,,,,,,,,,,,,,,,,,,,,,,,,,,,,,,,,,,,,,,,,,,,,,,,,,,,,,,,,,,,,,,,,,,,,,,,,,,,,,,,,,,,,,,,,,,,,,,,,,,,30015652,2433,30013219,2967,10640873,886,10639987,1138,19374779,1547,19373232,1837,75833903363584,7032842240,75826870521344,8190438912,69503466269696,7026245632,69496440024064,8183136256,6330437093888,6596608,6330430497280,25004544,75833903363584,7032842240,75826870521344,8190438912,69503466269696,7026245632,69496440024064,8183136256,6330437093888,6596608,6330430497280,25004544,30015652,2433,30013219,2967,10640873,886,10639987,1138,19374779,1547,19373232,1837,18727984,159,18727825,254,6386984,98,6386886,156,12341000,61,12340939,117,76018774951936,225400832,76018549551104,1337435648,69542493950976,217317376,69542276633600,1332846592,6476281000960,8083456,6476272917504,17643520,-1,0,356,0,0,2,0,0,0,0,0,0,0,0,75175255760696,7021255828,75168234504868,8171929220,68846924789760,7014793216,68839909996544,8164757504,6328330970936,6462612,6328324508324,24868808,8604614656,8604614656,0,8604614656,8573157376,8573157376,0,8573157376,31457280,31457280,0,31457280,356,356,0,356,341,341,0,341,15,15,0,15,,,,,,,,,,,,,,,,,,,,,,,,,,,,,,,,,,,,
,299,,,,,,,,,,,,,,,,,,,,,,,,,,,,,,,,,,,,,,,,,,,,,,,,,,,,,,,,,,,,,,,,,,,,,,,,,,,,,,,,,,,,,,,,,,,,,,,,,,,,,,,,,,,,,,,,,,,,,,,,,,,,,,,,,,,,,,,,,,,,,,,,,,,,,,,,,,,,,,,,,,,,,,,,,,,,,,,,,,,,,,,,,,,,,,,,,,,,,,,,,,,,,,,,,,,,,,,,,,,,,,,,,,,,,,,,,,,,,,,,,,,,,0.0002567768096923828,1.4986310361564392e-06,0.0002792562881950289,0,,,,,,,,,,,,,,,,,,,,,,,,,,,,,,,,
1.987915407854985e-06,349,,,,,,,,,,,,,,,,,,,,,,,,,,,,,,,,,,,,,,,,,,,,,,,,,,,,,,,,,,,,,,,,,,,,,,,,,,,,,,,,,,,,,,,,,,,,,,,,,,,,,,,,,,,,,,,,,,,,,,,,,,,,,,,,,,,,,,,,,,,,,,,,,,,,,,,,,,,,,,,,,,,,,,,,,,,,,,,,,,,,,,,,,,,,,,,,,,,,,,,,,,,,,,,,,,,,,,,,,,,,,,,,,,,,,,,,,,,,,,,,,,,,,,,,,,,,,,,,,,,,,,,,,,,,,,,,,,,,,,,,
,349,34923641,2429,34921212,2967,12408392,886,12407506,1138,22515249,1543,22513706,1837,88738857670656,7036441600,88731821229056,8190438912,81398976855040,7029825536,81391947029504,8183136256,7339880815616,6616064,7339874199552,25004544,88738857670656,7036441600,88731821229056,8190438912,81398976855040,7029825536,81391947029504,8183136256,7339880815616,6616064,7339874199552,25004544,34923641,2429,34921212,2967,12408392,886,12407506,1138,22515249,1543,22513706,1837,21786980,151,21786829,254,7468494,104,7468390,156,14318486,47,14318439,117,88652393025024,255355904,88652137669120,1337435648,81145562973184,249389056,81145313584128,1332846592,7506830051840,5966848,7506824084992,17643520,-1,0,356,0,0,2,0,0,0,0,0,0,0,0,87969249104990,7021278096,87962227826894,8171929220,80631818268672,7014793216,80624803475456,8164757504,7337430836318,6484880,7337424351438,24868808,8604614656,8604614656,0,8604614656,8573157376,8573157376,0,8573157376,31457280,31457280,0,31457280,356,356,0,356,341,341,0,341,15,15,0,15,,,,,,,,,,,,,,,,,,,,,,,,,,,,,,,,,,,,,,,,,,,,,,,,,,,,,,,,,,,,,,,,,,,,,,,,,,,,,,,,,,,,,,,,,,,,,,,,,,,,,,,,,,,,,,,,,,,,,,,,,,,,,,,,,,,,,,,,,,,,,,,,,,,,,,,,,,,,,,
,349,,,,,,,,,,,,,,,,,,,,,,,,,,,,,,,,,,,,,,,,,,,,,,,,,,,,,,,,,,,,,,,,,,,,,,,,,,,,,,,,,,,,,,,,,,,,,,,,,,,,,,,,,,,,,,,,,,,,,,,,,,,34936564,2433,34934131,2967,12415381,886,12414495,1138,22521183,1547,22519636,1837,88819080733696,7038778368,88812041955328,8190438912,81478556594176,7032160256,81471524433920,8183136256,7340524139520,6618112,7340517521408,25004544,88819080733696,7038778368,88812041955328,8190438912,81478556594176,7032160256,81471524433920,8183136256,7340524139520,6618112,7340517521408,25004544,34936564,2433,34934131,2967,12415381,886,12414495,1138,22521183,1547,22519636,1837,21795421,164,21795257,254,7473495,118,7473377,156,14321926,46,14321880,117,88709618859520,339002368,88709279857152,1337435648,81202145490944,337231872,81201808259072,1332846592,7507473368576,1770496,7507471598080,17643520,-1,0,356,0,0,2,0,0,0,0,0,0,0,0,88048334906147,7021278112,88041313628035,8171929220,80710261715712,7014793216,80703246922496,8164757504,7338073190435,6484896,7338066705539,24868808,8604614656,8604614656,0,8604614656,8573157376,8573157376,0,8573157376,31457280,31457280,0,31457280,356,356,0,356,341,341,0,341,15,15,0,15,,,,,,,,,,,,,,,,,,,,,,,,,,,,,,,,,,,,
1.987915407854985e-06,349,,,,,,,,,,,,,,,,,,,,,,,,,,,,,,,,,,,,,,,,,,,,,,,,,,,,,,,,,,,,,,,,,,,,,,,,,,,,,,,,,,,,,,,,,,,,,,,,,,,,,,,,,,,,,,,,,,,,,,,,,,,,,,,,,,,,,,,,,,,,,,,,,,,,,,,,,,,,,,,,,,,,,,,,,,,,,,,,,,,,,,,,,,,,,,,,,,,,,,,,,,,,,,,,,,,,,,,,,,,,,,,,,,,,,,,,,,,,,,,,,,,,,,,,,,,,,,,,,,,,,,,,,,,,,,,,,,,,,,,,
,349,34936577,2429,34934148,2967,12415381,886,12414495,1138,22521196,1543,22519653,1837,88819080754176,7038764032,88812041990144,8190438912,81478556594176,7032160256,81471524433920,8183136256,7340524160000,6603776,7340517556224,25004544,88819080754176,7038764032,88812041990144,8190438912,81478556594176,7032160256,81471524433920,8183136256,7340524160000,6603776,7340517556224,25004544,34936577,2429,34934148,2967,12415381,886,12414495,1138,22521196,1543,22519653,1837,21795432,165,21795267,254,7473495,118,7473377,156,14321937,47,14321890,117,88709618894336,339016704,88709279877632,1337435648,81202145490944,337231872,81201808259072,1332846592,7507473403392,1784832,7507471618560,17643520,-1,0,356,0,0,2,0,0,0,0,0,0,0,0,88048334921119,7021265208,88041313655911,8171929220,80710261715712,7014793216,80703246922496,8164757504,7338073205407,6471992,7338066733415,24868808,8604614656,8604614656,0,8604614656,8573157376,8573157376,0,8573157376,31457280,31457280,0,31457280,356,356,0,356,341,341,0,341,15,15,0,15,,,,,,,,,,,,,,,,,,,,,,,,,,,,,,,,,,,,,,,,,,,,,,,,,,,,,,,,,,,,,,,,,,,,,,,,,,,,,,,,,,,,,,,,,,,,,,,,,,,,,,,,,,,,,,,,,,,,,,,,,,,,,,,,,,,,,,,,,,,,,,,,,,,,,,,,,,,,,,
,349,,,,,,,,,,,,,,,,,,,,,,,,,,,,,,,,,,,,,,,,,,,,,,,,,,,,,,,,,,,,,,,,,,,,,,,,,,,,,,,,,,,,,,,,,,,,,,,,,,,,,,,,,,,,,,,,,,,,,,,,,,,34949451,2433,34947018,2967,12422320,886,12421434,1138,22527131,1547,22525584,1837,88875979417600,7038766080,88868940651520,8190438912,81534650134528,7032160256,81527617974272,8183136256,7341329283072,6605824,7341322677248,25004544,88875979417600,7038766080,88868940651520,8190438912,81534650134528,7032160256,81527617974272,8183136256,7341329283072,6605824,7341322677248,25004544,34949451,2433,34947018,2967,12422320,886,12421434,1138,22527131,1547,22525584,1837,21804575,167,21804408,254,7478852,118,7478734,156,14325723,49,14325674,117,88759056754176,341111808,88758715642368,1337435648,81250578012160,337231872,81250240780288,1332846592,7508478742016,3879936,7508474862080,17643520,-1,0,356,0,0,2,0,0,0,0,0,0,0,0,88104059725336,7021265284,88097038460052,8171929220,80765182506496,7014793216,80758167713280,8164757504,7338877218840,6472068,7338870746772,24868808,8604614656,8604614656,0,8604614656,8573157376,8573157376,0,8573157376,31457280,31457280,0,31457280,356,356,0,356,341,341,0,341,15,15,0,15,,,,,,,,,,,,,,,,,,,,,,,,,,,,,,,,,,,,
1.987915407854985e-06,349,,,,,,,,,,,,,,,,,,,,,,,,,,,,,,,,,,,,,,,,,,,,,,,,,,,,,,,,,,,,,,,,,,,,,,,,,,,,,,,,,,,,,,,,,,,,,,,,,,,,,,,,,,,,,,,,,,,,,,,,,,,,,,,,,,,,,,,,,,,,,,,,,,,,,,,,,,,,,,,,,,,,,,,,,,,,,,,,,,,,,,,,,,,,,,,,,,,,,,,,,,,,,,,,,,,,,,,,,,,,,,,,,,,,,,,,,,,,,,,,,,,,,,,,,,,,,,,,,,,,,,,,,,,,,,,,,,,,,,,,
,349,34949464,2429,34947035,2967,12422320,886,12421434,1138,22527144,1543,22525601,1837,88875979427328,7038753280,88868940674048,8190438912,81534650134528,7032160256,81527617974272,8183136256,7341329292800,6593024,7341322699776,25004544,88875979427328,7038753280,88868940674048,8190438912,81534650134528,7032160256,81527617974272,8183136256,7341329292800,6593024,7341322699776,25004544,34949464,2429,34947035,2967,12422320,886,12421434,1138,22527144,1543,22525601,1837,21804587,166,21804421,254,7478852,118,7478734,156,14325735,48,14325687,117,88759056776704,341124608,88758715652096,1337435648,81250578012160,337231872,81250240780288,1332846592,7508478764544,3892736,7508474871808,17643520,-1,0,356,0,0,2,0,0,0,0,0,0,0,0,88104059728620,7021253580,88097038475040,8171929220,80765182506496,7014793216,80758167713280,8164757504,7338877222124,6460364,7338870761760,24868808,8604614656,8604614656,0,8604614656,8573157376,8573157376,0,8573157376,31457280,31457280,0,31457280,356,356,0,356,341,341,0,341,15,15,0,15,,,,,,,,,,,,,,,,,,,,,,,,,,,,,,,,,,,,,,,,,,,,,,,,,,,,,,,,,,,,,,,,,,,,,,,,,,,,,,,,,,,,,,,,,,,,,,,,,,,,,,,,,,,,,,,,,,,,,,,,,,,,,,,,,,,,,,,,,,,,,,,,,,,,,,,,,,,,,,
,349,,,,,,,,,,,,,,,,,,,,,,,,,,,,,,,,,,,,,,,,,,,,,,,,,,,,,,,,,,,,,,,,,,,,,,,,,,,,,,,,,,,,,,,,,,,,,,,,,,,,,,,,,,,,,,,,,,,,,,,,,,,34961786,2433,34959353,2967,12426398,886,12425512,1138,22535388,1547,22533841,1837,88903816046080,7038755328,88896777290752,8190438912,81559613919232,7032160256,81552581758976,8183136256,7344202126848,6595072,7344195531776,25004544,88903816046080,7038755328,88896777290752,8190438912,81559613919232,7032160256,81552581758976,8183136256,7344202126848,6595072,7344195531776,25004544,34961786,2433,34959353,2967,12426398,886,12425512,1138,22535388,1547,22533841,1837,21813026,167,21812859,254,7481644,118,7481526,156,14331382,49,14331333,117,88789923123200,339025408,88789584097792,1337435648,81278350743552,337231872,81278013511680,1332846592,7511572379648,1793536,7511570586112,17643520,-1,0,356,0,0,2,0,0,0,0,0,0,0,0,88131076686259,7021253596,88124055432663,8171929220,80789327497472,7014793216,80782312704256,8164757504,7341749188787,6460380,7341742728407,24868808,8604614656,8604614656,0,8604614656,8573157376,8573157376,0,8573157376,31457280,31457280,0,31457280,356,356,0,356,341,341,0,341,15,15,0,15,,,,,,,,,,,,,,,,,,,,,,,,,,,,,,,,,,,,
1.987915407854985e-06,349,,,,,,,,,,,,,,,,,,,,,,,,,,,,,,,,,,,,,,,,,,,,,,,,,,,,,,,,,,,,,,,,,,,,,,,,,,,,,,,,,,,,,,,,,,,,,,,,,,,,,,,,,,,,,,,,,,,,,,,,,,,,,,,,,,,,,,,,,,,,,,,,,,,,,,,,,,,,,,,,,,,,,,,,,,,,,,,,,,,,,,,,,,,,,,,,,,,,,,,,,,,,,,,,,,,,,,,,,,,,,,,,,,,,,,,,,,,,,,,,,,,,,,,,,,,,,,,,,,,,,,,,,,,,,,,,,,,,,,,,
,349,34961799,2429,34959370,2967,12426398,886,12425512,1138,22535401,1543,22533858,1837,88903816065024,7038762496,88896777302528,8190438912,81559613919232,7032160256,81552581758976,8183136256,7344202145792,6602240,7344195543552,25004544,88903816065024,7038762496,88896777302528,8190438912,81559613919232,7032160256,81552581758976,8183136256,7344202145792,6602240,7344195543552,25004544,34961799,2429,34959370,2967,12426398,886,12425512,1138,22535401,1543,22533858,1837,21813040,171,21812869,254,7481644,118,7481526,156,14331396,53,14331343,117,88789923134976,339018240,88789584116736,1337435648,81278350743552,337231872,81278013511680,1332846592,7511572391424,1786368,7511570605056,17643520,-1,0,356,0,0,2,0,0,0,0,0,0,0,0,88131076699095,7021263132,88124055435963,8171929220,80789327497472,7014793216,80782312704256,8164757504,7341749201623,6469916,7341742731707,24868808,8604614656,8604614656,0,8604614656,8573157376,8573157376,0,8573157376,31457280,31457280,0,31457280,356,356,0,356,341,341,0,341,15,15,0,15,,,,,,,,,,,,,,,,,,,,,,,,,,,,,,,,,,,,,,,,,,,,,,,,,,,,,,,,,,,,,,,,,,,,,,,,,,,,,,,,,,,,,,,,,,,,,,,,,,,,,,,,,,,,,,,,,,,,,,,,,,,,,,,,,,,,,,,,,,,,,,,,,,,,,,,,,,,,,,
,349,,,,,,,,,,,,,,,,,,,,,,,,,,,,,,,,,,,,,,,,,,,,,,,,,,,,,,,,,,,,,,,,,,,,,,,,,,,,,,,,,,,,,,,,,,,,,,,,,,,,,,,,,,,,,,,,,,,,,,,,,,,34974673,2433,34972240,2967,12433289,886,12432403,1138,22541384,1547,22539837,1837,88960010670592,7038764544,88952971906048,8190438912,81614968147968,7032160256,81607935987712,8183136256,7345042522624,6604288,7345035918336,25004544,88960010670592,7038764544,88952971906048,8190438912,81614968147968,7032160256,81607935987712,8183136256,7345042522624,6604288,7345035918336,25004544,34974673,2433,34972240,2967,12433289,886,12432403,1138,22541384,1547,22539837,1837,21822685,165,21822520,254,7487127,118,7487009,156,14335558,47,14335511,117,88838563012608,339016192,88838223996416,1337435648,81325754087424,337231872,81325416855552,1332846592,7512808925184,1784320,7512807140864,17643520,-1,0,356,0,0,2,0,0,0,0,0,0,0,0,88186507466643,7021263148,88179486203495,8171929220,80843918625792,7014793216,80836903832576,8164757504,7342588840851,6469932,7342582370919,24868808,8604614656,8604614656,0,8604614656,8573157376,8573157376,0,8573157376,31457280,31457280,0,31457280,356,356,0,356,341,341,0,341,15,15,0,15,,,,,,,,,,,,,,,,,,,,,,,,,,,,,,,,,,,,
1.987915407854985e-06,349,,,,,,,,,,,,,,,,,,,,,,,,,,,,,,,,,,,,,,,,,,,,,,,,,,,,,,,,,,,,,,,,,,,,,,,,,,,,,,,,,,,,,,,,,,,,,,,,,,,,,,,,,,,,,,,,,,,,,,,,,,,,,,,,,,,,,,,,,,,,,,,,,,,,,,,,,,,,,,,,,,,,,,,,,,,,,,,,,,,,,,,,,,,,,,,,,,,,,,,,,,,,,,,,,,,,,,,,,,,,,,,,,,,,,,,,,,,,,,,,,,,,,,,,,,,,,,,,,,,,,,,,,,,,,,,,,,,,,,,,
,349,34974686,2429,34972257,2967,12433289,886,12432403,1138,22541397,1543,22539854,1837,88960010688000,7038760960,88952971927040,8190438912,81614968147968,7032160256,81607935987712,8183136256,7345042540032,6600704,7345035939328,25004544,88960010688000,7038760960,88952971927040,8190438912,81614968147968,7032160256,81607935987712,8183136256,7345042540032,6600704,7345035939328,25004544,34974686,2429,34972257,2967,12433289,886,12432403,1138,22541397,1543,22539854,1837,21822697,165,21822532,254,7487127,118,7487009,156,14335570,47,14335523,117,88838563033600,339019776,88838224013824,1337435648,81325754087424,337231872,81325416855552,1332846592,7512808946176,1787904,7512807158272,17643520,-1,0,356,0,0,2,0,0,0,0,0,0,0,0,88186507477847,7021261500,88179486216347,8171929220,80843918625792,7014793216,80836903832576,8164757504,7342588852055,6468284,7342582383771,24868808,8604614656,8604614656,0,8604614656,8573157376,8573157376,0,8573157376,31457280,31457280,0,31457280,356,356,0,356,341,341,0,341,15,15,0,15,,,,,,,,,,,,,,,,,,,,,,,,,,,,,,,,,,,,,,,,,,,,,,,,,,,,,,,,,,,,,,,,,,,,,,,,,,,,,,,,,,,,,,,,,,,,,,,,,,,,,,,,,,,,,,,,,,,,,,,,,,,,,,,,,,,,,,,,,,,,,,,,,,,,,,,,,,,,,,
,349,,,,,,,,,,,,,,,,,,,,,,,,,,,,,,,,,,,,,,,,,,,,,,,,,,,,,,,,,,,,,,,,,,,,,,,,,,,,,,,,,,,,,,,,,,,,,,,,,,,,,,,,,,,,,,,,,,,,,,,,,,,34987008,2433,34984575,2967,12437372,886,12436486,1138,22549636,1547,22548089,1837,88988041907200,7038763008,88981003144192,8190438912,81640003616768,7032160256,81632971456512,8183136256,7348038290432,6602752,7348031687680,25004544,88988041907200,7038763008,88981003144192,8190438912,81640003616768,7032160256,81632971456512,8183136256,7348038290432,6602752,7348031687680,25004544,34987008,2433,34984575,2967,12437372,886,12436486,1138,22549636,1547,22548089,1837,21831170,171,21830999,254,7489912,118,7489794,156,14341258,53,14341205,117,88869603840000,339017728,88869264822272,1337435648,81353528051712,337231872,81353190819840,1332846592,7516075788288,1785856,7516074002432,17643520,-1,0,356,0,0,2,0,0,0,0,0,0,0,0,88213786425207,7021261516,88206765163691,8171929220,80868202614528,7014793216,80861187821312,8164757504,7345583810679,6468300,7345577342379,24868808,8604614656,8604614656,0,8604614656,8573157376,8573157376,0,8573157376,31457280,31457280,0,31457280,356,356,0,356,341,341,0,341,15,15,0,15,,,,,,,,,,,,,,,,,,,,,,,,,,,,,,,,,,,,
1.987915407854985e-06,349,,,,,,,,,,,,,,,,,,,,,,,,,,,,,,,,,,,,,,,,,,,,,,,,,,,,,,,,,,,,,,,,,,,,,,,,,,,,,,,,,,,,,,,,,,,,,,,,,,,,,,,,,,,,,,,,,,,,,,,,,,,,,,,,,,,,,,,,,,,,,,,,,,,,,,,,,,,,,,,,,,,,,,,,,,,,,,,,,,,,,,,,,,,,,,,,,,,,,,,,,,,,,,,,,,,,,,,,,,,,,,,,,,,,,,,,,,,,,,,,,,,,,,,,,,,,,,,,,,,,,,,,,,,,,,,,,,,,,,,,
,349,34987021,2429,34984592,2967,12437372,886,12436486,1138,22549649,1543,22548106,1837,88988041918464,7038754816,88981003163648,8190438912,81640003616768,7032160256,81632971456512,8183136256,7348038301696,6594560,7348031707136,25004544,88988041918464,7038754816,88981003163648,8190438912,81640003616768,7032160256,81632971456512,8183136256,7348038301696,6594560,7348031707136,25004544,34987021,2429,34984592,2967,12437372,886,12436486,1138,22549649,1543,22548106,1837,21831182,168,21831014,254,7489912,118,7489794,156,14341270,50,14341220,117,88869603859456,339025920,88869264833536,1337435648,81353528051712,337231872,81353190819840,1332846592,7516075807744,1794048,7516074013696,17643520,-1,0,356,0,0,2,0,0,0,0,0,0,0,0,88213786431035,7021256124,88206765174911,8171929220,80868202614528,7014793216,80861187821312,8164757504,7345583816507,6462908,7345577353599,24868808,8604614656,8604614656,0,8604614656,8573157376,8573157376,0,8573157376,31457280,31457280,0,31457280,356,356,0,356,341,341,0,341,15,15,0,15,,,,,,,,,,,,,,,,,,,,,,,,,,,,,,,,,,,,,,,,,,,,,,,,,,,,,,,,,,,,,,,,,,,,,,,,,,,,,,,,,,,,,,,,,,,,,,,,,,,,,,,,,,,,,,,,,,,,,,,,,,,,,,,,,,,,,,,,,,,,,,,,,,,,,,,,,,,,,,
,349,,,,,,,,,,,,,,,,,,,,,,,,,,,,,,,,,,,,,,,,,,,,,,,,,,,,,,,,,,,,,,,,,,,,,,,,,,,,,,,,,,,,,,,,,,,,,,,,,,,,,,,,,,,,,,,,,,,,,,,,,,,34999392,2433,34996959,2967,12441450,886,12440564,1138,22557942,1547,22556395,1837,89016048156672,7038756864,89009009399808,8190438912,81665022283776,7032160256,81657990123520,8183136256,7351025872896,6596608,7351019276288,25004544,89016048156672,7038756864,89009009399808,8190438912,81665022283776,7032160256,81657990123520,8183136256,7351025872896,6596608,7351019276288,25004544,34999392,2433,34996959,2967,12441450,886,12440564,1138,22557942,1547,22556395,1837,21839720,165,21839555,254,7492692,118,7492574,156,14347028,47,14346981,117,88900584897536,339023872,88900245873664,1337435648,81381291980800,337231872,81380954748928,1332846592,7519292916736,1792000,7519291124736,17643520,-1,0,356,0,0,2,0,0,0,0,0,0,0,0,88241034955009,7021256080,88234013698929,8171929220,80892464390656,7014793216,80885449597440,8164757504,7348570564353,6462864,7348564101489,24868808,8604614656,8604614656,0,8604614656,8573157376,8573157376,0,8573157376,31457280,31457280,0,31457280,356,356,0,356,341,341,0,341,15,15,0,15,,,,,,,,,,,,,,,,,,,,,,,,,,,,,,,,,,,,
1.987915407854985e-06,349,,,,,,,,,,,,,,,,,,,,,,,,,,,,,,,,,,,,,,,,,,,,,,,,,,,,,,,,,,,,,,,,,,,,,,,,,,,,,,,,,,,,,,,,,,,,,,,,,,,,,,,,,,,,,,,,,,,,,,,,,,,,,,,,,,,,,,,,,,,,,,,,,,,,,,,,,,,,,,,,,,,,,,,,,,,,,,,,,,,,,,,,,,,,,,,,,,,,,,,,,,,,,,,,,,,,,,,,,,,,,,,,,,,,,,,,,,,,,,,,,,,,,,,,,,,,,,,,,,,,,,,,,,,,,,,,,,,,,,,,
,349,34999405,2429,34996976,2967,12441450,886,12440564,1138,22557955,1543,22556412,1837,89016048174080,7038760960,89009009413120,8190438912,81665022283776,7032160256,81657990123520,8183136256,7351025890304,6600704,7351019289600,25004544,89016048174080,7038760960,89009009413120,8190438912,81665022283776,7032160256,81657990123520,8183136256,7351025890304,6600704,7351019289600,25004544,34999405,2429,34996976,2967,12441450,886,12440564,1138,22557955,1543,22556412,1837,21839734,167,21839567,254,7492692,118,7492574,156,14347042,49,14346993,117,88900584910848,339019776,88900245891072,1337435648,81381291980800,337231872,81380954748928,1332846592,7519292930048,1787904,7519291142144,17643520,-1,0,356,0,0,2,0,0,0,0,0,0,0,0,88241034967581,7021262808,88234013704773,8171929220,80892464390656,7014793216,80885449597440,8164757504,7348570576925,6469592,7348564107333,24868808,8604614656,8604614656,0,8604614656,8573157376,8573157376,0,8573157376,31457280,31457280,0,31457280,356,356,0,356,341,341,0,341,15,15,0,15,,,,,,,,,,,,,,,,,,,,,,,,,,,,,,,,,,,,,,,,,,,,,,,,,,,,,,,,,,,,,,,,,,,,,,,,,,,,,,,,,,,,,,,,,,,,,,,,,,,,,,,,,,,,,,,,,,,,,,,,,,,,,,,,,,,,,,,,,,,,,,,,,,,,,,,,,,,,,,
,349,,,,,,,,,,,,,,,,,,,,,,,,,,,,,,,,,,,,,,,,,,,,,,,,,,,,,,,,,,,,,,,,,,,,,,,,,,,,,,,,,,,,,,,,,,,,,,,,,,,,,,,,,,,,,,,,,,,,,,,,,,,35011727,2433,35009294,2967,12445533,886,12444647,1138,22566194,1547,22564647,1837,89044023125504,7038763008,89036984362496,8190438912,81690039009280,7032160256,81683006849024,8183136256,7353984116224,6602752,7353977513472,25004544,89044023125504,7038763008,89036984362496,8190438912,81690039009280,7032160256,81683006849024,8183136256,7353984116224,6602752,7353977513472,25004544,35011727,2433,35009294,2967,12445533,886,12444647,1138,22566194,1547,22564647,1837,21848101,168,21847933,254,7495487,118,7495369,156,14352614,50,14352564,117,88931532665344,339017728,88931193647616,1337435648,81409067501568,337231872,81408730269696,1332846592,7522465163776,1785856,7522463377920,17643520,-1,0,356,0,0,2,0,0,0,0,0,0,0,0,88268238669586,7021262884,88261217406702,8171929220,80916710679808,7014793216,80909695886592,8164757504,7351527989778,6469668,7351521520110,24868808,8604614656,8604614656,0,8604614656,8573157376,8573157376,0,8573157376,31457280,31457280,0,31457280,356,356,0,356,341,341,0,341,15,15,0,15,,,,,,,,,,,,,,,,,,,,,,,,,,,,,,,,,,,,
1.987915407854985e-06,349,,,,,,,,,,,,,,,,,,,,,,,,,,,,,,,,,,,,,,,,,,,,,,,,,,,,,,,,,,,,,,,,,,,,,,,,,,,,,,,,,,,,,,,,,,,,,,,,,,,,,,,,,,,,,,,,,,,,,,,,,,,,,,,,,,,,,,,,,,,,,,,,,,,,,,,,,,,,,,,,,,,,,,,,,,,,,,,,,,,,,,,,,,,,,,,,,,,,,,,,,,,,,,,,,,,,,,,,,,,,,,,,,,,,,,,,,,,,,,,,,,,,,,,,,,,,,,,,,,,,,,,,,,,,,,,,,,,,,,,,
,349,35011740,2429,35009311,2967,12445533,886,12444647,1138,22566207,1543,22564664,1837,89044023136768,7038754816,89036984381952,8190438912,81690039009280,7032160256,81683006849024,8183136256,7353984127488,6594560,7353977532928,25004544,89044023136768,7038754816,89036984381952,8190438912,81690039009280,7032160256,81683006849024,8183136256,7353984127488,6594560,7353977532928,25004544,35011740,2429,35009311,2967,12445533,886,12444647,1138,22566207,1543,22564664,1837,21848114,167,21847947,254,7495487,118,7495369,156,14352627,49,14352578,117,88931532684800,339025920,88931193658880,1337435648,81409067501568,337231872,81408730269696,1332846592,7522465183232,1794048,7522463389184,17643520,-1,0,356,0,0,2,0,0,0,0,0,0,0,0,88268238674790,7021255500,88261217419290,8171929220,80916710679808,7014793216,80909695886592,8164757504,7351527994982,6462284,7351521532698,24868808,8604614656,8604614656,0,8604614656,8573157376,8573157376,0,8573157376,31457280,31457280,0,31457280,356,356,0,356,341,341,0,341,15,15,0,15,,,,,,,,,,,,,,,,,,,,,,,,,,,,,,,,,,,,,,,,,,,,,,,,,,,,,,,,,,,,,,,,,,,,,,,,,,,,,,,,,,,,,,,,,,,,,,,,,,,,,,,,,,,,,,,,,,,,,,,,,,,,,,,,,,,,,,,,,,,,,,,,,,,,,,,,,,,,,,
,349,,,,,,,,,,,,,,,,,,,,,,,,,,,,,,,,,,,,,,,,,,,,,,,,,,,,,,,,,,,,,,,,,,,,,,,,,,,,,,,,,,,,,,,,,,,,,,,,,,,,,,,,,,,,,,,,,,,,,,,,,,,35024611,2433,35022178,2967,12449832,886,12448946,1138,22574779,1547,22573232,1837,89073846480896,7038756864,89066807724032,8190438912,81716948725760,7032160256,81709916565504,8183136256,7356897755136,6596608,7356891158528,25004544,89073846480896,7038756864,89066807724032,8190438912,81716948725760,7032160256,81709916565504,8183136256,7356897755136,6596608,7356891158528,25004544,35024611,2433,35022178,2967,12449832,886,12448946,1138,22574779,1547,22573232,1837,21857055,166,21856889,254,7498450,118,7498332,156,14358605,48,14358557,117,88964134437888,339023872,88963795414016,1337435648,81438564481024,337231872,81438227249152,1332846592,7525569956864,1792000,7525568164864,17643520,-1,0,356,0,0,2,0,0,0,0,0,0,0,0,88297084811389,7021255516,88290063555873,8171929220,80942644037632,7014793216,80935629244416,8164757504,7354440773757,6462300,7354434311457,24868808,8604614656,8604614656,0,8604614656,8573157376,8573157376,0,8573157376,31457280,31457280,0,31457280,356,356,0,356,341,341,0,341,15,15,0,15,,,,,,,,,,,,,,,,,,,,,,,,,,,,,,,,,,,,
,349,,,,,,,,,,,,,,,,,,,,,,,,,,,,,,,,,,,,,,,,,,,,,,,,,,,,,,,,,,,,,,,,,,,,,,,,,,,,,,,,,,,,,,,,,,,,,,,,,,,,,,,,,,,,,,,,,,,,,,,,,,,,,,,,,,,,,,,,,,,,,,,,,,,,,,,,,,,,,,,,,,,,,,,,,,,,,,,,,,,,,,,,,,,,,,,,,,,,,,,,,,,,,,,,,,,,,,,,,,,,,,,,,,,,,,,,,,,,,,,,,,,,,0.00028324127197265625,1.9073486612342094e-07,0.000286102294921875,0,,,,,,,,,,,,,,,,,,,,,,,,,,,,,,,,
1.954347096341054e-06,399,,,,,,,,,,,,,,,,,,,,,,,,,,,,,,,,,,,,,,,,,,,,,,,,,,,,,,,,,,,,,,,,,,,,,,,,,,,,,,,,,,,,,,,,,,,,,,,,,,,,,,,,,,,,,,,,,,,,,,,,,,,,,,,,,,,,,,,,,,,,,,,,,,,,,,,,,,,,,,,,,,,,,,,,,,,,,,,,,,,,,,,,,,,,,,,,,,,,,,,,,,,,,,,,,,,,,,,,,,,,,,,,,,,,,,,,,,,,,,,,,,,,,,,,,,,,,,,,,,,,,,,,,,,,,,,,,,,,,,,,
,399,39929837,2429,39927408,2967,14209402,886,14208516,1138,25720435,1543,25718892,1837,101707421995520,7031399936,101700390595584,8190438912,93329409827840,7024803840,93322385024000,8183136256,8378012167680,6596096,8378005571584,25004544,101707421995520,7031399936,101700390595584,8190438912,93329409827840,7024803840,93322385024000,8183136256,8378012167680,6596096,8378005571584,25004544,39929837,2429,39927408,2967,14209402,886,14208516,1138,25720435,1543,25718892,1837,24976092,145,24975947,254,8586833,98,8586735,156,16389259,47,16389212,118,101492647258624,262494720,101492384763904,1337435648,92913177191424,254410752,92912922780672,1332846592,8579470067200,8083968,8579461983232,17966592,-1,0,357,0,0,2,0,0,0,0,0,0,0,0,100799528400925,7021257900,100792507143025,8176189728,92424315843584,7014793216,92417301050368,8169017344,8375212557341,6464684,8375206092657,24868808,8684306432,8684306432,0,8684306432,8652849152,8652849152,0,8652849152,31457280,31457280,0,31457280,357,357,0,357,342,342,0,342,15,15,0,15,,,,,,,,,,,,,,,,,,,,,,,,,,,,,,,,,,,,,,,,,,,,,,,,,,,,,,,,,,,,,,,,,,,,,,,,,,,,,,,,,,,,,,,,,,,,,,,,,,,,,,,,,,,,,,,,,,,,,,,,,,,,,,,,,,,,,,,,,,,,,,,,,,,,,,,,,,,,,,
,399,,,,,,,,,,,,,,,,,,,,,,,,,,,,,,,,,,,,,,,,,,,,,,,,,,,,,,,,,,,,,,,,,,,,,,,,,,,,,,,,,,,,,,,,,,,,,,,,,,,,,,,,,,,,,,,,,,,,,,,,,,,39942208,2433,39939775,2967,14213485,886,14212599,1138,25728723,1547,25727176,1837,101735045994496,7040216576,101728005777920,8190438912,93354075919360,7033618432,93347042300928,8183136256,8380970075136,6598144,8380963476992,25004544,101735045994496,7040216576,101728005777920,8190438912,93354075919360,7033618432,93347042300928,8183136256,8380970075136,6598144,8380963476992,25004544,39942208,2433,39939775,2967,14213485,886,14212599,1138,25728723,1547,25727176,1837,24983672,144,24983528,254,8589408,107,8589301,156,16394264,37,16394227,118,101520413304832,251580928,101520161723904,1337435648,92937923712000,245596160,92937678115840,1332846592,8582489592832,5984768,8582483608064,17966592,-1,0,357,0,0,2,0,0,0,0,0,0,0,0,100826727581715,7021257856,100819706323859,8176189728,92448557954816,7014793216,92441543161600,8169017344,8378169626899,6464640,8378163162259,24868808,8684306432,8684306432,0,8684306432,8652849152,8652849152,0,8652849152,31457280,31457280,0,31457280,357,357,0,357,342,342,0,342,15,15,0,15,,,,,,,,,,,,,,,,,,,,,,,,,,,,,,,,,,,,
1.954347096341054e-06,399,,,,,,,,,,,,,,,,,,,,,,,,,,,,,,,,,,,,,,,,,,,,,,,,,,,,,,,,,,,,,,,,,,,,,,,,,,,,,,,,,,,,,,,,,,,,,,,,,,,,,,,,,,,,,,,,,,,,,,,,,,,,,,,,,,,,,,,,,,,,,,,,,,,,,,,,,,,,,,,,,,,,,,,,,,,,,,,,,,,,,,,,,,,,,,,,,,,,,,,,,,,,,,,,,,,,,,,,,,,,,,,,,,,,,,,,,,,,,,,,,,,,,,,,,,,,,,,,,,,,,,,,,,,,,,,,,,,,,,,,
,399,39942221,2429,39939792,2967,14213485,886,14212599,1138,25728736,1543,25727193,1837,101735046011904,7040219136,101728005792768,8190438912,93354075919360,7033618432,93347042300928,8183136256,8380970092544,6600704,8380963491840,25004544,101735046011904,7040219136,101728005792768,8190438912,93354075919360,7033618432,93347042300928,8183136256,8380970092544,6600704,8380963491840,25004544,39942221,2429,39939792,2967,14213485,886,14212599,1138,25728736,1543,25727193,1837,24983685,143,24983542,254,8589408,107,8589301,156,16394277,36,16394241,118,101520413319168,249481216,101520163837952,1337435648,92937923712000,245596160,92937678115840,1332846592,8582489607168,3885056,8582485722112,17966592,-1,0,357,0,0,2,0,0,0,0,0,0,0,0,100826727593519,7021262040,100819706331479,8176189728,92448557954816,7014793216,92441543161600,8169017344,8378169638703,6468824,8378163169879,24868808,8684306432,8684306432,0,8684306432,8652849152,8652849152,0,8652849152,31457280,31457280,0,31457280,357,357,0,357,342,342,0,342,15,15,0,15,,,,,,,,,,,,,,,,,,,,,,,,,,,,,,,,,,,,,,,,,,,,,,,,,,,,,,,,,,,,,,,,,,,,,,,,,,,,,,,,,,,,,,,,,,,,,,,,,,,,,,,,,,,,,,,,,,,,,,,,,,,,,,,,,,,,,,,,,,,,,,,,,,,,,,,,,,,,,,
,399,,,,,,,,,,,,,,,,,,,,,,,,,,,,,,,,,,,,,,,,,,,,,,,,,,,,,,,,,,,,,,,,,,,,,,,,,,,,,,,,,,,,,,,,,,,,,,,,,,,,,,,,,,,,,,,,,,,,,,,,,,,39954592,2433,39952159,2967,14217568,886,14216682,1138,25737024,1547,25735477,1837,101763102963712,7040221184,101756062742528,8190438912,93378924872704,7033618432,93371891254272,8183136256,8384178091008,6602752,8384171488256,25004544,101763102963712,7040221184,101756062742528,8190438912,93378924872704,7033618432,93371891254272,8183136256,8384178091008,6602752,8384171488256,25004544,39954592,2433,39952159,2967,14217568,886,14216682,1138,25737024,1547,25735477,1837,24991761,146,24991615,254,8591953,107,8591846,156,16399808,39,16399769,118,101550991090688,249479168,101550741611520,1337435648,92965281178624,245596160,92965035582464,1332846592,8585709912064,3883008,8585706029056,17966592,-1,0,357,0,0,2,0,0,0,0,0,0,0,0,100854440017734,7021262056,100847418755678,8176189728,92473063070208,7014793216,92466048276992,8169017344,8381376947526,6468840,8381370478686,24868808,8684306432,8684306432,0,8684306432,8652849152,8652849152,0,8652849152,31457280,31457280,0,31457280,357,357,0,357,342,342,0,342,15,15,0,15,,,,,,,,,,,,,,,,,,,,,,,,,,,,,,,,,,,,
1.954347096341054e-06,399,,,,,,,,,,,,,,,,,,,,,,,,,,,,,,,,,,,,,,,,,,,,,,,,,,,,,,,,,,,,,,,,,,,,,,,,,,,,,,,,,,,,,,,,,,,,,,,,,,,,,,,,,,,,,,,,,,,,,,,,,,,,,,,,,,,,,,,,,,,,,,,,,,,,,,,,,,,,,,,,,,,,,,,,,,,,,,,,,,,,,,,,,,,,,,,,,,,,,,,,,,,,,,,,,,,,,,,,,,,,,,,,,,,,,,,,,,,,,,,,,,,,,,,,,,,,,,,,,,,,,,,,,,,,,,,,,,,,,,,,
,399,39954605,2429,39952176,2967,14217568,886,14216682,1138,25737037,1543,25735494,1837,101763102978048,7040216064,101756062761984,8190438912,93378924872704,7033618432,93371891254272,8183136256,8384178105344,6597632,8384171507712,25004544,101763102978048,7040216064,101756062761984,8190438912,93378924872704,7033618432,93371891254272,8183136256,8384178105344,6597632,8384171507712,25004544,39954605,2429,39952176,2967,14217568,886,14216682,1138,25737037,1543,25735494,1837,24991773,145,24991628,254,8591953,107,8591846,156,16399820,38,16399782,118,101550991110144,249484288,101550741625856,1337435648,92965281178624,245596160,92965035582464,1332846592,8585709931520,3888128,8585706043392,17966592,-1,0,357,0,0,2,0,0,0,0,0,0,0,0,100854440026874,7021259376,100847418767498,8176189728,92473063070208,7014793216,92466048276992,8169017344,8381376956666,6466160,8381370490506,24868808,8684306432,8684306432,0,8684306432,8652849152,8652849152,0,8652849152,31457280,31457280,0,31457280,357,357,0,357,342,342,0,342,15,15,0,15,,,,,,,,,,,,,,,,,,,,,,,,,,,,,,,,,,,,,,,,,,,,,,,,,,,,,,,,,,,,,,,,,,,,,,,,,,,,,,,,,,,,,,,,,,,,,,,,,,,,,,,,,,,,,,,,,,,,,,,,,,,,,,,,,,,,,,,,,,,,,,,,,,,,,,,,,,,,,,
,399,,,,,,,,,,,,,,,,,,,,,,,,,,,,,,,,,,,,,,,,,,,,,,,,,,,,,,,,,,,,,,,,,,,,,,,,,,,,,,,,,,,,,,,,,,,,,,,,,,,,,,,,,,,,,,,,,,,,,,,,,,,39966976,2433,39964543,2967,14221651,886,14220765,1138,25745325,1547,25743778,1837,101790696375296,7040218112,101783656157184,8190438912,93403572651008,7033618432,93396539032576,8183136256,8387123724288,6599680,8387117124608,25004544,101790696375296,7040218112,101783656157184,8190438912,93403572651008,7033618432,93396539032576,8183136256,8387123724288,6599680,8387117124608,25004544,39966976,2433,39964543,2967,14221651,886,14220765,1138,25745325,1547,25743778,1837,24999977,148,24999829,254,8594499,107,8594392,156,16405478,41,16405437,118,101580887718912,249482240,101580638236672,1337435648,92992150774784,245596160,92991905178624,1332846592,8588736944128,3886080,8588733058048,17966592,-1,0,357,0,0,2,0,0,0,0,0,0,0,0,100881615185407,7021259392,100874593926015,8176189728,92497293454592,7014793216,92490278661376,8169017344,8384321730815,6466176,8384315264639,24868808,8684306432,8684306432,0,8684306432,8652849152,8652849152,0,8652849152,31457280,31457280,0,31457280,357,357,0,357,342,342,0,342,15,15,0,15,,,,,,,,,,,,,,,,,,,,,,,,,,,,,,,,,,,,
1.954347096341054e-06,399,,,,,,,,,,,,,,,,,,,,,,,,,,,,,,,,,,,,,,,,,,,,,,,,,,,,,,,,,,,,,,,,,,,,,,,,,,,,,,,,,,,,,,,,,,,,,,,,,,,,,,,,,,,,,,,,,,,,,,,,,,,,,,,,,,,,,,,,,,,,,,,,,,,,,,,,,,,,,,,,,,,,,,,,,,,,,,,,,,,,,,,,,,,,,,,,,,,,,,,,,,,,,,,,,,,,,,,,,,,,,,,,,,,,,,,,,,,,,,,,,,,,,,,,,,,,,,,,,,,,,,,,,,,,,,,,,,,,,,,,
,399,39966989,2429,39964560,2967,14221651,886,14220765,1138,25745338,1543,25743795,1837,101790696388096,7040214528,101783656173568,8190438912,93403572651008,7033618432,93396539032576,8183136256,8387123737088,6596096,8387117140992,25004544,101790696388096,7040214528,101783656173568,8190438912,93403572651008,7033618432,93396539032576,8183136256,8387123737088,6596096,8387117140992,25004544,39966989,2429,39964560,2967,14221651,886,14220765,1138,25745338,1543,25743795,1837,24999988,144,24999844,254,8594499,107,8594392,156,16405489,37,16405452,118,101580887735296,249485824,101580638249472,1337435648,92992150774784,245596160,92991905178624,1332846592,8588736960512,3889664,8588733070848,17966592,-1,0,357,0,0,2,0,0,0,0,0,0,0,0,100881615192243,7021257072,100874593935171,8176189728,92497293454592,7014793216,92490278661376,8169017344,8384321737651,6463856,8384315273795,24868808,8684306432,8684306432,0,8684306432,8652849152,8652849152,0,8652849152,31457280,31457280,0,31457280,357,357,0,357,342,342,0,342,15,15,0,15,,,,,,,,,,,,,,,,,,,,,,,,,,,,,,,,,,,,,,,,,,,,,,,,,,,,,,,,,,,,,,,,,,,,,,,,,,,,,,,,,,,,,,,,,,,,,,,,,,,,,,,,,,,,,,,,,,,,,,,,,,,,,,,,,,,,,,,,,,,,,,,,,,,,,,,,,,,,,,
,399,,,,,,,,,,,,,,,,,,,,,,,,,,,,,,,,,,,,,,,,,,,,,,,,,,,,,,,,,,,,,,,,,,,,,,,,,,,,,,,,,,,,,,,,,,,,,,,,,,,,,,,,,,,,,,,,,,,,,,,,,,,39979311,2433,39976878,2967,14225638,886,14224752,1138,25753673,1547,25752126,1837,101817896768000,7040216576,101810856551424,8190438912,93427901936640,7033618432,93420868318208,8183136256,8389994831360,6598144,8389988233216,25004544,101817896768000,7040216576,101810856551424,8190438912,93427901936640,7033618432,93420868318208,8183136256,8389994831360,6598144,8389988233216,25004544,39979311,2433,39976878,2967,14225638,886,14224752,1138,25753673,1547,25752126,1837,25007614,143,25007471,254,8596855,107,8596748,156,16410759,36,16410723,118,101610462744576,249483776,101610213260800,1337435648,93018750153728,245596160,93018504557568,1332846592,8591712590848,3887616,8591708703232,17966592,-1,0,357,0,0,2,0,0,0,0,0,0,0,0,100908457127197,7021257148,100901435870049,8176189728,92521265164288,7014793216,92514250371072,8169017344,8387191962909,6463932,8387185498977,24868808,8684306432,8684306432,0,8684306432,8652849152,8652849152,0,8652849152,31457280,31457280,0,31457280,357,357,0,357,342,342,0,342,15,15,0,15,,,,,,,,,,,,,,,,,,,,,,,,,,,,,,,,,,,,
1.954347096341054e-06,399,,,,,,,,,,,,,,,,,,,,,,,,,,,,,,,,,,,,,,,,,,,,,,,,,,,,,,,,,,,,,,,,,,,,,,,,,,,,,,,,,,,,,,,,,,,,,,,,,,,,,,,,,,,,,,,,,,,,,,,,,,,,,,,,,,,,,,,,,,,,,,,,,,,,,,,,,,,,,,,,,,,,,,,,,,,,,,,,,,,,,,,,,,,,,,,,,,,,,,,,,,,,,,,,,,,,,,,,,,,,,,,,,,,,,,,,,,,,,,,,,,,,,,,,,,,,,,,,,,,,,,,,,,,,,,,,,,,,,,,,
,399,39979324,2429,39976895,2967,14225638,886,14224752,1138,25753686,1543,25752143,1837,101817896783872,7040217600,101810856566272,8190438912,93427901936640,7033618432,93420868318208,8183136256,8389994847232,6599168,8389988248064,25004544,101817896783872,7040217600,101810856566272,8190438912,93427901936640,7033618432,93420868318208,8183136256,8389994847232,6599168,8389988248064,25004544,39979324,2429,39976895,2967,14225638,886,14224752,1138,25753686,1543,25752143,1837,25007627,143,25007484,254,8596855,107,8596748,156,16410772,36,16410736,118,101610462759424,249482752,101610213276672,1337435648,93018750153728,245596160,93018504557568,1332846592,8591712605696,3886592,8591708719104,17966592,-1,0,357,0,0,2,0,0,0,0,0,0,0,0,100908457136625,7021259724,100901435876901,8176189728,92521265164288,7014793216,92514250371072,8169017344,8387191972337,6466508,8387185505829,24868808,8684306432,8684306432,0,8684306432,8652849152,8652849152,0,8652849152,31457280,31457280,0,31457280,357,357,0,357,342,342,0,342,15,15,0,15,,,,,,,,,,,,,,,,,,,,,,,,,,,,,,,,,,,,,,,,,,,,,,,,,,,,,,,,,,,,,,,,,,,,,,,,,,,,,,,,,,,,,,,,,,,,,,,,,,,,,,,,,,,,,,,,,,,,,,,,,,,,,,,,,,,,,,,,,,,,,,,,,,,,,,,,,,,,,,
,399,,,,,,,,,,,,,,,,,,,,,,,,,,,,,,,,,,,,,,,,,,,,,,,,,,,,,,,,,,,,,,,,,,,,,,,,,,,,,,,,,,,,,,,,,,,,,,,,,,,,,,,,,,,,,,,,,,,,,,,,,,,39991646,2433,39989213,2967,14229625,886,14228739,1138,25762021,1547,25760474,1837,101844858624000,7040219648,101837818404352,8190438912,93452133327872,7033618432,93445099709440,8183136256,8392725296128,6601216,8392718694912,25004544,101844858624000,7040219648,101837818404352,8190438912,93452133327872,7033618432,93445099709440,8183136256,8392725296128,6601216,8392718694912,25004544,39991646,2433,39989213,2967,14229625,886,14228739,1138,25762021,1547,25760474,1837,25015366,145,25015221,254,8599184,107,8599077,156,16416182,38,16416144,118,101639763413504,249480704,101639513932800,1337435648,93045279810560,245596160,93045034214400,1332846592,8594483602944,3884544,8594479718400,17966592,-1,0,357,0,0,2,0,0,0,0,0,0,0,0,100935072138073,7021259740,100928050878333,8176189728,92545150653184,7014793216,92538135859968,8169017344,8389921484889,6466524,8389915018365,24868808,8684306432,8684306432,0,8684306432,8652849152,8652849152,0,8652849152,31457280,31457280,0,31457280,357,357,0,357,342,342,0,342,15,15,0,15,,,,,,,,,,,,,,,,,,,,,,,,,,,,,,,,,,,,
1.954347096341054e-06,399,,,,,,,,,,,,,,,,,,,,,,,,,,,,,,,,,,,,,,,,,,,,,,,,,,,,,,,,,,,,,,,,,,,,,,,,,,,,,,,,,,,,,,,,,,,,,,,,,,,,,,,,,,,,,,,,,,,,,,,,,,,,,,,,,,,,,,,,,,,,,,,,,,,,,,,,,,,,,,,,,,,,,,,,,,,,,,,,,,,,,,,,,,,,,,,,,,,,,,,,,,,,,,,,,,,,,,,,,,,,,,,,,,,,,,,,,,,,,,,,,,,,,,,,,,,,,,,,,,,,,,,,,,,,,,,,,,,,,,,,
,399,39991659,2429,39989230,2967,14229625,886,14228739,1138,25762034,1543,25760491,1837,101844858635264,7040212992,101837818422272,8190438912,93452133327872,7033618432,93445099709440,8183136256,8392725307392,6594560,8392718712832,25004544,101844858635264,7040212992,101837818422272,8190438912,93452133327872,7033618432,93445099709440,8183136256,8392725307392,6594560,8392718712832,25004544,39991659,2429,39989230,2967,14229625,886,14228739,1138,25762034,1543,25760491,1837,25015377,142,25015235,254,8599184,107,8599077,156,16416193,35,16416158,118,101639763431424,249487360,101639513944064,1337435648,93045279810560,245596160,93045034214400,1332846592,8594483620864,3891200,8594479729664,17966592,-1,0,357,0,0,2,0,0,0,0,0,0,0,0,100935072143181,7021255404,100928050887777,8176189728,92545150653184,7014793216,92538135859968,8169017344,8389921489997,6462188,8389915027809,24868808,8684306432,8684306432,0,8684306432,8652849152,8652849152,0,8652849152,31457280,31457280,0,31457280,357,357,0,357,342,342,0,342,15,15,0,15,,,,,,,,,,,,,,,,,,,,,,,,,,,,,,,,,,,,,,,,,,,,,,,,,,,,,,,,,,,,,,,,,,,,,,,,,,,,,,,,,,,,,,,,,,,,,,,,,,,,,,,,,,,,,,,,,,,,,,,,,,,,,,,,,,,,,,,,,,,,,,,,,,,,,,,,,,,,,,
,399,,,,,,,,,,,,,,,,,,,,,,,,,,,,,,,,,,,,,,,,,,,,,,,,,,,,,,,,,,,,,,,,,,,,,,,,,,,,,,,,,,,,,,,,,,,,,,,,,,,,,,,,,,,,,,,,,,,,,,,,,,,40004030,2433,40001597,2967,14233703,886,14232817,1138,25770327,1547,25768780,1837,101872601361408,7040215040,101865561146368,8190438912,93476826772480,7033618432,93469793154048,8183136256,8395774588928,6596608,8395767992320,25004544,101872601361408,7040215040,101865561146368,8190438912,93476826772480,7033618432,93469793154048,8183136256,8395774588928,6596608,8395767992320,25004544,40004030,2433,40001597,2967,14233703,886,14232817,1138,25770327,1547,25768780,1837,25023019,140,25022879,254,8601731,107,8601624,156,16421288,33,16421255,118,101670264758272,249485312,101670015272960,1337435648,93072563418112,245596160,93072317821952,1332846592,8597701340160,3889152,8597697451008,17966592,-1,0,357,0,0,2,0,0,0,0,0,0,0,0,100962447293876,7021255360,100955426038516,8176189728,92569477309952,7014793216,92562462516736,8169017344,8392969983924,6462144,8392963521780,24868808,8684306432,8684306432,0,8684306432,8652849152,8652849152,0,8652849152,31457280,31457280,0,31457280,357,357,0,357,342,342,0,342,15,15,0,15,,,,,,,,,,,,,,,,,,,,,,,,,,,,,,,,,,,,
1.954347096341054e-06,399,,,,,,,,,,,,,,,,,,,,,,,,,,,,,,,,,,,,,,,,,,,,,,,,,,,,,,,,,,,,,,,,,,,,,,,,,,,,,,,,,,,,,,,,,,,,,,,,,,,,,,,,,,,,,,,,,,,,,,,,,,,,,,,,,,,,,,,,,,,,,,,,,,,,,,,,,,,,,,,,,,,,,,,,,,,,,,,,,,,,,,,,,,,,,,,,,,,,,,,,,,,,,,,,,,,,,,,,,,,,,,,,,,,,,,,,,,,,,,,,,,,,,,,,,,,,,,,,,,,,,,,,,,,,,,,,,,,,,,,,
,399,40004043,2429,40001614,2967,14233703,886,14232817,1138,25770340,1543,25768797,1837,101872601372672,7040212992,101865561159680,8190438912,93476826772480,7033618432,93469793154048,8183136256,8395774600192,6594560,8395768005632,25004544,101872601372672,7040212992,101865561159680,8190438912,93476826772480,7033618432,93469793154048,8183136256,8395774600192,6594560,8395768005632,25004544,40004043,2429,40001614,2967,14233703,886,14232817,1138,25770340,1543,25768797,1837,25023032,139,25022893,254,8601731,107,8601624,156,16421301,32,16421269,118,101670264771584,249487360,101670015284224,1337435648,93072563418112,245596160,93072317821952,1332846592,8597701353472,3891200,8597697462272,17966592,-1,0,357,0,0,2,0,0,0,0,0,0,0,0,100962447298960,7021255320,100955426043640,8176189728,92569477309952,7014793216,92562462516736,8169017344,8392969989008,6462104,8392963526904,24868808,8684306432,8684306432,0,8684306432,8652849152,8652849152,0,8652849152,31457280,31457280,0,31457280,357,357,0,357,342,342,0,342,15,15,0,15,,,,,,,,,,,,,,,,,,,,,,,,,,,,,,,,,,,,,,,,,,,,,,,,,,,,,,,,,,,,,,,,,,,,,,,,,,,,,,,,,,,,,,,,,,,,,,,,,,,,,,,,,,,,,,,,,,,,,,,,,,,,,,,,,,,,,,,,,,,,,,,,,,,,,,,,,,,,,,
,399,,,,,,,,,,,,,,,,,,,,,,,,,,,,,,,,,,,,,,,,,,,,,,,,,,,,,,,,,,,,,,,,,,,,,,,,,,,,,,,,,,,,,,,,,,,,,,,,,,,,,,,,,,,,,,,,,,,,,,,,,,,40016414,2433,40013981,2967,14237685,886,14236799,1138,25778729,1547,25777182,1837,101899844357120,7040215040,101892804142080,8190438912,93501163381760,7033618432,93494129763328,8183136256,8398680975360,6596608,8398674378752,25004544,101899844357120,7040215040,101892804142080,8190438912,93501163381760,7033618432,93494129763328,8183136256,8398680975360,6596608,8398674378752,25004544,40016414,2433,40013981,2967,14237685,886,14236799,1138,25778729,1547,25777182,1837,25030671,146,25030525,254,8604083,107,8603976,156,16426588,39,16426549,118,101699862781952,249485312,101699613296640,1337435648,93099166827520,245596160,93098921231360,1332846592,8600695954432,3889152,8600692065280,17966592,-1,0,357,0,0,2,0,0,0,0,0,0,0,0,100989338533695,7021255336,100982317278359,8176189728,92593463048448,7014793216,92586448255232,8169017344,8395875485247,6462120,8395869023127,24868808,8684306432,8684306432,0,8684306432,8652849152,8652849152,0,8652849152,31457280,31457280,0,31457280,357,357,0,357,342,342,0,342,15,15,0,15,,,,,,,,,,,,,,,,,,,,,,,,,,,,,,,,,,,,
1.954347096341054e-06,399,,,,,,,,,,,,,,,,,,,,,,,,,,,,,,,,,,,,,,,,,,,,,,,,,,,,,,,,,,,,,,,,,,,,,,,,,,,,,,,,,,,,,,,,,,,,,,,,,,,,,,,,,,,,,,,,,,,,,,,,,,,,,,,,,,,,,,,,,,,,,,,,,,,,,,,,,,,,,,,,,,,,,,,,,,,,,,,,,,,,,,,,,,,,,,,,,,,,,,,,,,,,,,,,,,,,,,,,,,,,,,,,,,,,,,,,,,,,,,,,,,,,,,,,,,,,,,,,,,,,,,,,,,,,,,,,,,,,,,,,
,399,40016427,2429,40013998,2967,14237685,886,14236799,1138,25778742,1543,25777199,1837,101899844372992,7040217600,101892804155392,8190438912,93501163381760,7033618432,93494129763328,8183136256,8398680991232,6599168,8398674392064,25004544,101899844372992,7040217600,101892804155392,8190438912,93501163381760,7033618432,93494129763328,8183136256,8398680991232,6599168,8398674392064,25004544,40016427,2429,40013998,2967,14237685,886,14236799,1138,25778742,1543,25777199,1837,25030685,145,25030540,254,8604083,107,8603976,156,16426602,38,16426564,118,101699862795264,249482752,101699613312512,1337435648,93099166827520,245596160,93098921231360,1332846592,8600695967744,3886592,8600692081152,17966592,-1,0,357,0,0,2,0,0,0,0,0,0,0,0,100989338543891,7021260432,100982317283459,8176189728,92593463048448,7014793216,92586448255232,8169017344,8395875495443,6467216,8395869028227,24868808,8684306432,8684306432,0,8684306432,8652849152,8652849152,0,8652849152,31457280,31457280,0,31457280,357,357,0,357,342,342,0,342,15,15,0,15,,,,,,,,,,,,,,,,,,,,,,,,,,,,,,,,,,,,,,,,,,,,,,,,,,,,,,,,,,,,,,,,,,,,,,,,,,,,,,,,,,,,,,,,,,,,,,,,,,,,,,,,,,,,,,,,,,,,,,,,,,,,,,,,,,,,,,,,,,,,,,,,,,,,,,,,,,,,,,
,399,,,,,,,,,,,,,,,,,,,,,,,,,,,,,,,,,,,,,,,,,,,,,,,,,,,,,,,,,,,,,,,,,,,,,,,,,,,,,,,,,,,,,,,,,,,,,,,,,,,,,,,,,,,,,,,,,,,,,,,,,,,40029347,2433,40026914,2967,14241893,886,14241007,1138,25787454,1547,25785907,1837,101928734020608,7040219648,101921693800960,8190438912,93527226905600,7033618432,93520193287168,8183136256,8401507115008,6601216,8401500513792,25004544,101928734020608,7040219648,101921693800960,8190438912,93527226905600,7033618432,93520193287168,8183136256,8401507115008,6601216,8401500513792,25004544,40029347,2433,40026914,2967,14241893,886,14241007,1138,25787454,1547,25785907,1837,25038208,143,25038065,254,8606441,107,8606334,156,16431767,36,16431731,118,101730911843840,249480704,101730662363136,1337435648,93127328412672,245596160,93127082816512,1332846592,8603583431168,3884544,8603579546624,17966592,-1,0,357,0,0,2,0,0,0,0,0,0,0,0,101017858211944,7021260448,101010836951496,8176189728,92619157511168,7014793216,92612142717952,8169017344,8398700700776,6467232,8398694233544,24868808,8684306432,8684306432,0,8684306432,8652849152,8652849152,0,8652849152,31457280,31457280,0,31457280,357,357,0,357,342,342,0,342,15,15,0,15,,,,,,,,,,,,,,,,,,,,,,,,,,,,,,,,,,,,
,399,,,,,,,,,,,,,,,,,,,,,,,,,,,,,,,,,,,,,,,,,,,,,,,,,,,,,,,,,,,,,,,,,,,,,,,,,,,,,,,,,,,,,,,,,,,,,,,,,,,,,,,,,,,,,,,,,,,,,,,,,,,,,,,,,,,,,,,,,,,,,,,,,,,,,,,,,,,,,,,,,,,,,,,,,,,,,,,,,,,,,,,,,,,,,,,,,,,,,,,,,,,,,,,,,,,,,,,,,,,,,,,,,,,,,,,,,,,,,,,,,,,,,0.0012445449829101562,2.3505332137574442e-05,0.0015971249667927623,0,,,,,,,,,,,,,,,,,,,,,,,,,,,,,,,,
1.920778784827123e-06,449,,,,,,,,,,,,,,,,,,,,,,,,,,,,,,,,,,,,,,,,,,,,,,,,,,,,,,,,,,,,,,,,,,,,,,,,,,,,,,,,,,,,,,,,,,,,,,,,,,,,,,,,,,,,,,,,,,,,,,,,,,,,,,,,,,,,,,,,,,,,,,,,,,,,,,,,,,,,,,,,,,,,,,,,,,,,,,,,,,,,,,,,,,,,,,,,,,,,,,,,,,,,,,,,,,,,,,,,,,,,,,,,,,,,,,,,,,,,,,,,,,,,,,,,,,,,,,,,,,,,,,,,,,,,,,,,,,,,,,,,
,449,44941979,2429,44939550,2967,16035317,886,16034431,1138,28906662,1543,28905119,1837,114913120985600,7026188288,114906094797312,8190438912,105515810020352,7019593728,105508790426624,8183136256,9397310965248,6594560,9397304370688,25004544,114913120985600,7026188288,114906094797312,8190438912,105515810020352,7019593728,105508790426624,8183136256,9397310965248,6594560,9397304370688,25004544,44941979,2429,44939550,2967,16035317,886,16034431,1138,28906662,1543,28905119,1837,28164207,148,28164059,256,9723840,108,9723732,156,18440367,40,18440327,118,114487053363200,315940864,114486737422336,1337435648,104859392877568,314146816,104859078730752,1332846592,9627660485632,1794048,9627658691584,17966592,-1,0,357,0,0,2,0,0,0,0,0,0,0,0,113875499205003,7021256184,113868477948819,8176189728,104481338492928,7014793216,104474323699712,8169017344,9394160712075,6462968,9394154249107,24868808,8684306432,8684306432,0,8684306432,8652849152,8652849152,0,8652849152,31457280,31457280,0,31457280,357,357,0,357,342,342,0,342,15,15,0,15,,,,,,,,,,,,,,,,,,,,,,,,,,,,,,,,,,,,,,,,,,,,,,,,,,,,,,,,,,,,,,,,,,,,,,,,,,,,,,,,,,,,,,,,,,,,,,,,,,,,,,,,,,,,,,,,,,,,,,,,,,,,,,,,,,,,,,,,,,,,,,,,,,,,,,,,,,,,,,
,449,,,,,,,,,,,,,,,,,,,,,,,,,,,,,,,,,,,,,,,,,,,,,,,,,,,,,,,,,,,,,,,,,,,,,,,,,,,,,,,,,,,,,,,,,,,,,,,,,,,,,,,,,,,,,,,,,,,,,,,,,,,44954350,2433,44951917,2967,16039395,886,16038509,1138,28914955,1547,28913408,1837,114940590708224,7039535104,114933551173120,8190438912,105540367039488,7032938496,105533334100992,8183136256,9400223668736,6596608,9400217072128,25004544,114940590708224,7039535104,114933551173120,8190438912,105540367039488,7032938496,105533334100992,8183136256,9400223668736,6596608,9400217072128,25004544,44954350,2433,44951917,2967,16039395,886,16038509,1138,28914955,1547,28913408,1837,28172365,141,28172224,256,9726365,104,9726261,156,18446000,37,18445963,118,114514716751872,252262400,114514464489472,1337435648,104883944883200,246276096,104883698607104,1332846592,9630771868672,5986304,9630765882368,17966592,-1,0,357,0,0,2,0,0,0,0,0,0,0,0,113902594959854,7021256200,113895573703654,8176189728,104505522412288,7014793216,104498507619072,8169017344,9397072547566,6462984,9397066084582,24868808,8684306432,8684306432,0,8684306432,8652849152,8652849152,0,8652849152,31457280,31457280,0,31457280,357,357,0,357,342,342,0,342,15,15,0,15,,,,,,,,,,,,,,,,,,,,,,,,,,,,,,,,,,,,
1.920778784827123e-06,449,,,,,,,,,,,,,,,,,,,,,,,,,,,,,,,,,,,,,,,,,,,,,,,,,,,,,,,,,,,,,,,,,,,,,,,,,,,,,,,,,,,,,,,,,,,,,,,,,,,,,,,,,,,,,,,,,,,,,,,,,,,,,,,,,,,,,,,,,,,,,,,,,,,,,,,,,,,,,,,,,,,,,,,,,,,,,,,,,,,,,,,,,,,,,,,,,,,,,,,,,,,,,,,,,,,,,,,,,,,,,,,,,,,,,,,,,,,,,,,,,,,,,,,,,,,,,,,,,,,,,,,,,,,,,,,,,,,,,,,,
,449,44954363,2429,44951934,2967,16039395,886,16038509,1138,28914968,1543,28913425,1837,114940590717952,7039531520,114933551186432,8190438912,105540367039488,7032938496,105533334100992,8183136256,9400223678464,6593024,9400217085440,25004544,114940590717952,7039531520,114933551186432,8190438912,105540367039488,7032938496,105533334100992,8183136256,9400223678464,6593024,9400217085440,25004544,44954363,2429,44951934,2967,16039395,886,16038509,1138,28914968,1543,28913425,1837,28172379,144,28172235,256,9726365,104,9726261,156,18446014,40,18445974,118,114514716765184,252265984,114514464499200,1337435648,104883944883200,246276096,104883698607104,1332846592,9630771881984,5989888,9630765892096,17966592,-1,0,357,0,0,2,0,0,0,0,0,0,0,0,113902594964386,7021254768,113895573709618,8176189728,104505522412288,7014793216,104498507619072,8169017344,9397072552098,6461552,9397066090546,24868808,8684306432,8684306432,0,8684306432,8652849152,8652849152,0,8652849152,31457280,31457280,0,31457280,357,357,0,357,342,342,0,342,15,15,0,15,,,,,,,,,,,,,,,,,,,,,,,,,,,,,,,,,,,,,,,,,,,,,,,,,,,,,,,,,,,,,,,,,,,,,,,,,,,,,,,,,,,,,,,,,,,,,,,,,,,,,,,,,,,,,,,,,,,,,,,,,,,,,,,,,,,,,,,,,,,,,,,,,,,,,,,,,,,,,,
,449,,,,,,,,,,,,,,,,,,,,,,,,,,,,,,,,,,,,,,,,,,,,,,,,,,,,,,,,,,,,,,,,,,,,,,,,,,,,,,,,,,,,,,,,,,,,,,,,,,,,,,,,,,,,,,,,,,,,,,,,,,,44966734,2433,44964301,2967,16043377,886,16042491,1138,28923357,1547,28921810,1837,114967703584256,7039533568,114960664050688,8190438912,105564652178432,7032938496,105557619239936,8183136256,9403051405824,6595072,9403044810752,25004544,114967703584256,7039533568,114960664050688,8190438912,105564652178432,7032938496,105557619239936,8183136256,9403051405824,6595072,9403044810752,25004544,44966734,2433,44964301,2967,16043377,886,16042491,1138,28923357,1547,28921810,1837,28180143,151,28179992,256,9728752,104,9728648,156,18451391,47,18451344,118,114545270872576,252263936,114545018608640,1337435648,104911618438144,246276096,104911372162048,1332846592,9633652434432,5987840,9633646446592,17966592,-1,0,357,0,0,2,0,0,0,0,0,0,0,0,113929358363337,7021254784,113922337108553,8176189728,104529458998784,7014793216,104522444205568,8169017344,9399899364553,6461568,9399892902985,24868808,8684306432,8684306432,0,8684306432,8652849152,8652849152,0,8652849152,31457280,31457280,0,31457280,357,357,0,357,342,342,0,342,15,15,0,15,,,,,,,,,,,,,,,,,,,,,,,,,,,,,,,,,,,,
1.920778784827123e-06,449,,,,,,,,,,,,,,,,,,,,,,,,,,,,,,,,,,,,,,,,,,,,,,,,,,,,,,,,,,,,,,,,,,,,,,,,,,,,,,,,,,,,,,,,,,,,,,,,,,,,,,,,,,,,,,,,,,,,,,,,,,,,,,,,,,,,,,,,,,,,,,,,,,,,,,,,,,,,,,,,,,,,,,,,,,,,,,,,,,,,,,,,,,,,,,,,,,,,,,,,,,,,,,,,,,,,,,,,,,,,,,,,,,,,,,,,,,,,,,,,,,,,,,,,,,,,,,,,,,,,,,,,,,,,,,,,,,,,,,,,
,449,44966747,2429,44964318,2967,16043377,886,16042491,1138,28923370,1543,28921827,1837,114967703601664,7039539200,114960664062464,8190438912,105564652178432,7032938496,105557619239936,8183136256,9403051423232,6600704,9403044822528,25004544,114967703601664,7039539200,114960664062464,8190438912,105564652178432,7032938496,105557619239936,8183136256,9403051423232,6600704,9403044822528,25004544,44966747,2429,44964318,2967,16043377,886,16042491,1138,28923370,1543,28921827,1837,28180154,152,28180002,256,9728752,104,9728648,156,18451402,48,18451354,118,114545270884352,252258304,114545018626048,1337435648,104911618438144,246276096,104911372162048,1332846592,9633652446208,5982208,9633646464000,17966592,-1,0,357,0,0,2,0,0,0,0,0,0,0,0,113929358375885,7021262784,113922337113101,8176189728,104529458998784,7014793216,104522444205568,8169017344,9399899377101,6469568,9399892907533,24868808,8684306432,8684306432,0,8684306432,8652849152,8652849152,0,8652849152,31457280,31457280,0,31457280,357,357,0,357,342,342,0,342,15,15,0,15,,,,,,,,,,,,,,,,,,,,,,,,,,,,,,,,,,,,,,,,,,,,,,,,,,,,,,,,,,,,,,,,,,,,,,,,,,,,,,,,,,,,,,,,,,,,,,,,,,,,,,,,,,,,,,,,,,,,,,,,,,,,,,,,,,,,,,,,,,,,,,,,,,,,,,,,,,,,,,
,449,,,,,,,,,,,,,,,,,,,,,,,,,,,,,,,,,,,,,,,,,,,,,,,,,,,,,,,,,,,,,,,,,,,,,,,,,,,,,,,,,,,,,,,,,,,,,,,,,,,,,,,,,,,,,,,,,,,,,,,,,,,44979069,2433,44976636,2967,16047364,886,16046478,1138,28931705,1547,28930158,1837,114994906351616,7039541248,114987866810368,8190438912,105588967869440,7032938496,105581934930944,8183136256,9405938482176,6602752,9405931879424,25004544,114994906351616,7039541248,114987866810368,8190438912,105588967869440,7032938496,105581934930944,8183136256,9405938482176,6602752,9405931879424,25004544,44979069,2433,44976636,2967,16047364,886,16046478,1138,28931705,1547,28930158,1837,28187542,149,28187393,256,9731143,104,9731039,156,18456399,45,18456354,118,114575896119808,252256256,114575643863552,1337435648,104939309405184,246276096,104939063129088,1332846592,9636586714624,5980160,9636580734464,17966592,-1,0,357,0,0,2,0,0,0,0,0,0,0,0,113956230948009,7021262860,113949209685149,8176189728,104553445372160,7014793216,104546430578944,8169017344,9402785575849,6469644,9402779106205,24868808,8684306432,8684306432,0,8684306432,8652849152,8652849152,0,8652849152,31457280,31457280,0,31457280,357,357,0,357,342,342,0,342,15,15,0,15,,,,,,,,,,,,,,,,,,,,,,,,,,,,,,,,,,,,
1.920778784827123e-06,449,,,,,,,,,,,,,,,,,,,,,,,,,,,,,,,,,,,,,,,,,,,,,,,,,,,,,,,,,,,,,,,,,,,,,,,,,,,,,,,,,,,,,,,,,,,,,,,,,,,,,,,,,,,,,,,,,,,,,,,,,,,,,,,,,,,,,,,,,,,,,,,,,,,,,,,,,,,,,,,,,,,,,,,,,,,,,,,,,,,,,,,,,,,,,,,,,,,,,,,,,,,,,,,,,,,,,,,,,,,,,,,,,,,,,,,,,,,,,,,,,,,,,,,,,,,,,,,,,,,,,,,,,,,,,,,,,,,,,,,,
,449,44979082,2429,44976653,2967,16047364,886,16046478,1138,28931718,1543,28930175,1837,114994906369024,7039539200,114987866829824,8190438912,105588967869440,7032938496,105581934930944,8183136256,9405938499584,6600704,9405931898880,25004544,114994906369024,7039539200,114987866829824,8190438912,105588967869440,7032938496,105581934930944,8183136256,9405938499584,6600704,9405931898880,25004544,44979082,2429,44976653,2967,16047364,886,16046478,1138,28931718,1543,28930175,1837,28187551,146,28187405,256,9731143,104,9731039,156,18456408,42,18456366,118,114575896139264,252258304,114575643880960,1337435648,104939309405184,246276096,104939063129088,1332846592,9636586734080,5982208,9636580751872,17966592,-1,0,357,0,0,2,0,0,0,0,0,0,0,0,113956230959141,7021261428,113949209697713,8176189728,104553445372160,7014793216,104546430578944,8169017344,9402785586981,6468212,9402779118769,24868808,8684306432,8684306432,0,8684306432,8652849152,8652849152,0,8652849152,31457280,31457280,0,31457280,357,357,0,357,342,342,0,342,15,15,0,15,,,,,,,,,,,,,,,,,,,,,,,,,,,,,,,,,,,,,,,,,,,,,,,,,,,,,,,,,,,,,,,,,,,,,,,,,,,,,,,,,,,,,,,,,,,,,,,,,,,,,,,,,,,,,,,,,,,,,,,,,,,,,,,,,,,,,,,,,,,,,,,,,,,,,,,,,,,,,,
,449,,,,,,,,,,,,,,,,,,,,,,,,,,,,,,,,,,,,,,,,,,,,,,,,,,,,,,,,,,,,,,,,,,,,,,,,,,,,,,,,,,,,,,,,,,,,,,,,,,,,,,,,,,,,,,,,,,,,,,,,,,,44991449,2433,44989016,2967,16051447,886,16050561,1138,28940002,1547,28938455,1837,115023130812416,7039541248,115016091271168,8190438912,105613959461888,7032938496,105606926523392,8183136256,9409171350528,6602752,9409164747776,25004544,115023130812416,7039541248,115016091271168,8190438912,105613959461888,7032938496,105606926523392,8183136256,9409171350528,6602752,9409164747776,25004544,44991449,2433,44989016,2967,16051447,886,16050561,1138,28940002,1547,28938455,1837,28196105,150,28195955,256,9733730,104,9733626,156,18462375,46,18462329,118,114607503254016,252256256,114607250997760,1337435648,104967658554368,246276096,104967412278272,1332846592,9639844699648,5980160,9639838719488,17966592,-1,0,357,0,0,2,0,0,0,0,0,0,0,0,113983993671426,7021261384,113976972410042,8176189728,104577975907328,7014793216,104570961114112,8169017344,9406017764098,6468168,9406011295930,24868808,8684306432,8684306432,0,8684306432,8652849152,8652849152,0,8652849152,31457280,31457280,0,31457280,357,357,0,357,342,342,0,342,15,15,0,15,,,,,,,,,,,,,,,,,,,,,,,,,,,,,,,,,,,,
1.920778784827123e-06,449,,,,,,,,,,,,,,,,,,,,,,,,,,,,,,,,,,,,,,,,,,,,,,,,,,,,,,,,,,,,,,,,,,,,,,,,,,,,,,,,,,,,,,,,,,,,,,,,,,,,,,,,,,,,,,,,,,,,,,,,,,,,,,,,,,,,,,,,,,,,,,,,,,,,,,,,,,,,,,,,,,,,,,,,,,,,,,,,,,,,,,,,,,,,,,,,,,,,,,,,,,,,,,,,,,,,,,,,,,,,,,,,,,,,,,,,,,,,,,,,,,,,,,,,,,,,,,,,,,,,,,,,,,,,,,,,,,,,,,,,
,449,44991462,2429,44989033,2967,16051447,886,16050561,1138,28940015,1543,28938472,1837,115023130820608,7039529984,115016091290624,8190438912,105613959461888,7032938496,105606926523392,8183136256,9409171358720,6591488,9409164767232,25004544,115023130820608,7039529984,115016091290624,8190438912,105613959461888,7032938496,105606926523392,8183136256,9409171358720,6591488,9409164767232,25004544,44991462,2429,44989033,2967,16051447,886,16050561,1138,28940015,1543,28938472,1837,28196117,147,28195970,256,9733730,104,9733626,156,18462387,43,18462344,118,114607503273472,252267520,114607251005952,1337435648,104967658554368,246276096,104967412278272,1332846592,9639844719104,5991424,9639838727680,17966592,-1,0,357,0,0,2,0,0,0,0,0,0,0,0,113983993673438,7021252248,113976972421190,8176189728,104577975907328,7014793216,104570961114112,8169017344,9406017766110,6459032,9406011307078,24868808,8684306432,8684306432,0,8684306432,8652849152,8652849152,0,8652849152,31457280,31457280,0,31457280,357,357,0,357,342,342,0,342,15,15,0,15,,,,,,,,,,,,,,,,,,,,,,,,,,,,,,,,,,,,,,,,,,,,,,,,,,,,,,,,,,,,,,,,,,,,,,,,,,,,,,,,,,,,,,,,,,,,,,,,,,,,,,,,,,,,,,,,,,,,,,,,,,,,,,,,,,,,,,,,,,,,,,,,,,,,,,,,,,,,,,
,449,,,,,,,,,,,,,,,,,,,,,,,,,,,,,,,,,,,,,,,,,,,,,,,,,,,,,,,,,,,,,,,,,,,,,,,,,,,,,,,,,,,,,,,,,,,,,,,,,,,,,,,,,,,,,,,,,,,,,,,,,,,45003833,2433,45001400,2967,16055429,886,16054543,1138,28948404,1547,28946857,1837,115050124367872,7039532032,115043084835840,8190438912,105638205737984,7032938496,105631172799488,8183136256,9411918629888,6593536,9411912036352,25004544,115050124367872,7039532032,115043084835840,8190438912,105638205737984,7032938496,105631172799488,8183136256,9411918629888,6593536,9411912036352,25004544,45003833,2433,45001400,2967,16055429,886,16054543,1138,28948404,1547,28946857,1837,28203839,147,28203692,256,9736106,104,9736002,156,18467733,43,18467690,118,114637963836928,252265472,114637711571456,1337435648,104995309671424,246276096,104995063395328,1332846592,9642654165504,5989376,9642648176128,17966592,-1,0,357,0,0,2,0,0,0,0,0,0,0,0,114010627426007,7021252264,114003606173743,8176189728,104601863341824,7014793216,104594848548608,8169017344,9408764084183,6459048,9408757625135,24868808,8684306432,8684306432,0,8684306432,8652849152,8652849152,0,8652849152,31457280,31457280,0,31457280,357,357,0,357,342,342,0,342,15,15,0,15,,,,,,,,,,,,,,,,,,,,,,,,,,,,,,,,,,,,
1.920778784827123e-06,449,,,,,,,,,,,,,,,,,,,,,,,,,,,,,,,,,,,,,,,,,,,,,,,,,,,,,,,,,,,,,,,,,,,,,,,,,,,,,,,,,,,,,,,,,,,,,,,,,,,,,,,,,,,,,,,,,,,,,,,,,,,,,,,,,,,,,,,,,,,,,,,,,,,,,,,,,,,,,,,,,,,,,,,,,,,,,,,,,,,,,,,,,,,,,,,,,,,,,,,,,,,,,,,,,,,,,,,,,,,,,,,,,,,,,,,,,,,,,,,,,,,,,,,,,,,,,,,,,,,,,,,,,,,,,,,,,,,,,,,,
,449,45003846,2429,45001417,2967,16055429,886,16054543,1138,28948417,1543,28946874,1837,115050124382208,7039536128,115043084846080,8190438912,105638205737984,7032938496,105631172799488,8183136256,9411918644224,6597632,9411912046592,25004544,115050124382208,7039536128,115043084846080,8190438912,105638205737984,7032938496,105631172799488,8183136256,9411918644224,6597632,9411912046592,25004544,45003846,2429,45001417,2967,16055429,886,16054543,1138,28948417,1543,28946874,1837,28203852,147,28203705,256,9736106,104,9736002,156,18467746,43,18467703,118,114637963847168,252261376,114637711585792,1337435648,104995309671424,246276096,104995063395328,1332846592,9642654175744,5985280,9642648190464,17966592,-1,0,357,0,0,2,0,0,0,0,0,0,0,0,114010627433947,7021258176,114003606175771,8176189728,104601863341824,7014793216,104594848548608,8169017344,9408764092123,6464960,9408757627163,24868808,8684306432,8684306432,0,8684306432,8652849152,8652849152,0,8652849152,31457280,31457280,0,31457280,357,357,0,357,342,342,0,342,15,15,0,15,,,,,,,,,,,,,,,,,,,,,,,,,,,,,,,,,,,,,,,,,,,,,,,,,,,,,,,,,,,,,,,,,,,,,,,,,,,,,,,,,,,,,,,,,,,,,,,,,,,,,,,,,,,,,,,,,,,,,,,,,,,,,,,,,,,,,,,,,,,,,,,,,,,,,,,,,,,,,,
,449,,,,,,,,,,,,,,,,,,,,,,,,,,,,,,,,,,,,,,,,,,,,,,,,,,,,,,,,,,,,,,,,,,,,,,,,,,,,,,,,,,,,,,,,,,,,,,,,,,,,,,,,,,,,,,,,,,,,,,,,,,,45016168,2433,45013735,2967,16059512,886,16058626,1138,28956656,1547,28955109,1837,115077880304128,7039538176,115070840765952,8190438912,105662891445248,7032938496,105655858506752,8183136256,9414988858880,6599680,9414982259200,25004544,115077880304128,7039538176,115070840765952,8190438912,105662891445248,7032938496,105655858506752,8183136256,9414988858880,6599680,9414982259200,25004544,45016168,2433,45013735,2967,16059512,886,16058626,1138,28956656,1547,28955109,1837,28211791,147,28211644,256,9738585,104,9738481,156,18473206,43,18473163,118,114669106675712,252259328,114668854416384,1337435648,105023260242944,246276096,105023013966848,1332846592,9645846432768,5983232,9645840449536,17966592,-1,0,357,0,0,2,0,0,0,0,0,0,0,0,114038056103444,7021258252,114031034845192,8176189728,104626222545408,7014793216,104619207752192,8169017344,9411833558036,6465036,9411827093000,24868808,8684306432,8684306432,0,8684306432,8652849152,8652849152,0,8652849152,31457280,31457280,0,31457280,357,357,0,357,342,342,0,342,15,15,0,15,,,,,,,,,,,,,,,,,,,,,,,,,,,,,,,,,,,,
1.920778784827123e-06,449,,,,,,,,,,,,,,,,,,,,,,,,,,,,,,,,,,,,,,,,,,,,,,,,,,,,,,,,,,,,,,,,,,,,,,,,,,,,,,,,,,,,,,,,,,,,,,,,,,,,,,,,,,,,,,,,,,,,,,,,,,,,,,,,,,,,,,,,,,,,,,,,,,,,,,,,,,,,,,,,,,,,,,,,,,,,,,,,,,,,,,,,,,,,,,,,,,,,,,,,,,,,,,,,,,,,,,,,,,,,,,,,,,,,,,,,,,,,,,,,,,,,,,,,,,,,,,,,,,,,,,,,,,,,,,,,,,,,,,,,
,449,45016181,2429,45013752,2967,16059512,886,16058626,1138,28956669,1543,28955126,1837,115077880320000,7039537664,115070840782336,8190438912,105662891445248,7032938496,105655858506752,8183136256,9414988874752,6599168,9414982275584,25004544,115077880320000,7039537664,115070840782336,8190438912,105662891445248,7032938496,105655858506752,8183136256,9414988874752,6599168,9414982275584,25004544,45016181,2429,45013752,2967,16059512,886,16058626,1138,28956669,1543,28955126,1837,28211803,145,28211658,256,9738585,104,9738481,156,18473218,41,18473177,118,114669106692096,252259840,114668854432256,1337435648,105023260242944,246276096,105023013966848,1332846592,9645846449152,5983744,9645840465408,17966592,-1,0,357,0,0,2,0,0,0,0,0,0,0,0,114038056113376,7021260228,114031034853148,8176189728,104626222545408,7014793216,104619207752192,8169017344,9411833567968,6467012,9411827100956,24868808,8684306432,8684306432,0,8684306432,8652849152,8652849152,0,8652849152,31457280,31457280,0,31457280,357,357,0,357,342,342,0,342,15,15,0,15,,,,,,,,,,,,,,,,,,,,,,,,,,,,,,,,,,,,,,,,,,,,,,,,,,,,,,,,,,,,,,,,,,,,,,,,,,,,,,,,,,,,,,,,,,,,,,,,,,,,,,,,,,,,,,,,,,,,,,,,,,,,,,,,,,,,,,,,,,,,,,,,,,,,,,,,,,,,,,
,449,,,,,,,,,,,,,,,,,,,,,,,,,,,,,,,,,,,,,,,,,,,,,,,,,,,,,,,,,,,,,,,,,,,,,,,,,,,,,,,,,,,,,,,,,,,,,,,,,,,,,,,,,,,,,,,,,,,,,,,,,,,45028552,2433,45026119,2967,16063499,886,16062613,1138,28965053,1547,28963506,1837,115104952512000,7039539712,115097912972288,8190438912,105687170403328,7032938496,105680137464832,8183136256,9417782108672,6601216,9417775507456,25004544,115104952512000,7039539712,115097912972288,8190438912,105687170403328,7032938496,105680137464832,8183136256,9417782108672,6601216,9417775507456,25004544,45028552,2433,45026119,2967,16063499,886,16062613,1138,28965053,1547,28963506,1837,28219554,144,28219410,256,9740973,104,9740869,156,18478581,40,18478541,118,114699628989952,252257792,114699376732160,1337435648,105050934187008,246276096,105050687910912,1332846592,9648694802944,5981696,9648688821248,17966592,-1,0,357,0,0,2,0,0,0,0,0,0,0,0,114064773556113,7021260184,114057752295929,8176189728,104650147683584,7014793216,104643132890368,8169017344,9414625872529,6466968,9414619405561,24868808,8684306432,8684306432,0,8684306432,8652849152,8652849152,0,8652849152,31457280,31457280,0,31457280,357,357,0,357,342,342,0,342,15,15,0,15,,,,,,,,,,,,,,,,,,,,,,,,,,,,,,,,,,,,
1.920778784827123e-06,449,,,,,,,,,,,,,,,,,,,,,,,,,,,,,,,,,,,,,,,,,,,,,,,,,,,,,,,,,,,,,,,,,,,,,,,,,,,,,,,,,,,,,,,,,,,,,,,,,,,,,,,,,,,,,,,,,,,,,,,,,,,,,,,,,,,,,,,,,,,,,,,,,,,,,,,,,,,,,,,,,,,,,,,,,,,,,,,,,,,,,,,,,,,,,,,,,,,,,,,,,,,,,,,,,,,,,,,,,,,,,,,,,,,,,,,,,,,,,,,,,,,,,,,,,,,,,,,,,,,,,,,,,,,,,,,,,,,,,,,,
,449,45028565,2429,45026136,2967,16063499,886,16062613,1138,28965066,1543,28963523,1837,115104952524800,7039534592,115097912990208,8190438912,105687170403328,7032938496,105680137464832,8183136256,9417782121472,6596096,9417775525376,25004544,115104952524800,7039534592,115097912990208,8190438912,105687170403328,7032938496,105680137464832,8183136256,9417782121472,6596096,9417775525376,25004544,45028565,2429,45026136,2967,16063499,886,16062613,1138,28965066,1543,28963523,1837,28219569,147,28219422,256,9740973,104,9740869,156,18478596,43,18478553,118,114699629007872,252262912,114699376744960,1337435648,105050934187008,246276096,105050687910912,1332846592,9648694820864,5986816,9648688834048,17966592,-1,0,357,0,0,2,0,0,0,0,0,0,0,0,114064773563501,7021257624,114057752305877,8176189728,104650147683584,7014793216,104643132890368,8169017344,9414625879917,6464408,9414619415509,24868808,8684306432,8684306432,0,8684306432,8652849152,8652849152,0,8652849152,31457280,31457280,0,31457280,357,357,0,357,342,342,0,342,15,15,0,15,,,,,,,,,,,,,,,,,,,,,,,,,,,,,,,,,,,,,,,,,,,,,,,,,,,,,,,,,,,,,,,,,,,,,,,,,,,,,,,,,,,,,,,,,,,,,,,,,,,,,,,,,,,,,,,,,,,,,,,,,,,,,,,,,,,,,,,,,,,,,,,,,,,,,,,,,,,,,,
,449,,,,,,,,,,,,,,,,,,,,,,,,,,,,,,,,,,,,,,,,,,,,,,,,,,,,,,,,,,,,,,,,,,,,,,,,,,,,,,,,,,,,,,,,,,,,,,,,,,,,,,,,,,,,,,,,,,,,,,,,,,,45041485,2433,45039052,2967,16067707,886,16066821,1138,28973778,1547,28972231,1837,115133840386560,7039536640,115126800849920,8190438912,105713216719872,7032938496,105706183781376,8183136256,9420623666688,6598144,9420617068544,25004544,115133840386560,7039536640,115126800849920,8190438912,105713216719872,7032938496,105706183781376,8183136256,9420623666688,6598144,9420617068544,25004544,45041485,2433,45039052,2967,16067707,886,16066821,1138,28973778,1547,28972231,1837,28227460,148,28227312,256,9743415,104,9743311,156,18484045,44,18484001,118,114731851569664,252260864,114731599308800,1337435648,105080264143872,246276096,105080017867776,1332846592,9651587425792,5984768,9651581441024,17966592,-1,0,357,0,0,2,0,0,0,0,0,0,0,0,114093316135604,7021257640,114086294877964,8176189728,104675849621504,7014793216,104668834828288,8169017344,9417466514100,6464424,9417460049676,24868808,8684306432,8684306432,0,8684306432,8652849152,8652849152,0,8652849152,31457280,31457280,0,31457280,357,357,0,357,342,342,0,342,15,15,0,15,,,,,,,,,,,,,,,,,,,,,,,,,,,,,,,,,,,,
,449,,,,,,,,,,,,,,,,,,,,,,,,,,,,,,,,,,,,,,,,,,,,,,,,,,,,,,,,,,,,,,,,,,,,,,,,,,,,,,,,,,,,,,,,,,,,,,,,,,,,,,,,,,,,,,,,,,,,,,,,,,,,,,,,,,,,,,,,,,,,,,,,,,,,,,,,,,,,,,,,,,,,,,,,,,,,,,,,,,,,,,,,,,,,,,,,,,,,,,,,,,,,,,,,,,,,,,,,,,,,,,,,,,,,,,,,,,,,,,,,,,,,,0.0007457733154296875,5.484739813255146e-05,0.001568484352901578,0,,,,,,,,,,,,,,,,,,,,,,,,,,,,,,,,
1.8872104733131922e-06,499,,,,,,,,,,,,,,,,,,,,,,,,,,,,,,,,,,,,,,,,,,,,,,,,,,,,,,,,,,,,,,,,,,,,,,,,,,,,,,,,,,,,,,,,,,,,,,,,,,,,,,,,,,,,,,,,,,,,,,,,,,,,,,,,,,,,,,,,,,,,,,,,,,,,,,,,,,,,,,,,,,,,,,,,,,,,,,,,,,,,,,,,,,,,,,,,,,,,,,,,,,,,,,,,,,,,,,,,,,,,,,,,,,,,,,,,,,,,,,,,,,,,,,,,,,,,,,,,,,,,,,,,,,,,,,,,,,,,,,,,
,499,49937949,2429,49935520,2967,17781143,886,17780257,1138,32156806,1543,32155263,1837,127158331990016,7036241408,127151295748608,8190438912,116679935477760,7029645312,116672905832448,8183136256,10478396512256,6596096,10478389916160,25004544,127158331990016,7036241408,127151295748608,8190438912,116679935477760,7029645312,116672905832448,8183136256,10478396512256,6596096,10478389916160,25004544,49937949,2429,49935520,2967,17781143,886,17780257,1138,32156806,1543,32155263,1837,31303912,142,31303770,256,10790801,97,10790704,156,20513111,45,20513066,118,126963961058816,219904512,126963741154304,1337435648,116228227067904,213917696,116228013150208,1332846592,10735733990912,5986816,10735728004096,19068928,-1,0,357,0,0,2,0,0,0,0,0,0,0,0,125998524394782,7021256724,125991503138058,8176189728,115523624949760,7014793216,115516610156544,8169017344,10474899445022,6463508,10474892981514,24868808,8684306432,8684306432,0,8684306432,8652849152,8652849152,0,8652849152,31457280,31457280,0,31457280,357,357,0,357,342,342,0,342,15,15,0,15,,,,,,,,,,,,,,,,,,,,,,,,,,,,,,,,,,,,,,,,,,,,,,,,,,,,,,,,,,,,,,,,,,,,,,,,,,,,,,,,,,,,,,,,,,,,,,,,,,,,,,,,,,,,,,,,,,,,,,,,,,,,,,,,,,,,,,,,,,,,,,,,,,,,,,,,,,,,,,
,499,,,,,,,,,,,,,,,,,,,,,,,,,,,,,,,,,,,,,,,,,,,,,,,,,,,,,,,,,,,,,,,,,,,,,,,,,,,,,,,,,,,,,,,,,,,,,,,,,,,,,,,,,,,,,,,,,,,,,,,,,,,49950320,2433,49947887,2967,17785130,886,17784244,1138,32165190,1547,32163643,1837,127185359172096,7031467520,127178327704576,8190438912,116704091555840,7024869376,116697066686464,8183136256,10481267616256,6598144,10481261018112,25004544,127185359172096,7031467520,127178327704576,8190438912,116704091555840,7024869376,116697066686464,8183136256,10481267616256,6598144,10481261018112,25004544,49950320,2433,49947887,2967,17785130,886,17784244,1138,32165190,1547,32163643,1837,31311429,140,31311289,256,10793177,98,10793079,156,20518252,42,20518210,118,126991712902144,228872704,126991484029440,1337435648,116253054988288,218693632,116252836294656,1332846592,10738657913856,10179072,10738647734784,19068928,-1,0,357,0,0,2,0,0,0,0,0,0,0,0,126025365966908,7021256680,126018344710228,8176189728,115547596311296,7014793216,115540581518080,8169017344,10477769655612,6463464,10477763192148,24868808,8684306432,8684306432,0,8684306432,8652849152,8652849152,0,8652849152,31457280,31457280,0,31457280,357,357,0,357,342,342,0,342,15,15,0,15,,,,,,,,,,,,,,,,,,,,,,,,,,,,,,,,,,,,
1.8872104733131922e-06,499,,,,,,,,,,,,,,,,,,,,,,,,,,,,,,,,,,,,,,,,,,,,,,,,,,,,,,,,,,,,,,,,,,,,,,,,,,,,,,,,,,,,,,,,,,,,,,,,,,,,,,,,,,,,,,,,,,,,,,,,,,,,,,,,,,,,,,,,,,,,,,,,,,,,,,,,,,,,,,,,,,,,,,,,,,,,,,,,,,,,,,,,,,,,,,,,,,,,,,,,,,,,,,,,,,,,,,,,,,,,,,,,,,,,,,,,,,,,,,,,,,,,,,,,,,,,,,,,,,,,,,,,,,,,,,,,,,,,,,,,
,499,49950333,2429,49947904,2967,17785130,886,17784244,1138,32165203,1543,32163660,1837,127185359186432,7031467008,127178327719424,8190438912,116704091555840,7024869376,116697066686464,8183136256,10481267630592,6597632,10481261032960,25004544,127185359186432,7031467008,127178327719424,8190438912,116704091555840,7024869376,116697066686464,8183136256,10481267630592,6597632,10481261032960,25004544,49950333,2429,49947904,2967,17785130,886,17784244,1138,32165203,1543,32163660,1837,31311442,143,31311299,256,10793177,98,10793079,156,20518265,45,20518220,118,126991712916992,228873216,126991484043776,1337435648,116253054988288,218693632,116252836294656,1332846592,10738657928704,10179584,10738647749120,19068928,-1,0,357,0,0,2,0,0,0,0,0,0,0,0,126025365974920,7021258248,126018344716672,8176189728,115547596311296,7014793216,115540581518080,8169017344,10477769663624,6465032,10477763198592,24868808,8684306432,8684306432,0,8684306432,8652849152,8652849152,0,8652849152,31457280,31457280,0,31457280,357,357,0,357,342,342,0,342,15,15,0,15,,,,,,,,,,,,,,,,,,,,,,,,,,,,,,,,,,,,,,,,,,,,,,,,,,,,,,,,,,,,,,,,,,,,,,,,,,,,,,,,,,,,,,,,,,,,,,,,,,,,,,,,,,,,,,,,,,,,,,,,,,,,,,,,,,,,,,,,,,,,,,,,,,,,,,,,,,,,,,
,499,,,,,,,,,,,,,,,,,,,,,,,,,,,,,,,,,,,,,,,,,,,,,,,,,,,,,,,,,,,,,,,,,,,,,,,,,,,,,,,,,,,,,,,,,,,,,,,,,,,,,,,,,,,,,,,,,,,,,,,,,,,49962704,2433,49960271,2967,17789213,886,17788327,1138,32173491,1547,32171944,1837,127212945891840,7031469056,127205914422784,8190438912,116728795371520,7024869376,116721770502144,8183136256,10484150520320,6599680,10484143920640,25004544,127212945891840,7031469056,127205914422784,8190438912,116728795371520,7024869376,116721770502144,8183136256,10484150520320,6599680,10484143920640,25004544,49962704,2433,49960271,2967,17789213,886,17788327,1138,32173491,1547,32171944,1837,31318750,146,31318604,256,10795545,98,10795447,156,20523205,48,20523157,118,127021420824064,228871168,127021191952896,1337435648,116279857987584,218693632,116279639293952,1332846592,10741562836480,10177536,10741552658944,19068928,-1,0,357,0,0,2,0,0,0,0,0,0,0,0,126052412644839,7021258264,126045391386575,8176189728,115571760975360,7014793216,115564746182144,8169017344,10480651669479,6465048,10480645204431,24868808,8684306432,8684306432,0,8684306432,8652849152,8652849152,0,8652849152,31457280,31457280,0,31457280,357,357,0,357,342,342,0,342,15,15,0,15,,,,,,,,,,,,,,,,,,,,,,,,,,,,,,,,,,,,
1.8872104733131922e-06,499,,,,,,,,,,,,,,,,,,,,,,,,,,,,,,,,,,,,,,,,,,,,,,,,,,,,,,,,,,,,,,,,,,,,,,,,,,,,,,,,,,,,,,,,,,,,,,,,,,,,,,,,,,,,,,,,,,,,,,,,,,,,,,,,,,,,,,,,,,,,,,,,,,,,,,,,,,,,,,,,,,,,,,,,,,,,,,,,,,,,,,,,,,,,,,,,,,,,,,,,,,,,,,,,,,,,,,,,,,,,,,,,,,,,,,,,,,,,,,,,,,,,,,,,,,,,,,,,,,,,,,,,,,,,,,,,,,,,,,,,
,499,49962717,2429,49960288,2967,17789213,886,17788327,1138,32173504,1543,32171961,1837,127212945904640,7031465472,127205914439168,8190438912,116728795371520,7024869376,116721770502144,8183136256,10484150533120,6596096,10484143937024,25004544,127212945904640,7031465472,127205914439168,8190438912,116728795371520,7024869376,116721770502144,8183136256,10484150533120,6596096,10484143937024,25004544,49962717,2429,49960288,2967,17789213,886,17788327,1138,32173504,1543,32171961,1837,31318760,142,31318618,256,10795545,98,10795447,156,20523215,44,20523171,118,127021420840448,228874752,127021191965696,1337435648,116279857987584,218693632,116279639293952,1332846592,10741562852864,10181120,10741552671744,19068928,-1,0,357,0,0,2,0,0,0,0,0,0,0,0,126052412652035,7021257432,126045391394603,8176189728,115571760975360,7014793216,115564746182144,8169017344,10480651676675,6464216,10480645212459,24868808,8684306432,8684306432,0,8684306432,8652849152,8652849152,0,8652849152,31457280,31457280,0,31457280,357,357,0,357,342,342,0,342,15,15,0,15,,,,,,,,,,,,,,,,,,,,,,,,,,,,,,,,,,,,,,,,,,,,,,,,,,,,,,,,,,,,,,,,,,,,,,,,,,,,,,,,,,,,,,,,,,,,,,,,,,,,,,,,,,,,,,,,,,,,,,,,,,,,,,,,,,,,,,,,,,,,,,,,,,,,,,,,,,,,,,
,499,,,,,,,,,,,,,,,,,,,,,,,,,,,,,,,,,,,,,,,,,,,,,,,,,,,,,,,,,,,,,,,,,,,,,,,,,,,,,,,,,,,,,,,,,,,,,,,,,,,,,,,,,,,,,,,,,,,,,,,,,,,49975039,2433,49972606,2967,17793200,886,17792314,1138,32181839,1547,32180292,1837,127240157375488,7031467520,127233125907968,8190438912,116753182623744,7024869376,116746157754368,8183136256,10486974751744,6598144,10486968153600,25004544,127240157375488,7031467520,127233125907968,8190438912,116753182623744,7024869376,116746157754368,8183136256,10486974751744,6598144,10486968153600,25004544,49975039,2433,49972606,2967,17793200,886,17792314,1138,32181839,1547,32180292,1837,31325520,142,31325378,256,10797737,98,10797639,156,20527783,44,20527739,118,127050769954304,228872704,127050541081600,1337435648,116306382884864,218693632,116306164191232,1332846592,10744387069440,10179072,10744376890368,19068928,-1,0,357,0,0,2,0,0,0,0,0,0,0,0,126079178505525,7021257508,126072157248017,8176189728,115595703501056,7014793216,115588688707840,8169017344,10483475004469,6464292,10483468540177,24868808,8684306432,8684306432,0,8684306432,8652849152,8652849152,0,8652849152,31457280,31457280,0,31457280,357,357,0,357,342,342,0,342,15,15,0,15,,,,,,,,,,,,,,,,,,,,,,,,,,,,,,,,,,,,
1.8872104733131922e-06,499,,,,,,,,,,,,,,,,,,,,,,,,,,,,,,,,,,,,,,,,,,,,,,,,,,,,,,,,,,,,,,,,,,,,,,,,,,,,,,,,,,,,,,,,,,,,,,,,,,,,,,,,,,,,,,,,,,,,,,,,,,,,,,,,,,,,,,,,,,,,,,,,,,,,,,,,,,,,,,,,,,,,,,,,,,,,,,,,,,,,,,,,,,,,,,,,,,,,,,,,,,,,,,,,,,,,,,,,,,,,,,,,,,,,,,,,,,,,,,,,,,,,,,,,,,,,,,,,,,,,,,,,,,,,,,,,,,,,,,,,
,499,49975052,2429,49972623,2967,17793200,886,17792314,1138,32181852,1543,32180309,1837,127240157385216,7031462400,127233125922816,8190438912,116753182623744,7024869376,116746157754368,8183136256,10486974761472,6593024,10486968168448,25004544,127240157385216,7031462400,127233125922816,8190438912,116753182623744,7024869376,116746157754368,8183136256,10486974761472,6593024,10486968168448,25004544,49975052,2429,49972623,2967,17793200,886,17792314,1138,32181852,1543,32180309,1837,31325535,146,31325389,256,10797737,98,10797639,156,20527798,48,20527750,118,127050769969152,228877824,127050541091328,1337435648,116306382884864,218693632,116306164191232,1332846592,10744387084288,10184192,10744376900096,19068928,-1,0,357,0,0,2,0,0,0,0,0,0,0,0,126079178509025,7021253796,126072157255229,8176189728,115595703501056,7014793216,115588688707840,8169017344,10483475007969,6460580,10483468547389,24868808,8684306432,8684306432,0,8684306432,8652849152,8652849152,0,8652849152,31457280,31457280,0,31457280,357,357,0,357,342,342,0,342,15,15,0,15,,,,,,,,,,,,,,,,,,,,,,,,,,,,,,,,,,,,,,,,,,,,,,,,,,,,,,,,,,,,,,,,,,,,,,,,,,,,,,,,,,,,,,,,,,,,,,,,,,,,,,,,,,,,,,,,,,,,,,,,,,,,,,,,,,,,,,,,,,,,,,,,,,,,,,,,,,,,,,
,499,,,,,,,,,,,,,,,,,,,,,,,,,,,,,,,,,,,,,,,,,,,,,,,,,,,,,,,,,,,,,,,,,,,,,,,,,,,,,,,,,,,,,,,,,,,,,,,,,,,,,,,,,,,,,,,,,,,,,,,,,,,49987423,2433,49984990,2967,17797182,886,17796296,1138,32190241,1547,32188694,1837,127267174612992,7031464448,127260143148544,8190438912,116777482483712,7024869376,116770457614336,8183136256,10489692129280,6595072,10489685534208,25004544,127267174612992,7031464448,127260143148544,8190438912,116777482483712,7024869376,116770457614336,8183136256,10489692129280,6595072,10489685534208,25004544,49987423,2433,49984990,2967,17797182,886,17796296,1138,32190241,1547,32188694,1837,31332682,147,31332535,256,10799877,98,10799779,156,20532805,49,20532756,118,127079938889216,228875776,127079710013440,1337435648,116332834439168,218693632,116332615745536,1332846592,10747104450048,10182144,10747094267904,19068928,-1,0,357,0,0,2,0,0,0,0,0,0,0,0,126105762682767,7021253752,126098741429015,8176189728,115619571274752,7014793216,115612556481536,8169017344,10486191408015,6460536,10486184947479,24868808,8684306432,8684306432,0,8684306432,8652849152,8652849152,0,8652849152,31457280,31457280,0,31457280,357,357,0,357,342,342,0,342,15,15,0,15,,,,,,,,,,,,,,,,,,,,,,,,,,,,,,,,,,,,
1.8872104733131922e-06,499,,,,,,,,,,,,,,,,,,,,,,,,,,,,,,,,,,,,,,,,,,,,,,,,,,,,,,,,,,,,,,,,,,,,,,,,,,,,,,,,,,,,,,,,,,,,,,,,,,,,,,,,,,,,,,,,,,,,,,,,,,,,,,,,,,,,,,,,,,,,,,,,,,,,,,,,,,,,,,,,,,,,,,,,,,,,,,,,,,,,,,,,,,,,,,,,,,,,,,,,,,,,,,,,,,,,,,,,,,,,,,,,,,,,,,,,,,,,,,,,,,,,,,,,,,,,,,,,,,,,,,,,,,,,,,,,,,,,,,,,
,499,49987436,2429,49985007,2967,17797182,886,17796296,1138,32190254,1543,32188711,1837,127267174622720,7031462400,127260143160320,8190438912,116777482483712,7024869376,116770457614336,8183136256,10489692139008,6593024,10489685545984,25004544,127267174622720,7031462400,127260143160320,8190438912,116777482483712,7024869376,116770457614336,8183136256,10489692139008,6593024,10489685545984,25004544,49987436,2429,49985007,2967,17797182,886,17796296,1138,32190254,1543,32188711,1837,31332694,146,31332548,256,10799877,98,10799779,156,20532817,48,20532769,118,127079938900992,228877824,127079710023168,1337435648,116332834439168,218693632,116332615745536,1332846592,10747104461824,10184192,10747094277632,19068928,-1,0,357,0,0,2,0,0,0,0,0,0,0,0,126105762687467,7021254936,126098741432531,8176189728,115619571274752,7014793216,115612556481536,8169017344,10486191412715,6461720,10486184950995,24868808,8684306432,8684306432,0,8684306432,8652849152,8652849152,0,8652849152,31457280,31457280,0,31457280,357,357,0,357,342,342,0,342,15,15,0,15,,,,,,,,,,,,,,,,,,,,,,,,,,,,,,,,,,,,,,,,,,,,,,,,,,,,,,,,,,,,,,,,,,,,,,,,,,,,,,,,,,,,,,,,,,,,,,,,,,,,,,,,,,,,,,,,,,,,,,,,,,,,,,,,,,,,,,,,,,,,,,,,,,,,,,,,,,,,,,
,499,,,,,,,,,,,,,,,,,,,,,,,,,,,,,,,,,,,,,,,,,,,,,,,,,,,,,,,,,,,,,,,,,,,,,,,,,,,,,,,,,,,,,,,,,,,,,,,,,,,,,,,,,,,,,,,,,,,,,,,,,,,49999758,2433,49997325,2967,17801164,886,17800278,1138,32198594,1547,32197047,1837,127294624528896,7031464448,127287593064448,8190438912,116802010802176,7024869376,116794985932800,8183136256,10492613726720,6595072,10492607131648,25004544,127294624528896,7031464448,127287593064448,8190438912,116802010802176,7024869376,116794985932800,8183136256,10492613726720,6595072,10492607131648,25004544,49999758,2433,49997325,2967,17801164,886,17800278,1138,32198594,1547,32197047,1837,31339847,146,31339701,256,10802185,98,10802087,156,20537662,48,20537614,118,127109516767232,228875776,127109287891456,1337435648,116359488360448,218693632,116359269666816,1332846592,10750028406784,10182144,10750018224640,19068928,-1,0,357,0,0,2,0,0,0,0,0,0,0,0,126132678997368,7021255012,126125657742356,8176189728,115643566843648,7014793216,115636552050432,8169017344,10489112153720,6461796,10489105691924,24868808,8684306432,8684306432,0,8684306432,8652849152,8652849152,0,8652849152,31457280,31457280,0,31457280,357,357,0,357,342,342,0,342,15,15,0,15,,,,,,,,,,,,,,,,,,,,,,,,,,,,,,,,,,,,
1.8872104733131922e-06,499,,,,,,,,,,,,,,,,,,,,,,,,,,,,,,,,,,,,,,,,,,,,,,,,,,,,,,,,,,,,,,,,,,,,,,,,,,,,,,,,,,,,,,,,,,,,,,,,,,,,,,,,,,,,,,,,,,,,,,,,,,,,,,,,,,,,,,,,,,,,,,,,,,,,,,,,,,,,,,,,,,,,,,,,,,,,,,,,,,,,,,,,,,,,,,,,,,,,,,,,,,,,,,,,,,,,,,,,,,,,,,,,,,,,,,,,,,,,,,,,,,,,,,,,,,,,,,,,,,,,,,,,,,,,,,,,,,,,,,,,
,499,49999771,2429,49997342,2967,17801164,886,17800278,1138,32198607,1543,32197064,1837,127294624549376,7031473152,127287593076224,8190438912,116802010802176,7024869376,116794985932800,8183136256,10492613747200,6603776,10492607143424,25004544,127294624549376,7031473152,127287593076224,8190438912,116802010802176,7024869376,116794985932800,8183136256,10492613747200,6603776,10492607143424,25004544,49999771,2429,49997342,2967,17801164,886,17800278,1138,32198607,1543,32197064,1837,31339860,149,31339711,256,10802185,98,10802087,156,20537675,51,20537624,118,127109516779008,228867072,127109287911936,1337435648,116359488360448,218693632,116359269666816,1332846592,10750028418560,10173440,10750018245120,19068928,-1,0,357,0,0,2,0,0,0,0,0,0,0,0,126132679012004,7021264932,126125657747072,8176189728,115643566843648,7014793216,115636552050432,8169017344,10489112168356,6471716,10489105696640,24868808,8684306432,8684306432,0,8684306432,8652849152,8652849152,0,8652849152,31457280,31457280,0,31457280,357,357,0,357,342,342,0,342,15,15,0,15,,,,,,,,,,,,,,,,,,,,,,,,,,,,,,,,,,,,,,,,,,,,,,,,,,,,,,,,,,,,,,,,,,,,,,,,,,,,,,,,,,,,,,,,,,,,,,,,,,,,,,,,,,,,,,,,,,,,,,,,,,,,,,,,,,,,,,,,,,,,,,,,,,,,,,,,,,,,,,
,499,,,,,,,,,,,,,,,,,,,,,,,,,,,,,,,,,,,,,,,,,,,,,,,,,,,,,,,,,,,,,,,,,,,,,,,,,,,,,,,,,,,,,,,,,,,,,,,,,,,,,,,,,,,,,,,,,,,,,,,,,,,50012694,2433,50010261,2967,17808055,886,17807169,1138,32204639,1547,32203092,1837,127349199003648,7031475200,127342167528448,8190438912,116855826753536,7024869376,116848801884160,8183136256,10493372250112,6605824,10493365644288,25004544,127349199003648,7031475200,127342167528448,8190438912,116855826753536,7024869376,116848801884160,8183136256,10493372250112,6605824,10493365644288,25004544,50012694,2433,50010261,2967,17808055,886,17807169,1138,32204639,1547,32203092,1837,31348440,145,31348295,256,10807319,98,10807221,156,20541121,47,20541074,118,127156558892032,228865024,127156330027008,1337435648,116405771972608,218693632,116405553278976,1332846592,10750786919424,10171392,10750776748032,19068928,-1,0,357,0,0,2,0,0,0,0,0,0,0,0,126186797523615,7021264888,126179776258727,8176189728,115696927812096,7014793216,115689913018880,8169017344,10489869711519,6471672,10489863239847,24868808,8684306432,8684306432,0,8684306432,8652849152,8652849152,0,8652849152,31457280,31457280,0,31457280,357,357,0,357,342,342,0,342,15,15,0,15,,,,,,,,,,,,,,,,,,,,,,,,,,,,,,,,,,,,
1.8872104733131922e-06,499,,,,,,,,,,,,,,,,,,,,,,,,,,,,,,,,,,,,,,,,,,,,,,,,,,,,,,,,,,,,,,,,,,,,,,,,,,,,,,,,,,,,,,,,,,,,,,,,,,,,,,,,,,,,,,,,,,,,,,,,,,,,,,,,,,,,,,,,,,,,,,,,,,,,,,,,,,,,,,,,,,,,,,,,,,,,,,,,,,,,,,,,,,,,,,,,,,,,,,,,,,,,,,,,,,,,,,,,,,,,,,,,,,,,,,,,,,,,,,,,,,,,,,,,,,,,,,,,,,,,,,,,,,,,,,,,,,,,,,,,
,499,50012707,2429,50010278,2967,17808055,886,17807169,1138,32204652,1543,32203109,1837,127349199016448,7031465472,127342167550976,8190438912,116855826753536,7024869376,116848801884160,8183136256,10493372262912,6596096,10493365666816,25004544,127349199016448,7031465472,127342167550976,8190438912,116855826753536,7024869376,116848801884160,8183136256,10493372262912,6596096,10493365666816,25004544,50012707,2429,50010278,2967,17808055,886,17807169,1138,32204652,1543,32203109,1837,31348451,142,31348309,256,10807319,98,10807221,156,20541132,44,20541088,118,127156558914560,228874752,127156330039808,1337435648,116405771972608,218693632,116405553278976,1332846592,10750786941952,10181120,10750776760832,19068928,-1,0,357,0,0,2,0,0,0,0,0,0,0,0,126186797530475,7021257096,126179776273379,8176189728,115696927812096,7014793216,115689913018880,8169017344,10489869718379,6463880,10489863254499,24868808,8684306432,8684306432,0,8684306432,8652849152,8652849152,0,8652849152,31457280,31457280,0,31457280,357,357,0,357,342,342,0,342,15,15,0,15,,,,,,,,,,,,,,,,,,,,,,,,,,,,,,,,,,,,,,,,,,,,,,,,,,,,,,,,,,,,,,,,,,,,,,,,,,,,,,,,,,,,,,,,,,,,,,,,,,,,,,,,,,,,,,,,,,,,,,,,,,,,,,,,,,,,,,,,,,,,,,,,,,,,,,,,,,,,,,
,499,,,,,,,,,,,,,,,,,,,,,,,,,,,,,,,,,,,,,,,,,,,,,,,,,,,,,,,,,,,,,,,,,,,,,,,,,,,,,,,,,,,,,,,,,,,,,,,,,,,,,,,,,,,,,,,,,,,,,,,,,,,50025078,2433,50022645,2967,17812042,886,17811156,1138,32213036,1547,32211489,1837,127376483793920,7031467520,127369452326400,8190438912,116880224778240,7024869376,116873199908864,8183136256,10496259015680,6598144,10496252417536,25004544,127376483793920,7031467520,127369452326400,8190438912,116880224778240,7024869376,116873199908864,8183136256,10496259015680,6598144,10496252417536,25004544,50025078,2433,50022645,2967,17812042,886,17811156,1138,32213036,1547,32211489,1837,31355292,147,31355145,256,10809511,98,10809413,156,20545781,49,20545732,118,127185991788032,228872704,127185762915328,1337435648,116432299614208,218693632,116432080920576,1332846592,10753692173824,10179072,10753681994752,19068928,-1,0,357,0,0,2,0,0,0,0,0,0,0,0,126213664958233,7021257112,126206643701121,8176189728,115720909372672,7014793216,115713894579456,8169017344,10492755585561,6463896,10492749121665,24868808,8684306432,8684306432,0,8684306432,8652849152,8652849152,0,8652849152,31457280,31457280,0,31457280,357,357,0,357,342,342,0,342,15,15,0,15,,,,,,,,,,,,,,,,,,,,,,,,,,,,,,,,,,,,
1.8872104733131922e-06,499,,,,,,,,,,,,,,,,,,,,,,,,,,,,,,,,,,,,,,,,,,,,,,,,,,,,,,,,,,,,,,,,,,,,,,,,,,,,,,,,,,,,,,,,,,,,,,,,,,,,,,,,,,,,,,,,,,,,,,,,,,,,,,,,,,,,,,,,,,,,,,,,,,,,,,,,,,,,,,,,,,,,,,,,,,,,,,,,,,,,,,,,,,,,,,,,,,,,,,,,,,,,,,,,,,,,,,,,,,,,,,,,,,,,,,,,,,,,,,,,,,,,,,,,,,,,,,,,,,,,,,,,,,,,,,,,,,,,,,,,
,499,50025091,2429,50022662,2967,17812042,886,17811156,1138,32213049,1543,32211506,1837,127376483809792,7031468544,127369452341248,8190438912,116880224778240,7024869376,116873199908864,8183136256,10496259031552,6599168,10496252432384,25004544,127376483809792,7031468544,127369452341248,8190438912,116880224778240,7024869376,116873199908864,8183136256,10496259031552,6599168,10496252432384,25004544,50025091,2429,50022662,2967,17812042,886,17811156,1138,32213049,1543,32211506,1837,31355305,146,31355159,256,10809511,98,10809413,156,20545794,48,20545746,118,127185991802880,228871680,127185762931200,1337435648,116432299614208,218693632,116432080920576,1332846592,10753692188672,10178048,10753682010624,19068928,-1,0,357,0,0,2,0,0,0,0,0,0,0,0,126213664968549,7021260552,126206643707997,8176189728,115720909372672,7014793216,115713894579456,8169017344,10492755595877,6467336,10492749128541,24868808,8684306432,8684306432,0,8684306432,8652849152,8652849152,0,8652849152,31457280,31457280,0,31457280,357,357,0,357,342,342,0,342,15,15,0,15,,,,,,,,,,,,,,,,,,,,,,,,,,,,,,,,,,,,,,,,,,,,,,,,,,,,,,,,,,,,,,,,,,,,,,,,,,,,,,,,,,,,,,,,,,,,,,,,,,,,,,,,,,,,,,,,,,,,,,,,,,,,,,,,,,,,,,,,,,,,,,,,,,,,,,,,,,,,,,
,499,,,,,,,,,,,,,,,,,,,,,,,,,,,,,,,,,,,,,,,,,,,,,,,,,,,,,,,,,,,,,,,,,,,,,,,,,,,,,,,,,,,,,,,,,,,,,,,,,,,,,,,,,,,,,,,,,,,,,,,,,,,50037962,2433,50035529,2967,17816250,886,17815364,1138,32221712,1547,32220165,1837,127405546044928,7031470592,127398514574336,8190438912,116906382759936,7024869376,116899357890560,8183136256,10499163284992,6601216,10499156683776,25004544,127405546044928,7031470592,127398514574336,8190438912,116906382759936,7024869376,116899357890560,8183136256,10499163284992,6601216,10499156683776,25004544,50037962,2433,50035529,2967,17816250,886,17815364,1138,32221712,1547,32220165,1837,31362179,144,31362035,256,10811754,98,10811656,156,20550425,46,20550379,118,127217096670208,228869632,127216867800576,1337435648,116460483715072,218693632,116460265021440,1332846592,10756612955136,10176000,10756602779136,19068928,-1,0,357,0,0,2,0,0,0,0,0,0,0,0,126242312081722,7021260628,126235290821094,8176189728,115746653089792,7014793216,115739638296576,8169017344,10495658991930,6467412,10495652524518,24868808,8684306432,8684306432,0,8684306432,8652849152,8652849152,0,8652849152,31457280,31457280,0,31457280,357,357,0,357,342,342,0,342,15,15,0,15,,,,,,,,,,,,,,,,,,,,,,,,,,,,,,,,,,,,
,499,,,,,,,,,,,,,,,,,,,,,,,,,,,,,,,,,,,,,,,,,,,,,,,,,,,,,,,,,,,,,,,,,,,,,,,,,,,,,,,,,,,,,,,,,,,,,,,,,,,,,,,,,,,,,,,,,,,,,,,,,,,,,,,,,,,,,,,,,,,,,,,,,,,,,,,,,,,,,,,,,,,,,,,,,,,,,,,,,,,,,,,,,,,,,,,,,,,,,,,,,,,,,,,,,,,,,,,,,,,,,,,,,,,,,,,,,,,,,,,,,,,,,9.918212890625e-05,1.7252836187253706e-05,0.0003579746698960662,0,,,,,,,,,,,,,,,,,,,,,,,,,,,,,,,,
1.8536421617992614e-06,549,,,,,,,,,,,,,,,,,,,,,,,,,,,,,,,,,,,,,,,,,,,,,,,,,,,,,,,,,,,,,,,,,,,,,,,,,,,,,,,,,,,,,,,,,,,,,,,,,,,,,,,,,,,,,,,,,,,,,,,,,,,,,,,,,,,,,,,,,,,,,,,,,,,,,,,,,,,,,,,,,,,,,,,,,,,,,,,,,,,,,,,,,,,,,,,,,,,,,,,,,,,,,,,,,,,,,,,,,,,,,,,,,,,,,,,,,,,,,,,,,,,,,,,,,,,,,,,,,,,,,,,,,,,,,,,,,,,,,,,,
,549,54942159,2429,54939730,2967,19562615,886,19561729,1138,35379544,1543,35378001,1837,139911560384000,7033136640,139904527247360,8190438912,128381697533952,7026540544,128374670993408,8183136256,11529862850048,6596096,11529856253952,25004544,139911560384000,7033136640,139904527247360,8190438912,128381697533952,7026540544,128374670993408,8183136256,11529862850048,6596096,11529856253952,25004544,54942159,2429,54939730,2967,19562615,886,19561729,1138,35379544,1543,35378001,1837,34483406,151,34483255,256,11868787,104,11868683,156,22614619,47,22614572,118,139637535261184,262855168,139637272406016,1337435648,127821828648960,252674048,127821575974912,1332846592,11815706612224,10181120,11815696431104,19068928,-1,0,357,0,0,2,0,0,0,0,0,0,0,0,138627866556994,7021257600,138620845299394,8176189728,127101852044288,7014793216,127094837251072,8169017344,11526014512706,6464384,11526008048322,24869876,8684306432,8684306432,0,8684306432,8652849152,8652849152,0,8652849152,31457280,31457280,0,31457280,357,357,0,357,342,342,0,342,15,15,0,15,,,,,,,,,,,,,,,,,,,,,,,,,,,,,,,,,,,,,,,,,,,,,,,,,,,,,,,,,,,,,,,,,,,,,,,,,,,,,,,,,,,,,,,,,,,,,,,,,,,,,,,,,,,,,,,,,,,,,,,,,,,,,,,,,,,,,,,,,,,,,,,,,,,,,,,,,,,,,,
,549,,,,,,,,,,,,,,,,,,,,,,,,,,,,,,,,,,,,,,,,,,,,,,,,,,,,,,,,,,,,,,,,,,,,,,,,,,,,,,,,,,,,,,,,,,,,,,,,,,,,,,,,,,,,,,,,,,,,,,,,,,,54954530,2433,54952097,2967,19566602,886,19565716,1138,35387928,1547,35386381,1837,139938456531968,7031598592,139931424933376,8190438912,128405800732672,7025000448,128398775732224,8183136256,11532655799296,6598144,11532649201152,25004544,139938456531968,7031598592,139931424933376,8190438912,128405800732672,7025000448,128398775732224,8183136256,11532655799296,6598144,11532649201152,25004544,54954530,2433,54952097,2967,19566602,886,19565716,1138,35387928,1547,35386381,1837,34491296,157,34491139,256,11871108,99,11871009,156,22620188,58,22620130,118,139664820742144,224547328,139664596194816,1337435648,127846308491264,218562560,127846089928704,1332846592,11818512250880,5984768,11818506266112,19068928,-1,0,357,0,0,2,0,0,0,0,0,0,0,0,138654581605463,7021257616,138647560347847,8176189728,127125775073024,7014793216,127118760279808,8169017344,11528806532439,6464400,11528800068039,24869876,8684306432,8684306432,0,8684306432,8652849152,8652849152,0,8652849152,31457280,31457280,0,31457280,357,357,0,357,342,342,0,342,15,15,0,15,,,,,,,,,,,,,,,,,,,,,,,,,,,,,,,,,,,,
1.8536421617992614e-06,549,,,,,,,,,,,,,,,,,,,,,,,,,,,,,,,,,,,,,,,,,,,,,,,,,,,,,,,,,,,,,,,,,,,,,,,,,,,,,,,,,,,,,,,,,,,,,,,,,,,,,,,,,,,,,,,,,,,,,,,,,,,,,,,,,,,,,,,,,,,,,,,,,,,,,,,,,,,,,,,,,,,,,,,,,,,,,,,,,,,,,,,,,,,,,,,,,,,,,,,,,,,,,,,,,,,,,,,,,,,,,,,,,,,,,,,,,,,,,,,,,,,,,,,,,,,,,,,,,,,,,,,,,,,,,,,,,,,,,,,,
,549,54954543,2429,54952114,2967,19566602,886,19565716,1138,35387941,1543,35386398,1837,139938456541696,7031593472,139931424948224,8190438912,128405800732672,7025000448,128398775732224,8183136256,11532655809024,6593024,11532649216000,25004544,139938456541696,7031593472,139931424948224,8190438912,128405800732672,7025000448,128398775732224,8183136256,11532655809024,6593024,11532649216000,25004544,54954543,2429,54952114,2967,19566602,886,19565716,1138,35387941,1543,35386398,1837,34491307,156,34491151,256,11871108,99,11871009,156,22620199,57,22620142,118,139664820756992,224552448,139664596204544,1337435648,127846308491264,218562560,127846089928704,1332846592,11818512265728,5989888,11818506275840,19068928,-1,0,357,0,0,2,0,0,0,0,0,0,0,0,138654581608795,7021253568,138647560355227,8176189728,127125775073024,7014793216,127118760279808,8169017344,11528806535771,6460352,11528800075419,24869876,8684306432,8684306432,0,8684306432,8652849152,8652849152,0,8652849152,31457280,31457280,0,31457280,357,357,0,357,342,342,0,342,15,15,0,15,,,,,,,,,,,,,,,,,,,,,,,,,,,,,,,,,,,,,,,,,,,,,,,,,,,,,,,,,,,,,,,,,,,,,,,,,,,,,,,,,,,,,,,,,,,,,,,,,,,,,,,,,,,,,,,,,,,,,,,,,,,,,,,,,,,,,,,,,,,,,,,,,,,,,,,,,,,,,,
,549,,,,,,,,,,,,,,,,,,,,,,,,,,,,,,,,,,,,,,,,,,,,,,,,,,,,,,,,,,,,,,,,,,,,,,,,,,,,,,,,,,,,,,,,,,,,,,,,,,,,,,,,,,,,,,,,,,,,,,,,,,,54966911,2433,54964478,2967,19570584,886,19569698,1138,35396327,1547,35394780,1837,139965627907584,7031595520,139958596312064,8190438912,128430145492992,7025000448,128423120492544,8183136256,11535482414592,6595072,11535475819520,25004544,139965627907584,7031595520,139958596312064,8190438912,128430145492992,7025000448,128423120492544,8183136256,11535482414592,6595072,11535475819520,25004544,54966911,2433,54964478,2967,19570584,886,19569698,1138,35396327,1547,35394780,1837,34499293,157,34499136,256,11873428,99,11873329,156,22625865,58,22625807,118,139694206852608,224550400,139693982302208,1337435648,127872834560000,218562560,127872615997440,1332846592,11821372292608,5987840,11821366304768,19068928,-1,0,357,0,0,2,0,0,0,0,0,0,0,0,138681343885948,7021253584,138674322632364,8176189728,127149711659520,7014793216,127142696866304,8169017344,11531632226428,6460368,11531625766060,24869876,8684306432,8684306432,0,8684306432,8652849152,8652849152,0,8652849152,31457280,31457280,0,31457280,357,357,0,357,342,342,0,342,15,15,0,15,,,,,,,,,,,,,,,,,,,,,,,,,,,,,,,,,,,,
1.8536421617992614e-06,549,,,,,,,,,,,,,,,,,,,,,,,,,,,,,,,,,,,,,,,,,,,,,,,,,,,,,,,,,,,,,,,,,,,,,,,,,,,,,,,,,,,,,,,,,,,,,,,,,,,,,,,,,,,,,,,,,,,,,,,,,,,,,,,,,,,,,,,,,,,,,,,,,,,,,,,,,,,,,,,,,,,,,,,,,,,,,,,,,,,,,,,,,,,,,,,,,,,,,,,,,,,,,,,,,,,,,,,,,,,,,,,,,,,,,,,,,,,,,,,,,,,,,,,,,,,,,,,,,,,,,,,,,,,,,,,,,,,,,,,,
,549,54966924,2429,54964495,2967,19570584,886,19569698,1138,35396340,1543,35394797,1837,139965627923456,7031599616,139958596323840,8190438912,128430145492992,7025000448,128423120492544,8183136256,11535482430464,6599168,11535475831296,25004544,139965627923456,7031599616,139958596323840,8190438912,128430145492992,7025000448,128423120492544,8183136256,11535482430464,6599168,11535475831296,25004544,54966924,2429,54964495,2967,19570584,886,19569698,1138,35396340,1543,35394797,1837,34499306,159,34499147,256,11873428,99,11873329,156,22625878,60,22625818,118,139694206864384,224546304,139693982318080,1337435648,127872834560000,218562560,127872615997440,1332846592,11821372304384,5983744,11821366320640,19068928,-1,0,357,0,0,2,0,0,0,0,0,0,0,0,138681343895760,7021260048,138674322635712,8176189728,127149711659520,7014793216,127142696866304,8169017344,11531632236240,6466832,11531625769408,24869876,8684306432,8684306432,0,8684306432,8652849152,8652849152,0,8652849152,31457280,31457280,0,31457280,357,357,0,357,342,342,0,342,15,15,0,15,,,,,,,,,,,,,,,,,,,,,,,,,,,,,,,,,,,,,,,,,,,,,,,,,,,,,,,,,,,,,,,,,,,,,,,,,,,,,,,,,,,,,,,,,,,,,,,,,,,,,,,,,,,,,,,,,,,,,,,,,,,,,,,,,,,,,,,,,,,,,,,,,,,,,,,,,,,,,,
,549,,,,,,,,,,,,,,,,,,,,,,,,,,,,,,,,,,,,,,,,,,,,,,,,,,,,,,,,,,,,,,,,,,,,,,,,,,,,,,,,,,,,,,,,,,,,,,,,,,,,,,,,,,,,,,,,,,,,,,,,,,,54979294,2433,54976861,2967,19574667,886,19573781,1138,35404627,1547,35403080,1837,139993270426624,7031601664,139986238824960,8190438912,128454817249280,7025000448,128447792248832,8183136256,11538453177344,6601216,11538446576128,25004544,139993270426624,7031601664,139986238824960,8190438912,128454817249280,7025000448,128447792248832,8183136256,11538453177344,6601216,11538446576128,25004544,54979294,2433,54976861,2967,19574667,886,19573781,1138,35404627,1547,35403080,1837,34507160,158,34507002,256,11875877,99,11875778,156,22631283,59,22631224,118,139724057363456,224544256,139723832819200,1337435648,127899623481344,218562560,127899404918784,1332846592,11824433882112,5981696,11824427900416,19068928,-1,0,357,0,0,2,0,0,0,0,0,0,0,0,138708570661744,7021260064,138701549401680,8176189728,127173968508160,7014793216,127166953714944,8169017344,11534602153584,6466848,11534595686736,24869876,8684306432,8684306432,0,8684306432,8652849152,8652849152,0,8652849152,31457280,31457280,0,31457280,357,357,0,357,342,342,0,342,15,15,0,15,,,,,,,,,,,,,,,,,,,,,,,,,,,,,,,,,,,,
1.8536421617992614e-06,549,,,,,,,,,,,,,,,,,,,,,,,,,,,,,,,,,,,,,,,,,,,,,,,,,,,,,,,,,,,,,,,,,,,,,,,,,,,,,,,,,,,,,,,,,,,,,,,,,,,,,,,,,,,,,,,,,,,,,,,,,,,,,,,,,,,,,,,,,,,,,,,,,,,,,,,,,,,,,,,,,,,,,,,,,,,,,,,,,,,,,,,,,,,,,,,,,,,,,,,,,,,,,,,,,,,,,,,,,,,,,,,,,,,,,,,,,,,,,,,,,,,,,,,,,,,,,,,,,,,,,,,,,,,,,,,,,,,,,,,,
,549,54979307,2429,54976878,2967,19574667,886,19573781,1138,35404640,1543,35403097,1837,139993270440960,7031598080,139986238842880,8190438912,128454817249280,7025000448,128447792248832,8183136256,11538453191680,6597632,11538446594048,25004544,139993270440960,7031598080,139986238842880,8190438912,128454817249280,7025000448,128447792248832,8183136256,11538453191680,6597632,11538446594048,25004544,54979307,2429,54976878,2967,19574667,886,19573781,1138,35404640,1543,35403097,1837,34507171,158,34507013,256,11875877,99,11875778,156,22631294,59,22631235,118,139724057381376,224547840,139723832833536,1337435648,127899623481344,218562560,127899404918784,1332846592,11824433900032,5985280,11824427914752,19068928,-1,0,357,0,0,2,0,0,0,0,0,0,0,0,138708570671100,7021259592,138701549411508,8176189728,127173968508160,7014793216,127166953714944,8169017344,11534602162940,6466376,11534595696564,24869876,8684306432,8684306432,0,8684306432,8652849152,8652849152,0,8652849152,31457280,31457280,0,31457280,357,357,0,357,342,342,0,342,15,15,0,15,,,,,,,,,,,,,,,,,,,,,,,,,,,,,,,,,,,,,,,,,,,,,,,,,,,,,,,,,,,,,,,,,,,,,,,,,,,,,,,,,,,,,,,,,,,,,,,,,,,,,,,,,,,,,,,,,,,,,,,,,,,,,,,,,,,,,,,,,,,,,,,,,,,,,,,,,,,,,,
,549,,,,,,,,,,,,,,,,,,,,,,,,,,,,,,,,,,,,,,,,,,,,,,,,,,,,,,,,,,,,,,,,,,,,,,,,,,,,,,,,,,,,,,,,,,,,,,,,,,,,,,,,,,,,,,,,,,,,,,,,,,,54991678,2433,54989245,2967,19578654,886,19577768,1138,35413024,1547,35411477,1837,140020519404544,7031600128,140013487804416,8190438912,128479179352064,7025000448,128472154351616,8183136256,11541340052480,6599680,11541333452800,25004544,140020519404544,7031600128,140013487804416,8190438912,128479179352064,7025000448,128472154351616,8183136256,11541340052480,6599680,11541333452800,25004544,54991678,2433,54989245,2967,19578654,886,19577768,1138,35413024,1547,35411477,1837,34514770,162,34514608,256,11878202,99,11878103,156,22636568,63,22636505,118,139753564385792,224545792,139753339840000,1337435648,127926159454208,218562560,127925940891648,1332846592,11827404931584,5983232,11827398948352,19068928,-1,0,357,0,0,2,0,0,0,0,0,0,0,0,138735440337770,7021259608,138728419078162,8176189728,127197952198656,7014793216,127190937405440,8169017344,11537488139114,6466392,11537481672722,24869876,8684306432,8684306432,0,8684306432,8652849152,8652849152,0,8652849152,31457280,31457280,0,31457280,357,357,0,357,342,342,0,342,15,15,0,15,,,,,,,,,,,,,,,,,,,,,,,,,,,,,,,,,,,,
1.8536421617992614e-06,549,,,,,,,,,,,,,,,,,,,,,,,,,,,,,,,,,,,,,,,,,,,,,,,,,,,,,,,,,,,,,,,,,,,,,,,,,,,,,,,,,,,,,,,,,,,,,,,,,,,,,,,,,,,,,,,,,,,,,,,,,,,,,,,,,,,,,,,,,,,,,,,,,,,,,,,,,,,,,,,,,,,,,,,,,,,,,,,,,,,,,,,,,,,,,,,,,,,,,,,,,,,,,,,,,,,,,,,,,,,,,,,,,,,,,,,,,,,,,,,,,,,,,,,,,,,,,,,,,,,,,,,,,,,,,,,,,,,,,,,,
,549,54991691,2429,54989262,2967,19578654,886,19577768,1138,35413037,1543,35411494,1837,140020519423488,7031602688,140013487820800,8190438912,128479179352064,7025000448,128472154351616,8183136256,11541340071424,6602240,11541333469184,25004544,140020519423488,7031602688,140013487820800,8190438912,128479179352064,7025000448,128472154351616,8183136256,11541340071424,6602240,11541333469184,25004544,54991691,2429,54989262,2967,19578654,886,19577768,1138,35413037,1543,35411494,1837,34514782,162,34514620,256,11878202,99,11878103,156,22636580,63,22636517,118,139753564402176,224543232,139753339858944,1337435648,127926159454208,218562560,127925940891648,1332846592,11827404947968,5980672,11827398967296,19068928,-1,0,357,0,0,2,0,0,0,0,0,0,0,0,138735440351638,7021264104,138728419087534,8176189728,127197952198656,7014793216,127190937405440,8169017344,11537488152982,6470888,11537481682094,24869876,8684306432,8684306432,0,8684306432,8652849152,8652849152,0,8652849152,31457280,31457280,0,31457280,357,357,0,357,342,342,0,342,15,15,0,15,,,,,,,,,,,,,,,,,,,,,,,,,,,,,,,,,,,,,,,,,,,,,,,,,,,,,,,,,,,,,,,,,,,,,,,,,,,,,,,,,,,,,,,,,,,,,,,,,,,,,,,,,,,,,,,,,,,,,,,,,,,,,,,,,,,,,,,,,,,,,,,,,,,,,,,,,,,,,,
,549,,,,,,,,,,,,,,,,,,,,,,,,,,,,,,,,,,,,,,,,,,,,,,,,,,,,,,,,,,,,,,,,,,,,,,,,,,,,,,,,,,,,,,,,,,,,,,,,,,,,,,,,,,,,,,,,,,,,,,,,,,,55004614,2433,55002181,2967,19585545,886,19584659,1138,35419069,1547,35417522,1837,140075683673600,7031604736,140068652068864,8190438912,128533548521472,7025000448,128526523521024,8183136256,11542135152128,6604288,11542128547840,25004544,140075683673600,7031604736,140068652068864,8190438912,128533548521472,7025000448,128526523521024,8183136256,11542135152128,6604288,11542128547840,25004544,55004614,2433,55002181,2967,19585545,886,19584659,1138,35419069,1547,35417522,1837,34523219,160,34523059,256,11883311,99,11883212,156,22639908,61,22639847,118,139801231274496,224541184,139801006733312,1337435648,127973031247872,218562560,127972812685312,1332846592,11828200026624,5978624,11828194048000,19068928,-1,0,357,0,0,2,0,0,0,0,0,0,0,0,138790142211594,7021264120,138783120947474,8176189728,127251859847936,7014793216,127244845054720,8169017344,11538282363658,6470904,11538275892754,24869876,8684306432,8684306432,0,8684306432,8652849152,8652849152,0,8652849152,31457280,31457280,0,31457280,357,357,0,357,342,342,0,342,15,15,0,15,,,,,,,,,,,,,,,,,,,,,,,,,,,,,,,,,,,,
1.8536421617992614e-06,549,,,,,,,,,,,,,,,,,,,,,,,,,,,,,,,,,,,,,,,,,,,,,,,,,,,,,,,,,,,,,,,,,,,,,,,,,,,,,,,,,,,,,,,,,,,,,,,,,,,,,,,,,,,,,,,,,,,,,,,,,,,,,,,,,,,,,,,,,,,,,,,,,,,,,,,,,,,,,,,,,,,,,,,,,,,,,,,,,,,,,,,,,,,,,,,,,,,,,,,,,,,,,,,,,,,,,,,,,,,,,,,,,,,,,,,,,,,,,,,,,,,,,,,,,,,,,,,,,,,,,,,,,,,,,,,,,,,,,,,,
,549,55004627,2429,55002198,2967,19585545,886,19584659,1138,35419082,1543,35417539,1837,140075683689472,7031599616,140068652089856,8190438912,128533548521472,7025000448,128526523521024,8183136256,11542135168000,6599168,11542128568832,25004544,140075683689472,7031599616,140068652089856,8190438912,128533548521472,7025000448,128526523521024,8183136256,11542135168000,6599168,11542128568832,25004544,55004627,2429,55002198,2967,19585545,886,19584659,1138,35419082,1543,35417539,1837,34523229,155,34523074,256,11883311,99,11883212,156,22639918,56,22639862,118,139801231295488,224546304,139801006749184,1337435648,127973031247872,218562560,127972812685312,1332846592,11828200047616,5983744,11828194063872,19068928,-1,0,357,0,0,2,0,0,0,0,0,0,0,0,138790142222414,7021261056,138783120961358,8176189728,127251859847936,7014793216,127244845054720,8169017344,11538282374478,6467840,11538275906638,24869876,8684306432,8684306432,0,8684306432,8652849152,8652849152,0,8652849152,31457280,31457280,0,31457280,357,357,0,357,342,342,0,342,15,15,0,15,,,,,,,,,,,,,,,,,,,,,,,,,,,,,,,,,,,,,,,,,,,,,,,,,,,,,,,,,,,,,,,,,,,,,,,,,,,,,,,,,,,,,,,,,,,,,,,,,,,,,,,,,,,,,,,,,,,,,,,,,,,,,,,,,,,,,,,,,,,,,,,,,,,,,,,,,,,,,,
,549,,,,,,,,,,,,,,,,,,,,,,,,,,,,,,,,,,,,,,,,,,,,,,,,,,,,,,,,,,,,,,,,,,,,,,,,,,,,,,,,,,,,,,,,,,,,,,,,,,,,,,,,,,,,,,,,,,,,,,,,,,,55016998,2433,55014565,2967,19589628,886,19588742,1138,35427370,1547,35425823,1837,140103263200768,7031601664,140096231599104,8190438912,128558194739200,7025000448,128551169738752,8183136256,11545068461568,6601216,11545061860352,25004544,140103263200768,7031601664,140096231599104,8190438912,128558194739200,7025000448,128551169738752,8183136256,11545068461568,6601216,11545061860352,25004544,55016998,2433,55014565,2967,19589628,886,19588742,1138,35427370,1547,35425823,1837,34531008,160,34530848,256,11885766,99,11885667,156,22645242,61,22645181,118,139831037947392,224544256,139830813403136,1337435648,127999800799232,218562560,127999582236672,1332846592,11831237148160,5981696,11831231166464,19068928,-1,0,357,0,0,2,0,0,0,0,0,0,0,0,138817293465249,7021261072,138810272204177,8176189728,127276078648832,7014793216,127269063855616,8169017344,11541214816417,6467856,11541208348561,24869876,8684306432,8684306432,0,8684306432,8652849152,8652849152,0,8652849152,31457280,31457280,0,31457280,357,357,0,357,342,342,0,342,15,15,0,15,,,,,,,,,,,,,,,,,,,,,,,,,,,,,,,,,,,,
1.8536421617992614e-06,549,,,,,,,,,,,,,,,,,,,,,,,,,,,,,,,,,,,,,,,,,,,,,,,,,,,,,,,,,,,,,,,,,,,,,,,,,,,,,,,,,,,,,,,,,,,,,,,,,,,,,,,,,,,,,,,,,,,,,,,,,,,,,,,,,,,,,,,,,,,,,,,,,,,,,,,,,,,,,,,,,,,,,,,,,,,,,,,,,,,,,,,,,,,,,,,,,,,,,,,,,,,,,,,,,,,,,,,,,,,,,,,,,,,,,,,,,,,,,,,,,,,,,,,,,,,,,,,,,,,,,,,,,,,,,,,,,,,,,,,,
,549,55017011,2429,55014582,2967,19589628,886,19588742,1138,35427383,1543,35425840,1837,140103263213568,7031596544,140096231617024,8190438912,128558194739200,7025000448,128551169738752,8183136256,11545068474368,6596096,11545061878272,25004544,140103263213568,7031596544,140096231617024,8190438912,128558194739200,7025000448,128551169738752,8183136256,11545068474368,6596096,11545061878272,25004544,55017011,2429,55014582,2967,19589628,886,19588742,1138,35427383,1543,35425840,1837,34531022,160,34530862,256,11885766,99,11885667,156,22645256,61,22645195,118,139831037965312,224549376,139830813415936,1337435648,127999800799232,218562560,127999582236672,1332846592,11831237166080,5986816,11831231179264,19068928,-1,0,357,0,0,2,0,0,0,0,0,0,0,0,138817293472613,7021257600,138810272215013,8176189728,127276078648832,7014793216,127269063855616,8169017344,11541214823781,6464384,11541208359397,24869876,8684306432,8684306432,0,8684306432,8652849152,8652849152,0,8652849152,31457280,31457280,0,31457280,357,357,0,357,342,342,0,342,15,15,0,15,,,,,,,,,,,,,,,,,,,,,,,,,,,,,,,,,,,,,,,,,,,,,,,,,,,,,,,,,,,,,,,,,,,,,,,,,,,,,,,,,,,,,,,,,,,,,,,,,,,,,,,,,,,,,,,,,,,,,,,,,,,,,,,,,,,,,,,,,,,,,,,,,,,,,,,,,,,,,,
,549,,,,,,,,,,,,,,,,,,,,,,,,,,,,,,,,,,,,,,,,,,,,,,,,,,,,,,,,,,,,,,,,,,,,,,,,,,,,,,,,,,,,,,,,,,,,,,,,,,,,,,,,,,,,,,,,,,,,,,,,,,,55029333,2433,55026900,2967,19593615,886,19592729,1138,35435718,1547,35434171,1837,140130492560384,7031598592,140123460961792,8190438912,128582552926208,7025000448,128575527925760,8183136256,11547939634176,6598144,11547933036032,25004544,140130492560384,7031598592,140123460961792,8190438912,128582552926208,7025000448,128575527925760,8183136256,11547939634176,6598144,11547933036032,25004544,55029333,2433,55026900,2967,19593615,886,19592729,1138,35435718,1547,35434171,1837,34538822,156,34538666,256,11888091,99,11887992,156,22650731,57,22650674,118,139860510255104,224547328,139860285707776,1337435648,128026334715904,218562560,128026116153344,1332846592,11834175539200,5984768,11834169554432,19068928,-1,0,357,0,0,2,0,0,0,0,0,0,0,0,138844135903872,7021257676,138837114646196,8176189728,127300050788608,7014793216,127293035995392,8169017344,11544085115264,6464460,11544078650804,24869876,8684306432,8684306432,0,8684306432,8652849152,8652849152,0,8652849152,31457280,31457280,0,31457280,357,357,0,357,342,342,0,342,15,15,0,15,,,,,,,,,,,,,,,,,,,,,,,,,,,,,,,,,,,,
1.8536421617992614e-06,549,,,,,,,,,,,,,,,,,,,,,,,,,,,,,,,,,,,,,,,,,,,,,,,,,,,,,,,,,,,,,,,,,,,,,,,,,,,,,,,,,,,,,,,,,,,,,,,,,,,,,,,,,,,,,,,,,,,,,,,,,,,,,,,,,,,,,,,,,,,,,,,,,,,,,,,,,,,,,,,,,,,,,,,,,,,,,,,,,,,,,,,,,,,,,,,,,,,,,,,,,,,,,,,,,,,,,,,,,,,,,,,,,,,,,,,,,,,,,,,,,,,,,,,,,,,,,,,,,,,,,,,,,,,,,,,,,,,,,,,,
,549,55029346,2429,55026917,2967,19593615,886,19592729,1138,35435731,1543,35434188,1837,140130492579328,7031602688,140123460976640,8190438912,128582552926208,7025000448,128575527925760,8183136256,11547939653120,6602240,11547933050880,25004544,140130492579328,7031602688,140123460976640,8190438912,128582552926208,7025000448,128575527925760,8183136256,11547939653120,6602240,11547933050880,25004544,55029346,2429,55026917,2967,19593615,886,19592729,1138,35435731,1543,35434188,1837,34538835,158,34538677,256,11888091,99,11887992,156,22650744,59,22650685,118,139860510269952,224543232,139860285726720,1337435648,128026334715904,218562560,128026116153344,1332846592,11834175554048,5980672,11834169573376,19068928,-1,0,357,0,0,2,0,0,0,0,0,0,0,0,138844135917020,7021263444,138837114653576,8176189728,127300050788608,7014793216,127293035995392,8169017344,11544085128412,6470228,11544078658184,24869876,8684306432,8684306432,0,8684306432,8652849152,8652849152,0,8652849152,31457280,31457280,0,31457280,357,357,0,357,342,342,0,342,15,15,0,15,,,,,,,,,,,,,,,,,,,,,,,,,,,,,,,,,,,,,,,,,,,,,,,,,,,,,,,,,,,,,,,,,,,,,,,,,,,,,,,,,,,,,,,,,,,,,,,,,,,,,,,,,,,,,,,,,,,,,,,,,,,,,,,,,,,,,,,,,,,,,,,,,,,,,,,,,,,,,,
,549,,,,,,,,,,,,,,,,,,,,,,,,,,,,,,,,,,,,,,,,,,,,,,,,,,,,,,,,,,,,,,,,,,,,,,,,,,,,,,,,,,,,,,,,,,,,,,,,,,,,,,,,,,,,,,,,,,,,,,,,,,,55042818,2433,55040385,2967,19600727,886,19599841,1138,35442091,1547,35440544,1837,140187150126592,7031604736,140180118521856,8190438912,128638426167296,7025000448,128631401166848,8183136256,11548723959296,6604288,11548717355008,25004544,140187150126592,7031604736,140180118521856,8190438912,128638426167296,7025000448,128631401166848,8183136256,11548723959296,6604288,11548717355008,25004544,55042818,2433,55040385,2967,19600727,886,19599841,1138,35442091,1547,35440544,1837,34547770,163,34547607,256,11893066,99,11892967,156,22654704,64,22654640,118,139910206794240,224541184,139909982253056,1337435648,128075246936064,218562560,128075028373504,1332846592,11834959858176,5978624,11834953879552,19068928,-1,0,357,0,0,2,0,0,0,0,0,0,0,0,138900393421128,7021263400,138893372157728,8176189728,127355524891648,7014793216,127348510098432,8169017344,11544868529480,6470184,11544862059296,24869876,8684306432,8684306432,0,8684306432,8652849152,8652849152,0,8652849152,31457280,31457280,0,31457280,357,357,0,357,342,342,0,342,15,15,0,15,,,,,,,,,,,,,,,,,,,,,,,,,,,,,,,,,,,,
,549,,,,,,,,,,,,,,,,,,,,,,,,,,,,,,,,,,,,,,,,,,,,,,,,,,,,,,,,,,,,,,,,,,,,,,,,,,,,,,,,,,,,,,,,,,,,,,,,,,,,,,,,,,,,,,,,,,,,,,,,,,,,,,,,,,,,,,,,,,,,,,,,,,,,,,,,,,,,,,,,,,,,,,,,,,,,,,,,,,,,,,,,,,,,,,,,,,,,,,,,,,,,,,,,,,,,,,,,,,,,,,,,,,,,,,,,,,,,,,,,,,,,,0.0016889572143554688,0.000892935786396265,0.015082994475960732,0,,,,,,,,,,,,,,,,,,,,,,,,,,,,,,,,
1.8200738502853306e-06,599,,,,,,,,,,,,,,,,,,,,,,,,,,,,,,,,,,,,,,,,,,,,,,,,,,,,,,,,,,,,,,,,,,,,,,,,,,,,,,,,,,,,,,,,,,,,,,,,,,,,,,,,,,,,,,,,,,,,,,,,,,,,,,,,,,,,,,,,,,,,,,,,,,,,,,,,,,,,,,,,,,,,,,,,,,,,,,,,,,,,,,,,,,,,,,,,,,,,,,,,,,,,,,,,,,,,,,,,,,,,,,,,,,,,,,,,,,,,,,,,,,,,,,,,,,,,,,,,,,,,,,,,,,,,,,,,,,,,,,,,
,599,59945677,2429,59943248,2967,21340207,886,21339321,1138,38605470,1543,38603927,1837,152608602708992,7029424128,152601573284864,8190438912,140032144292864,7022829568,140025121463296,8183136256,12576458416128,6594560,12576451821568,25004544,152608602708992,7029424128,152601573284864,8190438912,140032144292864,7022829568,140025121463296,8183136256,12576458416128,6594560,12576451821568,25004544,59945677,2429,59943248,2967,21340207,886,21339321,1138,38605470,1543,38603927,1837,37623655,146,37623509,256,12943791,100,12943691,156,24679864,46,24679818,118,152320597998592,224624640,152320373373952,1337435648,139431300436992,220733440,139431079703552,1332846592,12889297561600,3891200,12889293670400,19068928,-1,0,357,0,0,2,0,0,0,0,0,0,0,0,151210562978712,7021256484,151203541722228,8176189728,138638304360448,7014793216,138631289567232,8169017344,12572258618264,6463268,12572252154996,24869876,8684306432,8684306432,0,8684306432,8652849152,8652849152,0,8652849152,31457280,31457280,0,31457280,357,357,0,357,342,342,0,342,15,15,0,15,,,,,,,,,,,,,,,,,,,,,,,,,,,,,,,,,,,,,,,,,,,,,,,,,,,,,,,,,,,,,,,,,,,,,,,,,,,,,,,,,,,,,,,,,,,,,,,,,,,,,,,,,,,,,,,,,,,,,,,,,,,,,,,,,,,,,,,,,,,,,,,,,,,,,,,,,,,,,,
,599,,,,,,,,,,,,,,,,,,,,,,,,,,,,,,,,,,,,,,,,,,,,,,,,,,,,,,,,,,,,,,,,,,,,,,,,,,,,,,,,,,,,,,,,,,,,,,,,,,,,,,,,,,,,,,,,,,,,,,,,,,,59958048,2433,59955615,2967,21344189,886,21343303,1138,38613859,1547,38612312,1837,152635559917568,7031605248,152628528312320,8190438912,140056241028096,7025008640,140049216019456,8183136256,12579318889472,6596608,12579312292864,25004544,152635559917568,7031605248,152628528312320,8190438912,140056241028096,7025008640,140049216019456,8183136256,12579318889472,6596608,12579312292864,25004544,59958048,2433,59955615,2967,21344189,886,21343303,1138,38613859,1547,38612312,1837,37631441,152,37631289,256,12946053,99,12945954,156,24685388,53,24685335,118,152347291308032,222443520,152347068864512,1337435648,139455060800512,218554368,139454842246144,1332846592,12892230507520,3889152,12892226618368,19068928,-1,0,357,0,0,2,0,0,0,0,0,0,0,0,151237378799351,7021256440,151230357542911,8176189728,138662260607744,7014793216,138655245814528,8169017344,12575118191607,6463224,12575111728383,24869876,8684306432,8684306432,0,8684306432,8652849152,8652849152,0,8652849152,31457280,31457280,0,31457280,357,357,0,357,342,342,0,342,15,15,0,15,,,,,,,,,,,,,,,,,,,,,,,,,,,,,,,,,,,,
1.8200738502853306e-06,599,,,,,,,,,,,,,,,,,,,,,,,,,,,,,,,,,,,,,,,,,,,,,,,,,,,,,,,,,,,,,,,,,,,,,,,,,,,,,,,,,,,,,,,,,,,,,,,,,,,,,,,,,,,,,,,,,,,,,,,,,,,,,,,,,,,,,,,,,,,,,,,,,,,,,,,,,,,,,,,,,,,,,,,,,,,,,,,,,,,,,,,,,,,,,,,,,,,,,,,,,,,,,,,,,,,,,,,,,,,,,,,,,,,,,,,,,,,,,,,,,,,,,,,,,,,,,,,,,,,,,,,,,,,,,,,,,,,,,,,,
,599,59958061,2429,59955632,2967,21344189,886,21343303,1138,38613872,1543,38612329,1837,152635559933440,7031607808,152628528325632,8190438912,140056241028096,7025008640,140049216019456,8183136256,12579318905344,6599168,12579312306176,25004544,152635559933440,7031607808,152628528325632,8190438912,140056241028096,7025008640,140049216019456,8183136256,12579318905344,6599168,12579312306176,25004544,59958061,2429,59955632,2967,21344189,886,21343303,1138,38613872,1543,38612329,1837,37631453,152,37631301,256,12946053,99,12945954,156,24685400,53,24685347,118,152347291319296,220343808,152347070975488,1337435648,139455060800512,218554368,139454842246144,1332846592,12892230518784,1789440,12892228729344,19068928,-1,0,357,0,0,2,0,0,0,0,0,0,0,0,151237378810123,7021261008,151230357549115,8176189728,138662260607744,7014793216,138655245814528,8169017344,12575118202379,6467792,12575111734587,24869876,8684306432,8684306432,0,8684306432,8652849152,8652849152,0,8652849152,31457280,31457280,0,31457280,357,357,0,357,342,342,0,342,15,15,0,15,,,,,,,,,,,,,,,,,,,,,,,,,,,,,,,,,,,,,,,,,,,,,,,,,,,,,,,,,,,,,,,,,,,,,,,,,,,,,,,,,,,,,,,,,,,,,,,,,,,,,,,,,,,,,,,,,,,,,,,,,,,,,,,,,,,,,,,,,,,,,,,,,,,,,,,,,,,,,,
,599,,,,,,,,,,,,,,,,,,,,,,,,,,,,,,,,,,,,,,,,,,,,,,,,,,,,,,,,,,,,,,,,,,,,,,,,,,,,,,,,,,,,,,,,,,,,,,,,,,,,,,,,,,,,,,,,,,,,,,,,,,,59970432,2433,59967999,2967,21348272,886,21347386,1138,38622160,1547,38620613,1837,152663058995200,7031609856,152656027385344,8190438912,140080719449088,7025008640,140073694440448,8183136256,12582339546112,6601216,12582332944896,25004544,152663058995200,7031609856,152656027385344,8190438912,140080719449088,7025008640,140073694440448,8183136256,12582339546112,6601216,12582332944896,25004544,59970432,2433,59967999,2967,21348272,886,21347386,1138,38622160,1547,38620613,1837,37639723,158,37639565,256,12948328,99,12948229,156,24691395,59,24691336,118,152377012065792,222438912,152376789626880,1337435648,139481615016960,218554368,139481396462592,1332846592,12895397048832,3884544,12895393164288,19068928,-1,0,357,0,0,2,0,0,0,0,0,0,0,0,151264708264021,7021261024,151257687002997,8176189728,138686570221056,7014793216,138679555427840,8169017344,12578138042965,6467808,12578131575157,24869876,8684306432,8684306432,0,8684306432,8652849152,8652849152,0,8652849152,31457280,31457280,0,31457280,357,357,0,357,342,342,0,342,15,15,0,15,,,,,,,,,,,,,,,,,,,,,,,,,,,,,,,,,,,,
1.8200738502853306e-06,599,,,,,,,,,,,,,,,,,,,,,,,,,,,,,,,,,,,,,,,,,,,,,,,,,,,,,,,,,,,,,,,,,,,,,,,,,,,,,,,,,,,,,,,,,,,,,,,,,,,,,,,,,,,,,,,,,,,,,,,,,,,,,,,,,,,,,,,,,,,,,,,,,,,,,,,,,,,,,,,,,,,,,,,,,,,,,,,,,,,,,,,,,,,,,,,,,,,,,,,,,,,,,,,,,,,,,,,,,,,,,,,,,,,,,,,,,,,,,,,,,,,,,,,,,,,,,,,,,,,,,,,,,,,,,,,,,,,,,,,,
,599,59970445,2429,59968016,2967,21348272,886,21347386,1138,38622173,1543,38620630,1837,152663059011072,7031607808,152656027403264,8190438912,140080719449088,7025008640,140073694440448,8183136256,12582339561984,6599168,12582332962816,25004544,152663059011072,7031607808,152656027403264,8190438912,140080719449088,7025008640,140073694440448,8183136256,12582339561984,6599168,12582332962816,25004544,59970445,2429,59968016,2967,21348272,886,21347386,1138,38622173,1543,38620630,1837,37639734,157,37639577,256,12948328,99,12948229,156,24691406,58,24691348,118,152377012083712,222440960,152376789642752,1337435648,139481615016960,218554368,139481396462592,1332846592,12895397066752,3886592,12895393180160,19068928,-1,0,357,0,0,2,0,0,0,0,0,0,0,0,151264708273545,7021259760,151257687013785,8176189728,138686570221056,7014793216,138679555427840,8169017344,12578138052489,6466544,12578131585945,24869876,8684306432,8684306432,0,8684306432,8652849152,8652849152,0,8652849152,31457280,31457280,0,31457280,357,357,0,357,342,342,0,342,15,15,0,15,,,,,,,,,,,,,,,,,,,,,,,,,,,,,,,,,,,,,,,,,,,,,,,,,,,,,,,,,,,,,,,,,,,,,,,,,,,,,,,,,,,,,,,,,,,,,,,,,,,,,,,,,,,,,,,,,,,,,,,,,,,,,,,,,,,,,,,,,,,,,,,,,,,,,,,,,,,,,,
,599,,,,,,,,,,,,,,,,,,,,,,,,,,,,,,,,,,,,,,,,,,,,,,,,,,,,,,,,,,,,,,,,,,,,,,,,,,,,,,,,,,,,,,,,,,,,,,,,,,,,,,,,,,,,,,,,,,,,,,,,,,,59982816,2433,59980383,2967,21352355,886,21351469,1138,38630461,1547,38628914,1837,152690276173824,7031609856,152683244563968,8190438912,140105066097664,7025008640,140098041089024,8183136256,12585210076160,6601216,12585203474944,25004544,152690276173824,7031609856,152683244563968,8190438912,140105066097664,7025008640,140098041089024,8183136256,12585210076160,6601216,12585203474944,25004544,59982816,2433,59980383,2967,21352355,886,21351469,1138,38630461,1547,38628914,1837,37647763,156,37647607,256,12950610,99,12950511,156,24697153,57,24697096,118,152406579863040,220341760,152406359521280,1337435648,139508162864128,218554368,139507944309760,1332846592,12898416998912,1787392,12898415211520,19068928,-1,0,357,0,0,2,0,0,0,0,0,0,0,0,151291730854293,7021259776,151284709594517,8176189728,138710723178752,7014793216,138703708385536,8169017344,12581007675541,6466560,12581001208981,24869876,8684306432,8684306432,0,8684306432,8652849152,8652849152,0,8652849152,31457280,31457280,0,31457280,357,357,0,357,342,342,0,342,15,15,0,15,,,,,,,,,,,,,,,,,,,,,,,,,,,,,,,,,,,,
1.8200738502853306e-06,599,,,,,,,,,,,,,,,,,,,,,,,,,,,,,,,,,,,,,,,,,,,,,,,,,,,,,,,,,,,,,,,,,,,,,,,,,,,,,,,,,,,,,,,,,,,,,,,,,,,,,,,,,,,,,,,,,,,,,,,,,,,,,,,,,,,,,,,,,,,,,,,,,,,,,,,,,,,,,,,,,,,,,,,,,,,,,,,,,,,,,,,,,,,,,,,,,,,,,,,,,,,,,,,,,,,,,,,,,,,,,,,,,,,,,,,,,,,,,,,,,,,,,,,,,,,,,,,,,,,,,,,,,,,,,,,,,,,,,,,,
,599,59982829,2429,59980400,2967,21352355,886,21351469,1138,38630474,1543,38628931,1837,152690276200448,7031618560,152683244581888,8190438912,140105066097664,7025008640,140098041089024,8183136256,12585210102784,6609920,12585203492864,25004544,152690276200448,7031618560,152683244581888,8190438912,140105066097664,7025008640,140098041089024,8183136256,12585210102784,6609920,12585203492864,25004544,59982829,2429,59980400,2967,21352355,886,21351469,1138,38630474,1543,38628931,1837,37647773,155,37647618,256,12950610,99,12950511,156,24697163,56,24697107,118,152406579880960,220333056,152406359547904,1337435648,139508162864128,218554368,139507944309760,1332846592,12898417016832,1778688,12898415238144,19068928,-1,0,357,0,0,2,0,0,0,0,0,0,0,0,151291730875817,7021271760,151284709604057,8176189728,138710723178752,7014793216,138703708385536,8169017344,12581007697065,6478544,12581001218521,24869876,8684306432,8684306432,0,8684306432,8652849152,8652849152,0,8652849152,31457280,31457280,0,31457280,357,357,0,357,342,342,0,342,15,15,0,15,,,,,,,,,,,,,,,,,,,,,,,,,,,,,,,,,,,,,,,,,,,,,,,,,,,,,,,,,,,,,,,,,,,,,,,,,,,,,,,,,,,,,,,,,,,,,,,,,,,,,,,,,,,,,,,,,,,,,,,,,,,,,,,,,,,,,,,,,,,,,,,,,,,,,,,,,,,,,,
,599,,,,,,,,,,,,,,,,,,,,,,,,,,,,,,,,,,,,,,,,,,,,,,,,,,,,,,,,,,,,,,,,,,,,,,,,,,,,,,,,,,,,,,,,,,,,,,,,,,,,,,,,,,,,,,,,,,,,,,,,,,,59995703,2433,59993270,2967,21359246,886,21358360,1138,38636457,1547,38634910,1837,152744952250368,7031620608,152737920629760,8190438912,140158961867776,7025008640,140151936859136,8183136256,12585990382592,6611968,12585983770624,25004544,152744952250368,7031620608,152737920629760,8190438912,140158961867776,7025008640,140151936859136,8183136256,12585990382592,6611968,12585983770624,25004544,59995703,2433,59993270,2967,21359246,886,21358360,1138,38636457,1547,38634910,1837,37656389,156,37656233,256,12955352,99,12955253,156,24701037,57,24700980,118,152454550211584,220331008,152454329880576,1337435648,139555352916992,218554368,139555134362624,1332846592,12899197294592,1776640,12899195517952,19068928,-1,0,357,0,0,2,0,0,0,0,0,0,0,0,151346196328640,7021271836,151339175056804,8176189728,138764409234432,7014793216,138757394441216,8169017344,12581787094208,6478620,12581780615588,24869876,8684306432,8684306432,0,8684306432,8652849152,8652849152,0,8652849152,31457280,31457280,0,31457280,357,357,0,357,342,342,0,342,15,15,0,15,,,,,,,,,,,,,,,,,,,,,,,,,,,,,,,,,,,,
1.8200738502853306e-06,599,,,,,,,,,,,,,,,,,,,,,,,,,,,,,,,,,,,,,,,,,,,,,,,,,,,,,,,,,,,,,,,,,,,,,,,,,,,,,,,,,,,,,,,,,,,,,,,,,,,,,,,,,,,,,,,,,,,,,,,,,,,,,,,,,,,,,,,,,,,,,,,,,,,,,,,,,,,,,,,,,,,,,,,,,,,,,,,,,,,,,,,,,,,,,,,,,,,,,,,,,,,,,,,,,,,,,,,,,,,,,,,,,,,,,,,,,,,,,,,,,,,,,,,,,,,,,,,,,,,,,,,,,,,,,,,,,,,,,,,,
,599,59995716,2429,59993287,2967,21359246,886,21358360,1138,38636470,1543,38634927,1837,152744952263168,7031604736,152737920658432,8190438912,140158961867776,7025008640,140151936859136,8183136256,12585990395392,6596096,12585983799296,25004544,152744952263168,7031604736,152737920658432,8190438912,140158961867776,7025008640,140151936859136,8183136256,12585990395392,6596096,12585983799296,25004544,59995716,2429,59993287,2967,21359246,886,21358360,1138,38636470,1543,38634927,1837,37656400,153,37656247,256,12955352,99,12955253,156,24701048,54,24700994,118,152454550240256,220346880,152454329893376,1337435648,139555352916992,218554368,139555134362624,1332846592,12899197323264,1792512,12899195530752,19068928,-1,0,357,0,0,2,0,0,0,0,0,0,0,0,151346196336508,7021258164,151339175078344,8176189728,138764409234432,7014793216,138757394441216,8169017344,12581787102076,6464948,12581780637128,24869876,8684306432,8684306432,0,8684306432,8652849152,8652849152,0,8652849152,31457280,31457280,0,31457280,357,357,0,357,342,342,0,342,15,15,0,15,,,,,,,,,,,,,,,,,,,,,,,,,,,,,,,,,,,,,,,,,,,,,,,,,,,,,,,,,,,,,,,,,,,,,,,,,,,,,,,,,,,,,,,,,,,,,,,,,,,,,,,,,,,,,,,,,,,,,,,,,,,,,,,,,,,,,,,,,,,,,,,,,,,,,,,,,,,,,,
,599,,,,,,,,,,,,,,,,,,,,,,,,,,,,,,,,,,,,,,,,,,,,,,,,,,,,,,,,,,,,,,,,,,,,,,,,,,,,,,,,,,,,,,,,,,,,,,,,,,,,,,,,,,,,,,,,,,,,,,,,,,,60008038,2433,60005605,2967,21363929,886,21363043,1138,38644109,1547,38642562,1837,152773107644928,7031606784,152766076038144,8190438912,140184494844928,7025008640,140177469836288,8183136256,12588612800000,6598144,12588606201856,25004544,152773107644928,7031606784,152766076038144,8190438912,140184494844928,7025008640,140177469836288,8183136256,12588612800000,6598144,12588606201856,25004544,60008038,2433,60005605,2967,21363929,886,21363043,1138,38644109,1547,38642562,1837,37664942,153,37664789,256,12958192,99,12958093,156,24706750,54,24706696,118,152485255252992,220344832,152485034908160,1337435648,139583314568192,218554368,139583096013824,1332846592,12901940684800,1790464,12901938894336,19068928,-1,0,357,0,0,2,0,0,0,0,0,0,0,0,151374134326670,7021258180,151367113068490,8176189728,138789725837056,7014793216,138782711043840,8169017344,12584408489614,6464964,12584402024650,24869876,8684306432,8684306432,0,8684306432,8652849152,8652849152,0,8652849152,31457280,31457280,0,31457280,357,357,0,357,342,342,0,342,15,15,0,15,,,,,,,,,,,,,,,,,,,,,,,,,,,,,,,,,,,,
1.8200738502853306e-06,599,,,,,,,,,,,,,,,,,,,,,,,,,,,,,,,,,,,,,,,,,,,,,,,,,,,,,,,,,,,,,,,,,,,,,,,,,,,,,,,,,,,,,,,,,,,,,,,,,,,,,,,,,,,,,,,,,,,,,,,,,,,,,,,,,,,,,,,,,,,,,,,,,,,,,,,,,,,,,,,,,,,,,,,,,,,,,,,,,,,,,,,,,,,,,,,,,,,,,,,,,,,,,,,,,,,,,,,,,,,,,,,,,,,,,,,,,,,,,,,,,,,,,,,,,,,,,,,,,,,,,,,,,,,,,,,,,,,,,,,,
,599,60008051,2429,60005622,2967,21363929,886,21363043,1138,38644122,1543,38642579,1837,152773107662336,7031609344,152766076052992,8190438912,140184494844928,7025008640,140177469836288,8183136256,12588612817408,6600704,12588606216704,25004544,152773107662336,7031609344,152766076052992,8190438912,140184494844928,7025008640,140177469836288,8183136256,12588612817408,6600704,12588606216704,25004544,60008051,2429,60005622,2967,21363929,886,21363043,1138,38644122,1543,38642579,1837,37664957,156,37664801,256,12958192,99,12958093,156,24706765,57,24706708,118,152485255267840,220342272,152485034925568,1337435648,139583314568192,218554368,139583096013824,1332846592,12901940699648,1787904,12901938911744,19068928,-1,0,357,0,0,2,0,0,0,0,0,0,0,0,151374134338498,7021262124,151367113076374,8176189728,138789725837056,7014793216,138782711043840,8169017344,12584408501442,6468908,12584402032534,24869876,8684306432,8684306432,0,8684306432,8652849152,8652849152,0,8652849152,31457280,31457280,0,31457280,357,357,0,357,342,342,0,342,15,15,0,15,,,,,,,,,,,,,,,,,,,,,,,,,,,,,,,,,,,,,,,,,,,,,,,,,,,,,,,,,,,,,,,,,,,,,,,,,,,,,,,,,,,,,,,,,,,,,,,,,,,,,,,,,,,,,,,,,,,,,,,,,,,,,,,,,,,,,,,,,,,,,,,,,,,,,,,,,,,,,,
,599,,,,,,,,,,,,,,,,,,,,,,,,,,,,,,,,,,,,,,,,,,,,,,,,,,,,,,,,,,,,,,,,,,,,,,,,,,,,,,,,,,,,,,,,,,,,,,,,,,,,,,,,,,,,,,,,,,,,,,,,,,,60020373,2433,60017940,2967,21368012,886,21367126,1138,38652361,1547,38650814,1837,152800458994688,7031611392,152793427383296,8190438912,140208900553728,7025008640,140201875545088,8183136256,12591558440960,6602752,12591551838208,25004544,152800458994688,7031611392,152793427383296,8190438912,140208900553728,7025008640,140201875545088,8183136256,12591558440960,6602752,12591551838208,25004544,60020373,2433,60017940,2967,21368012,886,21367126,1138,38652361,1547,38650814,1837,37672992,154,37672838,256,12960464,99,12960365,156,24712528,55,24712473,118,152515005834240,220340224,152514785494016,1337435648,139609892770816,218554368,139609674216448,1332846592,12905113063424,1785856,12905111277568,19068928,-1,0,357,0,0,2,0,0,0,0,0,0,0,0,151401311859629,7021262140,151394290597489,8176189728,138813958556160,7014793216,138806943762944,8169017344,12587353303469,6468924,12587346834545,24869876,8684306432,8684306432,0,8684306432,8652849152,8652849152,0,8652849152,31457280,31457280,0,31457280,357,357,0,357,342,342,0,342,15,15,0,15,,,,,,,,,,,,,,,,,,,,,,,,,,,,,,,,,,,,
1.8200738502853306e-06,599,,,,,,,,,,,,,,,,,,,,,,,,,,,,,,,,,,,,,,,,,,,,,,,,,,,,,,,,,,,,,,,,,,,,,,,,,,,,,,,,,,,,,,,,,,,,,,,,,,,,,,,,,,,,,,,,,,,,,,,,,,,,,,,,,,,,,,,,,,,,,,,,,,,,,,,,,,,,,,,,,,,,,,,,,,,,,,,,,,,,,,,,,,,,,,,,,,,,,,,,,,,,,,,,,,,,,,,,,,,,,,,,,,,,,,,,,,,,,,,,,,,,,,,,,,,,,,,,,,,,,,,,,,,,,,,,,,,,,,,,
,599,60020386,2429,60017957,2967,21368012,886,21367126,1138,38652374,1543,38650831,1837,152800459010560,7031607808,152793427402752,8190438912,140208900553728,7025008640,140201875545088,8183136256,12591558456832,6599168,12591551857664,25004544,152800459010560,7031607808,152793427402752,8190438912,140208900553728,7025008640,140201875545088,8183136256,12591558456832,6599168,12591551857664,25004544,60020386,2429,60017957,2967,21368012,886,21367126,1138,38652374,1543,38650831,1837,37673003,154,37672849,256,12960464,99,12960365,156,24712539,55,24712484,118,152515005853696,220343808,152514785509888,1337435648,139609892770816,218554368,139609674216448,1332846592,12905113082880,1789440,12905111293440,19068928,-1,0,357,0,0,2,0,0,0,0,0,0,0,0,151401311870641,7021261308,151394290609333,8176189728,138813958556160,7014793216,138806943762944,8169017344,12587353314481,6468092,12587346846389,24869876,8684306432,8684306432,0,8684306432,8652849152,8652849152,0,8652849152,31457280,31457280,0,31457280,357,357,0,357,342,342,0,342,15,15,0,15,,,,,,,,,,,,,,,,,,,,,,,,,,,,,,,,,,,,,,,,,,,,,,,,,,,,,,,,,,,,,,,,,,,,,,,,,,,,,,,,,,,,,,,,,,,,,,,,,,,,,,,,,,,,,,,,,,,,,,,,,,,,,,,,,,,,,,,,,,,,,,,,,,,,,,,,,,,,,,
,599,,,,,,,,,,,,,,,,,,,,,,,,,,,,,,,,,,,,,,,,,,,,,,,,,,,,,,,,,,,,,,,,,,,,,,,,,,,,,,,,,,,,,,,,,,,,,,,,,,,,,,,,,,,,,,,,,,,,,,,,,,,60032757,2433,60030324,2967,21371999,886,21371113,1138,38660758,1547,38659211,1837,152827467326464,7031609856,152820435716608,8190438912,140233021721600,7025008640,140225996712960,8183136256,12594445604864,6601216,12594439003648,25004544,152827467326464,7031609856,152820435716608,8190438912,140233021721600,7025008640,140225996712960,8183136256,12594445604864,6601216,12594439003648,25004544,60032757,2433,60030324,2967,21371999,886,21371113,1138,38660758,1547,38659211,1837,37680864,155,37680709,256,12962584,99,12962485,156,24718280,56,24718224,118,152544493498880,220341760,152544273157120,1337435648,139636292535296,218554368,139636073980928,1332846592,12908200963584,1787392,12908199176192,19068928,-1,0,357,0,0,2,0,0,0,0,0,0,0,0,151428183136208,7021261264,151421161874944,8176189728,138837943557376,7014793216,138830928764160,8169017344,12590239578832,6468048,12590233110784,24869876,8684306432,8684306432,0,8684306432,8652849152,8652849152,0,8652849152,31457280,31457280,0,31457280,357,357,0,357,342,342,0,342,15,15,0,15,,,,,,,,,,,,,,,,,,,,,,,,,,,,,,,,,,,,
1.8200738502853306e-06,599,,,,,,,,,,,,,,,,,,,,,,,,,,,,,,,,,,,,,,,,,,,,,,,,,,,,,,,,,,,,,,,,,,,,,,,,,,,,,,,,,,,,,,,,,,,,,,,,,,,,,,,,,,,,,,,,,,,,,,,,,,,,,,,,,,,,,,,,,,,,,,,,,,,,,,,,,,,,,,,,,,,,,,,,,,,,,,,,,,,,,,,,,,,,,,,,,,,,,,,,,,,,,,,,,,,,,,,,,,,,,,,,,,,,,,,,,,,,,,,,,,,,,,,,,,,,,,,,,,,,,,,,,,,,,,,,,,,,,,,,
,599,60032770,2429,60030341,2967,21371999,886,21371113,1138,38660771,1543,38659228,1837,152827467340800,7031606272,152820435734528,8190438912,140233021721600,7025008640,140225996712960,8183136256,12594445619200,6597632,12594439021568,25004544,152827467340800,7031606272,152820435734528,8190438912,140233021721600,7025008640,140225996712960,8183136256,12594445619200,6597632,12594439021568,25004544,60032770,2429,60030341,2967,21371999,886,21371113,1138,38660771,1543,38659228,1837,37680875,155,37680720,256,12962584,99,12962485,156,24718291,56,24718235,118,152544493516800,220345344,152544273171456,1337435648,139636292535296,218554368,139636073980928,1332846592,12908200981504,1790976,12908199190528,19068928,-1,0,357,0,0,2,0,0,0,0,0,0,0,0,151428183144940,7021258968,151421161885972,8176189728,138837943557376,7014793216,138830928764160,8169017344,12590239587564,6465752,12590233121812,24869876,8684306432,8684306432,0,8684306432,8652849152,8652849152,0,8652849152,31457280,31457280,0,31457280,357,357,0,357,342,342,0,342,15,15,0,15,,,,,,,,,,,,,,,,,,,,,,,,,,,,,,,,,,,,,,,,,,,,,,,,,,,,,,,,,,,,,,,,,,,,,,,,,,,,,,,,,,,,,,,,,,,,,,,,,,,,,,,,,,,,,,,,,,,,,,,,,,,,,,,,,,,,,,,,,,,,,,,,,,,,,,,,,,,,,,
,599,,,,,,,,,,,,,,,,,,,,,,,,,,,,,,,,,,,,,,,,,,,,,,,,,,,,,,,,,,,,,,,,,,,,,,,,,,,,,,,,,,,,,,,,,,,,,,,,,,,,,,,,,,,,,,,,,,,,,,,,,,,60045690,2433,60043257,2967,21376207,886,21375321,1138,38669483,1547,38667936,1837,152856352896000,7031608320,152849321287680,8190438912,140258971847680,7025008640,140251946839040,8183136256,12597381048320,6599680,12597374448640,25004544,152856352896000,7031608320,152849321287680,8190438912,140258971847680,7025008640,140251946839040,8183136256,12597381048320,6599680,12597374448640,25004544,60045690,2433,60043257,2967,21376207,886,21375321,1138,38669483,1547,38667936,1837,37689389,156,37689233,256,12964991,99,12964892,156,24724398,57,24724341,118,152580308125696,220343296,152580087782400,1337435648,139668995630080,218554368,139668777075712,1332846592,12911312495616,1788928,12911310706688,19068928,-1,0,357,0,0,2,0,0,0,0,0,0,0,0,151456879753988,7021258984,151449858495004,8176189728,138863705604096,7014793216,138856690810880,8169017344,12593174149892,6465768,12593167684124,24869876,8684306432,8684306432,0,8684306432,8652849152,8652849152,0,8652849152,31457280,31457280,0,31457280,357,357,0,357,342,342,0,342,15,15,0,15,,,,,,,,,,,,,,,,,,,,,,,,,,,,,,,,,,,,
,599,,,,,,,,,,,,,,,,,,,,,,,,,,,,,,,,,,,,,,,,,,,,,,,,,,,,,,,,,,,,,,,,,,,,,,,,,,,,,,,,,,,,,,,,,,,,,,,,,,,,,,,,,,,,,,,,,,,,,,,,,,,,,,,,,,,,,,,,,,,,,,,,,,,,,,,,,,,,,,,,,,,,,,,,,,,,,,,,,,,,,,,,,,,,,,,,,,,,,,,,,,,,,,,,,,,,,,,,,,,,,,,,,,,,,,,,,,,,,,,,,,,,,8.940696716308594e-05,3.46813649230171e-05,0.0006096274591982365,0,,,,,,,,,,,,,,,,,,,,,,,,,,,,,,,,
1.7865055387713996e-06,649,,,,,,,,,,,,,,,,,,,,,,,,,,,,,,,,,,,,,,,,,,,,,,,,,,,,,,,,,,,,,,,,,,,,,,,,,,,,,,,,,,,,,,,,,,,,,,,,,,,,,,,,,,,,,,,,,,,,,,,,,,,,,,,,,,,,,,,,,,,,,,,,,,,,,,,,,,,,,,,,,,,,,,,,,,,,,,,,,,,,,,,,,,,,,,,,,,,,,,,,,,,,,,,,,,,,,,,,,,,,,,,,,,,,,,,,,,,,,,,,,,,,,,,,,,,,,,,,,,,,,,,,,,,,,,,,,,,,,,,,
,649,64945131,2429,64942702,2967,23109992,886,23109106,1138,41835139,1543,41833596,1837,165206718679040,7032184832,165199686494208,8190438912,151573661022208,7025590272,151566635431936,8183136256,13633057656832,6594560,13633051062272,25004544,165206718679040,7032184832,165199686494208,8190438912,151573661022208,7025590272,151566635431936,8183136256,13633057656832,6594560,13633051062272,25004544,64945131,2429,64942702,2967,23109992,886,23109106,1138,41835139,1543,41833596,1837,40765192,145,40765047,256,14013950,100,14013850,156,26751242,45,26751197,118,164853394770944,226058240,164853168712704,1337435648,150881859792896,217972736,150881641820160,1332846592,13971534978048,8085504,13971526892544,19068928,-1,0,357,0,0,2,0,0,0,0,0,0,0,0,163697130666114,7021256004,163690109410110,8176189728,150068626269184,7014793216,150061611475968,8169017344,13628504396930,6462788,13628497934142,24869876,8684306432,8684306432,0,8684306432,8652849152,8652849152,0,8652849152,31457280,31457280,0,31457280,357,357,0,357,342,342,0,342,15,15,0,15,,,,,,,,,,,,,,,,,,,,,,,,,,,,,,,,,,,,,,,,,,,,,,,,,,,,,,,,,,,,,,,,,,,,,,,,,,,,,,,,,,,,,,,,,,,,,,,,,,,,,,,,,,,,,,,,,,,,,,,,,,,,,,,,,,,,,,,,,,,,,,,,,,,,,,,,,,,,,,
,649,,,,,,,,,,,,,,,,,,,,,,,,,,,,,,,,,,,,,,,,,,,,,,,,,,,,,,,,,,,,,,,,,,,,,,,,,,,,,,,,,,,,,,,,,,,,,,,,,,,,,,,,,,,,,,,,,,,,,,,,,,,64957499,2433,64955066,2967,23113974,886,23113088,1138,41843525,1547,41841978,1837,165233580611072,7033604096,165226547006976,8190438912,151597741041664,7027007488,151590714034176,8183136256,13635839569408,6596608,13635832972800,25004544,165233580611072,7033604096,165226547006976,8190438912,151597741041664,7027007488,151590714034176,8183136256,13635839569408,6596608,13635832972800,25004544,64957499,2433,64955066,2967,23113974,886,23113088,1138,41843525,1547,41841978,1837,40772809,147,40772662,256,14016201,107,14016094,156,26756608,40,26756568,118,164880385937920,291747840,164880094190080,1337435648,150905940885504,287858688,150905653026816,1332846592,13974445052416,3889152,13974441163264,19068928,-1,0,357,0,0,2,0,0,0,0,0,0,0,0,163723818738318,7021255960,163716797482358,8176189728,150092533364480,7014793216,150085518571264,8169017344,13631285373838,6462744,13631278911094,24869876,8684306432,8684306432,0,8684306432,8652849152,8652849152,0,8652849152,31457280,31457280,0,31457280,357,357,0,357,342,342,0,342,15,15,0,15,,,,,,,,,,,,,,,,,,,,,,,,,,,,,,,,,,,,
1.7865055387713996e-06,649,,,,,,,,,,,,,,,,,,,,,,,,,,,,,,,,,,,,,,,,,,,,,,,,,,,,,,,,,,,,,,,,,,,,,,,,,,,,,,,,,,,,,,,,,,,,,,,,,,,,,,,,,,,,,,,,,,,,,,,,,,,,,,,,,,,,,,,,,,,,,,,,,,,,,,,,,,,,,,,,,,,,,,,,,,,,,,,,,,,,,,,,,,,,,,,,,,,,,,,,,,,,,,,,,,,,,,,,,,,,,,,,,,,,,,,,,,,,,,,,,,,,,,,,,,,,,,,,,,,,,,,,,,,,,,,,,,,,,,,,
,649,64957512,2429,64955083,2967,23113974,886,23113088,1138,41843538,1543,41841995,1837,165233580626944,7033606656,165226547020288,8190438912,151597741041664,7027007488,151590714034176,8183136256,13635839585280,6599168,13635832986112,25004544,165233580626944,7033606656,165226547020288,8190438912,151597741041664,7027007488,151590714034176,8183136256,13635839585280,6599168,13635832986112,25004544,64957512,2429,64955083,2967,23113974,886,23113088,1138,41843538,1543,41841995,1837,40772824,152,40772672,256,14016201,107,14016094,156,26756623,45,26756578,118,164880385951232,291745280,164880094205952,1337435648,150905940885504,287858688,150905653026816,1332846592,13974445065728,3886592,13974441179136,19068928,-1,0,357,0,0,2,0,0,0,0,0,0,0,0,163723818749234,7021261152,163716797488082,8176189728,150092533364480,7014793216,150085518571264,8169017344,13631285384754,6467936,13631278916818,24869876,8684306432,8684306432,0,8684306432,8652849152,8652849152,0,8652849152,31457280,31457280,0,31457280,357,357,0,357,342,342,0,342,15,15,0,15,,,,,,,,,,,,,,,,,,,,,,,,,,,,,,,,,,,,,,,,,,,,,,,,,,,,,,,,,,,,,,,,,,,,,,,,,,,,,,,,,,,,,,,,,,,,,,,,,,,,,,,,,,,,,,,,,,,,,,,,,,,,,,,,,,,,,,,,,,,,,,,,,,,,,,,,,,,,,,
,649,,,,,,,,,,,,,,,,,,,,,,,,,,,,,,,,,,,,,,,,,,,,,,,,,,,,,,,,,,,,,,,,,,,,,,,,,,,,,,,,,,,,,,,,,,,,,,,,,,,,,,,,,,,,,,,,,,,,,,,,,,,64969882,2433,64967449,2967,23117961,886,23117075,1138,41851921,1547,41850374,1837,165260548910080,7033608704,165253515301376,8190438912,151621869115392,7027007488,151614842107904,8183136256,13638679794688,6601216,13638673193472,25004544,165260548910080,7033608704,165253515301376,8190438912,151621869115392,7027007488,151614842107904,8183136256,13638679794688,6601216,13638673193472,25004544,64969882,2433,64967449,2967,23117961,886,23117075,1138,41851921,1547,41850374,1837,40780577,157,40780420,256,14018464,107,14018357,156,26762113,50,26762063,118,164908504196608,291743232,164908212453376,1337435648,150931125825536,287858688,150930837966848,1332846592,13977378371072,3884544,13977374486528,19068928,-1,0,357,0,0,2,0,0,0,0,0,0,0,0,163750613501944,7021261168,163743592240776,8176189728,150116488813056,7014793216,150109474019840,8169017344,13634124688888,6467952,13634118220936,24869876,8684306432,8684306432,0,8684306432,8652849152,8652849152,0,8652849152,31457280,31457280,0,31457280,357,357,0,357,342,342,0,342,15,15,0,15,,,,,,,,,,,,,,,,,,,,,,,,,,,,,,,,,,,,
1.7865055387713996e-06,649,,,,,,,,,,,,,,,,,,,,,,,,,,,,,,,,,,,,,,,,,,,,,,,,,,,,,,,,,,,,,,,,,,,,,,,,,,,,,,,,,,,,,,,,,,,,,,,,,,,,,,,,,,,,,,,,,,,,,,,,,,,,,,,,,,,,,,,,,,,,,,,,,,,,,,,,,,,,,,,,,,,,,,,,,,,,,,,,,,,,,,,,,,,,,,,,,,,,,,,,,,,,,,,,,,,,,,,,,,,,,,,,,,,,,,,,,,,,,,,,,,,,,,,,,,,,,,,,,,,,,,,,,,,,,,,,,,,,,,,,
,649,64969895,2429,64967466,2967,23117961,886,23117075,1138,41851934,1543,41850391,1837,165260548921344,7033602048,165253515319296,8190438912,151621869115392,7027007488,151614842107904,8183136256,13638679805952,6594560,13638673211392,25004544,165260548921344,7033602048,165253515319296,8190438912,151621869115392,7027007488,151614842107904,8183136256,13638679805952,6594560,13638673211392,25004544,64969895,2429,64967466,2967,23117961,886,23117075,1138,41851934,1543,41850391,1837,40780588,155,40780433,256,14018464,107,14018357,156,26762124,48,26762076,118,164908504214528,291749888,164908212464640,1337435648,150931125825536,287858688,150930837966848,1332846592,13977378388992,3891200,13977374497792,19068928,-1,0,357,0,0,2,0,0,0,0,0,0,0,0,163750613507796,7021256088,163743592251708,8176189728,150116488813056,7014793216,150109474019840,8169017344,13634124694740,6462872,13634118231868,24869876,8684306432,8684306432,0,8684306432,8652849152,8652849152,0,8652849152,31457280,31457280,0,31457280,357,357,0,357,342,342,0,342,15,15,0,15,,,,,,,,,,,,,,,,,,,,,,,,,,,,,,,,,,,,,,,,,,,,,,,,,,,,,,,,,,,,,,,,,,,,,,,,,,,,,,,,,,,,,,,,,,,,,,,,,,,,,,,,,,,,,,,,,,,,,,,,,,,,,,,,,,,,,,,,,,,,,,,,,,,,,,,,,,,,,,
,649,,,,,,,,,,,,,,,,,,,,,,,,,,,,,,,,,,,,,,,,,,,,,,,,,,,,,,,,,,,,,,,,,,,,,,,,,,,,,,,,,,,,,,,,,,,,,,,,,,,,,,,,,,,,,,,,,,,,,,,,,,,64982217,2433,64979784,2967,23121943,886,23121057,1138,41860274,1547,41858727,1837,165287606548992,7033604096,165280572944896,8190438912,151646019684352,7027007488,151638992676864,8183136256,13641586864640,6596608,13641580268032,25004544,165287606548992,7033604096,165280572944896,8190438912,151646019684352,7027007488,151638992676864,8183136256,13641586864640,6596608,13641580268032,25004544,64982217,2433,64979784,2967,23121943,886,23121057,1138,41860274,1547,41858727,1837,40788273,150,40788123,256,14020722,107,14020615,156,26767551,43,26767508,118,164936698881536,291747840,164936407133696,1337435648,150956325756928,287858688,150956037898240,1332846592,13980373124608,3889152,13980369235456,19068928,-1,0,357,0,0,2,0,0,0,0,0,0,0,0,163777505450980,7021256164,163770484194816,8176189728,150140474551552,7014793216,150133459758336,8169017344,13637030899428,6462948,13637024436480,24869876,8684306432,8684306432,0,8684306432,8652849152,8652849152,0,8652849152,31457280,31457280,0,31457280,357,357,0,357,342,342,0,342,15,15,0,15,,,,,,,,,,,,,,,,,,,,,,,,,,,,,,,,,,,,
1.7865055387713996e-06,649,,,,,,,,,,,,,,,,,,,,,,,,,,,,,,,,,,,,,,,,,,,,,,,,,,,,,,,,,,,,,,,,,,,,,,,,,,,,,,,,,,,,,,,,,,,,,,,,,,,,,,,,,,,,,,,,,,,,,,,,,,,,,,,,,,,,,,,,,,,,,,,,,,,,,,,,,,,,,,,,,,,,,,,,,,,,,,,,,,,,,,,,,,,,,,,,,,,,,,,,,,,,,,,,,,,,,,,,,,,,,,,,,,,,,,,,,,,,,,,,,,,,,,,,,,,,,,,,,,,,,,,,,,,,,,,,,,,,,,,,
,649,64982230,2429,64979801,2967,23121943,886,23121057,1138,41860287,1543,41858744,1837,165287606572544,7033614336,165280572958208,8190438912,151646019684352,7027007488,151638992676864,8183136256,13641586888192,6606848,13641580281344,25004544,165287606572544,7033614336,165280572958208,8190438912,151646019684352,7027007488,151638992676864,8183136256,13641586888192,6606848,13641580281344,25004544,64982230,2429,64979801,2967,23121943,886,23121057,1138,41860287,1543,41858744,1837,40788287,154,40788133,256,14020722,107,14020615,156,26767565,47,26767518,118,164936698894848,291737600,164936407157248,1337435648,150956325756928,287858688,150956037898240,1332846592,13980373137920,3878912,13980369259008,19068928,-1,0,357,0,0,2,0,0,0,0,0,0,0,0,163777505469168,7021268484,163770484200684,8176189728,150140474551552,7014793216,150133459758336,8169017344,13637030917616,6475268,13637024442348,24869876,8684306432,8684306432,0,8684306432,8652849152,8652849152,0,8652849152,31457280,31457280,0,31457280,357,357,0,357,342,342,0,342,15,15,0,15,,,,,,,,,,,,,,,,,,,,,,,,,,,,,,,,,,,,,,,,,,,,,,,,,,,,,,,,,,,,,,,,,,,,,,,,,,,,,,,,,,,,,,,,,,,,,,,,,,,,,,,,,,,,,,,,,,,,,,,,,,,,,,,,,,,,,,,,,,,,,,,,,,,,,,,,,,,,,,
,649,,,,,,,,,,,,,,,,,,,,,,,,,,,,,,,,,,,,,,,,,,,,,,,,,,,,,,,,,,,,,,,,,,,,,,,,,,,,,,,,,,,,,,,,,,,,,,,,,,,,,,,,,,,,,,,,,,,,,,,,,,,64995153,2433,64992720,2967,23128834,886,23127948,1138,41866319,1547,41864772,1837,165342396958720,7033616384,165335363342336,8190438912,151700036175872,7027007488,151693009168384,8183136256,13642360782848,6608896,13642354173952,25004544,165342396958720,7033616384,165335363342336,8190438912,151700036175872,7027007488,151693009168384,8183136256,13642360782848,6608896,13642354173952,25004544,64995153,2433,64992720,2967,23128834,886,23127948,1138,41866319,1547,41864772,1837,40796821,155,40796666,256,14025907,107,14025800,156,26770914,48,26770866,118,164985771222016,291735552,164985479486464,1337435648,151004624191488,287858688,151004336332800,1332846592,13981147030528,3876864,13981143153664,19068928,-1,0,357,0,0,2,0,0,0,0,0,0,0,0,163831870506283,7021268440,163824849237843,8176189728,150194066616320,7014793216,150187051823104,8169017344,13637803889963,6475224,13637797414739,24869876,8684306432,8684306432,0,8684306432,8652849152,8652849152,0,8652849152,31457280,31457280,0,31457280,357,357,0,357,342,342,0,342,15,15,0,15,,,,,,,,,,,,,,,,,,,,,,,,,,,,,,,,,,,,
1.7865055387713996e-06,649,,,,,,,,,,,,,,,,,,,,,,,,,,,,,,,,,,,,,,,,,,,,,,,,,,,,,,,,,,,,,,,,,,,,,,,,,,,,,,,,,,,,,,,,,,,,,,,,,,,,,,,,,,,,,,,,,,,,,,,,,,,,,,,,,,,,,,,,,,,,,,,,,,,,,,,,,,,,,,,,,,,,,,,,,,,,,,,,,,,,,,,,,,,,,,,,,,,,,,,,,,,,,,,,,,,,,,,,,,,,,,,,,,,,,,,,,,,,,,,,,,,,,,,,,,,,,,,,,,,,,,,,,,,,,,,,,,,,,,,,
,649,64995166,2429,64992737,2967,23128834,886,23127948,1138,41866332,1543,41864789,1837,165342396979200,7033611264,165335363367936,8190438912,151700036175872,7027007488,151693009168384,8183136256,13642360803328,6603776,13642354199552,25004544,165342396979200,7033611264,165335363367936,8190438912,151700036175872,7027007488,151693009168384,8183136256,13642360803328,6603776,13642354199552,25004544,64995166,2429,64992737,2967,23128834,886,23127948,1138,41866332,1543,41864789,1837,40796832,154,40796678,256,14025907,107,14025800,156,26770925,47,26770878,118,164985771247616,291740672,164985479506944,1337435648,151004624191488,287858688,151004336332800,1332846592,13981147056128,3881984,13981143174144,19068928,-1,0,357,0,0,2,0,0,0,0,0,0,0,0,163831870521567,7021265520,163824849256047,8176189728,150194066616320,7014793216,150187051823104,8169017344,13637803905247,6472304,13637797432943,24869876,8684306432,8684306432,0,8684306432,8652849152,8652849152,0,8652849152,31457280,31457280,0,31457280,357,357,0,357,342,342,0,342,15,15,0,15,,,,,,,,,,,,,,,,,,,,,,,,,,,,,,,,,,,,,,,,,,,,,,,,,,,,,,,,,,,,,,,,,,,,,,,,,,,,,,,,,,,,,,,,,,,,,,,,,,,,,,,,,,,,,,,,,,,,,,,,,,,,,,,,,,,,,,,,,,,,,,,,,,,,,,,,,,,,,,
,649,,,,,,,,,,,,,,,,,,,,,,,,,,,,,,,,,,,,,,,,,,,,,,,,,,,,,,,,,,,,,,,,,,,,,,,,,,,,,,,,,,,,,,,,,,,,,,,,,,,,,,,,,,,,,,,,,,,,,,,,,,,65008088,2433,65005655,2967,23135725,886,23134839,1138,41872363,1547,41870816,1837,165397014112256,7033613312,165389980498944,8190438912,151753891387392,7027007488,151746864379904,8183136256,13643122724864,6605824,13643116119040,25004544,165397014112256,7033613312,165389980498944,8190438912,151753891387392,7027007488,151746864379904,8183136256,13643122724864,6605824,13643116119040,25004544,65008088,2433,65005655,2967,23135725,886,23134839,1138,41872363,1547,41870816,1837,40805145,157,40804988,256,14030983,107,14030876,156,26774162,50,26774112,118,165034732253184,291738624,165034440514560,1337435648,151052823277568,287858688,151052535418880,1332846592,13981908975616,3879936,13981905095680,19068928,-1,0,357,0,0,2,0,0,0,0,0,0,0,0,163886038464030,7021265536,163879017198494,8176189728,150247473586944,7014793216,150240458793728,8169017344,13638564877086,6472320,13638558404766,24869876,8684306432,8684306432,0,8684306432,8652849152,8652849152,0,8652849152,31457280,31457280,0,31457280,357,357,0,357,342,342,0,342,15,15,0,15,,,,,,,,,,,,,,,,,,,,,,,,,,,,,,,,,,,,
1.7865055387713996e-06,649,,,,,,,,,,,,,,,,,,,,,,,,,,,,,,,,,,,,,,,,,,,,,,,,,,,,,,,,,,,,,,,,,,,,,,,,,,,,,,,,,,,,,,,,,,,,,,,,,,,,,,,,,,,,,,,,,,,,,,,,,,,,,,,,,,,,,,,,,,,,,,,,,,,,,,,,,,,,,,,,,,,,,,,,,,,,,,,,,,,,,,,,,,,,,,,,,,,,,,,,,,,,,,,,,,,,,,,,,,,,,,,,,,,,,,,,,,,,,,,,,,,,,,,,,,,,,,,,,,,,,,,,,,,,,,,,,,,,,,,,
,649,65008101,2429,65005672,2967,23135725,886,23134839,1138,41872376,1543,41870833,1837,165397014128128,7033606656,165389980521472,8190438912,151753891387392,7027007488,151746864379904,8183136256,13643122740736,6599168,13643116141568,25004544,165397014128128,7033606656,165389980521472,8190438912,151753891387392,7027007488,151746864379904,8183136256,13643122740736,6599168,13643116141568,25004544,65008101,2429,65005672,2967,23135725,886,23134839,1138,41872376,1543,41870833,1837,40805158,158,40805000,256,14030983,107,14030876,156,26774175,51,26774124,118,165034732275712,291745280,165034440530432,1337435648,151052823277568,287858688,151052535418880,1332846592,13981908998144,3886592,13981905111552,19068928,-1,0,357,0,0,2,0,0,0,0,0,0,0,0,163886038474106,7021260312,163879017213794,8176189728,150247473586944,7014793216,150240458793728,8169017344,13638564887162,6467096,13638558420066,24869876,8684306432,8684306432,0,8684306432,8652849152,8652849152,0,8652849152,31457280,31457280,0,31457280,357,357,0,357,342,342,0,342,15,15,0,15,,,,,,,,,,,,,,,,,,,,,,,,,,,,,,,,,,,,,,,,,,,,,,,,,,,,,,,,,,,,,,,,,,,,,,,,,,,,,,,,,,,,,,,,,,,,,,,,,,,,,,,,,,,,,,,,,,,,,,,,,,,,,,,,,,,,,,,,,,,,,,,,,,,,,,,,,,,,,,
,649,,,,,,,,,,,,,,,,,,,,,,,,,,,,,,,,,,,,,,,,,,,,,,,,,,,,,,,,,,,,,,,,,,,,,,,,,,,,,,,,,,,,,,,,,,,,,,,,,,,,,,,,,,,,,,,,,,,,,,,,,,,65020468,2433,65018035,2967,23139712,886,23138826,1138,41880756,1547,41879209,1837,165424028062720,7033608704,165416994454016,8190438912,151778033932288,7027007488,151771006924800,8183136256,13645994130432,6601216,13645987529216,25004544,165424028062720,7033608704,165416994454016,8190438912,151778033932288,7027007488,151771006924800,8183136256,13645994130432,6601216,13645987529216,25004544,65020468,2433,65018035,2967,23139712,886,23138826,1138,41880756,1547,41879209,1837,40812879,158,40812721,256,14033246,107,14033139,156,26779633,51,26779582,118,165062879538688,291743232,165062587795456,1337435648,151078018936832,287858688,151077731078144,1332846592,13984860601856,3884544,13984856717312,19068928,-1,0,357,0,0,2,0,0,0,0,0,0,0,0,163912883386955,7021260328,163905862126627,8176189728,150271448000000,7014793216,150264433206784,8169017344,13641435386955,6467112,13641428919843,24869876,8684306432,8684306432,0,8684306432,8652849152,8652849152,0,8652849152,31457280,31457280,0,31457280,357,357,0,357,342,342,0,342,15,15,0,15,,,,,,,,,,,,,,,,,,,,,,,,,,,,,,,,,,,,
1.7865055387713996e-06,649,,,,,,,,,,,,,,,,,,,,,,,,,,,,,,,,,,,,,,,,,,,,,,,,,,,,,,,,,,,,,,,,,,,,,,,,,,,,,,,,,,,,,,,,,,,,,,,,,,,,,,,,,,,,,,,,,,,,,,,,,,,,,,,,,,,,,,,,,,,,,,,,,,,,,,,,,,,,,,,,,,,,,,,,,,,,,,,,,,,,,,,,,,,,,,,,,,,,,,,,,,,,,,,,,,,,,,,,,,,,,,,,,,,,,,,,,,,,,,,,,,,,,,,,,,,,,,,,,,,,,,,,,,,,,,,,,,,,,,,,
,649,65020481,2429,65018052,2967,23139712,886,23138826,1138,41880769,1543,41879226,1837,165424028083200,7033611264,165416994471936,8190438912,151778033932288,7027007488,151771006924800,8183136256,13645994150912,6603776,13645987547136,25004544,165424028083200,7033611264,165416994471936,8190438912,151778033932288,7027007488,151771006924800,8183136256,13645994150912,6603776,13645987547136,25004544,65020481,2429,65018052,2967,23139712,886,23138826,1138,41880769,1543,41879226,1837,40812891,158,40812733,256,14033246,107,14033139,156,26779645,51,26779594,118,165062879556608,291740672,165062587815936,1337435648,151078018936832,287858688,151077731078144,1332846592,13984860619776,3881984,13984856737792,19068928,-1,0,357,0,0,2,0,0,0,0,0,0,0,0,163912883402335,7021265616,163905862136719,8176189728,150271448000000,7014793216,150264433206784,8169017344,13641435402335,6472400,13641428929935,24869876,8684306432,8684306432,0,8684306432,8652849152,8652849152,0,8652849152,31457280,31457280,0,31457280,357,357,0,357,342,342,0,342,15,15,0,15,,,,,,,,,,,,,,,,,,,,,,,,,,,,,,,,,,,,,,,,,,,,,,,,,,,,,,,,,,,,,,,,,,,,,,,,,,,,,,,,,,,,,,,,,,,,,,,,,,,,,,,,,,,,,,,,,,,,,,,,,,,,,,,,,,,,,,,,,,,,,,,,,,,,,,,,,,,,,,
,649,,,,,,,,,,,,,,,,,,,,,,,,,,,,,,,,,,,,,,,,,,,,,,,,,,,,,,,,,,,,,,,,,,,,,,,,,,,,,,,,,,,,,,,,,,,,,,,,,,,,,,,,,,,,,,,,,,,,,,,,,,,65033403,2433,65030970,2967,23146603,886,23145717,1138,41886800,1547,41885253,1837,165478813754368,7033613312,165471780141056,8190438912,151832045488128,7027007488,151825018480640,8183136256,13646768266240,6605824,13646761660416,25004544,165478813754368,7033613312,165471780141056,8190438912,151832045488128,7027007488,151825018480640,8183136256,13646768266240,6605824,13646761660416,25004544,65033403,2433,65030970,2967,23146603,886,23145717,1138,41886800,1547,41885253,1837,40821540,153,40821387,256,14038427,107,14038320,156,26783113,46,26783067,118,165111947168768,291738624,165111655430144,1337435648,151126312435712,287858688,151126024577024,1332846592,13985634733056,3879936,13985630853120,19068928,-1,0,357,0,0,2,0,0,0,0,0,0,0,0,163967246102634,7021265632,163960224837002,8176189728,150325037504768,7014793216,150318022711552,8169017344,13642208597866,6472416,13642202125450,24869876,8684306432,8684306432,0,8684306432,8652849152,8652849152,0,8652849152,31457280,31457280,0,31457280,357,357,0,357,342,342,0,342,15,15,0,15,,,,,,,,,,,,,,,,,,,,,,,,,,,,,,,,,,,,
1.7865055387713996e-06,649,,,,,,,,,,,,,,,,,,,,,,,,,,,,,,,,,,,,,,,,,,,,,,,,,,,,,,,,,,,,,,,,,,,,,,,,,,,,,,,,,,,,,,,,,,,,,,,,,,,,,,,,,,,,,,,,,,,,,,,,,,,,,,,,,,,,,,,,,,,,,,,,,,,,,,,,,,,,,,,,,,,,,,,,,,,,,,,,,,,,,,,,,,,,,,,,,,,,,,,,,,,,,,,,,,,,,,,,,,,,,,,,,,,,,,,,,,,,,,,,,,,,,,,,,,,,,,,,,,,,,,,,,,,,,,,,,,,,,,,,
,649,65033416,2429,65030987,2967,23146603,886,23145717,1138,41886813,1543,41885270,1837,165478813767168,7033603584,165471780163584,8190438912,151832045488128,7027007488,151825018480640,8183136256,13646768279040,6596096,13646761682944,25004544,165478813767168,7033603584,165471780163584,8190438912,151832045488128,7027007488,151825018480640,8183136256,13646768279040,6596096,13646761682944,25004544,65033416,2429,65030987,2967,23146603,886,23145717,1138,41886813,1543,41885270,1837,40821553,152,40821401,256,14038427,107,14038320,156,26783126,45,26783081,118,165111947191296,291748352,165111655442944,1337435648,151126312435712,287858688,151126024577024,1332846592,13985634755584,3889664,13985630865920,19068928,-1,0,357,0,0,2,0,0,0,0,0,0,0,0,163967246109182,7021256784,163960224852398,8176189728,150325037504768,7014793216,150318022711552,8169017344,13642208604414,6463568,13642202140846,24869876,8684306432,8684306432,0,8684306432,8652849152,8652849152,0,8652849152,31457280,31457280,0,31457280,357,357,0,357,342,342,0,342,15,15,0,15,,,,,,,,,,,,,,,,,,,,,,,,,,,,,,,,,,,,,,,,,,,,,,,,,,,,,,,,,,,,,,,,,,,,,,,,,,,,,,,,,,,,,,,,,,,,,,,,,,,,,,,,,,,,,,,,,,,,,,,,,,,,,,,,,,,,,,,,,,,,,,,,,,,,,,,,,,,,,,
,649,,,,,,,,,,,,,,,,,,,,,,,,,,,,,,,,,,,,,,,,,,,,,,,,,,,,,,,,,,,,,,,,,,,,,,,,,,,,,,,,,,,,,,,,,,,,,,,,,,,,,,,,,,,,,,,,,,,,,,,,,,,65046336,2433,65043903,2967,23150907,886,23150021,1138,41895429,1547,41893882,1837,165507788731392,7033605632,165500755125760,8190438912,151858173290496,7027007488,151851146283008,8183136256,13649615440896,6598144,13649608842752,25004544,165507788731392,7033605632,165500755125760,8190438912,151858173290496,7027007488,151851146283008,8183136256,13649615440896,6598144,13649608842752,25004544,65046336,2433,65043903,2967,23150907,886,23150021,1138,41895429,1547,41893882,1837,40829509,156,40829353,256,14040834,107,14040727,156,26788675,49,26788626,118,165141877848576,291746304,165141586102272,1337435648,151153285832704,287858688,151152997974016,1332846592,13988592015872,3887616,13988588128256,19068928,-1,0,357,0,0,2,0,0,0,0,0,0,0,0,163995966204617,7021256800,163988944947817,8176189728,150350911347712,7014793216,150343896554496,8169017344,13645054856905,6463584,13645048393321,24869876,8684306432,8684306432,0,8684306432,8652849152,8652849152,0,8652849152,31457280,31457280,0,31457280,357,357,0,357,342,342,0,342,15,15,0,15,,,,,,,,,,,,,,,,,,,,,,,,,,,,,,,,,,,,
,649,,,,,,,,,,,,,,,,,,,,,,,,,,,,,,,,,,,,,,,,,,,,,,,,,,,,,,,,,,,,,,,,,,,,,,,,,,,,,,,,,,,,,,,,,,,,,,,,,,,,,,,,,,,,,,,,,,,,,,,,,,,,,,,,,,,,,,,,,,,,,,,,,,,,,,,,,,,,,,,,,,,,,,,,,,,,,,,,,,,,,,,,,,,,,,,,,,,,,,,,,,,,,,,,,,,,,,,,,,,,,,,,,,,,,,,,,,,,,,,,,,,,,0.00028777122497558594,6.428673077607527e-05,0.0012520721647888422,0,,,,,,,,,,,,,,,,,,,,,,,,,,,,,,,,
,661,,,,,,,,,,,,,,,,,,,,,,,,,,,,,,,,,,,,,,,,,,,,,,,,,,,,,,,,,,,,,,,,,,,,,,,,,,,,,,,,,,,,,,,,,,,,,,,,,,,,,,,,,,,,,,,,,,,,,,,,,,,,,,,,,,,,,,,,,,,,,,,,,,,,,,,,,,,,,,,,,,,,,,,,,,,,,,,,,,,,,,,,,,,,,,,,,,,,,,,,,,,,,,,,,,,,,,,,,,,,,,,,,,,,,,,,,,,,,,,,,,,,,,,,0,0.9937641620635986,0.9916142821311951,0.9913173913955688,0.9914658665657043,0.8161126375198364,0.8158682584762573,0.8159904479980469,0.9606027603149414,0.9544603824615479,0.9575217366218567,0.9608920812606812,0.9541484713554382,0.9575084447860718,0.9536673426628113,0.9469743967056274,0.950309157371521,0.76382976770401,0.6881918907165527,0.7342519760131836,0.7104761600494385,0.5479704737663269,0.584645688533783,0.5657142996788025,0.3849535882472992,0.8165802955627441,0.523240327835083,0.3865877687931061,0.8124352097511292,0.5238890647888184,0.3214990198612213,0.6756476759910583,0.4356832504272461
1.752937227257469e-06,699,,,,,,,,,,,,,,,,,,,,,,,,,,,,,,,,,,,,,,,,,,,,,,,,,,,,,,,,,,,,,,,,,,,,,,,,,,,,,,,,,,,,,,,,,,,,,,,,,,,,,,,,,,,,,,,,,,,,,,,,,,,,,,,,,,,,,,,,,,,,,,,,,,,,,,,,,,,,,,,,,,,,,,,,,,,,,,,,,,,,,,,,,,,,,,,,,,,,,,,,,,,,,,,,,,,,,,,,,,,,,,,,,,,,,,,,,,,,,,,,,,,,,,,,,,,,,,,,,,,,,,,,,,,,,,,,,,,,,,,,
,699,71535641,2462,71533179,3000,25530015,886,25529129,1138,46005626,1576,46004050,1870,183339571899392,7031413248,183332540486144,8190438912,168550031756288,7024795648,168543006960640,8183136256,14789540143104,6617600,14789533525504,25004544,183339571899392,7031413248,183332540486144,8190438912,168550031756288,7024795648,168543006960640,8183136256,14789540143104,6617600,14789533525504,25004544,71535641,2462,71533179,3000,25530015,886,25529129,1138,46005626,1576,46004050,1870,44803673,154,44803519,256,15540696,97,15540599,156,29262977,57,29262920,119,180576374049280,226829824,180576147219456,1441801216,165422045606912,218767360,165421826839552,1429037056,15154328442368,8062464,15154320379904,19068928,-1,0,357,0,0,2,0,0,0,0,0,0,0,0,181678721203018,7021262388,181671699940630,8176189728,166894256459776,7014793216,166887241666560,8169017344,14784464743242,6469172,14784458274070,24869876,8684306432,8684306432,0,8684306432,8652849152,8652849152,0,8652849152,31457280,31457280,0,31457280,357,357,0,357,342,342,0,342,15,15,0,15,,,,,,,,,,,,,,,,,,,,,,,,,,,,,,,,,,,,,,,,,,,,,,,,,,,,,,,,,,,,,,,,,,,,,,,,,,,,,,,,,,,,,,,,,,,,,,,,,,,,,,,,,,,,,,,,,,,,,,,,,,,,,,,,,,,,,,,,,,,,,,,,,,,,,,,,,,,,,,
,699,,,,,,,,,,,,,,,,,,,,,,,,,,,,,,,,,,,,,,,,,,,,,,,,,,,,,,,,,,,,,,,,,,,,,,,,,,,,,,,,,,,,,,,,,,,,,,,,,,,,,,,,,,,,,,,,,,,,,,,,,,,71548012,2466,71545546,3000,25534002,886,25533116,1138,46014010,1580,46012430,1870,183366661696512,7033020928,183359628675584,8190438912,168574218816512,7026401280,168567192415232,8183136256,14792442880000,6619648,14792436260352,25004544,183366661696512,7033020928,183359628675584,8190438912,168574218816512,7026401280,168567192415232,8183136256,14792442880000,6619648,14792436260352,25004544,71548012,2466,71545546,3000,25534002,886,25533116,1138,46014010,1580,46012430,1870,44811196,134,44811062,256,15542963,97,15542866,156,29268233,37,29268196,119,180603532907008,225222144,180603307684864,1441801216,165446258316288,217161728,165446041154560,1429037056,15157274590720,8060416,15157266530304,19068928,-1,0,357,0,0,2,0,0,0,0,0,0,0,0,181705618795503,7021262404,181698597533099,8176189728,166918252192512,7014793216,166911237399296,8169017344,14787366602991,6469188,14787360133803,24869876,8684306432,8684306432,0,8684306432,8652849152,8652849152,0,8652849152,31457280,31457280,0,31457280,357,357,0,357,342,342,0,342,15,15,0,15,,,,,,,,,,,,,,,,,,,,,,,,,,,,,,,,,,,,
1.752937227257469e-06,699,,,,,,,,,,,,,,,,,,,,,,,,,,,,,,,,,,,,,,,,,,,,,,,,,,,,,,,,,,,,,,,,,,,,,,,,,,,,,,,,,,,,,,,,,,,,,,,,,,,,,,,,,,,,,,,,,,,,,,,,,,,,,,,,,,,,,,,,,,,,,,,,,,,,,,,,,,,,,,,,,,,,,,,,,,,,,,,,,,,,,,,,,,,,,,,,,,,,,,,,,,,,,,,,,,,,,,,,,,,,,,,,,,,,,,,,,,,,,,,,,,,,,,,,,,,,,,,,,,,,,,,,,,,,,,,,,,,,,,,,
,699,71548025,2462,71545563,3000,25534002,886,25533116,1138,46014023,1576,46012447,1870,183366661712384,7033017344,183359628695040,8190438912,168574218816512,7026401280,168567192415232,8183136256,14792442895872,6616064,14792436279808,25004544,183366661712384,7033017344,183359628695040,8190438912,168574218816512,7026401280,168567192415232,8183136256,14792442895872,6616064,14792436279808,25004544,71548025,2462,71545563,3000,25534002,886,25533116,1138,46014023,1576,46012447,1870,44811211,139,44811072,256,15542963,97,15542866,156,29268248,42,29268206,119,180603532926464,225225728,180603307700736,1441801216,165446258316288,217161728,165446041154560,1429037056,15157274610176,8064000,15157266546176,19068928,-1,0,357,0,0,2,0,0,0,0,0,0,0,0,181705618805147,7021260012,181698597545135,8176189728,166918252192512,7014793216,166911237399296,8169017344,14787366612635,6466796,14787360145839,24869876,8684306432,8684306432,0,8684306432,8652849152,8652849152,0,8652849152,31457280,31457280,0,31457280,357,357,0,357,342,342,0,342,15,15,0,15,,,,,,,,,,,,,,,,,,,,,,,,,,,,,,,,,,,,,,,,,,,,,,,,,,,,,,,,,,,,,,,,,,,,,,,,,,,,,,,,,,,,,,,,,,,,,,,,,,,,,,,,,,,,,,,,,,,,,,,,,,,,,,,,,,,,,,,,,,,,,,,,,,,,,,,,,,,,,,
,699,,,,,,,,,,,,,,,,,,,,,,,,,,,,,,,,,,,,,,,,,,,,,,,,,,,,,,,,,,,,,,,,,,,,,,,,,,,,,,,,,,,,,,,,,,,,,,,,,,,,,,,,,,,,,,,,,,,,,,,,,,,71560347,2466,71557881,3000,25538085,886,25537199,1138,46022262,1580,46020682,1870,183394381112832,7033019392,183387348093440,8190438912,168598980160512,7026401280,168591953759232,8183136256,14795400952320,6618112,14795394334208,25004544,183394381112832,7033019392,183387348093440,8190438912,168598980160512,7026401280,168591953759232,8183136256,14795400952320,6618112,14795394334208,25004544,71560347,2466,71557881,3000,25538085,886,25537199,1138,46022262,1580,46020682,1870,44818675,142,44818533,256,15545405,97,15545308,156,29273270,45,29273225,119,180633423733248,225223680,180633198509568,1441801216,165473144804352,217161728,165472927642624,1429037056,15160278928896,8061952,15160270866944,19068928,-1,0,357,0,0,2,0,0,0,0,0,0,0,0,181732819858047,7021260088,181725798597959,8176189728,166942496003584,7014793216,166935481210368,8169017344,14790323854463,6466872,14790317387591,24869876,8684306432,8684306432,0,8684306432,8652849152,8652849152,0,8652849152,31457280,31457280,0,31457280,357,357,0,357,342,342,0,342,15,15,0,15,,,,,,,,,,,,,,,,,,,,,,,,,,,,,,,,,,,,
1.752937227257469e-06,699,,,,,,,,,,,,,,,,,,,,,,,,,,,,,,,,,,,,,,,,,,,,,,,,,,,,,,,,,,,,,,,,,,,,,,,,,,,,,,,,,,,,,,,,,,,,,,,,,,,,,,,,,,,,,,,,,,,,,,,,,,,,,,,,,,,,,,,,,,,,,,,,,,,,,,,,,,,,,,,,,,,,,,,,,,,,,,,,,,,,,,,,,,,,,,,,,,,,,,,,,,,,,,,,,,,,,,,,,,,,,,,,,,,,,,,,,,,,,,,,,,,,,,,,,,,,,,,,,,,,,,,,,,,,,,,,,,,,,,,,
,699,71560360,2462,71557898,3000,25538085,886,25537199,1138,46022275,1576,46020699,1870,183394381136384,7033025024,183387348111360,8190438912,168598980160512,7026401280,168591953759232,8183136256,14795400975872,6623744,14795394352128,25004544,183394381136384,7033025024,183387348111360,8190438912,168598980160512,7026401280,168591953759232,8183136256,14795400975872,6623744,14795394352128,25004544,71560360,2462,71557898,3000,25538085,886,25537199,1138,46022275,1576,46020699,1870,44818685,137,44818548,256,15545405,97,15545308,156,29273280,40,29273240,119,180633423751168,225218048,180633198533120,1441801216,165473144804352,217161728,165472927642624,1429037056,15160278946816,8056320,15160270890496,19068928,-1,0,357,0,0,2,0,0,0,0,0,0,0,0,181732819876067,7021268448,181725798607619,8176189728,166942496003584,7014793216,166935481210368,8169017344,14790323872483,6475232,14790317397251,24869876,8684306432,8684306432,0,8684306432,8652849152,8652849152,0,8652849152,31457280,31457280,0,31457280,357,357,0,357,342,342,0,342,15,15,0,15,,,,,,,,,,,,,,,,,,,,,,,,,,,,,,,,,,,,,,,,,,,,,,,,,,,,,,,,,,,,,,,,,,,,,,,,,,,,,,,,,,,,,,,,,,,,,,,,,,,,,,,,,,,,,,,,,,,,,,,,,,,,,,,,,,,,,,,,,,,,,,,,,,,,,,,,,,,,,,
,699,,,,,,,,,,,,,,,,,,,,,,,,,,,,,,,,,,,,,,,,,,,,,,,,,,,,,,,,,,,,,,,,,,,,,,,,,,,,,,,,,,,,,,,,,,,,,,,,,,,,,,,,,,,,,,,,,,,,,,,,,,,71573234,2466,71570768,3000,25544976,886,25544090,1138,46028258,1580,46026678,1870,183448935271936,7033027072,183441902244864,8190438912,168652781767680,7026401280,168645755366400,8183136256,14796153504256,6625792,14796146878464,25004544,183448935271936,7033027072,183441902244864,8190438912,168652781767680,7026401280,168645755366400,8183136256,14796153504256,6625792,14796146878464,25004544,71573234,2466,71570768,3000,25544976,886,25544090,1138,46028258,1580,46026678,1870,44827143,140,44827003,256,15550580,97,15550483,156,29276563,43,29276520,119,180679771376640,225216000,180679546160640,1441801216,165518739903488,217161728,165518522741760,1429037056,15161031473152,8054272,15161023418880,19068928,-1,0,357,0,0,2,0,0,0,0,0,0,0,0,181786844084198,7021268464,181779822815734,8176189728,166995768633600,7014793216,166988753840384,8169017344,14791075450598,6475248,14791068975350,24869876,8684306432,8684306432,0,8684306432,8652849152,8652849152,0,8652849152,31457280,31457280,0,31457280,357,357,0,357,342,342,0,342,15,15,0,15,,,,,,,,,,,,,,,,,,,,,,,,,,,,,,,,,,,,
1.752937227257469e-06,699,,,,,,,,,,,,,,,,,,,,,,,,,,,,,,,,,,,,,,,,,,,,,,,,,,,,,,,,,,,,,,,,,,,,,,,,,,,,,,,,,,,,,,,,,,,,,,,,,,,,,,,,,,,,,,,,,,,,,,,,,,,,,,,,,,,,,,,,,,,,,,,,,,,,,,,,,,,,,,,,,,,,,,,,,,,,,,,,,,,,,,,,,,,,,,,,,,,,,,,,,,,,,,,,,,,,,,,,,,,,,,,,,,,,,,,,,,,,,,,,,,,,,,,,,,,,,,,,,,,,,,,,,,,,,,,,,,,,,,,,
,699,71573247,2462,71570785,3000,25544976,886,25544090,1138,46028271,1576,46026695,1870,183448935281664,7033011200,183441902270464,8190438912,168652781767680,7026401280,168645755366400,8183136256,14796153513984,6609920,14796146904064,25004544,183448935281664,7033011200,183441902270464,8190438912,168652781767680,7026401280,168645755366400,8183136256,14796153513984,6609920,14796146904064,25004544,71573247,2462,71570785,3000,25544976,886,25544090,1138,46028271,1576,46026695,1870,44827155,137,44827018,256,15550580,97,15550483,156,29276575,40,29276535,119,180679771402240,225231872,180679546170368,1441801216,165518739903488,217161728,165518522741760,1429037056,15161031498752,8070144,15161023428608,19068928,-1,0,357,0,0,2,0,0,0,0,0,0,0,0,181786844088922,7021255152,181779822833770,8176189728,166995768633600,7014793216,166988753840384,8169017344,14791075455322,6461936,14791068993386,24869876,8684306432,8684306432,0,8684306432,8652849152,8652849152,0,8652849152,31457280,31457280,0,31457280,357,357,0,357,342,342,0,342,15,15,0,15,,,,,,,,,,,,,,,,,,,,,,,,,,,,,,,,,,,,,,,,,,,,,,,,,,,,,,,,,,,,,,,,,,,,,,,,,,,,,,,,,,,,,,,,,,,,,,,,,,,,,,,,,,,,,,,,,,,,,,,,,,,,,,,,,,,,,,,,,,,,,,,,,,,,,,,,,,,,,,
,699,,,,,,,,,,,,,,,,,,,,,,,,,,,,,,,,,,,,,,,,,,,,,,,,,,,,,,,,,,,,,,,,,,,,,,,,,,,,,,,,,,,,,,,,,,,,,,,,,,,,,,,,,,,,,,,,,,,,,,,,,,,71585569,2466,71583103,3000,25549054,886,25548168,1138,46036515,1580,46034935,1870,183476437232640,7033013248,183469404219392,8190438912,168677434563584,7026401280,168670408162304,8183136256,14799002669056,6611968,14798996057088,25004544,183476437232640,7033013248,183469404219392,8190438912,168677434563584,7026401280,168670408162304,8183136256,14799002669056,6611968,14798996057088,25004544,71585569,2466,71583103,3000,25549054,886,25548168,1138,46036515,1580,46034935,1870,44834676,141,44834535,256,15553042,97,15552945,156,29281634,44,29281590,119,180709425537024,225229824,180709200307200,1441801216,165545483936768,217161728,165545266775040,1429037056,15163941600256,8068096,15163933532160,19068928,-1,0,357,0,0,2,0,0,0,0,0,0,0,0,181813811401985,7021255168,181806790146817,8176189728,167019887672320,7014793216,167012872879104,8169017344,14793923729665,6461952,14793917267713,24869876,8684306432,8684306432,0,8684306432,8652849152,8652849152,0,8652849152,31457280,31457280,0,31457280,357,357,0,357,342,342,0,342,15,15,0,15,,,,,,,,,,,,,,,,,,,,,,,,,,,,,,,,,,,,
1.752937227257469e-06,699,,,,,,,,,,,,,,,,,,,,,,,,,,,,,,,,,,,,,,,,,,,,,,,,,,,,,,,,,,,,,,,,,,,,,,,,,,,,,,,,,,,,,,,,,,,,,,,,,,,,,,,,,,,,,,,,,,,,,,,,,,,,,,,,,,,,,,,,,,,,,,,,,,,,,,,,,,,,,,,,,,,,,,,,,,,,,,,,,,,,,,,,,,,,,,,,,,,,,,,,,,,,,,,,,,,,,,,,,,,,,,,,,,,,,,,,,,,,,,,,,,,,,,,,,,,,,,,,,,,,,,,,,,,,,,,,,,,,,,,,
,699,71585582,2462,71583120,3000,25549054,886,25548168,1138,46036528,1576,46034952,1870,183476437248512,7033017344,183469404231168,8190438912,168677434563584,7026401280,168670408162304,8183136256,14799002684928,6616064,14798996068864,25004544,183476437248512,7033017344,183469404231168,8190438912,168677434563584,7026401280,168670408162304,8183136256,14799002684928,6616064,14798996068864,25004544,71585582,2462,71583120,3000,25549054,886,25548168,1138,46036528,1576,46034952,1870,44834689,141,44834548,256,15553042,97,15552945,156,29281647,44,29281603,119,180709425548800,225225728,180709200323072,1441801216,165545483936768,217161728,165545266775040,1429037056,15163941612032,8064000,15163933548032,19068928,-1,0,357,0,0,2,0,0,0,0,0,0,0,0,181813811412061,7021260504,181806790151557,8176189728,167019887672320,7014793216,167012872879104,8169017344,14793923739741,6467288,14793917272453,24869876,8684306432,8684306432,0,8684306432,8652849152,8652849152,0,8652849152,31457280,31457280,0,31457280,357,357,0,357,342,342,0,342,15,15,0,15,,,,,,,,,,,,,,,,,,,,,,,,,,,,,,,,,,,,,,,,,,,,,,,,,,,,,,,,,,,,,,,,,,,,,,,,,,,,,,,,,,,,,,,,,,,,,,,,,,,,,,,,,,,,,,,,,,,,,,,,,,,,,,,,,,,,,,,,,,,,,,,,,,,,,,,,,,,,,,
,699,,,,,,,,,,,,,,,,,,,,,,,,,,,,,,,,,,,,,,,,,,,,,,,,,,,,,,,,,,,,,,,,,,,,,,,,,,,,,,,,,,,,,,,,,,,,,,,,,,,,,,,,,,,,,,,,,,,,,,,,,,,71597953,2466,71595487,3000,25553137,886,25552251,1138,46044816,1580,46043236,1870,183504313688064,7033019392,183497280668672,8190438912,168702240582656,7026401280,168695214181376,8183136256,14802073105408,6618112,14802066487296,25004544,183504313688064,7033019392,183497280668672,8190438912,168702240582656,7026401280,168695214181376,8183136256,14802073105408,6618112,14802066487296,25004544,71597953,2466,71595487,3000,25553137,886,25552251,1138,46044816,1580,46043236,1870,44842272,136,44842136,256,15555475,97,15555378,156,29286797,39,29286758,119,180739385031680,225223680,180739159808000,1441801216,165572341593088,217161728,165572124431360,1429037056,15167043438592,8061952,15167035376640,19068928,-1,0,357,0,0,2,0,0,0,0,0,0,0,0,181841242046080,7021260460,181834220785620,8176189728,167044248657664,7014793216,167037233864448,8169017344,14796993388416,6467244,14796986921172,24869876,8684306432,8684306432,0,8684306432,8652849152,8652849152,0,8652849152,31457280,31457280,0,31457280,357,357,0,357,342,342,0,342,15,15,0,15,,,,,,,,,,,,,,,,,,,,,,,,,,,,,,,,,,,,
1.752937227257469e-06,699,,,,,,,,,,,,,,,,,,,,,,,,,,,,,,,,,,,,,,,,,,,,,,,,,,,,,,,,,,,,,,,,,,,,,,,,,,,,,,,,,,,,,,,,,,,,,,,,,,,,,,,,,,,,,,,,,,,,,,,,,,,,,,,,,,,,,,,,,,,,,,,,,,,,,,,,,,,,,,,,,,,,,,,,,,,,,,,,,,,,,,,,,,,,,,,,,,,,,,,,,,,,,,,,,,,,,,,,,,,,,,,,,,,,,,,,,,,,,,,,,,,,,,,,,,,,,,,,,,,,,,,,,,,,,,,,,,,,,,,,
,699,71597966,2462,71595504,3000,25553137,886,25552251,1138,46044829,1576,46043253,1870,183504313703936,7033017344,183497280686592,8190438912,168702240582656,7026401280,168695214181376,8183136256,14802073121280,6616064,14802066505216,25004544,183504313703936,7033017344,183497280686592,8190438912,168702240582656,7026401280,168695214181376,8183136256,14802073121280,6616064,14802066505216,25004544,71597966,2462,71595504,3000,25553137,886,25552251,1138,46044829,1576,46043253,1870,44842285,136,44842149,256,15555475,97,15555378,156,29286810,39,29286771,119,180739385049600,225225728,180739159823872,1441801216,165572341593088,217161728,165572124431360,1429037056,15167043456512,8064000,15167035392512,19068928,-1,0,357,0,0,2,0,0,0,0,0,0,0,0,181841242056924,7021261212,181834220795712,8176189728,167044248657664,7014793216,167037233864448,8169017344,14796993399260,6467996,14796986931264,24869876,8684306432,8684306432,0,8684306432,8652849152,8652849152,0,8652849152,31457280,31457280,0,31457280,357,357,0,357,342,342,0,342,15,15,0,15,,,,,,,,,,,,,,,,,,,,,,,,,,,,,,,,,,,,,,,,,,,,,,,,,,,,,,,,,,,,,,,,,,,,,,,,,,,,,,,,,,,,,,,,,,,,,,,,,,,,,,,,,,,,,,,,,,,,,,,,,,,,,,,,,,,,,,,,,,,,,,,,,,,,,,,,,,,,,,
,699,,,,,,,,,,,,,,,,,,,,,,,,,,,,,,,,,,,,,,,,,,,,,,,,,,,,,,,,,,,,,,,,,,,,,,,,,,,,,,,,,,,,,,,,,,,,,,,,,,,,,,,,,,,,,,,,,,,,,,,,,,,71610288,2466,71607822,3000,25557124,886,25556238,1138,46053164,1580,46051584,1870,183531582104064,7033019392,183524549084672,8190438912,168726653172736,7026401280,168719626771456,8183136256,14804928931328,6618112,14804922313216,25004544,183531582104064,7033019392,183524549084672,8190438912,168726653172736,7026401280,168719626771456,8183136256,14804928931328,6618112,14804922313216,25004544,71610288,2466,71607822,3000,25557124,886,25556238,1138,46053164,1580,46051584,1870,44849529,140,44849389,256,15557750,97,15557653,156,29291779,43,29291736,119,180768774520320,225223680,180768549296640,1441801216,165598862672896,217161728,165598645511168,1429037056,15169911847424,8061952,15169903785472,19068928,-1,0,357,0,0,2,0,0,0,0,0,0,0,0,181868062209682,7021261288,181861040948394,8176189728,167068213875200,7014793216,167061199081984,8169017344,14799848334482,6468072,14799841866410,24869876,8684306432,8684306432,0,8684306432,8652849152,8652849152,0,8652849152,31457280,31457280,0,31457280,357,357,0,357,342,342,0,342,15,15,0,15,,,,,,,,,,,,,,,,,,,,,,,,,,,,,,,,,,,,
1.752937227257469e-06,699,,,,,,,,,,,,,,,,,,,,,,,,,,,,,,,,,,,,,,,,,,,,,,,,,,,,,,,,,,,,,,,,,,,,,,,,,,,,,,,,,,,,,,,,,,,,,,,,,,,,,,,,,,,,,,,,,,,,,,,,,,,,,,,,,,,,,,,,,,,,,,,,,,,,,,,,,,,,,,,,,,,,,,,,,,,,,,,,,,,,,,,,,,,,,,,,,,,,,,,,,,,,,,,,,,,,,,,,,,,,,,,,,,,,,,,,,,,,,,,,,,,,,,,,,,,,,,,,,,,,,,,,,,,,,,,,,,,,,,,,
,699,71610301,2462,71607839,3000,25557124,886,25556238,1138,46053177,1576,46051601,1870,183531582113792,7033011200,183524549102592,8190438912,168726653172736,7026401280,168719626771456,8183136256,14804928941056,6609920,14804922331136,25004544,183531582113792,7033011200,183524549102592,8190438912,168726653172736,7026401280,168719626771456,8183136256,14804928941056,6609920,14804922331136,25004544,71610301,2462,71607839,3000,25557124,886,25556238,1138,46053177,1576,46051601,1870,44849542,139,44849403,256,15557750,97,15557653,156,29291792,42,29291750,119,180768774538240,225231872,180768549306368,1441801216,165598862672896,217161728,165598645511168,1429037056,15169911865344,8070144,15169903795200,19068928,-1,0,357,0,0,2,0,0,0,0,0,0,0,0,181868062214166,7021254912,181861040959254,8176189728,167068213875200,7014793216,167061199081984,8169017344,14799848338966,6461696,14799841877270,24869876,8684306432,8684306432,0,8684306432,8652849152,8652849152,0,8652849152,31457280,31457280,0,31457280,357,357,0,357,342,342,0,342,15,15,0,15,,,,,,,,,,,,,,,,,,,,,,,,,,,,,,,,,,,,,,,,,,,,,,,,,,,,,,,,,,,,,,,,,,,,,,,,,,,,,,,,,,,,,,,,,,,,,,,,,,,,,,,,,,,,,,,,,,,,,,,,,,,,,,,,,,,,,,,,,,,,,,,,,,,,,,,,,,,,,,
,699,,,,,,,,,,,,,,,,,,,,,,,,,,,,,,,,,,,,,,,,,,,,,,,,,,,,,,,,,,,,,,,,,,,,,,,,,,,,,,,,,,,,,,,,,,,,,,,,,,,,,,,,,,,,,,,,,,,,,,,,,,,71622672,2466,71620206,3000,25561106,886,25560220,1138,46061566,1580,46059986,1870,183558624428544,7033013248,183551591415296,8190438912,168750977215488,7026401280,168743950814208,8183136256,14807647213056,6611968,14807640601088,25004544,183558624428544,7033013248,183551591415296,8190438912,168750977215488,7026401280,168743950814208,8183136256,14807647213056,6611968,14807640601088,25004544,71622672,2466,71620206,3000,25561106,886,25560220,1138,46061566,1580,46059986,1870,44856732,140,44856592,256,15559980,97,15559883,156,29296752,43,29296709,119,180797940012544,225229824,180797714782720,1441801216,165625309877248,217161728,165625092715520,1429037056,15172630135296,8068096,15172622067200,19068928,-1,0,357,0,0,2,0,0,0,0,0,0,0,0,181894647293165,7021254868,181887626038297,8176189728,167092081648896,7014793216,167085066855680,8169017344,14802565644269,6461652,14802559182617,24869876,8684306432,8684306432,0,8684306432,8652849152,8652849152,0,8652849152,31457280,31457280,0,31457280,357,357,0,357,342,342,0,342,15,15,0,15,,,,,,,,,,,,,,,,,,,,,,,,,,,,,,,,,,,,
1.752937227257469e-06,699,,,,,,,,,,,,,,,,,,,,,,,,,,,,,,,,,,,,,,,,,,,,,,,,,,,,,,,,,,,,,,,,,,,,,,,,,,,,,,,,,,,,,,,,,,,,,,,,,,,,,,,,,,,,,,,,,,,,,,,,,,,,,,,,,,,,,,,,,,,,,,,,,,,,,,,,,,,,,,,,,,,,,,,,,,,,,,,,,,,,,,,,,,,,,,,,,,,,,,,,,,,,,,,,,,,,,,,,,,,,,,,,,,,,,,,,,,,,,,,,,,,,,,,,,,,,,,,,,,,,,,,,,,,,,,,,,,,,,,,,
,699,71622685,2462,71620223,3000,25561106,886,25560220,1138,46061579,1576,46060003,1870,183558624444416,7033017344,183551591427072,8190438912,168750977215488,7026401280,168743950814208,8183136256,14807647228928,6616064,14807640612864,25004544,183558624444416,7033017344,183551591427072,8190438912,168750977215488,7026401280,168743950814208,8183136256,14807647228928,6616064,14807640612864,25004544,71622685,2462,71620223,3000,25561106,886,25560220,1138,46061579,1576,46060003,1870,44856746,143,44856603,256,15559980,97,15559883,156,29296766,46,29296720,119,180797940024320,225225728,180797714798592,1441801216,165625309877248,217161728,165625092715520,1429037056,15172630147072,8064000,15172622083072,19068928,-1,0,357,0,0,2,0,0,0,0,0,0,0,0,181894647303337,7021260540,181887626042797,8176189728,167092081648896,7014793216,167085066855680,8169017344,14802565654441,6467324,14802559187117,24869876,8684306432,8684306432,0,8684306432,8652849152,8652849152,0,8652849152,31457280,31457280,0,31457280,357,357,0,357,342,342,0,342,15,15,0,15,,,,,,,,,,,,,,,,,,,,,,,,,,,,,,,,,,,,,,,,,,,,,,,,,,,,,,,,,,,,,,,,,,,,,,,,,,,,,,,,,,,,,,,,,,,,,,,,,,,,,,,,,,,,,,,,,,,,,,,,,,,,,,,,,,,,,,,,,,,,,,,,,,,,,,,,,,,,,,
,699,,,,,,,,,,,,,,,,,,,,,,,,,,,,,,,,,,,,,,,,,,,,,,,,,,,,,,,,,,,,,,,,,,,,,,,,,,,,,,,,,,,,,,,,,,,,,,,,,,,,,,,,,,,,,,,,,,,,,,,,,,,71635605,2466,71633139,3000,25565410,886,25564524,1138,46070195,1580,46068615,1870,183588096163328,7033019392,183581063143936,8190438912,168777489124352,7026401280,168770462723072,8183136256,14810607038976,6618112,14810600420864,25004544,183588096163328,7033019392,183581063143936,8190438912,168777489124352,7026401280,168770462723072,8183136256,14810607038976,6618112,14810600420864,25004544,71635605,2466,71633139,3000,25565410,886,25564524,1138,46070195,1580,46068615,1870,44864390,140,44864250,256,15562473,97,15562376,156,29301917,43,29301874,119,180829478648320,225223680,180829253424640,1441801216,165653845439488,217161728,165653628277760,1429037056,15175633208832,8061952,15175625146880,19068928,-1,0,357,0,0,2,0,0,0,0,0,0,0,0,181923599930731,7021260556,181916578670175,8176189728,167118075308032,7014793216,167111060514816,8169017344,14805524622699,6467340,14805518155359,24869876,8684306432,8684306432,0,8684306432,8652849152,8652849152,0,8652849152,31457280,31457280,0,31457280,357,357,0,357,342,342,0,342,15,15,0,15,,,,,,,,,,,,,,,,,,,,,,,,,,,,,,,,,,,,
,699,,,,,,,,,,,,,,,,,,,,,,,,,,,,,,,,,,,,,,,,,,,,,,,,,,,,,,,,,,,,,,,,,,,,,,,,,,,,,,,,,,,,,,,,,,,,,,,,,,,,,,,,,,,,,,,,,,,,,,,,,,,,,,,,,,,,,,,,,,,,,,,,,,,,,,,,,,,,,,,,,,,,,,,,,,,,,,,,,,,,,,,,,,,,,,,,,,,,,,,,,,,,,,,,,,,,,,,,,,,,,,,,,,,,,,,,,,,,,,,,,,,,,0.00038909912109375,2.3405778847518377e-05,0.0007401858456432819,1,,,,,,,,,,,,,,,,,,,,,,,,,,,,,,,,
1.719368915743538e-06,749,,,,,,,,,,,,,,,,,,,,,,,,,,,,,,,,,,,,,,,,,,,,,,,,,,,,,,,,,,,,,,,,,,,,,,,,,,,,,,,,,,,,,,,,,,,,,,,,,,,,,,,,,,,,,,,,,,,,,,,,,,,,,,,,,,,,,,,,,,,,,,,,,,,,,,,,,,,,,,,,,,,,,,,,,,,,,,,,,,,,,,,,,,,,,,,,,,,,,,,,,,,,,,,,,,,,,,,,,,,,,,,,,,,,,,,,,,,,,,,,,,,,,,,,,,,,,,,,,,,,,,,,,,,,,,,,,,,,,,,,
,749,76533786,2462,76531324,3000,27286484,886,27285598,1138,49247302,1576,49245726,1870,195724676252672,7035900928,195717640351744,8190438912,179867567290368,7029284864,179860538005504,8183136256,15857108962304,6616064,15857102346240,25019904,195724676252672,7035900928,195717640351744,8190438912,179867567290368,7029284864,179860538005504,8183136256,15857108962304,6616064,15857102346240,25019904,76533786,2462,76531324,3000,27286484,886,27285598,1138,49247302,1576,49245726,1870,47892874,151,47892723,256,16598186,99,16598087,156,31294688,52,31294636,119,193090446125568,220244992,193090225880576,1441801216,176845932703744,214278144,176845718425600,1429037056,16244513421824,5966848,16244507454976,19068928,-1,0,357,0,0,2,0,0,0,0,0,0,0,0,193945515708640,7021260180,193938494448460,8176189728,178093831574528,7014793216,178086816781312,8169017344,15851684134112,6466964,15851677667148,24869876,8684306432,8684306432,0,8684306432,8652849152,8652849152,0,8652849152,31457280,31457280,0,31457280,357,357,0,357,342,342,0,342,15,15,0,15,,,,,,,,,,,,,,,,,,,,,,,,,,,,,,,,,,,,,,,,,,,,,,,,,,,,,,,,,,,,,,,,,,,,,,,,,,,,,,,,,,,,,,,,,,,,,,,,,,,,,,,,,,,,,,,,,,,,,,,,,,,,,,,,,,,,,,,,,,,,,,,,,,,,,,,,,,,,,,
,749,,,,,,,,,,,,,,,,,,,,,,,,,,,,,,,,,,,,,,,,,,,,,,,,,,,,,,,,,,,,,,,,,,,,,,,,,,,,,,,,,,,,,,,,,,,,,,,,,,,,,,,,,,,,,,,,,,,,,,,,,,,76546108,2466,76543642,3000,27290471,886,27289585,1138,49255637,1580,49254057,1870,195751786738688,7033019392,195744753719296,8190438912,179891775162368,7026401280,179884748761088,8183136256,15860011576320,6618112,15860004958208,25019904,195751786738688,7033019392,195744753719296,8190438912,179891775162368,7026401280,179884748761088,8183136256,15860011576320,6618112,15860004958208,25019904,76546108,2466,76543642,3000,27290471,886,27289585,1138,49255637,1580,49254057,1870,47900508,150,47900358,256,16600564,101,16600463,156,31299944,49,31299895,119,193117312672256,265069568,193117047602688,1441801216,176869856624640,252813312,176869603811328,1429037056,16247456047616,12256256,16247443791360,19068928,-1,0,357,0,0,2,0,0,0,0,0,0,0,0,193972411317389,7021260256,193965390057133,8176189728,178117825423104,7014793216,178110810629888,8169017344,15854585894285,6467040,15854579427245,24869876,8684306432,8684306432,0,8684306432,8652849152,8652849152,0,8652849152,31457280,31457280,0,31457280,357,357,0,357,342,342,0,342,15,15,0,15,,,,,,,,,,,,,,,,,,,,,,,,,,,,,,,,,,,,
1.719368915743538e-06,749,,,,,,,,,,,,,,,,,,,,,,,,,,,,,,,,,,,,,,,,,,,,,,,,,,,,,,,,,,,,,,,,,,,,,,,,,,,,,,,,,,,,,,,,,,,,,,,,,,,,,,,,,,,,,,,,,,,,,,,,,,,,,,,,,,,,,,,,,,,,,,,,,,,,,,,,,,,,,,,,,,,,,,,,,,,,,,,,,,,,,,,,,,,,,,,,,,,,,,,,,,,,,,,,,,,,,,,,,,,,,,,,,,,,,,,,,,,,,,,,,,,,,,,,,,,,,,,,,,,,,,,,,,,,,,,,,,,,,,,,
,749,76546121,2462,76543659,3000,27290471,886,27289585,1138,49255650,1576,49254074,1870,195751786754560,7033017344,195744753737216,8190438912,179891775162368,7026401280,179884748761088,8183136256,15860011592192,6616064,15860004976128,25019904,195751786754560,7033017344,195744753737216,8190438912,179891775162368,7026401280,179884748761088,8183136256,15860011592192,6616064,15860004976128,25019904,76546121,2462,76543659,3000,27290471,886,27289585,1138,49255650,1576,49254074,1870,47900523,152,47900371,256,16600564,101,16600463,156,31299959,51,31299908,119,193117312690176,265071616,193117047618560,1441801216,176869856624640,252813312,176869603811328,1429037056,16247456065536,12258304,16247443807232,19068928,-1,0,357,0,0,2,0,0,0,0,0,0,0,0,193972411328353,7021261392,193965390066961,8176189728,178117825423104,7014793216,178110810629888,8169017344,15854585905249,6468176,15854579437073,24869876,8684306432,8684306432,0,8684306432,8652849152,8652849152,0,8652849152,31457280,31457280,0,31457280,357,357,0,357,342,342,0,342,15,15,0,15,,,,,,,,,,,,,,,,,,,,,,,,,,,,,,,,,,,,,,,,,,,,,,,,,,,,,,,,,,,,,,,,,,,,,,,,,,,,,,,,,,,,,,,,,,,,,,,,,,,,,,,,,,,,,,,,,,,,,,,,,,,,,,,,,,,,,,,,,,,,,,,,,,,,,,,,,,,,,,
,749,,,,,,,,,,,,,,,,,,,,,,,,,,,,,,,,,,,,,,,,,,,,,,,,,,,,,,,,,,,,,,,,,,,,,,,,,,,,,,,,,,,,,,,,,,,,,,,,,,,,,,,,,,,,,,,,,,,,,,,,,,,76558443,2466,76555977,3000,27294554,886,27293668,1138,49263889,1580,49262309,1870,195779179346432,7033019392,195772146327040,8190438912,179916184672256,7026401280,179909158270976,8183136256,15862994674176,6618112,15862988056064,25019904,195779179346432,7033019392,195772146327040,8190438912,179916184672256,7026401280,179909158270976,8183136256,15862994674176,6618112,15862988056064,25019904,76558443,2466,76555977,3000,27294554,886,27293668,1138,49263889,1580,49262309,1870,47907500,153,47907347,256,16602761,101,16602660,156,31304739,52,31304687,119,193146515023872,265069568,193146249954304,1441801216,176896075878400,252813312,176895823065088,1429037056,16250439145472,12256256,16250426889216,19068928,-1,0,357,0,0,2,0,0,0,0,0,0,0,0,193999664501549,7021261408,193992643240141,8176189728,178142096312832,7014793216,178135081519616,8169017344,15857568188717,6468192,15857561720525,24869876,8684306432,8684306432,0,8684306432,8652849152,8652849152,0,8652849152,31457280,31457280,0,31457280,357,357,0,357,342,342,0,342,15,15,0,15,,,,,,,,,,,,,,,,,,,,,,,,,,,,,,,,,,,,
1.719368915743538e-06,749,,,,,,,,,,,,,,,,,,,,,,,,,,,,,,,,,,,,,,,,,,,,,,,,,,,,,,,,,,,,,,,,,,,,,,,,,,,,,,,,,,,,,,,,,,,,,,,,,,,,,,,,,,,,,,,,,,,,,,,,,,,,,,,,,,,,,,,,,,,,,,,,,,,,,,,,,,,,,,,,,,,,,,,,,,,,,,,,,,,,,,,,,,,,,,,,,,,,,,,,,,,,,,,,,,,,,,,,,,,,,,,,,,,,,,,,,,,,,,,,,,,,,,,,,,,,,,,,,,,,,,,,,,,,,,,,,,,,,,,,
,749,76558456,2462,76555994,3000,27294554,886,27293668,1138,49263902,1576,49262326,1870,195779179359232,7033014272,195772146344960,8190438912,179916184672256,7026401280,179909158270976,8183136256,15862994686976,6612992,15862988073984,25019904,195779179359232,7033014272,195772146344960,8190438912,179916184672256,7026401280,179909158270976,8183136256,15862994686976,6612992,15862988073984,25019904,76558456,2462,76555994,3000,27294554,886,27293668,1138,49263902,1576,49262326,1870,47907513,152,47907361,256,16602761,101,16602660,156,31304752,51,31304701,119,193146515041792,265074688,193146249967104,1441801216,176896075878400,252813312,176895823065088,1429037056,16250439163392,12261376,16250426902016,19068928,-1,0,357,0,0,2,0,0,0,0,0,0,0,0,193999664509393,7021258272,193992643251121,8176189728,178142096312832,7014793216,178135081519616,8169017344,15857568196561,6465056,15857561731505,24869876,8684306432,8684306432,0,8684306432,8652849152,8652849152,0,8652849152,31457280,31457280,0,31457280,357,357,0,357,342,342,0,342,15,15,0,15,,,,,,,,,,,,,,,,,,,,,,,,,,,,,,,,,,,,,,,,,,,,,,,,,,,,,,,,,,,,,,,,,,,,,,,,,,,,,,,,,,,,,,,,,,,,,,,,,,,,,,,,,,,,,,,,,,,,,,,,,,,,,,,,,,,,,,,,,,,,,,,,,,,,,,,,,,,,,,
,749,,,,,,,,,,,,,,,,,,,,,,,,,,,,,,,,,,,,,,,,,,,,,,,,,,,,,,,,,,,,,,,,,,,,,,,,,,,,,,,,,,,,,,,,,,,,,,,,,,,,,,,,,,,,,,,,,,,,,,,,,,,76570778,2466,76568312,3000,27298541,886,27297655,1138,49272237,1580,49270657,1870,195806129098752,7033016320,195799096082432,8190438912,179940247644160,7026401280,179933221242880,8183136256,15865881454592,6615040,15865874839552,25019904,195806129098752,7033016320,195799096082432,8190438912,179940247644160,7026401280,179933221242880,8183136256,15865881454592,6615040,15865874839552,25019904,76570778,2466,76568312,3000,27298541,886,27297655,1138,49272237,1580,49270657,1870,47914539,153,47914386,256,16604847,101,16604746,156,31309692,52,31309640,119,193175025674752,265072640,193174760602112,1441801216,176921699745792,252813312,176921446932480,1429037056,16253325928960,12259328,16253313669632,19068928,-1,0,357,0,0,2,0,0,0,0,0,0,0,0,194026532816651,7021258288,194019511558363,8176189728,178166078713088,7014793216,178159063919872,8169017344,15860454103563,6465072,15860447638491,24869876,8684306432,8684306432,0,8684306432,8652849152,8652849152,0,8652849152,31457280,31457280,0,31457280,357,357,0,357,342,342,0,342,15,15,0,15,,,,,,,,,,,,,,,,,,,,,,,,,,,,,,,,,,,,
1.719368915743538e-06,749,,,,,,,,,,,,,,,,,,,,,,,,,,,,,,,,,,,,,,,,,,,,,,,,,,,,,,,,,,,,,,,,,,,,,,,,,,,,,,,,,,,,,,,,,,,,,,,,,,,,,,,,,,,,,,,,,,,,,,,,,,,,,,,,,,,,,,,,,,,,,,,,,,,,,,,,,,,,,,,,,,,,,,,,,,,,,,,,,,,,,,,,,,,,,,,,,,,,,,,,,,,,,,,,,,,,,,,,,,,,,,,,,,,,,,,,,,,,,,,,,,,,,,,,,,,,,,,,,,,,,,,,,,,,,,,,,,,,,,,,
,749,76570791,2462,76568329,3000,27298541,886,27297655,1138,49272250,1576,49270674,1870,195806129111552,7033014272,195799096097280,8190438912,179940247644160,7026401280,179933221242880,8183136256,15865881467392,6612992,15865874854400,25019904,195806129111552,7033014272,195799096097280,8190438912,179940247644160,7026401280,179933221242880,8183136256,15865881467392,6612992,15865874854400,25019904,76570791,2462,76568329,3000,27298541,886,27297655,1138,49272250,1576,49270674,1870,47914551,152,47914399,256,16604847,101,16604746,156,31309704,51,31309653,119,193175025689600,265074688,193174760614912,1441801216,176921699745792,252813312,176921446932480,1429037056,16253325943808,12261376,16253313682432,19068928,-1,0,357,0,0,2,0,0,0,0,0,0,0,0,194026532823871,7021257648,194019511566223,8176189728,178166078713088,7014793216,178159063919872,8169017344,15860454110783,6464432,15860447646351,24869876,8684306432,8684306432,0,8684306432,8652849152,8652849152,0,8652849152,31457280,31457280,0,31457280,357,357,0,357,342,342,0,342,15,15,0,15,,,,,,,,,,,,,,,,,,,,,,,,,,,,,,,,,,,,,,,,,,,,,,,,,,,,,,,,,,,,,,,,,,,,,,,,,,,,,,,,,,,,,,,,,,,,,,,,,,,,,,,,,,,,,,,,,,,,,,,,,,,,,,,,,,,,,,,,,,,,,,,,,,,,,,,,,,,,,,
,749,,,,,,,,,,,,,,,,,,,,,,,,,,,,,,,,,,,,,,,,,,,,,,,,,,,,,,,,,,,,,,,,,,,,,,,,,,,,,,,,,,,,,,,,,,,,,,,,,,,,,,,,,,,,,,,,,,,,,,,,,,,76583161,2466,76580695,3000,27302528,886,27301642,1138,49280633,1580,49279053,1870,195833016649216,7033016320,195825983632896,8190438912,179964295305216,7026401280,179957268903936,8183136256,15868721344000,6615040,15868714728960,25019904,195833016649216,7033016320,195825983632896,8190438912,179964295305216,7026401280,179957268903936,8183136256,15868721344000,6615040,15868714728960,25019904,76583161,2466,76580695,3000,27302528,886,27301642,1138,49280633,1580,49279053,1870,47921596,153,47921443,256,16606933,101,16606832,156,31314663,52,31314611,119,193203480879104,265072640,193203215806464,1441801216,176947315060736,252813312,176947062247424,1429037056,16256165818368,12259328,16256153559040,19068928,-1,0,357,0,0,2,0,0,0,0,0,0,0,0,194053324170665,7021257604,194046302913061,8176189728,178190031089664,7014793216,178183016296448,8169017344,15863293081001,6464388,15863286616613,24869876,8684306432,8684306432,0,8684306432,8652849152,8652849152,0,8652849152,31457280,31457280,0,31457280,357,357,0,357,342,342,0,342,15,15,0,15,,,,,,,,,,,,,,,,,,,,,,,,,,,,,,,,,,,,
1.719368915743538e-06,749,,,,,,,,,,,,,,,,,,,,,,,,,,,,,,,,,,,,,,,,,,,,,,,,,,,,,,,,,,,,,,,,,,,,,,,,,,,,,,,,,,,,,,,,,,,,,,,,,,,,,,,,,,,,,,,,,,,,,,,,,,,,,,,,,,,,,,,,,,,,,,,,,,,,,,,,,,,,,,,,,,,,,,,,,,,,,,,,,,,,,,,,,,,,,,,,,,,,,,,,,,,,,,,,,,,,,,,,,,,,,,,,,,,,,,,,,,,,,,,,,,,,,,,,,,,,,,,,,,,,,,,,,,,,,,,,,,,,,,,,
,749,76583174,2462,76580712,3000,27302528,886,27301642,1138,49280646,1576,49279070,1870,195833016658944,7033011200,195825983647744,8190438912,179964295305216,7026401280,179957268903936,8183136256,15868721353728,6609920,15868714743808,25019904,195833016658944,7033011200,195825983647744,8190438912,179964295305216,7026401280,179957268903936,8183136256,15868721353728,6609920,15868714743808,25019904,76583174,2462,76580712,3000,27302528,886,27301642,1138,49280646,1576,49279070,1870,47921609,154,47921455,256,16606933,101,16606832,156,31314676,53,31314623,119,193203480893952,265077760,193203215816192,1441801216,176947315060736,252813312,176947062247424,1429037056,16256165833216,12264448,16256153568768,19068928,-1,0,357,0,0,2,0,0,0,0,0,0,0,0,194053324174261,7021253964,194046302920297,8176189728,178190031089664,7014793216,178183016296448,8169017344,15863293084597,6460748,15863286623849,24869876,8684306432,8684306432,0,8684306432,8652849152,8652849152,0,8652849152,31457280,31457280,0,31457280,357,357,0,357,342,342,0,342,15,15,0,15,,,,,,,,,,,,,,,,,,,,,,,,,,,,,,,,,,,,,,,,,,,,,,,,,,,,,,,,,,,,,,,,,,,,,,,,,,,,,,,,,,,,,,,,,,,,,,,,,,,,,,,,,,,,,,,,,,,,,,,,,,,,,,,,,,,,,,,,,,,,,,,,,,,,,,,,,,,,,,
,749,,,,,,,,,,,,,,,,,,,,,,,,,,,,,,,,,,,,,,,,,,,,,,,,,,,,,,,,,,,,,,,,,,,,,,,,,,,,,,,,,,,,,,,,,,,,,,,,,,,,,,,,,,,,,,,,,,,,,,,,,,,76595545,2466,76593079,3000,27306606,886,27305720,1138,49288939,1580,49287359,1870,195860155208192,7033013248,195853122194944,8190438912,179988585728000,7026401280,179981559326720,8183136256,15871569480192,6611968,15871562868224,25019904,195860155208192,7033013248,195853122194944,8190438912,179988585728000,7026401280,179981559326720,8183136256,15871569480192,6611968,15871562868224,25019904,76595545,2466,76593079,3000,27306606,886,27305720,1138,49288939,1580,49287359,1870,47928733,157,47928576,256,16609187,101,16609086,156,31319546,56,31319490,119,193232166737920,265075712,193231901662208,1441801216,176973152780288,252813312,176972899966976,1429037056,16259013957632,12262400,16259001695232,19068928,-1,0,357,0,0,2,0,0,0,0,0,0,0,0,194080290433342,7021253980,194073269179362,8176189728,178214150128384,7014793216,178207135335168,8169017344,15866140304958,6460764,15866133844194,24869876,8684306432,8684306432,0,8684306432,8652849152,8652849152,0,8652849152,31457280,31457280,0,31457280,357,357,0,357,342,342,0,342,15,15,0,15,,,,,,,,,,,,,,,,,,,,,,,,,,,,,,,,,,,,
1.719368915743538e-06,749,,,,,,,,,,,,,,,,,,,,,,,,,,,,,,,,,,,,,,,,,,,,,,,,,,,,,,,,,,,,,,,,,,,,,,,,,,,,,,,,,,,,,,,,,,,,,,,,,,,,,,,,,,,,,,,,,,,,,,,,,,,,,,,,,,,,,,,,,,,,,,,,,,,,,,,,,,,,,,,,,,,,,,,,,,,,,,,,,,,,,,,,,,,,,,,,,,,,,,,,,,,,,,,,,,,,,,,,,,,,,,,,,,,,,,,,,,,,,,,,,,,,,,,,,,,,,,,,,,,,,,,,,,,,,,,,,,,,,,,,
,749,76595558,2462,76593096,3000,27306606,886,27305720,1138,49288952,1576,49287376,1870,195860155217920,7033011200,195853122206720,8190438912,179988585728000,7026401280,179981559326720,8183136256,15871569489920,6609920,15871562880000,25019904,195860155217920,7033011200,195853122206720,8190438912,179988585728000,7026401280,179981559326720,8183136256,15871569489920,6609920,15871562880000,25019904,76595558,2462,76593096,3000,27306606,886,27305720,1138,49288952,1576,49287376,1870,47928744,156,47928588,256,16609187,101,16609086,156,31319557,55,31319502,119,193232166749696,265077760,193231901671936,1441801216,176973152780288,252813312,176972899966976,1429037056,16259013969408,12264448,16259001704960,19068928,-1,0,357,0,0,2,0,0,0,0,0,0,0,0,194080290437754,7021254780,194073269182974,8176189728,178214150128384,7014793216,178207135335168,8169017344,15866140309370,6461564,15866133847806,24869876,8684306432,8684306432,0,8684306432,8652849152,8652849152,0,8652849152,31457280,31457280,0,31457280,357,357,0,357,342,342,0,342,15,15,0,15,,,,,,,,,,,,,,,,,,,,,,,,,,,,,,,,,,,,,,,,,,,,,,,,,,,,,,,,,,,,,,,,,,,,,,,,,,,,,,,,,,,,,,,,,,,,,,,,,,,,,,,,,,,,,,,,,,,,,,,,,,,,,,,,,,,,,,,,,,,,,,,,,,,,,,,,,,,,,,
,749,,,,,,,,,,,,,,,,,,,,,,,,,,,,,,,,,,,,,,,,,,,,,,,,,,,,,,,,,,,,,,,,,,,,,,,,,,,,,,,,,,,,,,,,,,,,,,,,,,,,,,,,,,,,,,,,,,,,,,,,,,,76607929,2466,76605463,3000,27310588,886,27309702,1138,49297341,1580,49295761,1870,195887080961536,7033013248,195880047948288,8190438912,180012636960768,7026401280,180005610559488,8183136256,15874444000768,6611968,15874437388800,25019904,195887080961536,7033013248,195880047948288,8190438912,180012636960768,7026401280,180005610559488,8183136256,15874444000768,6611968,15874437388800,25019904,76607929,2466,76605463,3000,27310588,886,27309702,1138,49297341,1580,49295761,1870,47935923,157,47935766,256,16611268,101,16611167,156,31324655,56,31324599,119,193260655639552,265075712,193260390563840,1441801216,176998767161344,252813312,176998514348032,1429037056,16261888478208,12262400,16261876215808,19068928,-1,0,357,0,0,2,0,0,0,0,0,0,0,0,194107130133533,7021254796,194100108878737,8176189728,178238116206080,7014793216,178231101412864,8169017344,15869013927453,6461580,15869007465873,24869876,8684306432,8684306432,0,8684306432,8652849152,8652849152,0,8652849152,31457280,31457280,0,31457280,357,357,0,357,342,342,0,342,15,15,0,15,,,,,,,,,,,,,,,,,,,,,,,,,,,,,,,,,,,,
1.719368915743538e-06,749,,,,,,,,,,,,,,,,,,,,,,,,,,,,,,,,,,,,,,,,,,,,,,,,,,,,,,,,,,,,,,,,,,,,,,,,,,,,,,,,,,,,,,,,,,,,,,,,,,,,,,,,,,,,,,,,,,,,,,,,,,,,,,,,,,,,,,,,,,,,,,,,,,,,,,,,,,,,,,,,,,,,,,,,,,,,,,,,,,,,,,,,,,,,,,,,,,,,,,,,,,,,,,,,,,,,,,,,,,,,,,,,,,,,,,,,,,,,,,,,,,,,,,,,,,,,,,,,,,,,,,,,,,,,,,,,,,,,,,,,
,749,76607942,2462,76605480,3000,27310588,886,27309702,1138,49297354,1576,49295778,1870,195887080975872,7033015808,195880047960064,8190438912,180012636960768,7026401280,180005610559488,8183136256,15874444015104,6614528,15874437400576,25019904,195887080975872,7033015808,195880047960064,8190438912,180012636960768,7026401280,180005610559488,8183136256,15874444015104,6614528,15874437400576,25019904,76607942,2462,76605480,3000,27310588,886,27309702,1138,49297354,1576,49295778,1870,47935933,152,47935781,256,16611268,101,16611167,156,31324665,51,31324614,119,193260655651328,265073152,193260390578176,1441801216,176998767161344,252813312,176998514348032,1429037056,16261888489984,12259840,16261876230144,19068928,-1,0,357,0,0,2,0,0,0,0,0,0,0,0,194107130141905,7021258740,194100108883165,8176189728,178238116206080,7014793216,178231101412864,8169017344,15869013935825,6465524,15869007470301,24869876,8684306432,8684306432,0,8684306432,8652849152,8652849152,0,8652849152,31457280,31457280,0,31457280,357,357,0,357,342,342,0,342,15,15,0,15,,,,,,,,,,,,,,,,,,,,,,,,,,,,,,,,,,,,,,,,,,,,,,,,,,,,,,,,,,,,,,,,,,,,,,,,,,,,,,,,,,,,,,,,,,,,,,,,,,,,,,,,,,,,,,,,,,,,,,,,,,,,,,,,,,,,,,,,,,,,,,,,,,,,,,,,,,,,,,
,749,,,,,,,,,,,,,,,,,,,,,,,,,,,,,,,,,,,,,,,,,,,,,,,,,,,,,,,,,,,,,,,,,,,,,,,,,,,,,,,,,,,,,,,,,,,,,,,,,,,,,,,,,,,,,,,,,,,,,,,,,,,76620313,2466,76617847,3000,27314575,886,27313689,1138,49305738,1580,49304158,1870,195914011337216,7033017856,195906978319360,8190438912,180036696090624,7026401280,180029669689344,8183136256,15877315246592,6616576,15877308630016,25019904,195914011337216,7033017856,195906978319360,8190438912,180036696090624,7026401280,180029669689344,8183136256,15877315246592,6616576,15877308630016,25019904,76620313,2466,76617847,3000,27314575,886,27313689,1138,49305738,1580,49304158,1870,47943087,156,47942931,256,16613354,101,16613253,156,31329733,55,31329678,119,193289149158912,265071104,193288884087808,1441801216,177024389439488,252813312,177024136626176,1429037056,16264759719424,12257792,16264747461632,19068928,-1,0,357,0,0,2,0,0,0,0,0,0,0,0,194133973480576,7021258756,194126952221820,8176189728,178262089206016,7014793216,178255074412800,8169017344,15871884274560,6465540,15871877809020,24869876,8684306432,8684306432,0,8684306432,8652849152,8652849152,0,8652849152,31457280,31457280,0,31457280,357,357,0,357,342,342,0,342,15,15,0,15,,,,,,,,,,,,,,,,,,,,,,,,,,,,,,,,,,,,
1.719368915743538e-06,749,,,,,,,,,,,,,,,,,,,,,,,,,,,,,,,,,,,,,,,,,,,,,,,,,,,,,,,,,,,,,,,,,,,,,,,,,,,,,,,,,,,,,,,,,,,,,,,,,,,,,,,,,,,,,,,,,,,,,,,,,,,,,,,,,,,,,,,,,,,,,,,,,,,,,,,,,,,,,,,,,,,,,,,,,,,,,,,,,,,,,,,,,,,,,,,,,,,,,,,,,,,,,,,,,,,,,,,,,,,,,,,,,,,,,,,,,,,,,,,,,,,,,,,,,,,,,,,,,,,,,,,,,,,,,,,,,,,,,,,,
,749,76620326,2462,76617864,3000,27314575,886,27313689,1138,49305751,1576,49304175,1870,195914011353088,7033017344,195906978335744,8190438912,180036696090624,7026401280,180029669689344,8183136256,15877315262464,6616064,15877308646400,25019904,195914011353088,7033017344,195906978335744,8190438912,180036696090624,7026401280,180029669689344,8183136256,15877315262464,6616064,15877308646400,25019904,76620326,2462,76617864,3000,27314575,886,27313689,1138,49305751,1576,49304175,1870,47943098,153,47942945,256,16613354,101,16613253,156,31329744,52,31329692,119,193289149175296,265071616,193288884103680,1441801216,177024389439488,252813312,177024136626176,1429037056,16264759735808,12258304,16264747477504,19068928,-1,0,357,0,0,2,0,0,0,0,0,0,0,0,194133973490916,7021260708,194126952230208,8176189728,178262089206016,7014793216,178255074412800,8169017344,15871884284900,6467492,15871877817408,24869876,8684306432,8684306432,0,8684306432,8652849152,8652849152,0,8652849152,31457280,31457280,0,31457280,357,357,0,357,342,342,0,342,15,15,0,15,,,,,,,,,,,,,,,,,,,,,,,,,,,,,,,,,,,,,,,,,,,,,,,,,,,,,,,,,,,,,,,,,,,,,,,,,,,,,,,,,,,,,,,,,,,,,,,,,,,,,,,,,,,,,,,,,,,,,,,,,,,,,,,,,,,,,,,,,,,,,,,,,,,,,,,,,,,,,,
,749,,,,,,,,,,,,,,,,,,,,,,,,,,,,,,,,,,,,,,,,,,,,,,,,,,,,,,,,,,,,,,,,,,,,,,,,,,,,,,,,,,,,,,,,,,,,,,,,,,,,,,,,,,,,,,,,,,,,,,,,,,,76633197,2466,76630731,3000,27318879,886,27317993,1138,49314318,1580,49312738,1870,195943116400640,7033019392,195936083381248,8190438912,180062841391104,7026401280,180055814989824,8183136256,15880275009536,6618112,15880268391424,25019904,195943116400640,7033019392,195936083381248,8190438912,180062841391104,7026401280,180055814989824,8183136256,15880275009536,6618112,15880268391424,25019904,76633197,2466,76630731,3000,27318879,886,27317993,1138,49314318,1580,49312738,1870,47950485,152,47950333,256,16615575,101,16615474,156,31334910,51,31334859,119,193319870035456,265069568,193319604965888,1441801216,177052150554624,252813312,177051897741312,1429037056,16267719480832,12256256,16267707224576,19068928,-1,0,357,0,0,2,0,0,0,0,0,0,0,0,194162926243153,7021260784,194155904982369,8176189728,178288083028992,7014793216,178281068235776,8169017344,15874843214161,6467568,15874836746593,24869876,8684306432,8684306432,0,8684306432,8652849152,8652849152,0,8652849152,31457280,31457280,0,31457280,357,357,0,357,342,342,0,342,15,15,0,15,,,,,,,,,,,,,,,,,,,,,,,,,,,,,,,,,,,,
,749,,,,,,,,,,,,,,,,,,,,,,,,,,,,,,,,,,,,,,,,,,,,,,,,,,,,,,,,,,,,,,,,,,,,,,,,,,,,,,,,,,,,,,,,,,,,,,,,,,,,,,,,,,,,,,,,,,,,,,,,,,,,,,,,,,,,,,,,,,,,,,,,,,,,,,,,,,,,,,,,,,,,,,,,,,,,,,,,,,,,,,,,,,,,,,,,,,,,,,,,,,,,,,,,,,,,,,,,,,,,,,,,,,,,,,,,,,,,,,,,,,,,,0.00016951560974121094,1.2744556443067268e-05,0.00036068394547328353,1,,,,,,,,,,,,,,,,,,,,,,,,,,,,,,,,
1.6858006042296072e-06,799,,,,,,,,,,,,,,,,,,,,,,,,,,,,,,,,,,,,,,,,,,,,,,,,,,,,,,,,,,,,,,,,,,,,,,,,,,,,,,,,,,,,,,,,,,,,,,,,,,,,,,,,,,,,,,,,,,,,,,,,,,,,,,,,,,,,,,,,,,,,,,,,,,,,,,,,,,,,,,,,,,,,,,,,,,,,,,,,,,,,,,,,,,,,,,,,,,,,,,,,,,,,,,,,,,,,,,,,,,,,,,,,,,,,,,,,,,,,,,,,,,,,,,,,,,,,,,,,,,,,,,,,,,,,,,,,,,,,,,,,
,799,81541037,2462,81538575,3000,29088418,886,29087532,1138,52452619,1576,52451043,1870,208637208153600,7032676864,208630175476736,8191181824,191749859099648,7026065408,191742833034240,8183861248,16887349053952,6611456,16887342442496,25019904,208637208153600,7032676864,208630175476736,8191181824,191749859099648,7026065408,191742833034240,8183861248,16887349053952,6611456,16887342442496,25019904,81541037,2462,81538575,3000,29088418,886,29087532,1138,52452619,1576,52451043,1870,51048562,147,51048415,256,17703362,98,17703264,156,33345200,49,33345151,119,205815641629696,225566208,205815416063488,1441801216,188512672001024,217497600,188512454503424,1429037056,17302969628672,8068608,17302961560064,19068928,-1,0,357,0,0,2,0,0,0,0,0,0,0,0,206737900737832,7021255776,206730879482056,8176189728,189856328999936,7014793216,189849314206720,8169017344,16881571737896,6462560,16881565275336,24869876,8684306432,8684306432,0,8684306432,8652849152,8652849152,0,8652849152,31457280,31457280,0,31457280,357,357,0,357,342,342,0,342,15,15,0,15,,,,,,,,,,,,,,,,,,,,,,,,,,,,,,,,,,,,,,,,,,,,,,,,,,,,,,,,,,,,,,,,,,,,,,,,,,,,,,,,,,,,,,,,,,,,,,,,,,,,,,,,,,,,,,,,,,,,,,,,,,,,,,,,,,,,,,,,,,,,,,,,,,,,,,,,,,,,,,
,799,,,,,,,,,,,,,,,,,,,,,,,,,,,,,,,,,,,,,,,,,,,,,,,,,,,,,,,,,,,,,,,,,,,,,,,,,,,,,,,,,,,,,,,,,,,,,,,,,,,,,,,,,,,,,,,,,,,,,,,,,,,81553408,2466,81550942,3000,29092400,886,29091514,1138,52461008,1580,52459428,1870,208664103106048,7031400960,208657071705088,8191181824,191773941154816,7024787456,191766916367360,8183861248,16890161951232,6613504,16890155337728,25019904,208664103106048,7031400960,208657071705088,8191181824,191773941154816,7024787456,191766916367360,8183861248,16890161951232,6613504,16890155337728,25019904,81553408,2466,81550942,3000,29092400,886,29091514,1138,52461008,1580,52459428,1870,51055810,146,51055664,256,17705607,107,17705500,156,33350203,39,33350164,119,205842227241984,298145280,205841929096704,1441801216,188536425843712,290078720,188536135764992,1429037056,17305801398272,8066560,17305793331712,19068928,-1,0,357,0,0,2,0,0,0,0,0,0,0,0,206764639468686,7021255732,206757618212954,8176189728,189880255756032,7014793216,189873240962816,8169017344,16884383712654,6462516,16884377250138,24869876,8684306432,8684306432,0,8684306432,8652849152,8652849152,0,8652849152,31457280,31457280,0,31457280,357,357,0,357,342,342,0,342,15,15,0,15,,,,,,,,,,,,,,,,,,,,,,,,,,,,,,,,,,,,
1.6858006042296072e-06,799,,,,,,,,,,,,,,,,,,,,,,,,,,,,,,,,,,,,,,,,,,,,,,,,,,,,,,,,,,,,,,,,,,,,,,,,,,,,,,,,,,,,,,,,,,,,,,,,,,,,,,,,,,,,,,,,,,,,,,,,,,,,,,,,,,,,,,,,,,,,,,,,,,,,,,,,,,,,,,,,,,,,,,,,,,,,,,,,,,,,,,,,,,,,,,,,,,,,,,,,,,,,,,,,,,,,,,,,,,,,,,,,,,,,,,,,,,,,,,,,,,,,,,,,,,,,,,,,,,,,,,,,,,,,,,,,,,,,,,,,
,799,81553421,2462,81550959,3000,29092400,886,29091514,1138,52461021,1576,52459445,1870,208664103117312,7031398912,208657071718400,8191181824,191773941154816,7024787456,191766916367360,8183861248,16890161962496,6611456,16890155351040,25019904,208664103117312,7031398912,208657071718400,8191181824,191773941154816,7024787456,191766916367360,8183861248,16890161962496,6611456,16890155351040,25019904,81553421,2462,81550959,3000,29092400,886,29091514,1138,52461021,1576,52459445,1870,51055822,145,51055677,256,17705607,107,17705500,156,33350215,38,33350177,119,205842227255296,298147328,205841929107968,1441801216,188536425843712,290078720,188536135764992,1429037056,17305801411584,8068608,17305793342976,19068928,-1,0,357,0,0,2,0,0,0,0,0,0,0,0,206764639474106,7021255788,206757618218318,8176189728,189880255756032,7014793216,189873240962816,8169017344,16884383718074,6462572,16884377255502,24869876,8684306432,8684306432,0,8684306432,8652849152,8652849152,0,8652849152,31457280,31457280,0,31457280,357,357,0,357,342,342,0,342,15,15,0,15,,,,,,,,,,,,,,,,,,,,,,,,,,,,,,,,,,,,,,,,,,,,,,,,,,,,,,,,,,,,,,,,,,,,,,,,,,,,,,,,,,,,,,,,,,,,,,,,,,,,,,,,,,,,,,,,,,,,,,,,,,,,,,,,,,,,,,,,,,,,,,,,,,,,,,,,,,,,,,
,799,,,,,,,,,,,,,,,,,,,,,,,,,,,,,,,,,,,,,,,,,,,,,,,,,,,,,,,,,,,,,,,,,,,,,,,,,,,,,,,,,,,,,,,,,,,,,,,,,,,,,,,,,,,,,,,,,,,,,,,,,,,81565743,2466,81563277,3000,29097078,886,29096192,1138,52468665,1580,52467085,1870,208692334779392,7031400960,208685303378432,8191181824,191799562064896,7024787456,191792537277440,8183861248,16892772714496,6613504,16892766100992,25019904,208692334779392,7031400960,208685303378432,8191181824,191799562064896,7024787456,191792537277440,8183861248,16892772714496,6613504,16892766100992,25019904,81565743,2466,81563277,3000,29097078,886,29096192,1138,52468665,1580,52467085,1870,51063253,149,51063104,256,17708446,107,17708339,156,33354807,42,33354765,119,205871376165376,298145280,205871078020096,1441801216,188562964003840,290078720,188562673925120,1429037056,17308412161536,8066560,17308404094976,19068928,-1,0,357,0,0,2,0,0,0,0,0,0,0,0,206792422414266,7021255864,206785401158402,8176189728,189905429006848,7014793216,189898414213632,8169017344,16886993407418,6462648,16886986944770,24869876,8684306432,8684306432,0,8684306432,8652849152,8652849152,0,8652849152,31457280,31457280,0,31457280,357,357,0,357,342,342,0,342,15,15,0,15,,,,,,,,,,,,,,,,,,,,,,,,,,,,,,,,,,,,
1.6858006042296072e-06,799,,,,,,,,,,,,,,,,,,,,,,,,,,,,,,,,,,,,,,,,,,,,,,,,,,,,,,,,,,,,,,,,,,,,,,,,,,,,,,,,,,,,,,,,,,,,,,,,,,,,,,,,,,,,,,,,,,,,,,,,,,,,,,,,,,,,,,,,,,,,,,,,,,,,,,,,,,,,,,,,,,,,,,,,,,,,,,,,,,,,,,,,,,,,,,,,,,,,,,,,,,,,,,,,,,,,,,,,,,,,,,,,,,,,,,,,,,,,,,,,,,,,,,,,,,,,,,,,,,,,,,,,,,,,,,,,,,,,,,,,
,799,81565756,2462,81563294,3000,29097078,886,29096192,1138,52468678,1576,52467102,1870,208692334796800,7031405056,208685303391744,8191181824,191799562064896,7024787456,191792537277440,8183861248,16892772731904,6617600,16892766114304,25019904,208692334796800,7031405056,208685303391744,8191181824,191799562064896,7024787456,191792537277440,8183861248,16892772731904,6617600,16892766114304,25019904,81565756,2462,81563294,3000,29097078,886,29096192,1138,52468678,1576,52467102,1870,51063267,150,51063117,256,17708446,107,17708339,156,33354821,43,33354778,119,205871376178688,298141184,205871078037504,1441801216,188562964003840,290078720,188562673925120,1429037056,17308412174848,8062464,17308404112384,19068928,-1,0,357,0,0,2,0,0,0,0,0,0,0,0,206792422426910,7021263072,206785401163838,8176189728,189905429006848,7014793216,189898414213632,8169017344,16886993420062,6469856,16886986950206,24869876,8684306432,8684306432,0,8684306432,8652849152,8652849152,0,8652849152,31457280,31457280,0,31457280,357,357,0,357,342,342,0,342,15,15,0,15,,,,,,,,,,,,,,,,,,,,,,,,,,,,,,,,,,,,,,,,,,,,,,,,,,,,,,,,,,,,,,,,,,,,,,,,,,,,,,,,,,,,,,,,,,,,,,,,,,,,,,,,,,,,,,,,,,,,,,,,,,,,,,,,,,,,,,,,,,,,,,,,,,,,,,,,,,,,,,
,799,,,,,,,,,,,,,,,,,,,,,,,,,,,,,,,,,,,,,,,,,,,,,,,,,,,,,,,,,,,,,,,,,,,,,,,,,,,,,,,,,,,,,,,,,,,,,,,,,,,,,,,,,,,,,,,,,,,,,,,,,,,81578123,2466,81575657,3000,29101064,886,29100178,1138,52477059,1580,52475479,1870,208719360317440,7031407104,208712328910336,8191181824,191823700378624,7024787456,191816675591168,8183861248,16895659938816,6619648,16895653319168,25019904,208719360317440,7031407104,208712328910336,8191181824,191823700378624,7024787456,191816675591168,8183861248,16895659938816,6619648,16895653319168,25019904,81578123,2466,81575657,3000,29101064,886,29100178,1138,52477059,1580,52475479,1870,51070561,149,51070412,256,17710585,107,17710478,156,33359976,42,33359934,119,205899616972288,298139136,205899318833152,1441801216,188588285348864,290078720,188587995270144,1429037056,17311331623424,8060416,17311323563008,19068928,-1,0,357,0,0,2,0,0,0,0,0,0,0,0,206819293046941,7021263028,206812271783913,8176189728,189929413303552,7014793216,189922398510336,8169017344,16889879743389,6469812,16889873273577,24869876,8684306432,8684306432,0,8684306432,8652849152,8652849152,0,8652849152,31457280,31457280,0,31457280,357,357,0,357,342,342,0,342,15,15,0,15,,,,,,,,,,,,,,,,,,,,,,,,,,,,,,,,,,,,
1.6858006042296072e-06,799,,,,,,,,,,,,,,,,,,,,,,,,,,,,,,,,,,,,,,,,,,,,,,,,,,,,,,,,,,,,,,,,,,,,,,,,,,,,,,,,,,,,,,,,,,,,,,,,,,,,,,,,,,,,,,,,,,,,,,,,,,,,,,,,,,,,,,,,,,,,,,,,,,,,,,,,,,,,,,,,,,,,,,,,,,,,,,,,,,,,,,,,,,,,,,,,,,,,,,,,,,,,,,,,,,,,,,,,,,,,,,,,,,,,,,,,,,,,,,,,,,,,,,,,,,,,,,,,,,,,,,,,,,,,,,,,,,,,,,,,
,799,81578136,2462,81575674,3000,29101064,886,29100178,1138,52477072,1576,52475496,1870,208719360333312,7031403520,208712328929792,8191181824,191823700378624,7024787456,191816675591168,8183861248,16895659954688,6616064,16895653338624,25019904,208719360333312,7031403520,208712328929792,8191181824,191823700378624,7024787456,191816675591168,8183861248,16895659954688,6616064,16895653338624,25019904,81578136,2462,81575674,3000,29101064,886,29100178,1138,52477072,1576,52475496,1870,51070573,149,51070424,256,17710585,107,17710478,156,33359988,42,33359946,119,205899616991744,298142720,205899318849024,1441801216,188588285348864,290078720,188587995270144,1429037056,17311331642880,8064000,17311323578880,19068928,-1,0,357,0,0,2,0,0,0,0,0,0,0,0,206819293057065,7021260492,206812271796573,8176189728,189929413303552,7014793216,189922398510336,8169017344,16889879753513,6467276,16889873286237,24869876,8684306432,8684306432,0,8684306432,8652849152,8652849152,0,8652849152,31457280,31457280,0,31457280,357,357,0,357,342,342,0,342,15,15,0,15,,,,,,,,,,,,,,,,,,,,,,,,,,,,,,,,,,,,,,,,,,,,,,,,,,,,,,,,,,,,,,,,,,,,,,,,,,,,,,,,,,,,,,,,,,,,,,,,,,,,,,,,,,,,,,,,,,,,,,,,,,,,,,,,,,,,,,,,,,,,,,,,,,,,,,,,,,,,,,
,799,,,,,,,,,,,,,,,,,,,,,,,,,,,,,,,,,,,,,,,,,,,,,,,,,,,,,,,,,,,,,,,,,,,,,,,,,,,,,,,,,,,,,,,,,,,,,,,,,,,,,,,,,,,,,,,,,,,,,,,,,,,81590507,2466,81588041,3000,29105051,886,29104165,1138,52485456,1580,52483876,1870,208746486285312,7031405568,208739454879744,8191181824,191847908045824,7024787456,191840883258368,8183861248,16898578239488,6618112,16898571621376,25019904,208746486285312,7031405568,208739454879744,8191181824,191847908045824,7024787456,191840883258368,8183861248,16898578239488,6618112,16898571621376,25019904,81590507,2466,81588041,3000,29105051,886,29104165,1138,52485456,1580,52483876,1870,51078018,151,51077867,256,17712774,107,17712667,156,33365244,44,33365200,119,205927924449280,298140672,205927626308608,1441801216,188613672164352,290078720,188613382085632,1429037056,17314252284928,8061952,17314244222976,19068928,-1,0,357,0,0,2,0,0,0,0,0,0,0,0,206846214416966,7021260508,206839193156458,8176189728,189953417248768,7014793216,189946402455552,8169017344,16892797168198,6467292,16892790700906,24869876,8684306432,8684306432,0,8684306432,8652849152,8652849152,0,8652849152,31457280,31457280,0,31457280,357,357,0,357,342,342,0,342,15,15,0,15,,,,,,,,,,,,,,,,,,,,,,,,,,,,,,,,,,,,
1.6858006042296072e-06,799,,,,,,,,,,,,,,,,,,,,,,,,,,,,,,,,,,,,,,,,,,,,,,,,,,,,,,,,,,,,,,,,,,,,,,,,,,,,,,,,,,,,,,,,,,,,,,,,,,,,,,,,,,,,,,,,,,,,,,,,,,,,,,,,,,,,,,,,,,,,,,,,,,,,,,,,,,,,,,,,,,,,,,,,,,,,,,,,,,,,,,,,,,,,,,,,,,,,,,,,,,,,,,,,,,,,,,,,,,,,,,,,,,,,,,,,,,,,,,,,,,,,,,,,,,,,,,,,,,,,,,,,,,,,,,,,,,,,,,,,
,799,81590520,2462,81588058,3000,29105051,886,29104165,1138,52485469,1576,52483893,1870,208746486295040,7031397376,208739454897664,8191181824,191847908045824,7024787456,191840883258368,8183861248,16898578249216,6609920,16898571639296,25019904,208746486295040,7031397376,208739454897664,8191181824,191847908045824,7024787456,191840883258368,8183861248,16898578249216,6609920,16898571639296,25019904,81590520,2462,81588058,3000,29105051,886,29104165,1138,52485469,1576,52483893,1870,51078029,150,51077879,256,17712774,107,17712667,156,33365255,43,33365212,119,205927924467200,298148864,205927626318336,1441801216,188613672164352,290078720,188613382085632,1429037056,17314252302848,8070144,17314244232704,19068928,-1,0,357,0,0,2,0,0,0,0,0,0,0,0,206846214421306,7021254708,206839193166598,8176189728,189953417248768,7014793216,189946402455552,8169017344,16892797172538,6461492,16892790711046,24869876,8684306432,8684306432,0,8684306432,8652849152,8652849152,0,8652849152,31457280,31457280,0,31457280,357,357,0,357,342,342,0,342,15,15,0,15,,,,,,,,,,,,,,,,,,,,,,,,,,,,,,,,,,,,,,,,,,,,,,,,,,,,,,,,,,,,,,,,,,,,,,,,,,,,,,,,,,,,,,,,,,,,,,,,,,,,,,,,,,,,,,,,,,,,,,,,,,,,,,,,,,,,,,,,,,,,,,,,,,,,,,,,,,,,,,
,799,,,,,,,,,,,,,,,,,,,,,,,,,,,,,,,,,,,,,,,,,,,,,,,,,,,,,,,,,,,,,,,,,,,,,,,,,,,,,,,,,,,,,,,,,,,,,,,,,,,,,,,,,,,,,,,,,,,,,,,,,,,81602842,2466,81600376,3000,29109033,886,29108147,1138,52493809,1580,52492229,1870,208773459513856,7031399424,208766428114432,8191181824,191872022520832,7024787456,191864997733376,8183861248,16901436993024,6611968,16901430381056,25019904,208773459513856,7031399424,208766428114432,8191181824,191872022520832,7024787456,191864997733376,8183861248,16901436993024,6611968,16901430381056,25019904,81602842,2466,81600376,3000,29109033,886,29108147,1138,52493809,1580,52492229,1870,51084826,152,51084674,256,17714910,107,17714803,156,33369916,45,33369871,119,205956121560576,298146816,205955823413760,1441801216,188638973553664,290078720,188638683474944,1429037056,17317148006912,8068096,17317139938816,19068928,-1,0,357,0,0,2,0,0,0,0,0,0,0,0,206873028535775,7021254784,206866007280991,8176189728,189977373496064,7014793216,189970358702848,8169017344,16895655039711,6461568,16895648578143,24869876,8684306432,8684306432,0,8684306432,8652849152,8652849152,0,8652849152,31457280,31457280,0,31457280,357,357,0,357,342,342,0,342,15,15,0,15,,,,,,,,,,,,,,,,,,,,,,,,,,,,,,,,,,,,
1.6858006042296072e-06,799,,,,,,,,,,,,,,,,,,,,,,,,,,,,,,,,,,,,,,,,,,,,,,,,,,,,,,,,,,,,,,,,,,,,,,,,,,,,,,,,,,,,,,,,,,,,,,,,,,,,,,,,,,,,,,,,,,,,,,,,,,,,,,,,,,,,,,,,,,,,,,,,,,,,,,,,,,,,,,,,,,,,,,,,,,,,,,,,,,,,,,,,,,,,,,,,,,,,,,,,,,,,,,,,,,,,,,,,,,,,,,,,,,,,,,,,,,,,,,,,,,,,,,,,,,,,,,,,,,,,,,,,,,,,,,,,,,,,,,,,
,799,81602855,2462,81600393,3000,29109033,886,29108147,1138,52493822,1576,52492246,1870,208773459525120,7031398912,208766428126208,8191181824,191872022520832,7024787456,191864997733376,8183861248,16901437004288,6611456,16901430392832,25019904,208773459525120,7031398912,208766428126208,8191181824,191872022520832,7024787456,191864997733376,8183861248,16901437004288,6611456,16901430392832,25019904,81602855,2462,81600393,3000,29109033,886,29108147,1138,52493822,1576,52492246,1870,51084838,150,51084688,256,17714910,107,17714803,156,33369928,43,33369885,119,205956121572352,298147328,205955823425024,1441801216,188638973553664,290078720,188638683474944,1429037056,17317148018688,8068608,17317139950080,19068928,-1,0,357,0,0,2,0,0,0,0,0,0,0,0,206873028541315,7021255968,206866007285347,8176189728,189977373496064,7014793216,189970358702848,8169017344,16895655045251,6462752,16895648582499,24869876,8684306432,8684306432,0,8684306432,8652849152,8652849152,0,8652849152,31457280,31457280,0,31457280,357,357,0,357,342,342,0,342,15,15,0,15,,,,,,,,,,,,,,,,,,,,,,,,,,,,,,,,,,,,,,,,,,,,,,,,,,,,,,,,,,,,,,,,,,,,,,,,,,,,,,,,,,,,,,,,,,,,,,,,,,,,,,,,,,,,,,,,,,,,,,,,,,,,,,,,,,,,,,,,,,,,,,,,,,,,,,,,,,,,,,
,799,,,,,,,,,,,,,,,,,,,,,,,,,,,,,,,,,,,,,,,,,,,,,,,,,,,,,,,,,,,,,,,,,,,,,,,,,,,,,,,,,,,,,,,,,,,,,,,,,,,,,,,,,,,,,,,,,,,,,,,,,,,81615226,2466,81612760,3000,29113015,886,29112129,1138,52502211,1580,52500631,1870,208800606123520,7031400960,208793574722560,8191181824,191896231007232,7024787456,191889206219776,8183861248,16904375116288,6613504,16904368502784,25019904,208800606123520,7031400960,208793574722560,8191181824,191896231007232,7024787456,191889206219776,8183861248,16904375116288,6613504,16904368502784,25019904,81615226,2466,81612760,3000,29113015,886,29112129,1138,52502211,1580,52500631,1870,51092205,146,51092059,256,17717093,107,17716986,156,33375112,39,33375073,119,205984442098688,298145280,205984143953408,1441801216,188664355970048,290078720,188664065891328,1429037056,17320086128640,8066560,17320078062080,19068928,-1,0,357,0,0,2,0,0,0,0,0,0,0,0,206899971189417,7021255924,206892949933493,8176189728,190001378895360,7014793216,189994364102144,8169017344,16898592294057,6462708,16898585831349,24869876,8684306432,8684306432,0,8684306432,8652849152,8652849152,0,8652849152,31457280,31457280,0,31457280,357,357,0,357,342,342,0,342,15,15,0,15,,,,,,,,,,,,,,,,,,,,,,,,,,,,,,,,,,,,
1.6858006042296072e-06,799,,,,,,,,,,,,,,,,,,,,,,,,,,,,,,,,,,,,,,,,,,,,,,,,,,,,,,,,,,,,,,,,,,,,,,,,,,,,,,,,,,,,,,,,,,,,,,,,,,,,,,,,,,,,,,,,,,,,,,,,,,,,,,,,,,,,,,,,,,,,,,,,,,,,,,,,,,,,,,,,,,,,,,,,,,,,,,,,,,,,,,,,,,,,,,,,,,,,,,,,,,,,,,,,,,,,,,,,,,,,,,,,,,,,,,,,,,,,,,,,,,,,,,,,,,,,,,,,,,,,,,,,,,,,,,,,,,,,,,,,
,799,81615239,2462,81612777,3000,29113015,886,29112129,1138,52502224,1576,52500648,1870,208800606147072,7031411200,208793574735872,8191181824,191896231007232,7024787456,191889206219776,8183861248,16904375139840,6623744,16904368516096,25019904,208800606147072,7031411200,208793574735872,8191181824,191896231007232,7024787456,191889206219776,8183861248,16904375139840,6623744,16904368516096,25019904,81615239,2462,81612777,3000,29113015,886,29112129,1138,52502224,1576,52500648,1870,51092219,147,51092072,256,17717093,107,17716986,156,33375126,40,33375086,119,205984442112000,298135040,205984143976960,1441801216,188664355970048,290078720,188664065891328,1429037056,17320086141952,8056320,17320078085632,19068928,-1,0,357,0,0,2,0,0,0,0,0,0,0,0,206899971207437,7021268388,206892949939049,8176189728,190001378895360,7014793216,189994364102144,8169017344,16898592312077,6475172,16898585836905,24869876,8684306432,8684306432,0,8684306432,8652849152,8652849152,0,8652849152,31457280,31457280,0,31457280,357,357,0,357,342,342,0,342,15,15,0,15,,,,,,,,,,,,,,,,,,,,,,,,,,,,,,,,,,,,,,,,,,,,,,,,,,,,,,,,,,,,,,,,,,,,,,,,,,,,,,,,,,,,,,,,,,,,,,,,,,,,,,,,,,,,,,,,,,,,,,,,,,,,,,,,,,,,,,,,,,,,,,,,,,,,,,,,,,,,,,
,799,,,,,,,,,,,,,,,,,,,,,,,,,,,,,,,,,,,,,,,,,,,,,,,,,,,,,,,,,,,,,,,,,,,,,,,,,,,,,,,,,,,,,,,,,,,,,,,,,,,,,,,,,,,,,,,,,,,,,,,,,,,81628153,2466,81625687,3000,29119906,886,29119020,1138,52508247,1580,52506667,1870,208855210038784,7031413248,208848178625536,8191181824,191950082348032,7024787456,191943057560576,8183861248,16905127690752,6625792,16905121064960,25019904,208855210038784,7031413248,208848178625536,8191181824,191950082348032,7024787456,191943057560576,8183861248,16905127690752,6625792,16905121064960,25019904,81628153,2466,81625687,3000,29119906,886,29119020,1138,52508247,1580,52506667,1870,51100708,152,51100556,256,17722123,107,17722016,156,33378585,45,33378540,119,206034434864128,298132992,206034136731136,1441801216,188713596173312,290078720,188713306094592,1429037056,17320838690816,8054272,17320830636544,19068928,-1,0,357,0,0,2,0,0,0,0,0,0,0,0,206953995418732,7021268416,206946974150316,8176189728,190054651525376,7014793216,190047636732160,8169017344,16899343893356,6475200,16899337418156,24869876,8684306432,8684306432,0,8684306432,8652849152,8652849152,0,8652849152,31457280,31457280,0,31457280,357,357,0,357,342,342,0,342,15,15,0,15,,,,,,,,,,,,,,,,,,,,,,,,,,,,,,,,,,,,
1.6858006042296072e-06,799,,,,,,,,,,,,,,,,,,,,,,,,,,,,,,,,,,,,,,,,,,,,,,,,,,,,,,,,,,,,,,,,,,,,,,,,,,,,,,,,,,,,,,,,,,,,,,,,,,,,,,,,,,,,,,,,,,,,,,,,,,,,,,,,,,,,,,,,,,,,,,,,,,,,,,,,,,,,,,,,,,,,,,,,,,,,,,,,,,,,,,,,,,,,,,,,,,,,,,,,,,,,,,,,,,,,,,,,,,,,,,,,,,,,,,,,,,,,,,,,,,,,,,,,,,,,,,,,,,,,,,,,,,,,,,,,,,,,,,,,
,799,81628166,2462,81625704,3000,29119906,886,29119020,1138,52508260,1576,52506684,1870,208855210056192,7031405056,208848178651136,8191181824,191950082348032,7024787456,191943057560576,8183861248,16905127708160,6617600,16905121090560,25019904,208855210056192,7031405056,208848178651136,8191181824,191950082348032,7024787456,191943057560576,8183861248,16905127708160,6617600,16905121090560,25019904,81628166,2462,81625704,3000,29119906,886,29119020,1138,52508260,1576,52506684,1870,51100719,151,51100568,256,17722123,107,17722016,156,33378596,44,33378552,119,206034434889728,298141184,206034136748544,1441801216,188713596173312,290078720,188713306094592,1429037056,17320838716416,8062464,17320830653952,19068928,-1,0,357,0,0,2,0,0,0,0,0,0,0,0,206953995431016,7021262664,206946974168352,8176189728,190054651525376,7014793216,190047636732160,8169017344,16899343905640,6469448,16899337436192,24869876,8684306432,8684306432,0,8684306432,8652849152,8652849152,0,8652849152,31457280,31457280,0,31457280,357,357,0,357,342,342,0,342,15,15,0,15,,,,,,,,,,,,,,,,,,,,,,,,,,,,,,,,,,,,,,,,,,,,,,,,,,,,,,,,,,,,,,,,,,,,,,,,,,,,,,,,,,,,,,,,,,,,,,,,,,,,,,,,,,,,,,,,,,,,,,,,,,,,,,,,,,,,,,,,,,,,,,,,,,,,,,,,,,,,,,
,799,,,,,,,,,,,,,,,,,,,,,,,,,,,,,,,,,,,,,,,,,,,,,,,,,,,,,,,,,,,,,,,,,,,,,,,,,,,,,,,,,,,,,,,,,,,,,,,,,,,,,,,,,,,,,,,,,,,,,,,,,,,81641086,2466,81638620,3000,29124114,886,29123228,1138,52516972,1580,52515392,1870,208883894963712,7031407104,208876863556608,8191181824,191975941084160,7024787456,191968916296704,8183861248,16907953879552,6619648,16907947259904,25019904,208883894963712,7031407104,208876863556608,8191181824,191975941084160,7024787456,191968916296704,8183861248,16907953879552,6619648,16907947259904,25019904,81641086,2466,81638620,3000,29124114,886,29123228,1138,52516972,1580,52515392,1870,51107674,150,51107524,256,17724265,107,17724158,156,33383409,43,33383366,119,206064153543680,298139136,206063855404544,1441801216,188740441472000,290078720,188740151393280,1429037056,17323712071680,8060416,17323704011264,19068928,-1,0,357,0,0,2,0,0,0,0,0,0,0,0,206982516949396,7021262668,206975495686728,8176189728,190080347790336,7014793216,190073332997120,8169017344,16902169159060,6469452,16902162689608,24869876,8684306432,8684306432,0,8684306432,8652849152,8652849152,0,8652849152,31457280,31457280,0,31457280,357,357,0,357,342,342,0,342,15,15,0,15,,,,,,,,,,,,,,,,,,,,,,,,,,,,,,,,,,,,
,799,,,,,,,,,,,,,,,,,,,,,,,,,,,,,,,,,,,,,,,,,,,,,,,,,,,,,,,,,,,,,,,,,,,,,,,,,,,,,,,,,,,,,,,,,,,,,,,,,,,,,,,,,,,,,,,,,,,,,,,,,,,,,,,,,,,,,,,,,,,,,,,,,,,,,,,,,,,,,,,,,,,,,,,,,,,,,,,,,,,,,,,,,,,,,,,,,,,,,,,,,,,,,,,,,,,,,,,,,,,,,,,,,,,,,,,,,,,,,,,,,,,,,0.00040435791015625,9.22975450521335e-05,0.0017888210713863373,1,,,,,,,,,,,,,,,,,,,,,,,,,,,,,,,,
1.6522322927156764e-06,849,,,,,,,,,,,,,,,,,,,,,,,,,,,,,,,,,,,,,,,,,,,,,,,,,,,,,,,,,,,,,,,,,,,,,,,,,,,,,,,,,,,,,,,,,,,,,,,,,,,,,,,,,,,,,,,,,,,,,,,,,,,,,,,,,,,,,,,,,,,,,,,,,,,,,,,,,,,,,,,,,,,,,,,,,,,,,,,,,,,,,,,,,,,,,,,,,,,,,,,,,,,,,,,,,,,,,,,,,,,,,,,,,,,,,,,,,,,,,,,,,,,,,,,,,,,,,,,,,,,,,,,,,,,,,,,,,,,,,,,,
,849,86542576,2462,86540114,3000,30861193,886,30860307,1138,55681383,1576,55679807,1870,221375852917248,7031295488,221368821621760,8191181824,203431281947648,7024680960,203424257266688,8183861248,17944570969600,6614528,17944564355072,25021440,221375852917248,7031295488,221368821621760,8191181824,203431281947648,7024680960,203424257266688,8183861248,17944570969600,6614528,17944564355072,25021440,86542576,2462,86540114,3000,30861193,886,30860307,1138,55681383,1576,55679807,1870,54134264,144,54134120,256,18764578,98,18764480,156,35369686,46,35369640,119,218416976982016,222753280,218416754228736,1441801216,200033823894528,218882048,200033605012480,1429037056,18383153087488,3871232,18383149216256,19068928,-1,0,357,0,0,2,0,0,0,0,0,0,0,0,219358577555059,7021259688,219351556295371,8176189728,201420135115776,7014793216,201413120322560,8169017344,17938442439283,6466472,17938435972811,24870008,8684306432,8684306432,0,8684306432,8652849152,8652849152,0,8652849152,31457280,31457280,0,31457280,357,357,0,357,342,342,0,342,15,15,0,15,,,,,,,,,,,,,,,,,,,,,,,,,,,,,,,,,,,,,,,,,,,,,,,,,,,,,,,,,,,,,,,,,,,,,,,,,,,,,,,,,,,,,,,,,,,,,,,,,,,,,,,,,,,,,,,,,,,,,,,,,,,,,,,,,,,,,,,,,,,,,,,,,,,,,,,,,,,,,,
,849,,,,,,,,,,,,,,,,,,,,,,,,,,,,,,,,,,,,,,,,,,,,,,,,,,,,,,,,,,,,,,,,,,,,,,,,,,,,,,,,,,,,,,,,,,,,,,,,,,,,,,,,,,,,,,,,,,,,,,,,,,,86554947,2466,86552481,3000,30865180,886,30864294,1138,55689767,1580,55688187,1870,221402824405504,7031707136,221395792698368,8191181824,203455413384192,7025090560,203448388293632,8183861248,17947411021312,6616576,17947404404736,25021440,221402824405504,7031707136,221395792698368,8191181824,203455413384192,7025090560,203448388293632,8183861248,17947411021312,6616576,17947404404736,25021440,86554947,2466,86552481,3000,30865180,886,30864294,1138,55689767,1580,55688187,1870,54142177,139,54142038,256,18766854,99,18766755,156,35375323,40,35375283,119,218443846281216,222341632,218443623939584,1441801216,200057769864192,218472448,200057551391744,1429037056,18386076417024,3869184,18386072547840,19068928,-1,0,357,0,0,2,0,0,0,0,0,0,0,0,219385370776703,7021259644,219378349517059,8176189728,201444089192192,7014793216,201437074398976,8169017344,17941281584511,6466428,17941275118083,24870008,8684306432,8684306432,0,8684306432,8652849152,8652849152,0,8652849152,31457280,31457280,0,31457280,357,357,0,357,342,342,0,342,15,15,0,15,,,,,,,,,,,,,,,,,,,,,,,,,,,,,,,,,,,,
1.6522322927156764e-06,849,,,,,,,,,,,,,,,,,,,,,,,,,,,,,,,,,,,,,,,,,,,,,,,,,,,,,,,,,,,,,,,,,,,,,,,,,,,,,,,,,,,,,,,,,,,,,,,,,,,,,,,,,,,,,,,,,,,,,,,,,,,,,,,,,,,,,,,,,,,,,,,,,,,,,,,,,,,,,,,,,,,,,,,,,,,,,,,,,,,,,,,,,,,,,,,,,,,,,,,,,,,,,,,,,,,,,,,,,,,,,,,,,,,,,,,,,,,,,,,,,,,,,,,,,,,,,,,,,,,,,,,,,,,,,,,,,,,,,,,,
,849,86554960,2462,86552498,3000,30865180,886,30864294,1138,55689780,1576,55688204,1870,221402824438272,7031723520,221395792714752,8191181824,203455413384192,7025090560,203448388293632,8183861248,17947411054080,6632960,17947404421120,25021440,221402824438272,7031723520,221395792714752,8191181824,203455413384192,7025090560,203448388293632,8183861248,17947411054080,6632960,17947404421120,25021440,86554960,2462,86552498,3000,30865180,886,30864294,1138,55689780,1576,55688204,1870,54142190,142,54142048,256,18766854,99,18766755,156,35375336,43,35375293,119,218443846297600,222325248,218443623972352,1441801216,200057769864192,218472448,200057551391744,1429037056,18386076433408,3852800,18386072580608,19068928,-1,0,357,0,0,2,0,0,0,0,0,0,0,0,219385370804515,7021278180,219378349526335,8176189728,201444089192192,7014793216,201437074398976,8169017344,17941281612323,6484964,17941275127359,24870008,8684306432,8684306432,0,8684306432,8652849152,8652849152,0,8652849152,31457280,31457280,0,31457280,357,357,0,357,342,342,0,342,15,15,0,15,,,,,,,,,,,,,,,,,,,,,,,,,,,,,,,,,,,,,,,,,,,,,,,,,,,,,,,,,,,,,,,,,,,,,,,,,,,,,,,,,,,,,,,,,,,,,,,,,,,,,,,,,,,,,,,,,,,,,,,,,,,,,,,,,,,,,,,,,,,,,,,,,,,,,,,,,,,,,,
,849,,,,,,,,,,,,,,,,,,,,,,,,,,,,,,,,,,,,,,,,,,,,,,,,,,,,,,,,,,,,,,,,,,,,,,,,,,,,,,,,,,,,,,,,,,,,,,,,,,,,,,,,,,,,,,,,,,,,,,,,,,,86567883,2466,86565417,3000,30872169,886,30871283,1138,55695714,1580,55694134,1870,221483280594432,7031725568,221476248868864,8191181824,203535233097728,7025090560,203528208007168,8183861248,17948047496704,6635008,17948040861696,25021440,221483280594432,7031725568,221476248868864,8191181824,203535233097728,7025090560,203528208007168,8183861248,17948047496704,6635008,17948040861696,25021440,86567883,2466,86565417,3000,30872169,886,30871283,1138,55695714,1580,55694134,1870,54151001,151,54150850,256,18771980,99,18771881,156,35379021,52,35378969,119,218500724769792,222323200,218500502446592,1441801216,200114011895808,218472448,200113793423360,1429037056,18386712873984,3850752,18386709023232,19068928,-1,0,357,0,0,2,0,0,0,0,0,0,0,0,219464312827384,7021278196,219457291549188,8176189728,201522395757056,7014793216,201515380963840,8169017344,17941917070328,6484980,17941910585348,24870008,8684306432,8684306432,0,8684306432,8652849152,8652849152,0,8652849152,31457280,31457280,0,31457280,357,357,0,357,342,342,0,342,15,15,0,15,,,,,,,,,,,,,,,,,,,,,,,,,,,,,,,,,,,,
1.6522322927156764e-06,849,,,,,,,,,,,,,,,,,,,,,,,,,,,,,,,,,,,,,,,,,,,,,,,,,,,,,,,,,,,,,,,,,,,,,,,,,,,,,,,,,,,,,,,,,,,,,,,,,,,,,,,,,,,,,,,,,,,,,,,,,,,,,,,,,,,,,,,,,,,,,,,,,,,,,,,,,,,,,,,,,,,,,,,,,,,,,,,,,,,,,,,,,,,,,,,,,,,,,,,,,,,,,,,,,,,,,,,,,,,,,,,,,,,,,,,,,,,,,,,,,,,,,,,,,,,,,,,,,,,,,,,,,,,,,,,,,,,,,,,,
,849,86567896,2462,86565434,3000,30872169,886,30871283,1138,55695727,1576,55694151,1870,221483280607232,7031703552,221476248903680,8191181824,203535233097728,7025090560,203528208007168,8183861248,17948047509504,6612992,17948040896512,25021440,221483280607232,7031703552,221476248903680,8191181824,203535233097728,7025090560,203528208007168,8183861248,17948047509504,6612992,17948040896512,25021440,86567896,2462,86565434,3000,30872169,886,30871283,1138,55695727,1576,55694151,1870,54151011,147,54150864,256,18771980,99,18771881,156,35379031,48,35378983,119,218500724804608,222345216,218500502459392,1441801216,200114011895808,218472448,200113793423360,1429037056,18386712908800,3872768,18386709036032,19068928,-1,0,357,0,0,2,0,0,0,0,0,0,0,0,219464312834724,7021257708,219457291577016,8176189728,201522395757056,7014793216,201515380963840,8169017344,17941917077668,6464492,17941910613176,24870008,8684306432,8684306432,0,8684306432,8652849152,8652849152,0,8652849152,31457280,31457280,0,31457280,357,357,0,357,342,342,0,342,15,15,0,15,,,,,,,,,,,,,,,,,,,,,,,,,,,,,,,,,,,,,,,,,,,,,,,,,,,,,,,,,,,,,,,,,,,,,,,,,,,,,,,,,,,,,,,,,,,,,,,,,,,,,,,,,,,,,,,,,,,,,,,,,,,,,,,,,,,,,,,,,,,,,,,,,,,,,,,,,,,,,,
,849,,,,,,,,,,,,,,,,,,,,,,,,,,,,,,,,,,,,,,,,,,,,,,,,,,,,,,,,,,,,,,,,,,,,,,,,,,,,,,,,,,,,,,,,,,,,,,,,,,,,,,,,,,,,,,,,,,,,,,,,,,,86580218,2466,86577752,3000,30876156,886,30875270,1138,55704062,1580,55702482,1870,221510226636800,7031705600,221503194931200,8191181824,203559339315200,7025090560,203552314224640,8183861248,17950887321600,6615040,17950880706560,25021440,221510226636800,7031705600,221503194931200,8191181824,203559339315200,7025090560,203552314224640,8183861248,17950887321600,6615040,17950880706560,25021440,86580218,2466,86577752,3000,30876156,886,30875270,1138,55704062,1580,55702482,1870,54158543,141,54158402,256,18774044,99,18773945,156,35384499,42,35384457,119,218530007436288,222343168,218529785093120,1441801216,200140365850624,218472448,200140147378176,1429037056,18389641585664,3870720,18389637714944,19068928,-1,0,357,0,0,2,0,0,0,0,0,0,0,0,219491104262821,7021257784,219484083005037,8176189728,201546348256512,7014793216,201539333463296,8169017344,17944756006309,6464568,17944749541741,24870008,8684306432,8684306432,0,8684306432,8652849152,8652849152,0,8652849152,31457280,31457280,0,31457280,357,357,0,357,342,342,0,342,15,15,0,15,,,,,,,,,,,,,,,,,,,,,,,,,,,,,,,,,,,,
1.6522322927156764e-06,849,,,,,,,,,,,,,,,,,,,,,,,,,,,,,,,,,,,,,,,,,,,,,,,,,,,,,,,,,,,,,,,,,,,,,,,,,,,,,,,,,,,,,,,,,,,,,,,,,,,,,,,,,,,,,,,,,,,,,,,,,,,,,,,,,,,,,,,,,,,,,,,,,,,,,,,,,,,,,,,,,,,,,,,,,,,,,,,,,,,,,,,,,,,,,,,,,,,,,,,,,,,,,,,,,,,,,,,,,,,,,,,,,,,,,,,,,,,,,,,,,,,,,,,,,,,,,,,,,,,,,,,,,,,,,,,,,,,,,,,,
,849,86580231,2462,86577769,3000,30876156,886,30875270,1138,55704075,1576,55702499,1870,221510226657280,7031711232,221503194946048,8191181824,203559339315200,7025090560,203552314224640,8183861248,17950887342080,6620672,17950880721408,25021440,221510226657280,7031711232,221503194946048,8191181824,203559339315200,7025090560,203552314224640,8183861248,17950887342080,6620672,17950880721408,25021440,86580231,2462,86577769,3000,30876156,886,30875270,1138,55704075,1576,55702499,1870,54158555,140,54158415,256,18774044,99,18773945,156,35384511,41,35384470,119,218530007451136,222337536,218529785113600,1441801216,200140365850624,218472448,200140147378176,1429037056,18389641600512,3865088,18389637735424,19068928,-1,0,357,0,0,2,0,0,0,0,0,0,0,0,219491104278153,7021265760,219484083012393,8176189728,201546348256512,7014793216,201539333463296,8169017344,17944756021641,6472544,17944749549097,24870008,8684306432,8684306432,0,8684306432,8652849152,8652849152,0,8652849152,31457280,31457280,0,31457280,357,357,0,357,342,342,0,342,15,15,0,15,,,,,,,,,,,,,,,,,,,,,,,,,,,,,,,,,,,,,,,,,,,,,,,,,,,,,,,,,,,,,,,,,,,,,,,,,,,,,,,,,,,,,,,,,,,,,,,,,,,,,,,,,,,,,,,,,,,,,,,,,,,,,,,,,,,,,,,,,,,,,,,,,,,,,,,,,,,,,,
,849,,,,,,,,,,,,,,,,,,,,,,,,,,,,,,,,,,,,,,,,,,,,,,,,,,,,,,,,,,,,,,,,,,,,,,,,,,,,,,,,,,,,,,,,,,,,,,,,,,,,,,,,,,,,,,,,,,,,,,,,,,,86593153,2466,86590687,3000,30883047,886,30882161,1138,55710106,1580,55708526,1870,221564915890176,7031713280,221557884176896,8191181824,203613260529664,7025090560,203606235439104,8183861248,17951655360512,6622720,17951648737792,25021440,221564915890176,7031713280,221557884176896,8191181824,203613260529664,7025090560,203606235439104,8183861248,17951655360512,6622720,17951648737792,25021440,86593153,2466,86590687,3000,30883047,886,30882161,1138,55710106,1580,55708526,1870,54167231,147,54167084,256,18779086,99,18778987,156,35388145,48,35388097,119,218577732064768,222335488,218577509729280,1441801216,200187322447872,218472448,200187103975424,1429037056,18390409616896,3863040,18390405753856,19068928,-1,0,357,0,0,2,0,0,0,0,0,0,0,0,219545369599652,7021265716,219538348333936,8176189728,201599846494208,7014793216,201592831700992,8169017344,17945523105444,6472500,17945516632944,24870008,8684306432,8684306432,0,8684306432,8652849152,8652849152,0,8652849152,31457280,31457280,0,31457280,357,357,0,357,342,342,0,342,15,15,0,15,,,,,,,,,,,,,,,,,,,,,,,,,,,,,,,,,,,,
1.6522322927156764e-06,849,,,,,,,,,,,,,,,,,,,,,,,,,,,,,,,,,,,,,,,,,,,,,,,,,,,,,,,,,,,,,,,,,,,,,,,,,,,,,,,,,,,,,,,,,,,,,,,,,,,,,,,,,,,,,,,,,,,,,,,,,,,,,,,,,,,,,,,,,,,,,,,,,,,,,,,,,,,,,,,,,,,,,,,,,,,,,,,,,,,,,,,,,,,,,,,,,,,,,,,,,,,,,,,,,,,,,,,,,,,,,,,,,,,,,,,,,,,,,,,,,,,,,,,,,,,,,,,,,,,,,,,,,,,,,,,,,,,,,,,,
,849,86593166,2462,86590704,3000,30883047,886,30882161,1138,55710119,1576,55708543,1870,221564915909120,7031709696,221557884199424,8191181824,203613260529664,7025090560,203606235439104,8183861248,17951655379456,6619136,17951648760320,25021440,221564915909120,7031709696,221557884199424,8191181824,203613260529664,7025090560,203606235439104,8183861248,17951655379456,6619136,17951648760320,25021440,86593166,2462,86590704,3000,30883047,886,30882161,1138,55710119,1576,55708543,1870,54167245,149,54167096,256,18779086,99,18778987,156,35388159,50,35388109,119,218577732087296,222339072,218577509748224,1441801216,200187322447872,218472448,200187103975424,1429037056,18390409639424,3866624,18390405772800,19068928,-1,0,357,0,0,2,0,0,0,0,0,0,0,0,219545369612584,7021263300,219538348349284,8176189728,201599846494208,7014793216,201592831700992,8169017344,17945523118376,6470084,17945516648292,24870008,8684306432,8684306432,0,8684306432,8652849152,8652849152,0,8652849152,31457280,31457280,0,31457280,357,357,0,357,342,342,0,342,15,15,0,15,,,,,,,,,,,,,,,,,,,,,,,,,,,,,,,,,,,,,,,,,,,,,,,,,,,,,,,,,,,,,,,,,,,,,,,,,,,,,,,,,,,,,,,,,,,,,,,,,,,,,,,,,,,,,,,,,,,,,,,,,,,,,,,,,,,,,,,,,,,,,,,,,,,,,,,,,,,,,,
,849,,,,,,,,,,,,,,,,,,,,,,,,,,,,,,,,,,,,,,,,,,,,,,,,,,,,,,,,,,,,,,,,,,,,,,,,,,,,,,,,,,,,,,,,,,,,,,,,,,,,,,,,,,,,,,,,,,,,,,,,,,,86606040,2466,86603574,3000,30889938,886,30889052,1138,55716102,1580,55714522,1870,221619625247744,7031711744,221612593536000,8191181824,203667196444672,7025090560,203660171354112,8183861248,17952428803072,6621184,17952422181888,25021440,221619625247744,7031711744,221612593536000,8191181824,203667196444672,7025090560,203660171354112,8183861248,17952428803072,6621184,17952422181888,25021440,86606040,2466,86603574,3000,30889938,886,30889052,1138,55716102,1580,55714522,1870,54175705,142,54175563,256,18784126,99,18784027,156,35391579,43,35391536,119,218625446070272,222337024,218625223733248,1441801216,200234263009280,218472448,200234044536832,1429037056,18391183060992,3864576,18391179196416,19068928,-1,0,357,0,0,2,0,0,0,0,0,0,0,0,219599729818438,7021263376,219592708555062,8176189728,201653434176256,7014793216,201646419383040,8169017344,17946295642182,6470160,17946289172022,24870008,8684306432,8684306432,0,8684306432,8652849152,8652849152,0,8652849152,31457280,31457280,0,31457280,357,357,0,357,342,342,0,342,15,15,0,15,,,,,,,,,,,,,,,,,,,,,,,,,,,,,,,,,,,,
1.6522322927156764e-06,849,,,,,,,,,,,,,,,,,,,,,,,,,,,,,,,,,,,,,,,,,,,,,,,,,,,,,,,,,,,,,,,,,,,,,,,,,,,,,,,,,,,,,,,,,,,,,,,,,,,,,,,,,,,,,,,,,,,,,,,,,,,,,,,,,,,,,,,,,,,,,,,,,,,,,,,,,,,,,,,,,,,,,,,,,,,,,,,,,,,,,,,,,,,,,,,,,,,,,,,,,,,,,,,,,,,,,,,,,,,,,,,,,,,,,,,,,,,,,,,,,,,,,,,,,,,,,,,,,,,,,,,,,,,,,,,,,,,,,,,,
,849,86606053,2462,86603591,3000,30889938,886,30889052,1138,55716115,1576,55714539,1870,221619625262080,7031705088,221612593556992,8191181824,203667196444672,7025090560,203660171354112,8183861248,17952428817408,6614528,17952422202880,25021440,221619625262080,7031705088,221612593556992,8191181824,203667196444672,7025090560,203660171354112,8183861248,17952428817408,6614528,17952422202880,25021440,86606053,2462,86603591,3000,30889938,886,30889052,1138,55716115,1576,55714539,1870,54175715,138,54175577,256,18784126,99,18784027,156,35391589,39,35391550,119,218625446091264,222343680,218625223747584,1441801216,200234263009280,218472448,200234044536832,1429037056,18391183081984,3871232,18391179210752,19068928,-1,0,357,0,0,2,0,0,0,0,0,0,0,0,219599729826834,7021258824,219592708568010,8176189728,201653434176256,7014793216,201646419383040,8169017344,17946295650578,6465608,17946289184970,24870008,8684306432,8684306432,0,8684306432,8652849152,8652849152,0,8652849152,31457280,31457280,0,31457280,357,357,0,357,342,342,0,342,15,15,0,15,,,,,,,,,,,,,,,,,,,,,,,,,,,,,,,,,,,,,,,,,,,,,,,,,,,,,,,,,,,,,,,,,,,,,,,,,,,,,,,,,,,,,,,,,,,,,,,,,,,,,,,,,,,,,,,,,,,,,,,,,,,,,,,,,,,,,,,,,,,,,,,,,,,,,,,,,,,,,,
,849,,,,,,,,,,,,,,,,,,,,,,,,,,,,,,,,,,,,,,,,,,,,,,,,,,,,,,,,,,,,,,,,,,,,,,,,,,,,,,,,,,,,,,,,,,,,,,,,,,,,,,,,,,,,,,,,,,,,,,,,,,,86618375,2466,86615909,3000,30894021,886,30893135,1138,55724354,1580,55722774,1870,221647458546176,7031707136,221640426839040,8191181824,203691847004160,7025090560,203684821913600,8183861248,17955611542016,6616576,17955604925440,25021440,221647458546176,7031707136,221640426839040,8191181824,203691847004160,7025090560,203684821913600,8183861248,17955611542016,6616576,17955604925440,25021440,86618375,2466,86615909,3000,30894021,886,30893135,1138,55724354,1580,55722774,1870,54183183,140,54183043,256,18786401,99,18786302,156,35396782,41,35396741,119,218655305574400,222341632,218655083232768,1441801216,200260878723072,218472448,200260660250624,1429037056,18394426851328,3869184,18394422982144,19068928,-1,0,357,0,0,2,0,0,0,0,0,0,0,0,219627388186582,7021258840,219620366927742,8176189728,201677910492672,7014793216,201670895699456,8169017344,17949477693910,6465624,17949471228286,24870008,8684306432,8684306432,0,8684306432,8652849152,8652849152,0,8652849152,31457280,31457280,0,31457280,357,357,0,357,342,342,0,342,15,15,0,15,,,,,,,,,,,,,,,,,,,,,,,,,,,,,,,,,,,,
1.6522322927156764e-06,849,,,,,,,,,,,,,,,,,,,,,,,,,,,,,,,,,,,,,,,,,,,,,,,,,,,,,,,,,,,,,,,,,,,,,,,,,,,,,,,,,,,,,,,,,,,,,,,,,,,,,,,,,,,,,,,,,,,,,,,,,,,,,,,,,,,,,,,,,,,,,,,,,,,,,,,,,,,,,,,,,,,,,,,,,,,,,,,,,,,,,,,,,,,,,,,,,,,,,,,,,,,,,,,,,,,,,,,,,,,,,,,,,,,,,,,,,,,,,,,,,,,,,,,,,,,,,,,,,,,,,,,,,,,,,,,,,,,,,,,,
,849,86618388,2462,86615926,3000,30894021,886,30893135,1138,55724367,1576,55722791,1870,221647458562048,7031706624,221640426855424,8191181824,203691847004160,7025090560,203684821913600,8183861248,17955611557888,6616064,17955604941824,25021440,221647458562048,7031706624,221640426855424,8191181824,203691847004160,7025090560,203684821913600,8183861248,17955611557888,6616064,17955604941824,25021440,86618388,2462,86615926,3000,30894021,886,30893135,1138,55724367,1576,55722791,1870,54183199,145,54183054,256,18786401,99,18786302,156,35396798,46,35396752,119,218655305590784,222342144,218655083248640,1441801216,200260878723072,218472448,200260660250624,1429037056,18394426867712,3869696,18394422998016,19068928,-1,0,357,0,0,2,0,0,0,0,0,0,0,0,219627388197426,7021261272,219620366936154,8176189728,201677910492672,7014793216,201670895699456,8169017344,17949477704754,6468056,17949471236698,24870008,8684306432,8684306432,0,8684306432,8652849152,8652849152,0,8652849152,31457280,31457280,0,31457280,357,357,0,357,342,342,0,342,15,15,0,15,,,,,,,,,,,,,,,,,,,,,,,,,,,,,,,,,,,,,,,,,,,,,,,,,,,,,,,,,,,,,,,,,,,,,,,,,,,,,,,,,,,,,,,,,,,,,,,,,,,,,,,,,,,,,,,,,,,,,,,,,,,,,,,,,,,,,,,,,,,,,,,,,,,,,,,,,,,,,,
,849,,,,,,,,,,,,,,,,,,,,,,,,,,,,,,,,,,,,,,,,,,,,,,,,,,,,,,,,,,,,,,,,,,,,,,,,,,,,,,,,,,,,,,,,,,,,,,,,,,,,,,,,,,,,,,,,,,,,,,,,,,,86630710,2466,86628244,3000,30898104,886,30897218,1138,55732606,1580,55731026,1870,221675342392320,7031708672,221668310683648,8191181824,203716535476224,7025090560,203709510385664,8183861248,17958806916096,6618112,17958800297984,25021440,221675342392320,7031708672,221668310683648,8191181824,203716535476224,7025090560,203709510385664,8183861248,17958806916096,6618112,17958800297984,25021440,86630710,2466,86628244,3000,30898104,886,30897218,1138,55732606,1580,55731026,1870,54191234,146,54191088,256,18788683,99,18788584,156,35402551,47,35402504,119,218685178903552,222340096,218684956563456,1441801216,200287525812224,218472448,200287307339776,1429037056,18397653091328,3867648,18397649223680,19068928,-1,0,357,0,0,2,0,0,0,0,0,0,0,0,219655074243847,7021261288,219648052982559,8176189728,201702401853696,7014793216,201695387060480,8169017344,17952672390151,6468072,17952665922079,24870008,8684306432,8684306432,0,8684306432,8652849152,8652849152,0,8652849152,31457280,31457280,0,31457280,357,357,0,357,342,342,0,342,15,15,0,15,,,,,,,,,,,,,,,,,,,,,,,,,,,,,,,,,,,,
1.6522322927156764e-06,849,,,,,,,,,,,,,,,,,,,,,,,,,,,,,,,,,,,,,,,,,,,,,,,,,,,,,,,,,,,,,,,,,,,,,,,,,,,,,,,,,,,,,,,,,,,,,,,,,,,,,,,,,,,,,,,,,,,,,,,,,,,,,,,,,,,,,,,,,,,,,,,,,,,,,,,,,,,,,,,,,,,,,,,,,,,,,,,,,,,,,,,,,,,,,,,,,,,,,,,,,,,,,,,,,,,,,,,,,,,,,,,,,,,,,,,,,,,,,,,,,,,,,,,,,,,,,,,,,,,,,,,,,,,,,,,,,,,,,,,,
,849,86630723,2462,86628261,3000,30898104,886,30897218,1138,55732619,1576,55731043,1870,221675342403584,7031702016,221668310701568,8191181824,203716535476224,7025090560,203709510385664,8183861248,17958806927360,6611456,17958800315904,25021440,221675342403584,7031702016,221668310701568,8191181824,203716535476224,7025090560,203709510385664,8183861248,17958806927360,6611456,17958800315904,25021440,86630723,2462,86628261,3000,30898104,886,30897218,1138,55732619,1576,55731043,1870,54191247,144,54191103,256,18788683,99,18788584,156,35402564,45,35402519,119,218685178921472,222346752,218684956574720,1441801216,200287525812224,218472448,200287307339776,1429037056,18397653109248,3874304,18397649234944,19068928,-1,0,357,0,0,2,0,0,0,0,0,0,0,0,219655074249819,7021256400,219648052993419,8176189728,201702401853696,7014793216,201695387060480,8169017344,17952672396123,6463184,17952665932939,24870008,8684306432,8684306432,0,8684306432,8652849152,8652849152,0,8652849152,31457280,31457280,0,31457280,357,357,0,357,342,342,0,342,15,15,0,15,,,,,,,,,,,,,,,,,,,,,,,,,,,,,,,,,,,,,,,,,,,,,,,,,,,,,,,,,,,,,,,,,,,,,,,,,,,,,,,,,,,,,,,,,,,,,,,,,,,,,,,,,,,,,,,,,,,,,,,,,,,,,,,,,,,,,,,,,,,,,,,,,,,,,,,,,,,,,,
,849,,,,,,,,,,,,,,,,,,,,,,,,,,,,,,,,,,,,,,,,,,,,,,,,,,,,,,,,,,,,,,,,,,,,,,,,,,,,,,,,,,,,,,,,,,,,,,,,,,,,,,,,,,,,,,,,,,,,,,,,,,,86643643,2466,86641177,3000,30902307,886,30901421,1138,55741336,1580,55739756,1870,221703974207488,7031704064,221696942503424,8191181824,203742352228352,7025090560,203735327137792,8183861248,17961621979136,6613504,17961615365632,25021440,221703974207488,7031704064,221696942503424,8191181824,203742352228352,7025090560,203735327137792,8183861248,17961621979136,6613504,17961615365632,25021440,86643643,2466,86641177,3000,30902307,886,30901421,1138,55741336,1580,55739756,1870,54199165,145,54199020,256,18790952,99,18790853,156,35408213,46,35408167,119,218720593314304,222344704,218720370969600,1441801216,200320062109696,218472448,200319843637248,1429037056,18400531204608,3872256,18400527332352,19068928,-1,0,357,0,0,2,0,0,0,0,0,0,0,0,219683564570044,7021256356,219676543313688,8176189728,201728078048256,7014793216,201721063255040,8169017344,17955486521788,6463140,17955480058648,24870008,8684306432,8684306432,0,8684306432,8652849152,8652849152,0,8652849152,31457280,31457280,0,31457280,357,357,0,357,342,342,0,342,15,15,0,15,,,,,,,,,,,,,,,,,,,,,,,,,,,,,,,,,,,,
,849,,,,,,,,,,,,,,,,,,,,,,,,,,,,,,,,,,,,,,,,,,,,,,,,,,,,,,,,,,,,,,,,,,,,,,,,,,,,,,,,,,,,,,,,,,,,,,,,,,,,,,,,,,,,,,,,,,,,,,,,,,,,,,,,,,,,,,,,,,,,,,,,,,,,,,,,,,,,,,,,,,,,,,,,,,,,,,,,,,,,,,,,,,,,,,,,,,,,,,,,,,,,,,,,,,,,,,,,,,,,,,,,,,,,,,,,,,,,,,,,,,,,,0.00013625621795654297,7.406335498671979e-05,0.0012472065864130855,1,,,,,,,,,,,,,,,,,,,,,,,,,,,,,,,,
1.6186639812017456e-06,899,,,,,,,,,,,,,,,,,,,,,,,,,,,,,,,,,,,,,,,,,,,,,,,,,,,,,,,,,,,,,,,,,,,,,,,,,,,,,,,,,,,,,,,,,,,,,,,,,,,,,,,,,,,,,,,,,,,,,,,,,,,,,,,,,,,,,,,,,,,,,,,,,,,,,,,,,,,,,,,,,,,,,,,,,,,,,,,,,,,,,,,,,,,,,,,,,,,,,,,,,,,,,,,,,,,,,,,,,,,,,,,,,,,,,,,,,,,,,,,,,,,,,,,,,,,,,,,,,,,,,,,,,,,,,,,,,,,,,,,,
,899,91545126,2462,91542664,3000,32637092,886,32636206,1138,58908034,1576,58906458,1870,234093094445568,7031945728,234086062499840,8195284480,215094105561088,7025328128,215087080232960,8187962368,18998988884480,6617600,18998982266880,25021440,234093094445568,7031945728,234086062499840,8195284480,215094105561088,7025328128,215087080232960,8187962368,18998988884480,6617600,18998982266880,25021440,91545126,2462,91542664,3000,32637092,886,32636206,1138,58908034,1576,58906458,1870,57272246,141,57272105,256,19838619,98,19838521,156,37433627,43,37433584,119,231141428541952,226297344,231141202244608,1441801216,211675771924480,218234880,211675553689600,1429037056,19465656617472,8062464,19465648555008,19068928,-1,0,357,0,0,2,0,0,0,0,0,0,0,0,231954551687024,7021262820,231947530424204,8176189920,212962040916992,7014793216,212955026123776,8169017344,18992510770032,6469604,18992504300428,24870008,8684306432,8684306432,0,8684306432,8652849152,8652849152,0,8652849152,31457280,31457280,0,31457280,357,357,0,357,342,342,0,342,15,15,0,15,,,,,,,,,,,,,,,,,,,,,,,,,,,,,,,,,,,,,,,,,,,,,,,,,,,,,,,,,,,,,,,,,,,,,,,,,,,,,,,,,,,,,,,,,,,,,,,,,,,,,,,,,,,,,,,,,,,,,,,,,,,,,,,,,,,,,,,,,,,,,,,,,,,,,,,,,,,,,,
,899,,,,,,,,,,,,,,,,,,,,,,,,,,,,,,,,,,,,,,,,,,,,,,,,,,,,,,,,,,,,,,,,,,,,,,,,,,,,,,,,,,,,,,,,,,,,,,,,,,,,,,,,,,,,,,,,,,,,,,,,,,,91557497,2466,91555031,3000,32641079,886,32640193,1138,58916418,1580,58914838,1870,234120273797632,7031415296,234113242382336,8195284480,215118350940160,7024795648,215111326144512,8187962368,19001922857472,6619648,19001916237824,25021440,234120273797632,7031415296,234113242382336,8195284480,215118350940160,7024795648,215111326144512,8187962368,19001922857472,6619648,19001916237824,25021440,91557497,2466,91555031,3000,32641079,886,32640193,1138,58916418,1580,58914838,1870,57279410,145,57279265,256,19840817,104,19840713,156,37438593,41,37438552,119,231168421237248,298130944,231168123106304,1441801216,211699780317184,290070528,211699490246656,1429037056,19468640920064,8060416,19468632859648,19068928,-1,0,357,0,0,2,0,0,0,0,0,0,0,0,231981500580660,7021262836,231974479317824,8176189920,212986056699648,7014793216,212979041906432,8169017344,18995443881012,6469620,18995437411392,24870008,8684306432,8684306432,0,8684306432,8652849152,8652849152,0,8652849152,31457280,31457280,0,31457280,357,357,0,357,342,342,0,342,15,15,0,15,,,,,,,,,,,,,,,,,,,,,,,,,,,,,,,,,,,,
1.6186639812017456e-06,899,,,,,,,,,,,,,,,,,,,,,,,,,,,,,,,,,,,,,,,,,,,,,,,,,,,,,,,,,,,,,,,,,,,,,,,,,,,,,,,,,,,,,,,,,,,,,,,,,,,,,,,,,,,,,,,,,,,,,,,,,,,,,,,,,,,,,,,,,,,,,,,,,,,,,,,,,,,,,,,,,,,,,,,,,,,,,,,,,,,,,,,,,,,,,,,,,,,,,,,,,,,,,,,,,,,,,,,,,,,,,,,,,,,,,,,,,,,,,,,,,,,,,,,,,,,,,,,,,,,,,,,,,,,,,,,,,,,,,,,,
,899,91557510,2462,91555048,3000,32641079,886,32640193,1138,58916431,1576,58914855,1870,234120273816576,7031414784,234113242401792,8195284480,215118350940160,7024795648,215111326144512,8187962368,19001922876416,6619136,19001916257280,25021440,234120273816576,7031414784,234113242401792,8195284480,215118350940160,7024795648,215111326144512,8187962368,19001922876416,6619136,19001916257280,25021440,91557510,2462,91555048,3000,32641079,886,32640193,1138,58916431,1576,58914855,1870,57279421,143,57279278,256,19840817,104,19840713,156,37438604,39,37438565,119,231168421256192,296034304,231168125221888,1441801216,211699780317184,290070528,211699490246656,1429037056,19468640939008,5963776,19468634975232,19068928,-1,0,357,0,0,2,0,0,0,0,0,0,0,0,231981500594600,7021264308,231974479330292,8176189920,212986056699648,7014793216,212979041906432,8169017344,18995443894952,6471092,18995437423860,24870008,8684306432,8684306432,0,8684306432,8652849152,8652849152,0,8652849152,31457280,31457280,0,31457280,357,357,0,357,342,342,0,342,15,15,0,15,,,,,,,,,,,,,,,,,,,,,,,,,,,,,,,,,,,,,,,,,,,,,,,,,,,,,,,,,,,,,,,,,,,,,,,,,,,,,,,,,,,,,,,,,,,,,,,,,,,,,,,,,,,,,,,,,,,,,,,,,,,,,,,,,,,,,,,,,,,,,,,,,,,,,,,,,,,,,,
,899,,,,,,,,,,,,,,,,,,,,,,,,,,,,,,,,,,,,,,,,,,,,,,,,,,,,,,,,,,,,,,,,,,,,,,,,,,,,,,,,,,,,,,,,,,,,,,,,,,,,,,,,,,,,,,,,,,,,,,,,,,,91570384,2466,91567918,3000,32647970,886,32647084,1138,58922414,1580,58920834,1870,234174854460928,7031416832,234167823044096,8195284480,215172164212736,7024795648,215165139417088,8187962368,19002690248192,6621184,19002683627008,25021440,234174854460928,7031416832,234167823044096,8195284480,215172164212736,7024795648,215165139417088,8187962368,19002690248192,6621184,19002683627008,25021440,91570384,2466,91567918,3000,32647970,886,32647084,1138,58922414,1580,58920834,1870,57287653,145,57287508,256,19845668,104,19845564,156,37441985,41,37441944,119,231217777556992,296032256,231217481524736,1441801216,211748369248256,290070528,211748079177728,1429037056,19469408308736,5961728,19469402347008,19068928,-1,0,357,0,0,2,0,0,0,0,0,0,0,0,232035764368886,7021264384,232028743104502,8176189920,213039554015744,7014793216,213032539222528,8169017344,18996210353142,6471168,18996203881974,24870008,8684306432,8684306432,0,8684306432,8652849152,8652849152,0,8652849152,31457280,31457280,0,31457280,357,357,0,357,342,342,0,342,15,15,0,15,,,,,,,,,,,,,,,,,,,,,,,,,,,,,,,,,,,,
1.6186639812017456e-06,899,,,,,,,,,,,,,,,,,,,,,,,,,,,,,,,,,,,,,,,,,,,,,,,,,,,,,,,,,,,,,,,,,,,,,,,,,,,,,,,,,,,,,,,,,,,,,,,,,,,,,,,,,,,,,,,,,,,,,,,,,,,,,,,,,,,,,,,,,,,,,,,,,,,,,,,,,,,,,,,,,,,,,,,,,,,,,,,,,,,,,,,,,,,,,,,,,,,,,,,,,,,,,,,,,,,,,,,,,,,,,,,,,,,,,,,,,,,,,,,,,,,,,,,,,,,,,,,,,,,,,,,,,,,,,,,,,,,,,,,,
,899,91570397,2462,91567935,3000,32647970,886,32647084,1138,58922427,1576,58920851,1870,234174854473728,7031408640,234167823065088,8195284480,215172164212736,7024795648,215165139417088,8187962368,19002690260992,6612992,19002683648000,25021440,234174854473728,7031408640,234167823065088,8195284480,215172164212736,7024795648,215165139417088,8187962368,19002690260992,6612992,19002683648000,25021440,91570397,2462,91567935,3000,32647970,886,32647084,1138,58922427,1576,58920851,1870,57287665,141,57287524,256,19845668,104,19845564,156,37441997,37,37441960,119,231217777577984,296040448,231217481537536,1441801216,211748369248256,290070528,211748079177728,1429037056,19469408329728,5969920,19469402359808,19068928,-1,0,357,0,0,2,0,0,0,0,0,0,0,0,232035764376082,7021257624,232028743118458,8176189920,213039554015744,7014793216,213032539222528,8169017344,18996210360338,6464408,18996203895930,24870008,8684306432,8684306432,0,8684306432,8652849152,8652849152,0,8652849152,31457280,31457280,0,31457280,357,357,0,357,342,342,0,342,15,15,0,15,,,,,,,,,,,,,,,,,,,,,,,,,,,,,,,,,,,,,,,,,,,,,,,,,,,,,,,,,,,,,,,,,,,,,,,,,,,,,,,,,,,,,,,,,,,,,,,,,,,,,,,,,,,,,,,,,,,,,,,,,,,,,,,,,,,,,,,,,,,,,,,,,,,,,,,,,,,,,,
,899,,,,,,,,,,,,,,,,,,,,,,,,,,,,,,,,,,,,,,,,,,,,,,,,,,,,,,,,,,,,,,,,,,,,,,,,,,,,,,,,,,,,,,,,,,,,,,,,,,,,,,,,,,,,,,,,,,,,,,,,,,,91582768,2466,91580302,3000,32651957,886,32651071,1138,58930811,1580,58929231,1870,234201611917824,7031410688,234194580507136,8195284480,215196175476736,7024795648,215189150681088,8187962368,19005436441088,6615040,19005429826048,25021440,234201611917824,7031410688,234194580507136,8195284480,215196175476736,7024795648,215189150681088,8187962368,19005436441088,6615040,19005429826048,25021440,91582768,2466,91580302,3000,32651957,886,32651071,1138,58930811,1580,58929231,1870,57294939,145,57294794,256,19847585,104,19847481,156,37447354,41,37447313,119,231245761272320,296038400,231245465233920,1441801216,211773575307264,290070528,211773285236736,1429037056,19472185965056,5967872,19472179997184,19068928,-1,0,357,0,0,2,0,0,0,0,0,0,0,0,232062402937466,7021257580,232055381679886,8176189920,213063447348480,7014793216,213056432555264,8169017344,18998955588986,6464364,18998949124622,24870008,8684306432,8684306432,0,8684306432,8652849152,8652849152,0,8652849152,31457280,31457280,0,31457280,357,357,0,357,342,342,0,342,15,15,0,15,,,,,,,,,,,,,,,,,,,,,,,,,,,,,,,,,,,,
1.6186639812017456e-06,899,,,,,,,,,,,,,,,,,,,,,,,,,,,,,,,,,,,,,,,,,,,,,,,,,,,,,,,,,,,,,,,,,,,,,,,,,,,,,,,,,,,,,,,,,,,,,,,,,,,,,,,,,,,,,,,,,,,,,,,,,,,,,,,,,,,,,,,,,,,,,,,,,,,,,,,,,,,,,,,,,,,,,,,,,,,,,,,,,,,,,,,,,,,,,,,,,,,,,,,,,,,,,,,,,,,,,,,,,,,,,,,,,,,,,,,,,,,,,,,,,,,,,,,,,,,,,,,,,,,,,,,,,,,,,,,,,,,,,,,,
,899,91582781,2462,91580319,3000,32651957,886,32651071,1138,58930824,1576,58929248,1870,234201611930624,7031408640,234194580521984,8195284480,215196175476736,7024795648,215189150681088,8187962368,19005436453888,6612992,19005429840896,25021440,234201611930624,7031408640,234194580521984,8195284480,215196175476736,7024795648,215189150681088,8187962368,19005436453888,6612992,19005429840896,25021440,91582781,2462,91580319,3000,32651957,886,32651071,1138,58930824,1576,58929248,1870,57294951,143,57294808,256,19847585,104,19847481,156,37447366,39,37447327,119,231245761287168,296040448,231245465246720,1441801216,211773575307264,290070528,211773285236736,1429037056,19472185979904,5969920,19472180009984,19068928,-1,0,357,0,0,2,0,0,0,0,0,0,0,0,232062402944950,7021257852,232055381687098,8176189920,213063447348480,7014793216,213056432555264,8169017344,18998955596470,6464636,18998949131834,24870008,8684306432,8684306432,0,8684306432,8652849152,8652849152,0,8652849152,31457280,31457280,0,31457280,357,357,0,357,342,342,0,342,15,15,0,15,,,,,,,,,,,,,,,,,,,,,,,,,,,,,,,,,,,,,,,,,,,,,,,,,,,,,,,,,,,,,,,,,,,,,,,,,,,,,,,,,,,,,,,,,,,,,,,,,,,,,,,,,,,,,,,,,,,,,,,,,,,,,,,,,,,,,,,,,,,,,,,,,,,,,,,,,,,,,,
,899,,,,,,,,,,,,,,,,,,,,,,,,,,,,,,,,,,,,,,,,,,,,,,,,,,,,,,,,,,,,,,,,,,,,,,,,,,,,,,,,,,,,,,,,,,,,,,,,,,,,,,,,,,,,,,,,,,,,,,,,,,,91595152,2466,91592686,3000,32655944,886,32655058,1138,58939208,1580,58937628,1870,234228617709056,7031410688,234221586298368,8195284480,215220278802432,7024795648,215213254006784,8187962368,19008338906624,6615040,19008332291584,25021440,234228617709056,7031410688,234221586298368,8195284480,215220278802432,7024795648,215213254006784,8187962368,19008338906624,6615040,19008332291584,25021440,91595152,2466,91592686,3000,32655944,886,32655058,1138,58939208,1580,58937628,1870,57302191,146,57302045,256,19849532,104,19849428,156,37452659,42,37452617,119,231274055579136,296038400,231273759540736,1441801216,211798858190848,290070528,211798568120320,1429037056,19475197388288,5967872,19475191420416,19068928,-1,0,357,0,0,2,0,0,0,0,0,0,0,0,232089296423341,7021257868,232082275165473,8176189920,213087439251456,7014793216,213080424458240,8169017344,19001857171885,6464652,19001850707233,24870008,8684306432,8684306432,0,8684306432,8652849152,8652849152,0,8652849152,31457280,31457280,0,31457280,357,357,0,357,342,342,0,342,15,15,0,15,,,,,,,,,,,,,,,,,,,,,,,,,,,,,,,,,,,,
1.6186639812017456e-06,899,,,,,,,,,,,,,,,,,,,,,,,,,,,,,,,,,,,,,,,,,,,,,,,,,,,,,,,,,,,,,,,,,,,,,,,,,,,,,,,,,,,,,,,,,,,,,,,,,,,,,,,,,,,,,,,,,,,,,,,,,,,,,,,,,,,,,,,,,,,,,,,,,,,,,,,,,,,,,,,,,,,,,,,,,,,,,,,,,,,,,,,,,,,,,,,,,,,,,,,,,,,,,,,,,,,,,,,,,,,,,,,,,,,,,,,,,,,,,,,,,,,,,,,,,,,,,,,,,,,,,,,,,,,,,,,,,,,,,,,,
,899,91595165,2462,91592703,3000,32655944,886,32655058,1138,58939221,1576,58937645,1870,234228617724928,7031411712,234221586313216,8195284480,215220278802432,7024795648,215213254006784,8187962368,19008338922496,6616064,19008332306432,25021440,234228617724928,7031411712,234221586313216,8195284480,215220278802432,7024795648,215213254006784,8187962368,19008338922496,6616064,19008332306432,25021440,91595165,2462,91592703,3000,32655944,886,32655058,1138,58939221,1576,58937645,1870,57302203,145,57302058,256,19849532,104,19849428,156,37452671,41,37452630,119,231274055593984,296037376,231273759556608,1441801216,211798858190848,290070528,211798568120320,1429037056,19475197403136,5966848,19475191436288,19068928,-1,0,357,0,0,2,0,0,0,0,0,0,0,0,232089296433297,7021260324,232082275172973,8176189920,213087439251456,7014793216,213080424458240,8169017344,19001857181841,6467108,19001850714733,24870008,8684306432,8684306432,0,8684306432,8652849152,8652849152,0,8652849152,31457280,31457280,0,31457280,357,357,0,357,342,342,0,342,15,15,0,15,,,,,,,,,,,,,,,,,,,,,,,,,,,,,,,,,,,,,,,,,,,,,,,,,,,,,,,,,,,,,,,,,,,,,,,,,,,,,,,,,,,,,,,,,,,,,,,,,,,,,,,,,,,,,,,,,,,,,,,,,,,,,,,,,,,,,,,,,,,,,,,,,,,,,,,,,,,,,,
,899,,,,,,,,,,,,,,,,,,,,,,,,,,,,,,,,,,,,,,,,,,,,,,,,,,,,,,,,,,,,,,,,,,,,,,,,,,,,,,,,,,,,,,,,,,,,,,,,,,,,,,,,,,,,,,,,,,,,,,,,,,,91607536,2466,91605070,3000,32659931,886,32659045,1138,58947605,1580,58946025,1870,234255473952256,7031413760,234248442538496,8195284480,215244326250496,7024795648,215237301454848,8187962368,19011147701760,6618112,19011141083648,25021440,234255473952256,7031413760,234248442538496,8195284480,215244326250496,7024795648,215237301454848,8187962368,19011147701760,6618112,19011141083648,25021440,91607536,2466,91605070,3000,32659931,886,32659045,1138,58947605,1580,58946025,1870,57309377,149,57309228,256,19851457,104,19851353,156,37457920,45,37457875,119,231302135122432,296035328,231301839087104,1441801216,211824094339072,290070528,211823804268544,1429037056,19478040783360,5964800,19478034818560,19068928,-1,0,357,0,0,2,0,0,0,0,0,0,0,0,232116039320388,7021260340,232109018060048,8176189920,213111374281472,7014793216,213104359488256,8169017344,19004665038916,6467124,19004658571792,24870008,8684306432,8684306432,0,8684306432,8652849152,8652849152,0,8652849152,31457280,31457280,0,31457280,357,357,0,357,342,342,0,342,15,15,0,15,,,,,,,,,,,,,,,,,,,,,,,,,,,,,,,,,,,,
1.6186639812017456e-06,899,,,,,,,,,,,,,,,,,,,,,,,,,,,,,,,,,,,,,,,,,,,,,,,,,,,,,,,,,,,,,,,,,,,,,,,,,,,,,,,,,,,,,,,,,,,,,,,,,,,,,,,,,,,,,,,,,,,,,,,,,,,,,,,,,,,,,,,,,,,,,,,,,,,,,,,,,,,,,,,,,,,,,,,,,,,,,,,,,,,,,,,,,,,,,,,,,,,,,,,,,,,,,,,,,,,,,,,,,,,,,,,,,,,,,,,,,,,,,,,,,,,,,,,,,,,,,,,,,,,,,,,,,,,,,,,,,,,,,,,,
,899,91607549,2462,91605087,3000,32659931,886,32659045,1138,58947618,1576,58946042,1870,234255473966592,7031410176,234248442556416,8195284480,215244326250496,7024795648,215237301454848,8187962368,19011147716096,6614528,19011141101568,25021440,234255473966592,7031410176,234248442556416,8195284480,215244326250496,7024795648,215237301454848,8187962368,19011147716096,6614528,19011141101568,25021440,91607549,2462,91605087,3000,32659931,886,32659045,1138,58947618,1576,58946042,1870,57309389,149,57309240,256,19851457,104,19851353,156,37457932,45,37457887,119,231302135140352,296038912,231301839101440,1441801216,211824094339072,290070528,211823804268544,1429037056,19478040801280,5968384,19478034832896,19068928,-1,0,357,0,0,2,0,0,0,0,0,0,0,0,232116039329720,7021259700,232109018070020,8176189920,213111374281472,7014793216,213104359488256,8169017344,19004665048248,6466484,19004658581764,24870008,8684306432,8684306432,0,8684306432,8652849152,8652849152,0,8652849152,31457280,31457280,0,31457280,357,357,0,357,342,342,0,342,15,15,0,15,,,,,,,,,,,,,,,,,,,,,,,,,,,,,,,,,,,,,,,,,,,,,,,,,,,,,,,,,,,,,,,,,,,,,,,,,,,,,,,,,,,,,,,,,,,,,,,,,,,,,,,,,,,,,,,,,,,,,,,,,,,,,,,,,,,,,,,,,,,,,,,,,,,,,,,,,,,,,,
,899,,,,,,,,,,,,,,,,,,,,,,,,,,,,,,,,,,,,,,,,,,,,,,,,,,,,,,,,,,,,,,,,,,,,,,,,,,,,,,,,,,,,,,,,,,,,,,,,,,,,,,,,,,,,,,,,,,,,,,,,,,,91619920,2466,91617454,3000,32664014,886,32663128,1138,58955906,1580,58954326,1870,234282894166528,7031412224,234275862754304,8195284480,215268763412480,7024795648,215261738616832,8187962368,19014130754048,6616576,19014124137472,25021440,234282894166528,7031412224,234275862754304,8195284480,215268763412480,7024795648,215261738616832,8187962368,19014130754048,6616576,19014124137472,25021440,91619920,2466,91617454,3000,32664014,886,32663128,1138,58955906,1580,58954326,1870,57316906,147,57316759,256,19853554,104,19853450,156,37463352,43,37463309,119,231330918593536,296036864,231330622556672,1441801216,211849808248832,290070528,211849518178304,1429037056,19481110344704,5966336,19481104378368,19068928,-1,0,357,0,0,2,0,0,0,0,0,0,0,0,232143291042168,7021259716,232136269782452,8176189920,213135643778560,7014793216,213128628985344,8169017344,19007647263608,6466500,19007640797108,24870008,8684306432,8684306432,0,8684306432,8652849152,8652849152,0,8652849152,31457280,31457280,0,31457280,357,357,0,357,342,342,0,342,15,15,0,15,,,,,,,,,,,,,,,,,,,,,,,,,,,,,,,,,,,,
1.6186639812017456e-06,899,,,,,,,,,,,,,,,,,,,,,,,,,,,,,,,,,,,,,,,,,,,,,,,,,,,,,,,,,,,,,,,,,,,,,,,,,,,,,,,,,,,,,,,,,,,,,,,,,,,,,,,,,,,,,,,,,,,,,,,,,,,,,,,,,,,,,,,,,,,,,,,,,,,,,,,,,,,,,,,,,,,,,,,,,,,,,,,,,,,,,,,,,,,,,,,,,,,,,,,,,,,,,,,,,,,,,,,,,,,,,,,,,,,,,,,,,,,,,,,,,,,,,,,,,,,,,,,,,,,,,,,,,,,,,,,,,,,,,,,,
,899,91619933,2462,91617471,3000,32664014,886,32663128,1138,58955919,1576,58954343,1870,234282894179328,7031408640,234275862770688,8195284480,215268763412480,7024795648,215261738616832,8187962368,19014130766848,6612992,19014124153856,25021440,234282894179328,7031408640,234275862770688,8195284480,215268763412480,7024795648,215261738616832,8187962368,19014130766848,6612992,19014124153856,25021440,91619933,2462,91617471,3000,32664014,886,32663128,1138,58955919,1576,58954343,1870,57316917,144,57316773,256,19853554,104,19853450,156,37463363,40,37463323,119,231330918609920,296040448,231330622569472,1441801216,211849808248832,290070528,211849518178304,1429037056,19481110361088,5969920,19481104391168,19068928,-1,0,357,0,0,2,0,0,0,0,0,0,0,0,232143291049844,7021258044,232136269791800,8176189920,213135643778560,7014793216,213128628985344,8169017344,19007647271284,6464828,19007640806456,24870008,8684306432,8684306432,0,8684306432,8652849152,8652849152,0,8652849152,31457280,31457280,0,31457280,357,357,0,357,342,342,0,342,15,15,0,15,,,,,,,,,,,,,,,,,,,,,,,,,,,,,,,,,,,,,,,,,,,,,,,,,,,,,,,,,,,,,,,,,,,,,,,,,,,,,,,,,,,,,,,,,,,,,,,,,,,,,,,,,,,,,,,,,,,,,,,,,,,,,,,,,,,,,,,,,,,,,,,,,,,,,,,,,,,,,,
,899,,,,,,,,,,,,,,,,,,,,,,,,,,,,,,,,,,,,,,,,,,,,,,,,,,,,,,,,,,,,,,,,,,,,,,,,,,,,,,,,,,,,,,,,,,,,,,,,,,,,,,,,,,,,,,,,,,,,,,,,,,,91632304,2466,91629838,3000,32668001,886,32667115,1138,58964303,1580,58962723,1870,234309866259968,7031410688,234302834849280,8195284480,215292848748544,7024795648,215285823952896,8187962368,19017017511424,6615040,19017010896384,25021440,234309866259968,7031410688,234302834849280,8195284480,215292848748544,7024795648,215285823952896,8187962368,19017017511424,6615040,19017010896384,25021440,91632304,2466,91629838,3000,32668001,886,32667115,1138,58964303,1580,58962723,1870,57323927,147,57323780,256,19855489,104,19855385,156,37468438,43,37468395,119,231359149153792,296038400,231358853115392,1441801216,211875074666496,290070528,211874784595968,1429037056,19484074487296,5967872,19484068519424,19068928,-1,0,357,0,0,2,0,0,0,0,0,0,0,0,232170159186861,7021258060,232163137928801,8176189920,213159626055936,7014793216,213152611262720,8169017344,19010533130925,6464844,19010526666081,24870008,8684306432,8684306432,0,8684306432,8652849152,8652849152,0,8652849152,31457280,31457280,0,31457280,357,357,0,357,342,342,0,342,15,15,0,15,,,,,,,,,,,,,,,,,,,,,,,,,,,,,,,,,,,,
1.6186639812017456e-06,899,,,,,,,,,,,,,,,,,,,,,,,,,,,,,,,,,,,,,,,,,,,,,,,,,,,,,,,,,,,,,,,,,,,,,,,,,,,,,,,,,,,,,,,,,,,,,,,,,,,,,,,,,,,,,,,,,,,,,,,,,,,,,,,,,,,,,,,,,,,,,,,,,,,,,,,,,,,,,,,,,,,,,,,,,,,,,,,,,,,,,,,,,,,,,,,,,,,,,,,,,,,,,,,,,,,,,,,,,,,,,,,,,,,,,,,,,,,,,,,,,,,,,,,,,,,,,,,,,,,,,,,,,,,,,,,,,,,,,,,,
,899,91632317,2462,91629855,3000,32668001,886,32667115,1138,58964316,1576,58962740,1870,234309866275840,7031411712,234302834864128,8195284480,215292848748544,7024795648,215285823952896,8187962368,19017017527296,6616064,19017010911232,25021440,234309866275840,7031411712,234302834864128,8195284480,215292848748544,7024795648,215285823952896,8187962368,19017017527296,6616064,19017010911232,25021440,91632317,2462,91629855,3000,32668001,886,32667115,1138,58964316,1576,58962740,1870,57323942,149,57323793,256,19855489,104,19855385,156,37468453,45,37468408,119,231359149168640,296037376,231358853131264,1441801216,211875074666496,290070528,211874784595968,1429037056,19484074502144,5966848,19484068535296,19068928,-1,0,357,0,0,2,0,0,0,0,0,0,0,0,232170159196817,7021260324,232163137936493,8176189920,213159626055936,7014793216,213152611262720,8169017344,19010533140881,6467108,19010526673773,24870008,8684306432,8684306432,0,8684306432,8652849152,8652849152,0,8652849152,31457280,31457280,0,31457280,357,357,0,357,342,342,0,342,15,15,0,15,,,,,,,,,,,,,,,,,,,,,,,,,,,,,,,,,,,,,,,,,,,,,,,,,,,,,,,,,,,,,,,,,,,,,,,,,,,,,,,,,,,,,,,,,,,,,,,,,,,,,,,,,,,,,,,,,,,,,,,,,,,,,,,,,,,,,,,,,,,,,,,,,,,,,,,,,,,,,,
,899,,,,,,,,,,,,,,,,,,,,,,,,,,,,,,,,,,,,,,,,,,,,,,,,,,,,,,,,,,,,,,,,,,,,,,,,,,,,,,,,,,,,,,,,,,,,,,,,,,,,,,,,,,,,,,,,,,,,,,,,,,,91645237,2466,91642771,3000,32672305,886,32671419,1138,58972932,1580,58971352,1870,234339250327040,7031413760,234332218913280,8195284480,215319123355648,7024795648,215312098560000,8187962368,19020126971392,6618112,19020120353280,25021440,234339250327040,7031413760,234332218913280,8195284480,215319123355648,7024795648,215312098560000,8187962368,19020126971392,6618112,19020120353280,25021440,91645237,2466,91642771,3000,32672305,886,32671419,1138,58972932,1580,58971352,1870,57331609,146,57331463,256,19857570,104,19857466,156,37474039,42,37473997,119,231389631887872,296035328,231389335852544,1441801216,211902373011456,290070528,211902082940928,1429037056,19487258876416,5964800,19487252911616,19068928,-1,0,357,0,0,2,0,0,0,0,0,0,0,0,232199417157223,7021260340,232192395896883,8176189920,213185775326208,7014793216,213178760532992,8169017344,19013641831015,6467124,19013635363891,24870008,8684306432,8684306432,0,8684306432,8652849152,8652849152,0,8652849152,31457280,31457280,0,31457280,357,357,0,357,342,342,0,342,15,15,0,15,,,,,,,,,,,,,,,,,,,,,,,,,,,,,,,,,,,,
,899,,,,,,,,,,,,,,,,,,,,,,,,,,,,,,,,,,,,,,,,,,,,,,,,,,,,,,,,,,,,,,,,,,,,,,,,,,,,,,,,,,,,,,,,,,,,,,,,,,,,,,,,,,,,,,,,,,,,,,,,,,,,,,,,,,,,,,,,,,,,,,,,,,,,,,,,,,,,,,,,,,,,,,,,,,,,,,,,,,,,,,,,,,,,,,,,,,,,,,,,,,,,,,,,,,,,,,,,,,,,,,,,,,,,,,,,,,,,,,,,,,,,,0.0001550912857055664,1.4540516531269532e-05,0.00037319902912713587,1,,,,,,,,,,,,,,,,,,,,,,,,,,,,,,,,
1.5850956696878146e-06,949,,,,,,,,,,,,,,,,,,,,,,,,,,,,,,,,,,,,,,,,,,,,,,,,,,,,,,,,,,,,,,,,,,,,,,,,,,,,,,,,,,,,,,,,,,,,,,,,,,,,,,,,,,,,,,,,,,,,,,,,,,,,,,,,,,,,,,,,,,,,,,,,,,,,,,,,,,,,,,,,,,,,,,,,,,,,,,,,,,,,,,,,,,,,,,,,,,,,,,,,,,,,,,,,,,,,,,,,,,,,,,,,,,,,,,,,,,,,,,,,,,,,,,,,,,,,,,,,,,,,,,,,,,,,,,,,,,,,,,,,
,949,96549094,2462,96546632,3000,34427265,886,34426379,1138,62121829,1576,62120253,1870,247038311416832,7027627008,247031283789824,8196704256,226990311053312,7021010944,226983290042368,8189383680,20048000363520,6616064,20047993747456,25021440,247038311416832,7027627008,247031283789824,8196704256,226990311053312,7021010944,226983290042368,8189383680,20048000363520,6616064,20047993747456,25021440,96549094,2462,96546632,3000,34427265,886,34426379,1138,62121829,1576,62120253,1870,60394777,151,60394626,256,20916466,106,20916360,157,39478311,45,39478266,119,243880805716480,314502144,243880491214336,1441801216,223340419446784,312729600,223340106717184,1429037056,20540386269696,1772544,20540384497152,19068928,-1,0,357,0,0,2,0,0,0,0,0,0,0,0,244782626263005,7021260696,244775605002309,8176189920,224741452363776,7014793216,224734437570560,8169017344,20041173899229,6467480,20041167431749,24870008,8684306432,8684306432,0,8684306432,8652849152,8652849152,0,8652849152,31457280,31457280,0,31457280,357,357,0,357,342,342,0,342,15,15,0,15,,,,,,,,,,,,,,,,,,,,,,,,,,,,,,,,,,,,,,,,,,,,,,,,,,,,,,,,,,,,,,,,,,,,,,,,,,,,,,,,,,,,,,,,,,,,,,,,,,,,,,,,,,,,,,,,,,,,,,,,,,,,,,,,,,,,,,,,,,,,,,,,,,,,,,,,,,,,,,
,949,,,,,,,,,,,,,,,,,,,,,,,,,,,,,,,,,,,,,,,,,,,,,,,,,,,,,,,,,,,,,,,,,,,,,,,,,,,,,,,,,,,,,,,,,,,,,,,,,,,,,,,,,,,,,,,,,,,,,,,,,,,96561416,2466,96558950,3000,34431348,886,34430462,1138,62130068,1580,62128488,1870,247065551327232,7033084928,247058518242304,8196704256,227014680229888,7026466816,227007653763072,8189383680,20050871097344,6618112,20050864479232,25021440,247065551327232,7033084928,247058518242304,8196704256,227014680229888,7026466816,227007653763072,8189383680,20050871097344,6618112,20050864479232,25021440,96561416,2466,96558950,3000,34431348,886,34430462,1138,62130068,1580,62128488,1870,60402654,146,60402508,256,20918850,99,20918751,157,39483804,47,39483757,119,243908130169344,227255296,243907902914048,1441801216,223364682340352,217096192,223364465244160,1429037056,20543447828992,10159104,20543437669888,19068928,-1,0,357,0,0,2,0,0,0,0,0,0,0,0,244809649621426,7021260712,244802628360714,8176189920,224765605853952,7014793216,224758591060736,8169017344,20044043767474,6467496,20044037299978,24870008,8684306432,8684306432,0,8684306432,8652849152,8652849152,0,8652849152,31457280,31457280,0,31457280,357,357,0,357,342,342,0,342,15,15,0,15,,,,,,,,,,,,,,,,,,,,,,,,,,,,,,,,,,,,
1.5850956696878146e-06,949,,,,,,,,,,,,,,,,,,,,,,,,,,,,,,,,,,,,,,,,,,,,,,,,,,,,,,,,,,,,,,,,,,,,,,,,,,,,,,,,,,,,,,,,,,,,,,,,,,,,,,,,,,,,,,,,,,,,,,,,,,,,,,,,,,,,,,,,,,,,,,,,,,,,,,,,,,,,,,,,,,,,,,,,,,,,,,,,,,,,,,,,,,,,,,,,,,,,,,,,,,,,,,,,,,,,,,,,,,,,,,,,,,,,,,,,,,,,,,,,,,,,,,,,,,,,,,,,,,,,,,,,,,,,,,,,,,,,,,,,
,949,96561429,2462,96558967,3000,34431348,886,34430462,1138,62130081,1576,62128505,1870,247065551341568,7033081344,247058518260224,8196704256,227014680229888,7026466816,227007653763072,8189383680,20050871111680,6614528,20050864497152,25021440,247065551341568,7033081344,247058518260224,8196704256,227014680229888,7026466816,227007653763072,8189383680,20050871111680,6614528,20050864497152,25021440,96561429,2462,96558967,3000,34431348,886,34430462,1138,62130081,1576,62128505,1870,60402669,149,60402520,256,20918850,99,20918751,157,39483819,50,39483769,119,243908130187264,227258880,243907902928384,1441801216,223364682340352,217096192,223364465244160,1429037056,20543447846912,10162688,20543437684224,19068928,-1,0,357,0,0,2,0,0,0,0,0,0,0,0,244809649630086,7021259088,244802628370998,8176189920,224765605853952,7014793216,224758591060736,8169017344,20044043776134,6465872,20044037310262,24870008,8684306432,8684306432,0,8684306432,8652849152,8652849152,0,8652849152,31457280,31457280,0,31457280,357,357,0,357,342,342,0,342,15,15,0,15,,,,,,,,,,,,,,,,,,,,,,,,,,,,,,,,,,,,,,,,,,,,,,,,,,,,,,,,,,,,,,,,,,,,,,,,,,,,,,,,,,,,,,,,,,,,,,,,,,,,,,,,,,,,,,,,,,,,,,,,,,,,,,,,,,,,,,,,,,,,,,,,,,,,,,,,,,,,,,
,949,,,,,,,,,,,,,,,,,,,,,,,,,,,,,,,,,,,,,,,,,,,,,,,,,,,,,,,,,,,,,,,,,,,,,,,,,,,,,,,,,,,,,,,,,,,,,,,,,,,,,,,,,,,,,,,,,,,,,,,,,,,96573751,2466,96571285,3000,34435335,886,34434449,1138,62138416,1580,62136836,1870,247092539951616,7033083392,247085506868224,8196704256,227038781949952,7026466816,227031755483136,8189383680,20053758001664,6616576,20053751385088,25021440,247092539951616,7033083392,247085506868224,8196704256,227038781949952,7026466816,227031755483136,8189383680,20053758001664,6616576,20053751385088,25021440,96573751,2466,96571285,3000,34435335,886,34434449,1138,62138416,1580,62136836,1870,60410001,154,60409847,256,20920887,99,20920788,157,39489114,55,39489059,119,243937591181824,227256832,243937363924992,1441801216,223391228921856,217096192,223391011825664,1429037056,20546362259968,10160640,20546352099328,19068928,-1,0,357,0,0,2,0,0,0,0,0,0,0,0,244836518714674,7021259104,244829497455570,8176189920,224789588909568,7014793216,224782574116352,8169017344,20046929805106,6465888,20046923339218,24870008,8684306432,8684306432,0,8684306432,8652849152,8652849152,0,8652849152,31457280,31457280,0,31457280,357,357,0,357,342,342,0,342,15,15,0,15,,,,,,,,,,,,,,,,,,,,,,,,,,,,,,,,,,,,
1.5850956696878146e-06,949,,,,,,,,,,,,,,,,,,,,,,,,,,,,,,,,,,,,,,,,,,,,,,,,,,,,,,,,,,,,,,,,,,,,,,,,,,,,,,,,,,,,,,,,,,,,,,,,,,,,,,,,,,,,,,,,,,,,,,,,,,,,,,,,,,,,,,,,,,,,,,,,,,,,,,,,,,,,,,,,,,,,,,,,,,,,,,,,,,,,,,,,,,,,,,,,,,,,,,,,,,,,,,,,,,,,,,,,,,,,,,,,,,,,,,,,,,,,,,,,,,,,,,,,,,,,,,,,,,,,,,,,,,,,,,,,,,,,,,,,
,949,96573764,2462,96571302,3000,34435335,886,34434449,1138,62138429,1576,62136853,1870,247092539959808,7033075200,247085506884608,8196704256,227038781949952,7026466816,227031755483136,8189383680,20053758009856,6608384,20053751401472,25021440,247092539959808,7033075200,247085506884608,8196704256,227038781949952,7026466816,227031755483136,8189383680,20053758009856,6608384,20053751401472,25021440,96573764,2462,96571302,3000,34435335,886,34434449,1138,62138429,1576,62136853,1870,60410013,155,60409858,256,20920887,99,20920788,157,39489126,56,39489070,119,243937591198208,227265024,243937363933184,1441801216,223391228921856,217096192,223391011825664,1429037056,20546362276352,10168832,20546352107520,19068928,-1,0,357,0,0,2,0,0,0,0,0,0,0,0,244836518716830,7021252584,244829497464246,8176189920,224789588909568,7014793216,224782574116352,8169017344,20046929807262,6459368,20046923347894,24870008,8684306432,8684306432,0,8684306432,8652849152,8652849152,0,8652849152,31457280,31457280,0,31457280,357,357,0,357,342,342,0,342,15,15,0,15,,,,,,,,,,,,,,,,,,,,,,,,,,,,,,,,,,,,,,,,,,,,,,,,,,,,,,,,,,,,,,,,,,,,,,,,,,,,,,,,,,,,,,,,,,,,,,,,,,,,,,,,,,,,,,,,,,,,,,,,,,,,,,,,,,,,,,,,,,,,,,,,,,,,,,,,,,,,,,
,949,,,,,,,,,,,,,,,,,,,,,,,,,,,,,,,,,,,,,,,,,,,,,,,,,,,,,,,,,,,,,,,,,,,,,,,,,,,,,,,,,,,,,,,,,,,,,,,,,,,,,,,,,,,,,,,,,,,,,,,,,,,96586135,2466,96583669,3000,34439317,886,34438431,1138,62146818,1580,62145238,1870,247119463823872,7033077248,247112430746624,8196704256,227062864631808,7026466816,227055838164992,8189383680,20056599192064,6610432,20056592581632,25021440,247119463823872,7033077248,247112430746624,8196704256,227062864631808,7026466816,227055838164992,8189383680,20056599192064,6610432,20056592581632,25021440,96586135,2466,96583669,3000,34439317,886,34438431,1138,62146818,1580,62145238,1870,60417360,155,60417205,256,20922919,99,20922820,157,39494441,56,39494385,119,243966998014464,227262976,243966770751488,1441801216,223417764673536,217096192,223417547577344,1429037056,20549233340928,10166784,20549223174144,19068928,-1,0,357,0,0,2,0,0,0,0,0,0,0,0,244863305407335,7021252540,244856284154795,8176189920,224813535326464,7014793216,224806520533248,8169017344,20049770080871,6459324,20049763621547,24870008,8684306432,8684306432,0,8684306432,8652849152,8652849152,0,8652849152,31457280,31457280,0,31457280,357,357,0,357,342,342,0,342,15,15,0,15,,,,,,,,,,,,,,,,,,,,,,,,,,,,,,,,,,,,
1.5850956696878146e-06,949,,,,,,,,,,,,,,,,,,,,,,,,,,,,,,,,,,,,,,,,,,,,,,,,,,,,,,,,,,,,,,,,,,,,,,,,,,,,,,,,,,,,,,,,,,,,,,,,,,,,,,,,,,,,,,,,,,,,,,,,,,,,,,,,,,,,,,,,,,,,,,,,,,,,,,,,,,,,,,,,,,,,,,,,,,,,,,,,,,,,,,,,,,,,,,,,,,,,,,,,,,,,,,,,,,,,,,,,,,,,,,,,,,,,,,,,,,,,,,,,,,,,,,,,,,,,,,,,,,,,,,,,,,,,,,,,,,,,,,,,
,949,96586148,2462,96583686,3000,34439317,886,34438431,1138,62146831,1576,62145255,1870,247119463839744,7033082880,247112430756864,8196704256,227062864631808,7026466816,227055838164992,8189383680,20056599207936,6616064,20056592591872,25021440,247119463839744,7033082880,247112430756864,8196704256,227062864631808,7026466816,227055838164992,8189383680,20056599207936,6616064,20056592591872,25021440,96586148,2462,96583686,3000,34439317,886,34438431,1138,62146831,1576,62145255,1870,60417371,155,60417216,256,20922919,99,20922820,157,39494452,56,39494396,119,243966998024704,227257344,243966770767360,1441801216,223417764673536,217096192,223417547577344,1429037056,20549233351168,10161152,20549223190016,19068928,-1,0,357,0,0,2,0,0,0,0,0,0,0,0,244863305418179,7021261212,244856284156967,8176189920,224813535326464,7014793216,224806520533248,8169017344,20049770091715,6467996,20049763623719,24870008,8684306432,8684306432,0,8684306432,8652849152,8652849152,0,8652849152,31457280,31457280,0,31457280,357,357,0,357,342,342,0,342,15,15,0,15,,,,,,,,,,,,,,,,,,,,,,,,,,,,,,,,,,,,,,,,,,,,,,,,,,,,,,,,,,,,,,,,,,,,,,,,,,,,,,,,,,,,,,,,,,,,,,,,,,,,,,,,,,,,,,,,,,,,,,,,,,,,,,,,,,,,,,,,,,,,,,,,,,,,,,,,,,,,,,
,949,,,,,,,,,,,,,,,,,,,,,,,,,,,,,,,,,,,,,,,,,,,,,,,,,,,,,,,,,,,,,,,,,,,,,,,,,,,,,,,,,,,,,,,,,,,,,,,,,,,,,,,,,,,,,,,,,,,,,,,,,,,96598519,2466,96596053,3000,34443304,886,34442418,1138,62155215,1580,62153635,1870,247146395979264,7033084928,247139362894336,8196704256,227086956693504,7026466816,227079930226688,8189383680,20059439285760,6618112,20059432667648,25021440,247146395979264,7033084928,247139362894336,8196704256,227086956693504,7026466816,227079930226688,8189383680,20059439285760,6618112,20059432667648,25021440,96598519,2466,96596053,3000,34443304,886,34442418,1138,62155215,1580,62153635,1870,60424593,150,60424443,256,20924956,99,20924857,157,39499637,51,39499586,119,243996413116416,227255296,243996185861120,1441801216,223444309805056,217096192,223444092708864,1429037056,20552103311360,10159104,20552093152256,19068928,-1,0,357,0,0,2,0,0,0,0,0,0,0,0,244890100037894,7021261228,244883078776666,8176189920,224837490775040,7014793216,224830475981824,8169017344,20052609262854,6468012,20052602794842,24870008,8684306432,8684306432,0,8684306432,8652849152,8652849152,0,8652849152,31457280,31457280,0,31457280,357,357,0,357,342,342,0,342,15,15,0,15,,,,,,,,,,,,,,,,,,,,,,,,,,,,,,,,,,,,
1.5850956696878146e-06,949,,,,,,,,,,,,,,,,,,,,,,,,,,,,,,,,,,,,,,,,,,,,,,,,,,,,,,,,,,,,,,,,,,,,,,,,,,,,,,,,,,,,,,,,,,,,,,,,,,,,,,,,,,,,,,,,,,,,,,,,,,,,,,,,,,,,,,,,,,,,,,,,,,,,,,,,,,,,,,,,,,,,,,,,,,,,,,,,,,,,,,,,,,,,,,,,,,,,,,,,,,,,,,,,,,,,,,,,,,,,,,,,,,,,,,,,,,,,,,,,,,,,,,,,,,,,,,,,,,,,,,,,,,,,,,,,,,,,,,,,
,949,96598532,2462,96596070,3000,34443304,886,34442418,1138,62155228,1576,62153652,1870,247146395995136,7033082880,247139362912256,8196704256,227086956693504,7026466816,227079930226688,8189383680,20059439301632,6616064,20059432685568,25021440,247146395995136,7033082880,247139362912256,8196704256,227086956693504,7026466816,227079930226688,8189383680,20059439301632,6616064,20059432685568,25021440,96598532,2462,96596070,3000,34443304,886,34442418,1138,62155228,1576,62153652,1870,60424605,148,60424457,256,20924956,99,20924857,157,39499649,49,39499600,119,243996413134336,227257344,243996185876992,1441801216,223444309805056,217096192,223444092708864,1429037056,20552103329280,10161152,20552093168128,19068928,-1,0,357,0,0,2,0,0,0,0,0,0,0,0,244890100047970,7021260444,244883078787526,8176189920,224837490775040,7014793216,224830475981824,8169017344,20052609272930,6467228,20052602805702,24870008,8684306432,8684306432,0,8684306432,8652849152,8652849152,0,8652849152,31457280,31457280,0,31457280,357,357,0,357,342,342,0,342,15,15,0,15,,,,,,,,,,,,,,,,,,,,,,,,,,,,,,,,,,,,,,,,,,,,,,,,,,,,,,,,,,,,,,,,,,,,,,,,,,,,,,,,,,,,,,,,,,,,,,,,,,,,,,,,,,,,,,,,,,,,,,,,,,,,,,,,,,,,,,,,,,,,,,,,,,,,,,,,,,,,,,
,949,,,,,,,,,,,,,,,,,,,,,,,,,,,,,,,,,,,,,,,,,,,,,,,,,,,,,,,,,,,,,,,,,,,,,,,,,,,,,,,,,,,,,,,,,,,,,,,,,,,,,,,,,,,,,,,,,,,,,,,,,,,96610854,2466,96608388,3000,34447387,886,34446501,1138,62163467,1580,62161887,1870,247173731694592,7033084928,247166698609664,8196704256,227111346759680,7026466816,227104320292864,8189383680,20062384934912,6618112,20062378316800,25021440,247173731694592,7033084928,247166698609664,8196704256,227111346759680,7026466816,227104320292864,8189383680,20062384934912,6618112,20062378316800,25021440,96610854,2466,96608388,3000,34447387,886,34446501,1138,62163467,1580,62161887,1870,60432024,152,60431872,256,20927150,99,20927051,157,39504874,53,39504821,119,244026087918080,227255296,244025860662784,1441801216,223471002781696,217096192,223470785685504,1429037056,20555085136384,10159104,20555074977280,19068928,-1,0,357,0,0,2,0,0,0,0,0,0,0,0,244917276042935,7021260520,244910254782415,8176189920,224861721958144,7014793216,224854707164928,8169017344,20055554084791,6467304,20055547617487,24870008,8684306432,8684306432,0,8684306432,8652849152,8652849152,0,8652849152,31457280,31457280,0,31457280,357,357,0,357,342,342,0,342,15,15,0,15,,,,,,,,,,,,,,,,,,,,,,,,,,,,,,,,,,,,
1.5850956696878146e-06,949,,,,,,,,,,,,,,,,,,,,,,,,,,,,,,,,,,,,,,,,,,,,,,,,,,,,,,,,,,,,,,,,,,,,,,,,,,,,,,,,,,,,,,,,,,,,,,,,,,,,,,,,,,,,,,,,,,,,,,,,,,,,,,,,,,,,,,,,,,,,,,,,,,,,,,,,,,,,,,,,,,,,,,,,,,,,,,,,,,,,,,,,,,,,,,,,,,,,,,,,,,,,,,,,,,,,,,,,,,,,,,,,,,,,,,,,,,,,,,,,,,,,,,,,,,,,,,,,,,,,,,,,,,,,,,,,,,,,,,,,
,949,96610867,2462,96608405,3000,34447387,886,34446501,1138,62163480,1576,62161904,1870,247173731702784,7033075200,247166698627584,8196704256,227111346759680,7026466816,227104320292864,8189383680,20062384943104,6608384,20062378334720,25021440,247173731702784,7033075200,247166698627584,8196704256,227111346759680,7026466816,227104320292864,8189383680,20062384943104,6608384,20062378334720,25021440,96610867,2462,96608405,3000,34447387,886,34446501,1138,62163480,1576,62161904,1870,60432038,155,60431883,256,20927150,99,20927051,157,39504888,56,39504832,119,244026087936000,227265024,244025860670976,1441801216,223471002781696,217096192,223470785685504,1429037056,20555085154304,10168832,20555074985472,19068928,-1,0,357,0,0,2,0,0,0,0,0,0,0,0,244917276045883,7021253376,244910254792507,8176189920,224861721958144,7014793216,224854707164928,8169017344,20055554087739,6460160,20055547627579,24870008,8684306432,8684306432,0,8684306432,8652849152,8652849152,0,8652849152,31457280,31457280,0,31457280,357,357,0,357,342,342,0,342,15,15,0,15,,,,,,,,,,,,,,,,,,,,,,,,,,,,,,,,,,,,,,,,,,,,,,,,,,,,,,,,,,,,,,,,,,,,,,,,,,,,,,,,,,,,,,,,,,,,,,,,,,,,,,,,,,,,,,,,,,,,,,,,,,,,,,,,,,,,,,,,,,,,,,,,,,,,,,,,,,,,,,
,949,,,,,,,,,,,,,,,,,,,,,,,,,,,,,,,,,,,,,,,,,,,,,,,,,,,,,,,,,,,,,,,,,,,,,,,,,,,,,,,,,,,,,,,,,,,,,,,,,,,,,,,,,,,,,,,,,,,,,,,,,,,96623238,2466,96620772,3000,34451369,886,34450483,1138,62171869,1580,62170289,1870,247200855098368,7033077248,247193822021120,8196704256,227135550134272,7026466816,227128523667456,8189383680,20065304964096,6610432,20065298353664,25021440,247200855098368,7033077248,247193822021120,8196704256,227135550134272,7026466816,227128523667456,8189383680,20065304964096,6610432,20065298353664,25021440,96623238,2466,96620772,3000,34451369,886,34450483,1138,62171869,1580,62170289,1870,60439477,155,60439322,256,20929258,99,20929159,157,39510219,56,39510163,119,244055675425792,227262976,244055448162816,1441801216,223497616775168,217096192,223497399678976,1429037056,20558058650624,10166784,20558048483840,19068928,-1,0,357,0,0,2,0,0,0,0,0,0,0,0,244944190764675,7021253332,244937169511343,8176189920,224885717527040,7014793216,224878702733824,8169017344,20058473237635,6460116,20058466777519,24870008,8684306432,8684306432,0,8684306432,8652849152,8652849152,0,8652849152,31457280,31457280,0,31457280,357,357,0,357,342,342,0,342,15,15,0,15,,,,,,,,,,,,,,,,,,,,,,,,,,,,,,,,,,,,
1.5850956696878146e-06,949,,,,,,,,,,,,,,,,,,,,,,,,,,,,,,,,,,,,,,,,,,,,,,,,,,,,,,,,,,,,,,,,,,,,,,,,,,,,,,,,,,,,,,,,,,,,,,,,,,,,,,,,,,,,,,,,,,,,,,,,,,,,,,,,,,,,,,,,,,,,,,,,,,,,,,,,,,,,,,,,,,,,,,,,,,,,,,,,,,,,,,,,,,,,,,,,,,,,,,,,,,,,,,,,,,,,,,,,,,,,,,,,,,,,,,,,,,,,,,,,,,,,,,,,,,,,,,,,,,,,,,,,,,,,,,,,,,,,,,,,
,949,96623251,2462,96620789,3000,34451369,886,34450483,1138,62171882,1576,62170306,1870,247200855111168,7033079808,247193822031360,8196704256,227135550134272,7026466816,227128523667456,8189383680,20065304976896,6612992,20065298363904,25021440,247200855111168,7033079808,247193822031360,8196704256,227135550134272,7026466816,227128523667456,8189383680,20065304976896,6612992,20065298363904,25021440,96623251,2462,96620789,3000,34451369,886,34450483,1138,62171882,1576,62170306,1870,60439488,151,60439337,256,20929258,99,20929159,157,39510230,52,39510178,119,244055675436032,227260416,244055448175616,1441801216,223497616775168,217096192,223497399678976,1429037056,20558058660864,10164224,20558048496640,19068928,-1,0,357,0,0,2,0,0,0,0,0,0,0,0,244944190772111,7021257804,244937169514307,8176189920,224885717527040,7014793216,224878702733824,8169017344,20058473245071,6464588,20058466780483,24870008,8684306432,8684306432,0,8684306432,8652849152,8652849152,0,8652849152,31457280,31457280,0,31457280,357,357,0,357,342,342,0,342,15,15,0,15,,,,,,,,,,,,,,,,,,,,,,,,,,,,,,,,,,,,,,,,,,,,,,,,,,,,,,,,,,,,,,,,,,,,,,,,,,,,,,,,,,,,,,,,,,,,,,,,,,,,,,,,,,,,,,,,,,,,,,,,,,,,,,,,,,,,,,,,,,,,,,,,,,,,,,,,,,,,,,
,949,,,,,,,,,,,,,,,,,,,,,,,,,,,,,,,,,,,,,,,,,,,,,,,,,,,,,,,,,,,,,,,,,,,,,,,,,,,,,,,,,,,,,,,,,,,,,,,,,,,,,,,,,,,,,,,,,,,,,,,,,,,96635573,2466,96633107,3000,34455356,886,34454470,1138,62180217,1580,62178637,1870,247227785580032,7033081856,247220752498176,8196704256,227159640786944,7026466816,227152614320128,8189383680,20068144793088,6615040,20068138178048,25021440,247227785580032,7033081856,247220752498176,8196704256,227159640786944,7026466816,227152614320128,8189383680,20068144793088,6615040,20068138178048,25021440,96635573,2466,96633107,3000,34455356,886,34454470,1138,62180217,1580,62178637,1870,60446340,151,60446189,256,20931295,99,20931196,157,39515045,52,39514993,119,244085088857088,227258368,244084861598720,1441801216,223524160497664,217096192,223523943401472,1429037056,20560928359424,10162176,20560918197248,19068928,-1,0,357,0,0,2,0,0,0,0,0,0,0,0,244970982286320,7021257880,244963961028440,8176189920,224909670108416,7014793216,224902655315200,8169017344,20061312177904,6464664,20061305713240,24870008,8684306432,8684306432,0,8684306432,8652849152,8652849152,0,8652849152,31457280,31457280,0,31457280,357,357,0,357,342,342,0,342,15,15,0,15,,,,,,,,,,,,,,,,,,,,,,,,,,,,,,,,,,,,
1.5850956696878146e-06,949,,,,,,,,,,,,,,,,,,,,,,,,,,,,,,,,,,,,,,,,,,,,,,,,,,,,,,,,,,,,,,,,,,,,,,,,,,,,,,,,,,,,,,,,,,,,,,,,,,,,,,,,,,,,,,,,,,,,,,,,,,,,,,,,,,,,,,,,,,,,,,,,,,,,,,,,,,,,,,,,,,,,,,,,,,,,,,,,,,,,,,,,,,,,,,,,,,,,,,,,,,,,,,,,,,,,,,,,,,,,,,,,,,,,,,,,,,,,,,,,,,,,,,,,,,,,,,,,,,,,,,,,,,,,,,,,,,,,,,,,
,949,96635586,2462,96633124,3000,34455356,886,34454470,1138,62180230,1576,62178654,1870,247227785603584,7033090560,247220752513024,8196704256,227159640786944,7026466816,227152614320128,8189383680,20068144816640,6623744,20068138192896,25021440,247227785603584,7033090560,247220752513024,8196704256,227159640786944,7026466816,227152614320128,8189383680,20068144816640,6623744,20068138192896,25021440,96635586,2462,96633124,3000,34455356,886,34454470,1138,62180230,1576,62178654,1870,60446354,153,60446201,256,20931295,99,20931196,157,39515059,54,39515005,119,244085088871936,227249664,244084861622272,1441801216,223524160497664,217096192,223523943401472,1429037056,20560928374272,10153472,20560918220800,19068928,-1,0,357,0,0,2,0,0,0,0,0,0,0,0,244970982304700,7021268808,244963961035892,8176189920,224909670108416,7014793216,224902655315200,8169017344,20061312196284,6475592,20061305720692,24870008,8684306432,8684306432,0,8684306432,8652849152,8652849152,0,8652849152,31457280,31457280,0,31457280,357,357,0,357,342,342,0,342,15,15,0,15,,,,,,,,,,,,,,,,,,,,,,,,,,,,,,,,,,,,,,,,,,,,,,,,,,,,,,,,,,,,,,,,,,,,,,,,,,,,,,,,,,,,,,,,,,,,,,,,,,,,,,,,,,,,,,,,,,,,,,,,,,,,,,,,,,,,,,,,,,,,,,,,,,,,,,,,,,,,,,
,949,,,,,,,,,,,,,,,,,,,,,,,,,,,,,,,,,,,,,,,,,,,,,,,,,,,,,,,,,,,,,,,,,,,,,,,,,,,,,,,,,,,,,,,,,,,,,,,,,,,,,,,,,,,,,,,,,,,,,,,,,,,96649058,2466,96646592,3000,34462468,886,34461582,1138,62186590,1580,62185010,1870,247284298105856,7033092608,247277265013248,8196704256,227215383648256,7026466816,227208357181440,8189383680,20068914457600,6625792,20068907831808,25021440,247284298105856,7033092608,247277265013248,8196704256,227215383648256,7026466816,227208357181440,8189383680,20068914457600,6625792,20068907831808,25021440,96649058,2466,96646592,3000,34462468,886,34461582,1138,62186590,1580,62185010,1870,60455990,153,60455837,256,20936752,99,20936653,157,39519238,54,39519184,119,244137627654144,227247616,244137400406528,1441801216,223575929640960,217096192,223575712544768,1429037056,20561698013184,10151424,20561687861760,19068928,-1,0,357,0,0,2,0,0,0,0,0,0,0,0,245027001344180,7021268764,245019980075416,8176189920,224964920446976,7014793216,224957905653760,8169017344,20062080897204,6475548,20062074421656,24870008,8684306432,8684306432,0,8684306432,8652849152,8652849152,0,8652849152,31457280,31457280,0,31457280,357,357,0,357,342,342,0,342,15,15,0,15,,,,,,,,,,,,,,,,,,,,,,,,,,,,,,,,,,,,
,949,,,,,,,,,,,,,,,,,,,,,,,,,,,,,,,,,,,,,,,,,,,,,,,,,,,,,,,,,,,,,,,,,,,,,,,,,,,,,,,,,,,,,,,,,,,,,,,,,,,,,,,,,,,,,,,,,,,,,,,,,,,,,,,,,,,,,,,,,,,,,,,,,,,,,,,,,,,,,,,,,,,,,,,,,,,,,,,,,,,,,,,,,,,,,,,,,,,,,,,,,,,,,,,,,,,,,,,,,,,,,,,,,,,,,,,,,,,,,,,,,,,,,0.0002880096435546875,0.00028117067995481193,0.00450557004660368,1,,,,,,,,,,,,,,,,,,,,,,,,,,,,,,,,
1.5515273581738836e-06,999,,,,,,,,,,,,,,,,,,,,,,,,,,,,,,,,,,,,,,,,,,,,,,,,,,,,,,,,,,,,,,,,,,,,,,,,,,,,,,,,,,,,,,,,,,,,,,,,,,,,,,,,,,,,,,,,,,,,,,,,,,,,,,,,,,,,,,,,,,,,,,,,,,,,,,,,,,,,,,,,,,,,,,,,,,,,,,,,,,,,,,,,,,,,,,,,,,,,,,,,,,,,,,,,,,,,,,,,,,,,,,,,,,,,,,,,,,,,,,,,,,,,,,,,,,,,,,,,,,,,,,,,,,,,,,,,,,,,,,,,
,999,101554779,2462,101552317,3000,36226157,886,36225271,1138,65328622,1576,65327046,1870,259807676813312,7033168384,259800643644928,8196704256,238727526346752,7026556928,238720499789824,8189383680,21080150466560,6611456,21080143855104,25021440,259807676813312,7033168384,259800643644928,8196704256,238727526346752,7026556928,238720499789824,8189383680,21080150466560,6611456,21080143855104,25021440,101554779,2462,101552317,3000,36226157,886,36225271,1138,65328622,1576,65327046,1870,63537252,142,63537110,256,22011712,103,22011609,157,41525540,39,41525501,119,256689395134976,256531968,256689138603008,1441801216,235086908846080,252657664,235086656188416,1429037056,21602486288896,3874304,21602482414592,19068928,-1,0,357,0,0,2,0,0,0,0,0,0,0,0,257437142747933,7021255800,257430121492133,8176189920,236364171631616,7014793216,236357156838400,8169017344,21072971116317,6462584,21072964653733,24870008,8684306432,8684306432,0,8684306432,8652849152,8652849152,0,8652849152,31457280,31457280,0,31457280,357,357,0,357,342,342,0,342,15,15,0,15,,,,,,,,,,,,,,,,,,,,,,,,,,,,,,,,,,,,,,,,,,,,,,,,,,,,,,,,,,,,,,,,,,,,,,,,,,,,,,,,,,,,,,,,,,,,,,,,,,,,,,,,,,,,,,,,,,,,,,,,,,,,,,,,,,,,,,,,,,,,,,,,,,,,,,,,,,,,,,
,999,,,,,,,,,,,,,,,,,,,,,,,,,,,,,,,,,,,,,,,,,,,,,,,,,,,,,,,,,,,,,,,,,,,,,,,,,,,,,,,,,,,,,,,,,,,,,,,,,,,,,,,,,,,,,,,,,,,,,,,,,,,101567150,2466,101564684,3000,36230139,886,36229253,1138,65337011,1580,65335431,1870,259834688361472,7033825792,259827654535680,8196704256,238751662567424,7027212288,238744635355136,8189383680,21083025794048,6613504,21083019180544,25021440,259834688361472,7033825792,259827654535680,8196704256,238751662567424,7027212288,238744635355136,8189383680,21083025794048,6613504,21083019180544,25021440,101567150,2466,101564684,3000,36230139,886,36229253,1138,65337011,1580,65335431,1870,63545149,126,63545023,256,22014052,97,22013955,157,41531097,29,41531068,119,256716631936000,220222976,256716411713024,1441801216,235111172247552,216350720,235110955896832,1429037056,21605459688448,3872256,21605455816192,19068928,-1,0,357,0,0,2,0,0,0,0,0,0,0,0,257463983259362,7021255756,257456962003606,8176189920,236388137709312,7014793216,236381122916096,8169017344,21075845550050,6462540,21075839087510,24870008,8684306432,8684306432,0,8684306432,8652849152,8652849152,0,8652849152,31457280,31457280,0,31457280,357,357,0,357,342,342,0,342,15,15,0,15,,,,,,,,,,,,,,,,,,,,,,,,,,,,,,,,,,,,
1.5515273581738836e-06,999,,,,,,,,,,,,,,,,,,,,,,,,,,,,,,,,,,,,,,,,,,,,,,,,,,,,,,,,,,,,,,,,,,,,,,,,,,,,,,,,,,,,,,,,,,,,,,,,,,,,,,,,,,,,,,,,,,,,,,,,,,,,,,,,,,,,,,,,,,,,,,,,,,,,,,,,,,,,,,,,,,,,,,,,,,,,,,,,,,,,,,,,,,,,,,,,,,,,,,,,,,,,,,,,,,,,,,,,,,,,,,,,,,,,,,,,,,,,,,,,,,,,,,,,,,,,,,,,,,,,,,,,,,,,,,,,,,,,,,,,
,999,101567163,2462,101564701,3000,36230139,886,36229253,1138,65337024,1576,65335448,1870,259834688377344,7033828352,259827654548992,8196704256,238751662567424,7027212288,238744635355136,8189383680,21083025809920,6616064,21083019193856,25021440,259834688377344,7033828352,259827654548992,8196704256,238751662567424,7027212288,238744635355136,8189383680,21083025809920,6616064,21083019193856,25021440,101567163,2462,101564701,3000,36230139,886,36229253,1138,65337024,1576,65335448,1870,63545163,129,63545034,256,22014052,97,22013955,157,41531111,32,41531079,119,256716631949312,220220416,256716411728896,1441801216,235111172247552,216350720,235110955896832,1429037056,21605459701760,3869696,21605455832064,19068928,-1,0,357,0,0,2,0,0,0,0,0,0,0,0,257463983269846,7021260852,257456962008994,8176189920,236388137709312,7014793216,236381122916096,8169017344,21075845560534,6467636,21075839092898,24870008,8684306432,8684306432,0,8684306432,8652849152,8652849152,0,8652849152,31457280,31457280,0,31457280,357,357,0,357,342,342,0,342,15,15,0,15,,,,,,,,,,,,,,,,,,,,,,,,,,,,,,,,,,,,,,,,,,,,,,,,,,,,,,,,,,,,,,,,,,,,,,,,,,,,,,,,,,,,,,,,,,,,,,,,,,,,,,,,,,,,,,,,,,,,,,,,,,,,,,,,,,,,,,,,,,,,,,,,,,,,,,,,,,,,,,
,999,,,,,,,,,,,,,,,,,,,,,,,,,,,,,,,,,,,,,,,,,,,,,,,,,,,,,,,,,,,,,,,,,,,,,,,,,,,,,,,,,,,,,,,,,,,,,,,,,,,,,,,,,,,,,,,,,,,,,,,,,,,101579534,2466,101577068,3000,36234222,886,36233336,1138,65345312,1580,65343732,1870,259862206137344,7033830400,259855172306944,8196704256,238776309514240,7027212288,238769282301952,8189383680,21085896623104,6618112,21085890004992,25021440,259862206137344,7033830400,259855172306944,8196704256,238776309514240,7027212288,238769282301952,8189383680,21085896623104,6618112,21085890004992,25021440,101579534,2466,101577068,3000,36234222,886,36233336,1138,65345312,1580,65343732,1870,63553028,135,63552893,256,22016519,97,22016422,157,41536509,38,41536471,119,256746332842496,220218368,256746112624128,1441801216,235137899700224,216350720,235137683349504,1429037056,21608433142272,3867648,21608429274624,19068928,-1,0,357,0,0,2,0,0,0,0,0,0,0,0,257491006847872,7021260868,257483985587004,8176189920,236412291363328,7014793216,236405276570112,8169017344,21078715484544,6467652,21078709016892,24870008,8684306432,8684306432,0,8684306432,8652849152,8652849152,0,8652849152,31457280,31457280,0,31457280,357,357,0,357,342,342,0,342,15,15,0,15,,,,,,,,,,,,,,,,,,,,,,,,,,,,,,,,,,,,
1.5515273581738836e-06,999,,,,,,,,,,,,,,,,,,,,,,,,,,,,,,,,,,,,,,,,,,,,,,,,,,,,,,,,,,,,,,,,,,,,,,,,,,,,,,,,,,,,,,,,,,,,,,,,,,,,,,,,,,,,,,,,,,,,,,,,,,,,,,,,,,,,,,,,,,,,,,,,,,,,,,,,,,,,,,,,,,,,,,,,,,,,,,,,,,,,,,,,,,,,,,,,,,,,,,,,,,,,,,,,,,,,,,,,,,,,,,,,,,,,,,,,,,,,,,,,,,,,,,,,,,,,,,,,,,,,,,,,,,,,,,,,,,,,,,,,
,999,101579547,2462,101577085,3000,36234222,886,36233336,1138,65345325,1576,65343749,1870,259862206153216,7033828352,259855172324864,8196704256,238776309514240,7027212288,238769282301952,8189383680,21085896638976,6616064,21085890022912,25021440,259862206153216,7033828352,259855172324864,8196704256,238776309514240,7027212288,238769282301952,8189383680,21085896638976,6616064,21085890022912,25021440,101579547,2462,101577085,3000,36234222,886,36233336,1138,65345325,1576,65343749,1870,63553039,134,63552905,256,22016519,97,22016422,157,41536520,37,41536483,119,256746332860416,220220416,256746112640000,1441801216,235137899700224,216350720,235137683349504,1429037056,21608433160192,3869696,21608429290496,19068928,-1,0,357,0,0,2,0,0,0,0,0,0,0,0,257491006858884,7021261380,257483985597504,8176189920,236412291363328,7014793216,236405276570112,8169017344,21078715495556,6468164,21078709027392,24870008,8684306432,8684306432,0,8684306432,8652849152,8652849152,0,8652849152,31457280,31457280,0,31457280,357,357,0,357,342,342,0,342,15,15,0,15,,,,,,,,,,,,,,,,,,,,,,,,,,,,,,,,,,,,,,,,,,,,,,,,,,,,,,,,,,,,,,,,,,,,,,,,,,,,,,,,,,,,,,,,,,,,,,,,,,,,,,,,,,,,,,,,,,,,,,,,,,,,,,,,,,,,,,,,,,,,,,,,,,,,,,,,,,,,,,
,999,,,,,,,,,,,,,,,,,,,,,,,,,,,,,,,,,,,,,,,,,,,,,,,,,,,,,,,,,,,,,,,,,,,,,,,,,,,,,,,,,,,,,,,,,,,,,,,,,,,,,,,,,,,,,,,,,,,,,,,,,,,101591909,2466,101589443,3000,36238209,886,36237323,1138,65353700,1580,65352120,1870,259889516321280,7033830400,259882482490880,8196704256,238800716951552,7027212288,238793689739264,8189383680,21088799369728,6618112,21088792751616,25021440,259889516321280,7033830400,259882482490880,8196704256,238800716951552,7027212288,238793689739264,8189383680,21088799369728,6618112,21088792751616,25021440,101591909,2466,101589443,3000,36238209,886,36237323,1138,65353700,1580,65352120,1870,63560812,134,63560678,256,22018794,97,22018697,157,41542018,37,41541981,119,256775823126528,220218368,256775602908160,1441801216,235164410736640,216350720,235164194385920,1429037056,21611412389888,3867648,21611408522240,19068928,-1,0,357,0,0,2,0,0,0,0,0,0,0,0,257517903569934,7021261408,257510882308526,8176189920,236436286215424,7014793216,236429271422208,8169017344,21081617354510,6468192,21081610886318,24870008,8684306432,8684306432,0,8684306432,8652849152,8652849152,0,8652849152,31457280,31457280,0,31457280,357,357,0,357,342,342,0,342,15,15,0,15,,,,,,,,,,,,,,,,,,,,,,,,,,,,,,,,,,,,
1.5515273581738836e-06,999,,,,,,,,,,,,,,,,,,,,,,,,,,,,,,,,,,,,,,,,,,,,,,,,,,,,,,,,,,,,,,,,,,,,,,,,,,,,,,,,,,,,,,,,,,,,,,,,,,,,,,,,,,,,,,,,,,,,,,,,,,,,,,,,,,,,,,,,,,,,,,,,,,,,,,,,,,,,,,,,,,,,,,,,,,,,,,,,,,,,,,,,,,,,,,,,,,,,,,,,,,,,,,,,,,,,,,,,,,,,,,,,,,,,,,,,,,,,,,,,,,,,,,,,,,,,,,,,,,,,,,,,,,,,,,,,,,,,,,,,
,999,101591922,2462,101589460,3000,36238209,886,36237323,1138,65353713,1576,65352137,1870,259889516332544,7033823744,259882482508800,8196704256,238800716951552,7027212288,238793689739264,8189383680,21088799380992,6611456,21088792769536,25021440,259889516332544,7033823744,259882482508800,8196704256,238800716951552,7027212288,238793689739264,8189383680,21088799380992,6611456,21088792769536,25021440,101591922,2462,101589460,3000,36238209,886,36237323,1138,65353713,1576,65352137,1870,63560823,130,63560693,256,22018794,97,22018697,157,41542029,33,41541996,119,256775823144448,220225024,256775602919424,1441801216,235164410736640,216350720,235164194385920,1429037056,21611412407808,3874304,21611408533504,19068928,-1,0,357,0,0,2,0,0,0,0,0,0,0,0,257517903575618,7021256064,257510882319554,8176189920,236436286215424,7014793216,236429271422208,8169017344,21081617360194,6462848,21081610897346,24870008,8684306432,8684306432,0,8684306432,8652849152,8652849152,0,8652849152,31457280,31457280,0,31457280,357,357,0,357,342,342,0,342,15,15,0,15,,,,,,,,,,,,,,,,,,,,,,,,,,,,,,,,,,,,,,,,,,,,,,,,,,,,,,,,,,,,,,,,,,,,,,,,,,,,,,,,,,,,,,,,,,,,,,,,,,,,,,,,,,,,,,,,,,,,,,,,,,,,,,,,,,,,,,,,,,,,,,,,,,,,,,,,,,,,,,
,999,,,,,,,,,,,,,,,,,,,,,,,,,,,,,,,,,,,,,,,,,,,,,,,,,,,,,,,,,,,,,,,,,,,,,,,,,,,,,,,,,,,,,,,,,,,,,,,,,,,,,,,,,,,,,,,,,,,,,,,,,,,101604293,2466,101601827,3000,36242287,886,36241401,1138,65362006,1580,65360426,1870,259917180499456,7033825792,259910146673664,8196704256,238825418645504,7027212288,238818391433216,8189383680,21091761853952,6613504,21091755240448,25021440,259917180499456,7033825792,259910146673664,8196704256,238825418645504,7027212288,238818391433216,8189383680,21091761853952,6613504,21091755240448,25021440,101604293,2466,101601827,3000,36242287,886,36241401,1138,65362006,1580,65360426,1870,63568459,130,63568329,256,22021217,97,22021120,157,41547242,33,41547209,119,256805725150720,220222976,256805504927744,1441801216,235191237574656,216350720,235191021223936,1429037056,21614487576064,3872256,21614483703808,19068928,-1,0,357,0,0,2,0,0,0,0,0,0,0,0,257545101034168,7021256068,257538079778100,8176189920,236460522039296,7014793216,236453507246080,8169017344,21084578994872,6462852,21084572532020,24870008,8684306432,8684306432,0,8684306432,8652849152,8652849152,0,8652849152,31457280,31457280,0,31457280,357,357,0,357,342,342,0,342,15,15,0,15,,,,,,,,,,,,,,,,,,,,,,,,,,,,,,,,,,,,
1.5515273581738836e-06,999,,,,,,,,,,,,,,,,,,,,,,,,,,,,,,,,,,,,,,,,,,,,,,,,,,,,,,,,,,,,,,,,,,,,,,,,,,,,,,,,,,,,,,,,,,,,,,,,,,,,,,,,,,,,,,,,,,,,,,,,,,,,,,,,,,,,,,,,,,,,,,,,,,,,,,,,,,,,,,,,,,,,,,,,,,,,,,,,,,,,,,,,,,,,,,,,,,,,,,,,,,,,,,,,,,,,,,,,,,,,,,,,,,,,,,,,,,,,,,,,,,,,,,,,,,,,,,,,,,,,,,,,,,,,,,,,,,,,,,,,
,999,101604306,2462,101601844,3000,36242287,886,36241401,1138,65362019,1576,65360443,1870,259917180515328,7033828352,259910146686976,8196704256,238825418645504,7027212288,238818391433216,8189383680,21091761869824,6616064,21091755253760,25021440,259917180515328,7033828352,259910146686976,8196704256,238825418645504,7027212288,238818391433216,8189383680,21091761869824,6616064,21091755253760,25021440,101604306,2462,101601844,3000,36242287,886,36241401,1138,65362019,1576,65360443,1870,63568473,133,63568340,256,22021217,97,22021120,157,41547256,36,41547220,119,256805725164032,220220416,256805504943616,1441801216,235191237574656,216350720,235191021223936,1429037056,21614487589376,3869696,21614483719680,19068928,-1,0,357,0,0,2,0,0,0,0,0,0,0,0,257545101045228,7021261428,257538079783800,8176189920,236460522039296,7014793216,236453507246080,8169017344,21084579005932,6468212,21084572537720,24870008,8684306432,8684306432,0,8684306432,8652849152,8652849152,0,8652849152,31457280,31457280,0,31457280,357,357,0,357,342,342,0,342,15,15,0,15,,,,,,,,,,,,,,,,,,,,,,,,,,,,,,,,,,,,,,,,,,,,,,,,,,,,,,,,,,,,,,,,,,,,,,,,,,,,,,,,,,,,,,,,,,,,,,,,,,,,,,,,,,,,,,,,,,,,,,,,,,,,,,,,,,,,,,,,,,,,,,,,,,,,,,,,,,,,,,
,999,,,,,,,,,,,,,,,,,,,,,,,,,,,,,,,,,,,,,,,,,,,,,,,,,,,,,,,,,,,,,,,,,,,,,,,,,,,,,,,,,,,,,,,,,,,,,,,,,,,,,,,,,,,,,,,,,,,,,,,,,,,101616677,2466,101614211,3000,36246970,886,36246084,1138,65369707,1580,65368127,1870,259945535499776,7033830400,259938501669376,8196704256,238851164114944,7027212288,238844136902656,8189383680,21094371384832,6618112,21094364766720,25021440,259945535499776,7033830400,259938501669376,8196704256,238851164114944,7027212288,238844136902656,8189383680,21094371384832,6618112,21094364766720,25021440,101616677,2466,101614211,3000,36246970,886,36246084,1138,65369707,1580,65368127,1870,63576517,138,63576379,256,22024077,97,22023980,157,41552440,41,41552399,119,256836853269504,220218368,256836633051136,1441801216,235219719204864,216350720,235219502854144,1429037056,21617134064640,3867648,21617130196992,19068928,-1,0,357,0,0,2,0,0,0,0,0,0,0,0,257572914674671,7021261444,257565893413227,8176189920,236485727230720,7014793216,236478712437504,8169017344,21087187443951,6468228,21087180975723,24870008,8684306432,8684306432,0,8684306432,8652849152,8652849152,0,8652849152,31457280,31457280,0,31457280,357,357,0,357,342,342,0,342,15,15,0,15,,,,,,,,,,,,,,,,,,,,,,,,,,,,,,,,,,,,
1.5515273581738836e-06,999,,,,,,,,,,,,,,,,,,,,,,,,,,,,,,,,,,,,,,,,,,,,,,,,,,,,,,,,,,,,,,,,,,,,,,,,,,,,,,,,,,,,,,,,,,,,,,,,,,,,,,,,,,,,,,,,,,,,,,,,,,,,,,,,,,,,,,,,,,,,,,,,,,,,,,,,,,,,,,,,,,,,,,,,,,,,,,,,,,,,,,,,,,,,,,,,,,,,,,,,,,,,,,,,,,,,,,,,,,,,,,,,,,,,,,,,,,,,,,,,,,,,,,,,,,,,,,,,,,,,,,,,,,,,,,,,,,,,,,,,
,999,101616690,2462,101614228,3000,36246970,886,36246084,1138,65369720,1576,65368144,1870,259945535518720,7033831424,259938501687296,8196704256,238851164114944,7027212288,238844136902656,8189383680,21094371403776,6619136,21094364784640,25021440,259945535518720,7033831424,259938501687296,8196704256,238851164114944,7027212288,238844136902656,8189383680,21094371403776,6619136,21094364784640,25021440,101616690,2462,101614228,3000,36246970,886,36246084,1138,65369720,1576,65368144,1870,63576527,136,63576391,256,22024077,97,22023980,157,41552450,39,41552411,119,256836853287424,220217344,256836633070080,1441801216,235219719204864,216350720,235219502854144,1429037056,21617134082560,3866624,21617130215936,19068928,-1,0,357,0,0,2,0,0,0,0,0,0,0,0,257572914688635,7021264332,257565893424303,8176189920,236485727230720,7014793216,236478712437504,8169017344,21087187457915,6471116,21087180986799,24870008,8684306432,8684306432,0,8684306432,8652849152,8652849152,0,8652849152,31457280,31457280,0,31457280,357,357,0,357,342,342,0,342,15,15,0,15,,,,,,,,,,,,,,,,,,,,,,,,,,,,,,,,,,,,,,,,,,,,,,,,,,,,,,,,,,,,,,,,,,,,,,,,,,,,,,,,,,,,,,,,,,,,,,,,,,,,,,,,,,,,,,,,,,,,,,,,,,,,,,,,,,,,,,,,,,,,,,,,,,,,,,,,,,,,,,
,999,,,,,,,,,,,,,,,,,,,,,,,,,,,,,,,,,,,,,,,,,,,,,,,,,,,,,,,,,,,,,,,,,,,,,,,,,,,,,,,,,,,,,,,,,,,,,,,,,,,,,,,,,,,,,,,,,,,,,,,,,,,101629613,2466,101627147,3000,36253261,886,36252375,1138,65376352,1580,65374772,1870,259999590760448,7033833472,259992556926976,8196704256,238903912144896,7027212288,238896884932608,8189383680,21095678615552,6621184,21095671994368,25021440,259999590760448,7033833472,259992556926976,8196704256,238903912144896,7027212288,238896884932608,8189383680,21095678615552,6621184,21095671994368,25021440,101629613,2466,101627147,3000,36253261,886,36252375,1138,65376352,1580,65374772,1870,63584839,136,63584703,256,22028441,97,22028344,157,41556398,39,41556359,119,256878365616640,220215296,256878145401344,1441801216,235259868487680,216350720,235259652136960,1429037056,21618497128960,3864576,21618493264384,19068928,-1,0,357,0,0,2,0,0,0,0,0,0,0,0,257626691899665,7021264348,257619670635317,8176189920,236538198191616,7014793216,236531183398400,8169017344,21088493708049,6471132,21088487236917,24870008,8684306432,8684306432,0,8684306432,8652849152,8652849152,0,8652849152,31457280,31457280,0,31457280,357,357,0,357,342,342,0,342,15,15,0,15,,,,,,,,,,,,,,,,,,,,,,,,,,,,,,,,,,,,
1.5515273581738836e-06,999,,,,,,,,,,,,,,,,,,,,,,,,,,,,,,,,,,,,,,,,,,,,,,,,,,,,,,,,,,,,,,,,,,,,,,,,,,,,,,,,,,,,,,,,,,,,,,,,,,,,,,,,,,,,,,,,,,,,,,,,,,,,,,,,,,,,,,,,,,,,,,,,,,,,,,,,,,,,,,,,,,,,,,,,,,,,,,,,,,,,,,,,,,,,,,,,,,,,,,,,,,,,,,,,,,,,,,,,,,,,,,,,,,,,,,,,,,,,,,,,,,,,,,,,,,,,,,,,,,,,,,,,,,,,,,,,,,,,,,,,
,999,101629626,2462,101627164,3000,36253261,886,36252375,1138,65376365,1576,65374789,1870,259999590787072,7033839104,259992556947968,8196704256,238903912144896,7027212288,238896884932608,8189383680,21095678642176,6626816,21095672015360,25021440,259999590787072,7033839104,259992556947968,8196704256,238903912144896,7027212288,238896884932608,8189383680,21095678642176,6626816,21095672015360,25021440,101629626,2462,101627164,3000,36253261,886,36252375,1138,65376365,1576,65374789,1870,63584849,133,63584716,256,22028441,97,22028344,157,41556408,36,41556372,119,256878365637632,220209664,256878145427968,1441801216,235259868487680,216350720,235259652136960,1429037056,21618497149952,3858944,21618493291008,19068928,-1,0,357,0,0,2,0,0,0,0,0,0,0,0,257626691921045,7021271748,257619670649297,8176189920,236538198191616,7014793216,236531183398400,8169017344,21088493729429,6478532,21088487250897,24870008,8684306432,8684306432,0,8684306432,8652849152,8652849152,0,8652849152,31457280,31457280,0,31457280,357,357,0,357,342,342,0,342,15,15,0,15,,,,,,,,,,,,,,,,,,,,,,,,,,,,,,,,,,,,,,,,,,,,,,,,,,,,,,,,,,,,,,,,,,,,,,,,,,,,,,,,,,,,,,,,,,,,,,,,,,,,,,,,,,,,,,,,,,,,,,,,,,,,,,,,,,,,,,,,,,,,,,,,,,,,,,,,,,,,,,
,999,,,,,,,,,,,,,,,,,,,,,,,,,,,,,,,,,,,,,,,,,,,,,,,,,,,,,,,,,,,,,,,,,,,,,,,,,,,,,,,,,,,,,,,,,,,,,,,,,,,,,,,,,,,,,,,,,,,,,,,,,,,101642549,2466,101640083,3000,36260152,886,36259266,1138,65382397,1580,65380817,1870,260054219713024,7033841152,260047185871872,8196704256,238957779054592,7027212288,238950751842304,8189383680,21096440658432,6628864,21096434029568,25021440,260054219713024,7033841152,260047185871872,8196704256,238957779054592,7027212288,238950751842304,8189383680,21096440658432,6628864,21096434029568,25021440,101642549,2466,101640083,3000,36260152,886,36259266,1138,65382397,1580,65380817,1870,63593510,135,63593375,256,22033617,97,22033520,157,41559893,38,41559855,119,256924744455680,220207616,256924524248064,1441801216,235305485291520,216350720,235305268940800,1429037056,21619259164160,3856896,21619255307264,19068928,-1,0,357,0,0,2,0,0,0,0,0,0,0,0,257680865240668,7021271764,257673843968904,8176189920,236591610446080,7014793216,236584595652864,8169017344,21089254794588,6478548,21089248316040,24870008,8684306432,8684306432,0,8684306432,8652849152,8652849152,0,8652849152,31457280,31457280,0,31457280,357,357,0,357,342,342,0,342,15,15,0,15,,,,,,,,,,,,,,,,,,,,,,,,,,,,,,,,,,,,
1.5515273581738836e-06,999,,,,,,,,,,,,,,,,,,,,,,,,,,,,,,,,,,,,,,,,,,,,,,,,,,,,,,,,,,,,,,,,,,,,,,,,,,,,,,,,,,,,,,,,,,,,,,,,,,,,,,,,,,,,,,,,,,,,,,,,,,,,,,,,,,,,,,,,,,,,,,,,,,,,,,,,,,,,,,,,,,,,,,,,,,,,,,,,,,,,,,,,,,,,,,,,,,,,,,,,,,,,,,,,,,,,,,,,,,,,,,,,,,,,,,,,,,,,,,,,,,,,,,,,,,,,,,,,,,,,,,,,,,,,,,,,,,,,,,,,
,999,101642562,2462,101640100,3000,36260152,886,36259266,1138,65382410,1576,65380834,1870,260054219731968,7033831424,260047185900544,8196704256,238957779054592,7027212288,238950751842304,8189383680,21096440677376,6619136,21096434058240,25021440,260054219731968,7033831424,260047185900544,8196704256,238957779054592,7027212288,238950751842304,8189383680,21096440677376,6619136,21096434058240,25021440,101642562,2462,101640100,3000,36260152,886,36259266,1138,65382410,1576,65380834,1870,63593523,135,63593388,256,22033617,97,22033520,157,41559906,38,41559868,119,256924744484352,220217344,256924524267008,1441801216,235305485291520,216350720,235305268940800,1429037056,21619259192832,3866624,21619255326208,19068928,-1,0,357,0,0,2,0,0,0,0,0,0,0,0,257680865253576,7021263276,257673843990300,8176189920,236591610446080,7014793216,236584595652864,8169017344,21089254807496,6470060,21089248337436,24870008,8684306432,8684306432,0,8684306432,8652849152,8652849152,0,8652849152,31457280,31457280,0,31457280,357,357,0,357,342,342,0,342,15,15,0,15,,,,,,,,,,,,,,,,,,,,,,,,,,,,,,,,,,,,,,,,,,,,,,,,,,,,,,,,,,,,,,,,,,,,,,,,,,,,,,,,,,,,,,,,,,,,,,,,,,,,,,,,,,,,,,,,,,,,,,,,,,,,,,,,,,,,,,,,,,,,,,,,,,,,,,,,,,,,,,
,999,,,,,,,,,,,,,,,,,,,,,,,,,,,,,,,,,,,,,,,,,,,,,,,,,,,,,,,,,,,,,,,,,,,,,,,,,,,,,,,,,,,,,,,,,,,,,,,,,,,,,,,,,,,,,,,,,,,,,,,,,,,101655985,2466,101653519,3000,36267264,886,36266378,1138,65388721,1580,65387141,1870,260110994526720,7033833472,260103960693248,8196704256,239013763571712,7027212288,239006736359424,8189383680,21097230955008,6621184,21097224333824,25021440,260110994526720,7033833472,260103960693248,8196704256,239013763571712,7027212288,239006736359424,8189383680,21097230955008,6621184,21097224333824,25021440,101655985,2466,101653519,3000,36267264,886,36266378,1138,65388721,1580,65387141,1870,63602424,131,63602293,256,22038843,97,22038746,157,41563581,34,41563547,119,256971800075264,220215296,256971579859968,1441801216,235351750606848,216350720,235351534256128,1429037056,21620049468416,3864576,21620045603840,19068928,-1,0,357,0,0,2,0,0,0,0,0,0,0,0,257737219829598,7021263352,257730198566246,8176189920,236647175611392,7014793216,236640160818176,8169017344,21090044218206,6470136,21090037748070,24870008,8684306432,8684306432,0,8684306432,8652849152,8652849152,0,8652849152,31457280,31457280,0,31457280,357,357,0,357,342,342,0,342,15,15,0,15,,,,,,,,,,,,,,,,,,,,,,,,,,,,,,,,,,,,
,999,,,,,,,,,,,,,,,,,,,,,,,,,,,,,,,,,,,,,,,,,,,,,,,,,,,,,,,,,,,,,,,,,,,,,,,,,,,,,,,,,,,,,,,,,,,,,,,,,,,,,,,,,,,,,,,,,,,,,,,,,,,,,,,,,,,,,,,,,,,,,,,,,,,,,,,,,,,,,,,,,,,,,,,,,,,,,,,,,,,,,,,,,,,,,,,,,,,,,,,,,,,,,,,,,,,,,,,,,,,,,,,,,,,,,,,,,,,,,,,,,,,,,0.0002155303955078125,1.7404556274414062e-05,0.00047659873962402344,1,,,,,,,,,,,,,,,,,,,,,,,,,,,,,,,,
1.517959046659953e-06,1049,,,,,,,,,,,,,,,,,,,,,,,,,,,,,,,,,,,,,,,,,,,,,,,,,,,,,,,,,,,,,,,,,,,,,,,,,,,,,,,,,,,,,,,,,,,,,,,,,,,,,,,,,,,,,,,,,,,,,,,,,,,,,,,,,,,,,,,,,,,,,,,,,,,,,,,,,,,,,,,,,,,,,,,,,,,,,,,,,,,,,,,,,,,,,,,,,,,,,,,,,,,,,,,,,,,,,,,,,,,,,,,,,,,,,,,,,,,,,,,,,,,,,,,,,,,,,,,,,,,,,,,,,,,,,,,,,,,,,,,,
,1049,106557195,2462,106554733,3000,38006092,886,38005206,1138,68551103,1576,68549527,1870,272447019019264,7033374720,272439985644544,8196704256,250312455774208,7026761728,250305429012480,8189383680,22134563245056,6612992,22134556632064,25021440,272447019019264,7033374720,272439985644544,8196704256,250312455774208,7026761728,250305429012480,8189383680,22134563245056,6612992,22134556632064,25021440,106557195,2462,106554733,3000,38006092,886,38005206,1138,68551103,1576,68549527,1870,66651047,149,66650898,256,23084900,99,23084801,157,43566147,50,43566097,119,269329469584384,264714240,269329204870144,1441801216,246647580899328,252452864,246647328446464,1429037056,22681888685056,12261376,22681876423680,19068928,-1,0,357,0,0,2,0,0,0,0,0,0,0,0,269966390404458,7021257888,269959369146570,8176189920,247839356770304,7014793216,247832341977088,8169017344,22127033634154,6464672,22127027169482,24870008,8684306432,8684306432,0,8684306432,8652849152,8652849152,0,8652849152,31457280,31457280,0,31457280,357,357,0,357,342,342,0,342,15,15,0,15,,,,,,,,,,,,,,,,,,,,,,,,,,,,,,,,,,,,,,,,,,,,,,,,,,,,,,,,,,,,,,,,,,,,,,,,,,,,,,,,,,,,,,,,,,,,,,,,,,,,,,,,,,,,,,,,,,,,,,,,,,,,,,,,,,,,,,,,,,,,,,,,,,,,,,,,,,,,,,
,1049,,,,,,,,,,,,,,,,,,,,,,,,,,,,,,,,,,,,,,,,,,,,,,,,,,,,,,,,,,,,,,,,,,,,,,,,,,,,,,,,,,,,,,,,,,,,,,,,,,,,,,,,,,,,,,,,,,,,,,,,,,,106569566,2466,106567100,3000,38010079,886,38009193,1138,68559487,1580,68557907,1870,272473980011008,7032164352,272466947846656,8196704256,250336561291264,7025549312,250329535741952,8189383680,22137418719744,6615040,22137412104704,25021440,272473980011008,7032164352,272466947846656,8196704256,250336561291264,7025549312,250329535741952,8189383680,22137418719744,6615040,22137412104704,25021440,106569566,2466,106567100,3000,38010079,886,38009193,1138,68559487,1580,68557907,1870,66658304,161,66658143,256,23087156,103,23087053,157,43571148,58,43571090,119,269356303581696,261730304,269356041851392,1441801216,246671547308032,253665280,246671293642752,1429037056,22684756273664,8065024,22684748208640,19068928,-1,0,357,0,0,2,0,0,0,0,0,0,0,0,269993207411551,7021257844,269986186153707,8176189920,247863319202560,7014793216,247856304409344,8169017344,22129888208991,6464628,22129881744363,24870008,8684306432,8684306432,0,8684306432,8652849152,8652849152,0,8652849152,31457280,31457280,0,31457280,357,357,0,357,342,342,0,342,15,15,0,15,,,,,,,,,,,,,,,,,,,,,,,,,,,,,,,,,,,,
1.517959046659953e-06,1049,,,,,,,,,,,,,,,,,,,,,,,,,,,,,,,,,,,,,,,,,,,,,,,,,,,,,,,,,,,,,,,,,,,,,,,,,,,,,,,,,,,,,,,,,,,,,,,,,,,,,,,,,,,,,,,,,,,,,,,,,,,,,,,,,,,,,,,,,,,,,,,,,,,,,,,,,,,,,,,,,,,,,,,,,,,,,,,,,,,,,,,,,,,,,,,,,,,,,,,,,,,,,,,,,,,,,,,,,,,,,,,,,,,,,,,,,,,,,,,,,,,,,,,,,,,,,,,,,,,,,,,,,,,,,,,,,,,,,,,,
,1049,106569579,2462,106567117,3000,38010079,886,38009193,1138,68559500,1576,68557924,1870,272473980022272,7032160768,272466947861504,8196704256,250336561291264,7025549312,250329535741952,8189383680,22137418731008,6611456,22137412119552,25021440,272473980022272,7032160768,272466947861504,8196704256,250336561291264,7025549312,250329535741952,8189383680,22137418731008,6611456,22137412119552,25021440,106569579,2462,106567117,3000,38010079,886,38009193,1138,68559500,1576,68557924,1870,66658316,160,66658156,256,23087156,103,23087053,157,43571160,57,43571103,119,269356303596544,261733888,269356041862656,1441801216,246671547308032,253665280,246671293642752,1429037056,22684756288512,8068608,22684748219904,19068928,-1,0,357,0,0,2,0,0,0,0,0,0,0,0,269993207416851,7021255668,269986186161183,8176189920,247863319202560,7014793216,247856304409344,8169017344,22129888214291,6462452,22129881751839,24870008,8684306432,8684306432,0,8684306432,8652849152,8652849152,0,8652849152,31457280,31457280,0,31457280,357,357,0,357,342,342,0,342,15,15,0,15,,,,,,,,,,,,,,,,,,,,,,,,,,,,,,,,,,,,,,,,,,,,,,,,,,,,,,,,,,,,,,,,,,,,,,,,,,,,,,,,,,,,,,,,,,,,,,,,,,,,,,,,,,,,,,,,,,,,,,,,,,,,,,,,,,,,,,,,,,,,,,,,,,,,,,,,,,,,,,
,1049,,,,,,,,,,,,,,,,,,,,,,,,,,,,,,,,,,,,,,,,,,,,,,,,,,,,,,,,,,,,,,,,,,,,,,,,,,,,,,,,,,,,,,,,,,,,,,,,,,,,,,,,,,,,,,,,,,,,,,,,,,,106581950,2466,106579484,3000,38014157,886,38013271,1138,68567793,1580,68566213,1870,272501554427392,7032162816,272494522264576,8196704256,250361048788992,7025549312,250354023239680,8189383680,22140505638400,6613504,22140499024896,25021440,272501554427392,7032162816,272494522264576,8196704256,250361048788992,7025549312,250354023239680,8189383680,22140505638400,6613504,22140499024896,25021440,106581950,2466,106579484,3000,38014157,886,38013271,1138,68567793,1580,68566213,1870,66665903,164,66665739,256,23089433,103,23089330,157,43576470,61,43576409,119,269385595509760,261731840,269385333777920,1441801216,246697671337984,253665280,246697417672704,1429037056,22687924171776,8066560,22687916105216,19068928,-1,0,357,0,0,2,0,0,0,0,0,0,0,0,270020659144154,7021255684,270013637888470,8176189920,247887684787712,7014793216,247880669994496,8169017344,22132974356442,6462468,22132967893974,24870008,8684306432,8684306432,0,8684306432,8652849152,8652849152,0,8652849152,31457280,31457280,0,31457280,357,357,0,357,342,342,0,342,15,15,0,15,,,,,,,,,,,,,,,,,,,,,,,,,,,,,,,,,,,,
1.517959046659953e-06,1049,,,,,,,,,,,,,,,,,,,,,,,,,,,,,,,,,,,,,,,,,,,,,,,,,,,,,,,,,,,,,,,,,,,,,,,,,,,,,,,,,,,,,,,,,,,,,,,,,,,,,,,,,,,,,,,,,,,,,,,,,,,,,,,,,,,,,,,,,,,,,,,,,,,,,,,,,,,,,,,,,,,,,,,,,,,,,,,,,,,,,,,,,,,,,,,,,,,,,,,,,,,,,,,,,,,,,,,,,,,,,,,,,,,,,,,,,,,,,,,,,,,,,,,,,,,,,,,,,,,,,,,,,,,,,,,,,,,,,,,,
,1049,106581963,2462,106579501,3000,38014157,886,38013271,1138,68567806,1576,68566230,1870,272501554440192,7032162304,272494522277888,8196704256,250361048788992,7025549312,250354023239680,8189383680,22140505651200,6612992,22140499038208,25021440,272501554440192,7032162304,272494522277888,8196704256,250361048788992,7025549312,250354023239680,8189383680,22140505651200,6612992,22140499038208,25021440,106581963,2462,106579501,3000,38014157,886,38013271,1138,68567806,1576,68566230,1870,66665917,164,66665753,256,23089433,103,23089330,157,43576484,61,43576423,119,269385595523072,261732352,269385333790720,1441801216,246697671337984,253665280,246697417672704,1429037056,22687924185088,8067072,22687916118016,19068928,-1,0,357,0,0,2,0,0,0,0,0,0,0,0,270020659151014,7021257228,270013637893786,8176189920,247887684787712,7014793216,247880669994496,8169017344,22132974363302,6464012,22132967899290,24870008,8684306432,8684306432,0,8684306432,8652849152,8652849152,0,8652849152,31457280,31457280,0,31457280,357,357,0,357,342,342,0,342,15,15,0,15,,,,,,,,,,,,,,,,,,,,,,,,,,,,,,,,,,,,,,,,,,,,,,,,,,,,,,,,,,,,,,,,,,,,,,,,,,,,,,,,,,,,,,,,,,,,,,,,,,,,,,,,,,,,,,,,,,,,,,,,,,,,,,,,,,,,,,,,,,,,,,,,,,,,,,,,,,,,,,
,1049,,,,,,,,,,,,,,,,,,,,,,,,,,,,,,,,,,,,,,,,,,,,,,,,,,,,,,,,,,,,,,,,,,,,,,,,,,,,,,,,,,,,,,,,,,,,,,,,,,,,,,,,,,,,,,,,,,,,,,,,,,,106594334,2466,106591868,3000,38018144,886,38017258,1138,68576190,1580,68574610,1870,272528484930048,7032164352,272521452765696,8196704256,250385092526080,7025549312,250378066976768,8189383680,22143392403968,6615040,22143385788928,25021440,272528484930048,7032164352,272521452765696,8196704256,250385092526080,7025549312,250378066976768,8189383680,22143392403968,6615040,22143385788928,25021440,106594334,2466,106591868,3000,38018144,886,38017258,1138,68576190,1580,68574610,1870,66673312,164,66673148,256,23091481,103,23091378,157,43581831,61,43581770,119,269414213521920,261730304,269413951791616,1441801216,246723372701696,253665280,246723119036416,1429037056,22690840820224,8065024,22690832755200,19068928,-1,0,357,0,0,2,0,0,0,0,0,0,0,0,270047526578788,7021257244,270040505321544,8176189920,247911666348288,7014793216,247904651555072,8169017344,22135860230500,6464028,22135853766472,24870008,8684306432,8684306432,0,8684306432,8652849152,8652849152,0,8652849152,31457280,31457280,0,31457280,357,357,0,357,342,342,0,342,15,15,0,15,,,,,,,,,,,,,,,,,,,,,,,,,,,,,,,,,,,,
1.517959046659953e-06,1049,,,,,,,,,,,,,,,,,,,,,,,,,,,,,,,,,,,,,,,,,,,,,,,,,,,,,,,,,,,,,,,,,,,,,,,,,,,,,,,,,,,,,,,,,,,,,,,,,,,,,,,,,,,,,,,,,,,,,,,,,,,,,,,,,,,,,,,,,,,,,,,,,,,,,,,,,,,,,,,,,,,,,,,,,,,,,,,,,,,,,,,,,,,,,,,,,,,,,,,,,,,,,,,,,,,,,,,,,,,,,,,,,,,,,,,,,,,,,,,,,,,,,,,,,,,,,,,,,,,,,,,,,,,,,,,,,,,,,,,,
,1049,106594347,2462,106591885,3000,38018144,886,38017258,1138,68576203,1576,68574627,1870,272528484945920,7032165376,272521452780544,8196704256,250385092526080,7025549312,250378066976768,8189383680,22143392419840,6616064,22143385803776,25021440,272528484945920,7032165376,272521452780544,8196704256,250385092526080,7025549312,250378066976768,8189383680,22143392419840,6616064,22143385803776,25021440,106594347,2462,106591885,3000,38018144,886,38017258,1138,68576203,1576,68574627,1870,66673326,166,66673160,256,23091481,103,23091378,157,43581845,63,43581782,119,269414213536768,261729280,269413951807488,1441801216,246723372701696,253665280,246723119036416,1429037056,22690840835072,8064000,22690832771072,19068928,-1,0,357,0,0,2,0,0,0,0,0,0,0,0,270047526589752,7021261332,270040505328420,8176189920,247911666348288,7014793216,247904651555072,8169017344,22135860241464,6468116,22135853773348,24870008,8684306432,8684306432,0,8684306432,8652849152,8652849152,0,8652849152,31457280,31457280,0,31457280,357,357,0,357,342,342,0,342,15,15,0,15,,,,,,,,,,,,,,,,,,,,,,,,,,,,,,,,,,,,,,,,,,,,,,,,,,,,,,,,,,,,,,,,,,,,,,,,,,,,,,,,,,,,,,,,,,,,,,,,,,,,,,,,,,,,,,,,,,,,,,,,,,,,,,,,,,,,,,,,,,,,,,,,,,,,,,,,,,,,,,
,1049,,,,,,,,,,,,,,,,,,,,,,,,,,,,,,,,,,,,,,,,,,,,,,,,,,,,,,,,,,,,,,,,,,,,,,,,,,,,,,,,,,,,,,,,,,,,,,,,,,,,,,,,,,,,,,,,,,,,,,,,,,,106606717,2466,106604251,3000,38022227,886,38021341,1138,68584490,1580,68582910,1870,272555899043840,7032167424,272548866876416,8196704256,250409523515392,7025549312,250402497966080,8189383680,22146375528448,6618112,22146368910336,25021440,272555899043840,7032167424,272548866876416,8196704256,250409523515392,7025549312,250402497966080,8189383680,22146375528448,6618112,22146368910336,25021440,106606717,2466,106604251,3000,38022227,886,38021341,1138,68584490,1580,68582910,1870,66680965,166,66680799,256,23093740,103,23093637,157,43587225,63,43587162,119,269443372389376,261727232,269443110662144,1441801216,246749466650624,253665280,246749212985344,1429037056,22693905738752,8061952,22693897676800,19068928,-1,0,357,0,0,2,0,0,0,0,0,0,0,0,270074779766352,7021261348,270067758505004,8176189920,247935937238016,7014793216,247928922444800,8169017344,22138842528336,6468132,22138836060204,24870008,8684306432,8684306432,0,8684306432,8652849152,8652849152,0,8652849152,31457280,31457280,0,31457280,357,357,0,357,342,342,0,342,15,15,0,15,,,,,,,,,,,,,,,,,,,,,,,,,,,,,,,,,,,,
1.517959046659953e-06,1049,,,,,,,,,,,,,,,,,,,,,,,,,,,,,,,,,,,,,,,,,,,,,,,,,,,,,,,,,,,,,,,,,,,,,,,,,,,,,,,,,,,,,,,,,,,,,,,,,,,,,,,,,,,,,,,,,,,,,,,,,,,,,,,,,,,,,,,,,,,,,,,,,,,,,,,,,,,,,,,,,,,,,,,,,,,,,,,,,,,,,,,,,,,,,,,,,,,,,,,,,,,,,,,,,,,,,,,,,,,,,,,,,,,,,,,,,,,,,,,,,,,,,,,,,,,,,,,,,,,,,,,,,,,,,,,,,,,,,,,,
,1049,106606730,2462,106604268,3000,38022227,886,38021341,1138,68584503,1576,68582927,1870,272555899056640,7032162304,272548866894336,8196704256,250409523515392,7025549312,250402497966080,8189383680,22146375541248,6612992,22146368928256,25021440,272555899056640,7032162304,272548866894336,8196704256,250409523515392,7025549312,250402497966080,8189383680,22146375541248,6612992,22146368928256,25021440,106606730,2462,106604268,3000,38022227,886,38021341,1138,68584503,1576,68582927,1870,66680975,162,66680813,256,23093740,103,23093637,157,43587235,59,43587176,119,269443372407296,261732352,269443110674944,1441801216,246749466650624,253665280,246749212985344,1429037056,22693905756672,8067072,22693897689600,19068928,-1,0,357,0,0,2,0,0,0,0,0,0,0,0,270074779772996,7021257012,270067758515984,8176189920,247935937238016,7014793216,247928922444800,8169017344,22138842534980,6463796,22138836071184,24870008,8684306432,8684306432,0,8684306432,8652849152,8652849152,0,8652849152,31457280,31457280,0,31457280,357,357,0,357,342,342,0,342,15,15,0,15,,,,,,,,,,,,,,,,,,,,,,,,,,,,,,,,,,,,,,,,,,,,,,,,,,,,,,,,,,,,,,,,,,,,,,,,,,,,,,,,,,,,,,,,,,,,,,,,,,,,,,,,,,,,,,,,,,,,,,,,,,,,,,,,,,,,,,,,,,,,,,,,,,,,,,,,,,,,,,
,1049,,,,,,,,,,,,,,,,,,,,,,,,,,,,,,,,,,,,,,,,,,,,,,,,,,,,,,,,,,,,,,,,,,,,,,,,,,,,,,,,,,,,,,,,,,,,,,,,,,,,,,,,,,,,,,,,,,,,,,,,,,,106619101,2466,106616635,3000,38026214,886,38025328,1138,68592887,1580,68591307,1870,272582665179136,7032164352,272575633014784,8196704256,250433512349696,7025549312,250426486800384,8189383680,22149152829440,6615040,22149146214400,25021440,272582665179136,7032164352,272575633014784,8196704256,250433512349696,7025549312,250426486800384,8189383680,22149152829440,6615040,22149146214400,25021440,106619101,2466,106616635,3000,38026214,886,38025328,1138,68592887,1580,68591307,1870,66688416,171,66688245,256,23095783,103,23095680,157,43592633,68,43592565,119,269471829504000,261730304,269471567773696,1441801216,246775126013952,253665280,246774872348672,1429037056,22696703490048,8065024,22696695425024,19068928,-1,0,357,0,0,2,0,0,0,0,0,0,0,0,270101468707413,7021257028,270094447450385,8176189920,247959849821952,7014793216,247952835028736,8169017344,22141618885461,6463812,22141612421649,24870008,8684306432,8684306432,0,8684306432,8652849152,8652849152,0,8652849152,31457280,31457280,0,31457280,357,357,0,357,342,342,0,342,15,15,0,15,,,,,,,,,,,,,,,,,,,,,,,,,,,,,,,,,,,,
1.517959046659953e-06,1049,,,,,,,,,,,,,,,,,,,,,,,,,,,,,,,,,,,,,,,,,,,,,,,,,,,,,,,,,,,,,,,,,,,,,,,,,,,,,,,,,,,,,,,,,,,,,,,,,,,,,,,,,,,,,,,,,,,,,,,,,,,,,,,,,,,,,,,,,,,,,,,,,,,,,,,,,,,,,,,,,,,,,,,,,,,,,,,,,,,,,,,,,,,,,,,,,,,,,,,,,,,,,,,,,,,,,,,,,,,,,,,,,,,,,,,,,,,,,,,,,,,,,,,,,,,,,,,,,,,,,,,,,,,,,,,,,,,,,,,,
,1049,106619114,2462,106616652,3000,38026214,886,38025328,1138,68592900,1576,68591324,1870,272582665188864,7032159232,272575633029632,8196704256,250433512349696,7025549312,250426486800384,8189383680,22149152839168,6609920,22149146229248,25021440,272582665188864,7032159232,272575633029632,8196704256,250433512349696,7025549312,250426486800384,8189383680,22149152839168,6609920,22149146229248,25021440,106619114,2462,106616652,3000,38026214,886,38025328,1138,68592900,1576,68591324,1870,66688427,167,66688260,256,23095783,103,23095680,157,43592644,64,43592580,119,269471829518848,261735424,269471567783424,1441801216,246775126013952,253665280,246774872348672,1429037056,22696703504896,8070144,22696695434752,19068928,-1,0,357,0,0,2,0,0,0,0,0,0,0,0,270101468711273,7021254228,270094447457045,8176189920,247959849821952,7014793216,247952835028736,8169017344,22141618889321,6461012,22141612428309,24870008,8684306432,8684306432,0,8684306432,8652849152,8652849152,0,8652849152,31457280,31457280,0,31457280,357,357,0,357,342,342,0,342,15,15,0,15,,,,,,,,,,,,,,,,,,,,,,,,,,,,,,,,,,,,,,,,,,,,,,,,,,,,,,,,,,,,,,,,,,,,,,,,,,,,,,,,,,,,,,,,,,,,,,,,,,,,,,,,,,,,,,,,,,,,,,,,,,,,,,,,,,,,,,,,,,,,,,,,,,,,,,,,,,,,,,
,1049,,,,,,,,,,,,,,,,,,,,,,,,,,,,,,,,,,,,,,,,,,,,,,,,,,,,,,,,,,,,,,,,,,,,,,,,,,,,,,,,,,,,,,,,,,,,,,,,,,,,,,,,,,,,,,,,,,,,,,,,,,,106631485,2466,106629019,3000,38030292,886,38029406,1138,68601193,1580,68599613,1870,272610072254464,7032161280,272603040093184,8196704256,250457933721600,7025549312,250450908172288,8189383680,22152138532864,6611968,22152131920896,25021440,272610072254464,7032161280,272603040093184,8196704256,250457933721600,7025549312,250450908172288,8189383680,22152138532864,6611968,22152131920896,25021440,106631485,2466,106629019,3000,38030292,886,38029406,1138,68601193,1580,68599613,1870,66696148,166,66695982,256,23098037,103,23097934,157,43598111,63,43598048,119,269500978185216,261733376,269500716451840,1441801216,246801210345472,253665280,246800956680192,1429037056,22699767839744,8068096,22699759771648,19068928,-1,0,357,0,0,2,0,0,0,0,0,0,0,0,270128715356570,7021254244,270121694102326,8176189920,247984111598080,7014793216,247977096804864,8169017344,22144603758490,6461028,22144597297462,24870008,8684306432,8684306432,0,8684306432,8652849152,8652849152,0,8652849152,31457280,31457280,0,31457280,357,357,0,357,342,342,0,342,15,15,0,15,,,,,,,,,,,,,,,,,,,,,,,,,,,,,,,,,,,,
1.517959046659953e-06,1049,,,,,,,,,,,,,,,,,,,,,,,,,,,,,,,,,,,,,,,,,,,,,,,,,,,,,,,,,,,,,,,,,,,,,,,,,,,,,,,,,,,,,,,,,,,,,,,,,,,,,,,,,,,,,,,,,,,,,,,,,,,,,,,,,,,,,,,,,,,,,,,,,,,,,,,,,,,,,,,,,,,,,,,,,,,,,,,,,,,,,,,,,,,,,,,,,,,,,,,,,,,,,,,,,,,,,,,,,,,,,,,,,,,,,,,,,,,,,,,,,,,,,,,,,,,,,,,,,,,,,,,,,,,,,,,,,,,,,,,,
,1049,106631498,2462,106629036,3000,38030292,886,38029406,1138,68601206,1576,68599630,1870,272610072270336,7032165376,272603040104960,8196704256,250457933721600,7025549312,250450908172288,8189383680,22152138548736,6616064,22152131932672,25021440,272610072270336,7032165376,272603040104960,8196704256,250457933721600,7025549312,250450908172288,8189383680,22152138548736,6616064,22152131932672,25021440,106631498,2462,106629036,3000,38030292,886,38029406,1138,68601206,1576,68599630,1870,66696158,164,66695994,256,23098037,103,23097934,157,43598121,61,43598060,119,269500978196992,261729280,269500716467712,1441801216,246801210345472,253665280,246800956680192,1429037056,22699767851520,8064000,22699759787520,19068928,-1,0,357,0,0,2,0,0,0,0,0,0,0,0,270128715366718,7021260516,270121694106202,8176189920,247984111598080,7014793216,247977096804864,8169017344,22144603768638,6467300,22144597301338,24870008,8684306432,8684306432,0,8684306432,8652849152,8652849152,0,8652849152,31457280,31457280,0,31457280,357,357,0,357,342,342,0,342,15,15,0,15,,,,,,,,,,,,,,,,,,,,,,,,,,,,,,,,,,,,,,,,,,,,,,,,,,,,,,,,,,,,,,,,,,,,,,,,,,,,,,,,,,,,,,,,,,,,,,,,,,,,,,,,,,,,,,,,,,,,,,,,,,,,,,,,,,,,,,,,,,,,,,,,,,,,,,,,,,,,,,
,1049,,,,,,,,,,,,,,,,,,,,,,,,,,,,,,,,,,,,,,,,,,,,,,,,,,,,,,,,,,,,,,,,,,,,,,,,,,,,,,,,,,,,,,,,,,,,,,,,,,,,,,,,,,,,,,,,,,,,,,,,,,,106643865,2466,106641399,3000,38034279,886,38033393,1138,68609586,1580,68608006,1870,272637170380800,7032167424,272630138213376,8196704256,250482113548288,7025549312,250475087998976,8189383680,22155056832512,6618112,22155050214400,25021440,272637170380800,7032167424,272630138213376,8196704256,250482113548288,7025549312,250475087998976,8189383680,22155056832512,6618112,22155050214400,25021440,106643865,2466,106641399,3000,38034279,886,38033393,1138,68609586,1580,68608006,1870,66703448,165,66703283,256,23100190,103,23100087,157,43603258,62,43603196,119,269529796305920,261727232,269529534578688,1441801216,246827044112384,253665280,246826790447104,1429037056,22702752193536,8061952,22702744131584,19068928,-1,0,357,0,0,2,0,0,0,0,0,0,0,0,270155636748451,7021260532,270148615487919,8176189920,248008115563776,7014793216,248001100770560,8169017344,22147521184675,6467316,22147514717359,24870008,8684306432,8684306432,0,8684306432,8652849152,8652849152,0,8652849152,31457280,31457280,0,31457280,357,357,0,357,342,342,0,342,15,15,0,15,,,,,,,,,,,,,,,,,,,,,,,,,,,,,,,,,,,,
1.517959046659953e-06,1049,,,,,,,,,,,,,,,,,,,,,,,,,,,,,,,,,,,,,,,,,,,,,,,,,,,,,,,,,,,,,,,,,,,,,,,,,,,,,,,,,,,,,,,,,,,,,,,,,,,,,,,,,,,,,,,,,,,,,,,,,,,,,,,,,,,,,,,,,,,,,,,,,,,,,,,,,,,,,,,,,,,,,,,,,,,,,,,,,,,,,,,,,,,,,,,,,,,,,,,,,,,,,,,,,,,,,,,,,,,,,,,,,,,,,,,,,,,,,,,,,,,,,,,,,,,,,,,,,,,,,,,,,,,,,,,,,,,,,,,,
,1049,106643878,2462,106641416,3000,38034279,886,38033393,1138,68609599,1576,68608023,1870,272637170396672,7032165376,272630138231296,8196704256,250482113548288,7025549312,250475087998976,8189383680,22155056848384,6616064,22155050232320,25021440,272637170396672,7032165376,272630138231296,8196704256,250482113548288,7025549312,250475087998976,8189383680,22155056848384,6616064,22155050232320,25021440,106643878,2462,106641416,3000,38034279,886,38033393,1138,68609599,1576,68608023,1870,66703460,164,66703296,256,23100190,103,23100087,157,43603270,61,43603209,119,269529796323840,261729280,269529534594560,1441801216,246827044112384,253665280,246826790447104,1429037056,22702752211456,8064000,22702744147456,19068928,-1,0,357,0,0,2,0,0,0,0,0,0,0,0,270155636758527,7021260444,270148615498083,8176189920,248008115563776,7014793216,248001100770560,8169017344,22147521194751,6467228,22147514727523,24870008,8684306432,8684306432,0,8684306432,8652849152,8652849152,0,8652849152,31457280,31457280,0,31457280,357,357,0,357,342,342,0,342,15,15,0,15,,,,,,,,,,,,,,,,,,,,,,,,,,,,,,,,,,,,,,,,,,,,,,,,,,,,,,,,,,,,,,,,,,,,,,,,,,,,,,,,,,,,,,,,,,,,,,,,,,,,,,,,,,,,,,,,,,,,,,,,,,,,,,,,,,,,,,,,,,,,,,,,,,,,,,,,,,,,,,
,1049,,,,,,,,,,,,,,,,,,,,,,,,,,,,,,,,,,,,,,,,,,,,,,,,,,,,,,,,,,,,,,,,,,,,,,,,,,,,,,,,,,,,,,,,,,,,,,,,,,,,,,,,,,,,,,,,,,,,,,,,,,,106656798,2466,106654332,3000,38038583,886,38037697,1138,68618215,1580,68616635,1870,272666109047808,7032167424,272659076880384,8196704256,250508205142016,7025549312,250501179592704,8189383680,22157903905792,6618112,22157897287680,25021440,272666109047808,7032167424,272659076880384,8196704256,250508205142016,7025549312,250501179592704,8189383680,22157903905792,6618112,22157897287680,25021440,106656798,2466,106654332,3000,38038583,886,38037697,1138,68618215,1580,68616635,1870,66711296,167,66711129,256,23102450,103,23102347,157,43608846,64,43608782,119,269560337524736,261727232,269560075797504,1441801216,246854640740352,253665280,246854387075072,1429037056,22705696784384,8061952,22705688722432,19068928,-1,0,357,0,0,2,0,0,0,0,0,0,0,0,270184359882420,7021260460,270177338621960,8176189920,248033992540160,7014793216,248026977746944,8169017344,22150367342260,6467244,22150360875016,24870008,8684306432,8684306432,0,8684306432,8652849152,8652849152,0,8652849152,31457280,31457280,0,31457280,357,357,0,357,342,342,0,342,15,15,0,15,,,,,,,,,,,,,,,,,,,,,,,,,,,,,,,,,,,,
,1049,,,,,,,,,,,,,,,,,,,,,,,,,,,,,,,,,,,,,,,,,,,,,,,,,,,,,,,,,,,,,,,,,,,,,,,,,,,,,,,,,,,,,,,,,,,,,,,,,,,,,,,,,,,,,,,,,,,,,,,,,,,,,,,,,,,,,,,,,,,,,,,,,,,,,,,,,,,,,,,,,,,,,,,,,,,,,,,,,,,,,,,,,,,,,,,,,,,,,,,,,,,,,,,,,,,,,,,,,,,,,,,,,,,,,,,,,,,,,,,,,,,,,0.0017290115356445312,7.39960087230429e-05,0.0028389515355229378,1,,,,,,,,,,,,,,,,,,,,,,,,,,,,,,,,
1.484390735146022e-06,1099,,,,,,,,,,,,,,,,,,,,,,,,,,,,,,,,,,,,,,,,,,,,,,,,,,,,,,,,,,,,,,,,,,,,,,,,,,,,,,,,,,,,,,,,,,,,,,,,,,,,,,,,,,,,,,,,,,,,,,,,,,,,,,,,,,,,,,,,,,,,,,,,,,,,,,,,,,,,,,,,,,,,,,,,,,,,,,,,,,,,,,,,,,,,,,,,,,,,,,,,,,,,,,,,,,,,,,,,,,,,,,,,,,,,,,,,,,,,,,,,,,,,,,,,,,,,,,,,,,,,,,,,,,,,,,,,,,,,,,,,
,1099,111557347,2462,111554885,3000,39766720,886,39765834,1138,71790627,1576,71789051,1870,284967463168000,7030795776,284960432372224,8196704256,261770092997632,7024181248,261763068816384,8189383680,23197370170368,6614528,23197363555840,25021440,284967463168000,7030795776,284960432372224,8196704256,261770092997632,7024181248,261763068816384,8189383680,23197370170368,6614528,23197363555840,25021440,111557347,2462,111554885,3000,39766720,886,39765834,1138,71790627,1576,71789051,1870,69749982,141,69749841,256,24147654,99,24147555,157,45602328,42,45602286,119,281926624758272,258904576,281926365853696,1441801216,258159173223424,255033344,258158918190080,1429037056,23767451534848,3871232,23767447663616,19068928,-1,0,357,0,0,2,0,0,0,0,0,0,0,0,282366424556888,7021258536,282359403298352,8176189920,259176935669760,7014793216,259169920876544,8169017344,23189488887128,6465320,23189482421808,24870008,8684306432,8684306432,0,8684306432,8652849152,8652849152,0,8652849152,31457280,31457280,0,31457280,357,357,0,357,342,342,0,342,15,15,0,15,,,,,,,,,,,,,,,,,,,,,,,,,,,,,,,,,,,,,,,,,,,,,,,,,,,,,,,,,,,,,,,,,,,,,,,,,,,,,,,,,,,,,,,,,,,,,,,,,,,,,,,,,,,,,,,,,,,,,,,,,,,,,,,,,,,,,,,,,,,,,,,,,,,,,,,,,,,,,,
,1099,,,,,,,,,,,,,,,,,,,,,,,,,,,,,,,,,,,,,,,,,,,,,,,,,,,,,,,,,,,,,,,,,,,,,,,,,,,,,,,,,,,,,,,,,,,,,,,,,,,,,,,,,,,,,,,,,,,,,,,,,,,111569718,2466,111567252,3000,39770707,886,39769821,1138,71799011,1580,71797431,1870,284994404438016,7030543872,284987373894144,8196704256,261794210024448,7023927296,261787186097152,8189383680,23200194413568,6616576,23200187796992,25021440,284994404438016,7030543872,284987373894144,8196704256,261794210024448,7023927296,261787186097152,8189383680,23200194413568,6616576,23200187796992,25021440,111569718,2466,111567252,3000,39770707,886,39769821,1138,71799011,1580,71797431,1870,69758007,154,69757853,256,24149976,98,24149878,157,45608031,56,45607975,119,281953836853760,223504896,281953613348864,1441801216,258183423132672,219635712,258183203496960,1429037056,23770413721088,3869184,23770409851904,19068928,-1,0,357,0,0,2,0,0,0,0,0,0,0,0,282393191208897,7021258492,282386169950405,8176189920,259200878994176,7014793216,259193864200960,8169017344,23192312214721,6465276,23192305749445,24870008,8684306432,8684306432,0,8684306432,8652849152,8652849152,0,8652849152,31457280,31457280,0,31457280,357,357,0,357,342,342,0,342,15,15,0,15,,,,,,,,,,,,,,,,,,,,,,,,,,,,,,,,,,,,
1.484390735146022e-06,1099,,,,,,,,,,,,,,,,,,,,,,,,,,,,,,,,,,,,,,,,,,,,,,,,,,,,,,,,,,,,,,,,,,,,,,,,,,,,,,,,,,,,,,,,,,,,,,,,,,,,,,,,,,,,,,,,,,,,,,,,,,,,,,,,,,,,,,,,,,,,,,,,,,,,,,,,,,,,,,,,,,,,,,,,,,,,,,,,,,,,,,,,,,,,,,,,,,,,,,,,,,,,,,,,,,,,,,,,,,,,,,,,,,,,,,,,,,,,,,,,,,,,,,,,,,,,,,,,,,,,,,,,,,,,,,,,,,,,,,,,
,1099,111569731,2462,111567269,3000,39770707,886,39769821,1138,71799024,1576,71797448,1870,284994404456960,7030546432,284987373910528,8196704256,261794210024448,7023927296,261787186097152,8189383680,23200194432512,6619136,23200187813376,25021440,284994404456960,7030546432,284987373910528,8196704256,261794210024448,7023927296,261787186097152,8189383680,23200194432512,6619136,23200187813376,25021440,111569731,2462,111567269,3000,39770707,886,39769821,1138,71799024,1576,71797448,1870,69758018,152,69757866,256,24149976,98,24149878,157,45608042,54,45607988,119,281953836870144,223502336,281953613367808,1441801216,258183423132672,219635712,258183203496960,1429037056,23770413737472,3866624,23770409870848,19068928,-1,0,357,0,0,2,0,0,0,0,0,0,0,0,282393191222117,7021263588,282386169958529,8176189920,259200878994176,7014793216,259193864200960,8169017344,23192312227941,6470372,23192305757569,24870008,8684306432,8684306432,0,8684306432,8652849152,8652849152,0,8652849152,31457280,31457280,0,31457280,357,357,0,357,342,342,0,342,15,15,0,15,,,,,,,,,,,,,,,,,,,,,,,,,,,,,,,,,,,,,,,,,,,,,,,,,,,,,,,,,,,,,,,,,,,,,,,,,,,,,,,,,,,,,,,,,,,,,,,,,,,,,,,,,,,,,,,,,,,,,,,,,,,,,,,,,,,,,,,,,,,,,,,,,,,,,,,,,,,,,,
,1099,,,,,,,,,,,,,,,,,,,,,,,,,,,,,,,,,,,,,,,,,,,,,,,,,,,,,,,,,,,,,,,,,,,,,,,,,,,,,,,,,,,,,,,,,,,,,,,,,,,,,,,,,,,,,,,,,,,,,,,,,,,111582653,2466,111580187,3000,39777598,886,39776712,1138,71805055,1580,71803475,1870,285050129894400,7030548480,285043099345920,8196704256,261849101179904,7023927296,261842077252608,8189383680,23201028714496,6621184,23201022093312,25021440,285050129894400,7030548480,285043099345920,8196704256,261849101179904,7023927296,261842077252608,8189383680,23201028714496,6621184,23201022093312,25021440,111582653,2466,111580187,3000,39777598,886,39776712,1138,71805055,1580,71803475,1870,69766513,157,69766356,256,24155025,98,24154927,157,45611488,59,45611429,119,282002279019520,223500288,282002055519232,1441801216,258231031002112,219635712,258230811366400,1429037056,23771248017408,3864576,23771244152832,19068928,-1,0,357,0,0,2,0,0,0,0,0,0,0,0,282448524979248,7021263604,282441503715644,8176189920,259255379244544,7014793216,259248364451328,8169017344,23193145734704,6470388,23193139264316,24870008,8684306432,8684306432,0,8684306432,8652849152,8652849152,0,8652849152,31457280,31457280,0,31457280,357,357,0,357,342,342,0,342,15,15,0,15,,,,,,,,,,,,,,,,,,,,,,,,,,,,,,,,,,,,
1.484390735146022e-06,1099,,,,,,,,,,,,,,,,,,,,,,,,,,,,,,,,,,,,,,,,,,,,,,,,,,,,,,,,,,,,,,,,,,,,,,,,,,,,,,,,,,,,,,,,,,,,,,,,,,,,,,,,,,,,,,,,,,,,,,,,,,,,,,,,,,,,,,,,,,,,,,,,,,,,,,,,,,,,,,,,,,,,,,,,,,,,,,,,,,,,,,,,,,,,,,,,,,,,,,,,,,,,,,,,,,,,,,,,,,,,,,,,,,,,,,,,,,,,,,,,,,,,,,,,,,,,,,,,,,,,,,,,,,,,,,,,,,,,,,,,
,1099,111582666,2462,111580204,3000,39777598,886,39776712,1138,71805068,1576,71803492,1870,285050129907200,7030540288,285043099366912,8196704256,261849101179904,7023927296,261842077252608,8189383680,23201028727296,6612992,23201022114304,25021440,285050129907200,7030540288,285043099366912,8196704256,261849101179904,7023927296,261842077252608,8189383680,23201028727296,6612992,23201022114304,25021440,111582666,2462,111580204,3000,39777598,886,39776712,1138,71805068,1576,71803492,1870,69766523,153,69766370,256,24155025,98,24154927,157,45611498,55,45611443,119,282002279040512,223508480,282002055532032,1441801216,258231031002112,219635712,258230811366400,1429037056,23771248038400,3872768,23771244165632,19068928,-1,0,357,0,0,2,0,0,0,0,0,0,0,0,282448524985796,7021256916,282441503728880,8176189920,259255379244544,7014793216,259248364451328,8169017344,23193145741252,6463700,23193139277552,24870008,8684306432,8684306432,0,8684306432,8652849152,8652849152,0,8652849152,31457280,31457280,0,31457280,357,357,0,357,342,342,0,342,15,15,0,15,,,,,,,,,,,,,,,,,,,,,,,,,,,,,,,,,,,,,,,,,,,,,,,,,,,,,,,,,,,,,,,,,,,,,,,,,,,,,,,,,,,,,,,,,,,,,,,,,,,,,,,,,,,,,,,,,,,,,,,,,,,,,,,,,,,,,,,,,,,,,,,,,,,,,,,,,,,,,,
,1099,,,,,,,,,,,,,,,,,,,,,,,,,,,,,,,,,,,,,,,,,,,,,,,,,,,,,,,,,,,,,,,,,,,,,,,,,,,,,,,,,,,,,,,,,,,,,,,,,,,,,,,,,,,,,,,,,,,,,,,,,,,111595037,2466,111592571,3000,39781681,886,39780795,1138,71813356,1580,71811776,1870,285077785934848,7030542336,285070755392512,8196704256,261873786989568,7023927296,261866763062272,8189383680,23203998945280,6615040,23203992330240,25021440,285077785934848,7030542336,285070755392512,8196704256,261873786989568,7023927296,261866763062272,8189383680,23203998945280,6615040,23203992330240,25021440,111595037,2466,111592571,3000,39781681,886,39780795,1138,71813356,1580,71811776,1870,69774784,155,69774629,256,24157433,98,24157335,157,45617351,57,45617294,119,282031633865728,223506432,282031410359296,1441801216,258257208460288,219635712,258256988824576,1429037056,23774425405440,3870720,23774421534720,19068928,-1,0,357,0,0,2,0,0,0,0,0,0,0,0,282475748619403,7021256932,282468727362471,8176189920,259279633492224,7014793216,259272618699008,8169017344,23196115127179,6463716,23196108663463,24870008,8684306432,8684306432,0,8684306432,8652849152,8652849152,0,8652849152,31457280,31457280,0,31457280,357,357,0,357,342,342,0,342,15,15,0,15,,,,,,,,,,,,,,,,,,,,,,,,,,,,,,,,,,,,
1.484390735146022e-06,1099,,,,,,,,,,,,,,,,,,,,,,,,,,,,,,,,,,,,,,,,,,,,,,,,,,,,,,,,,,,,,,,,,,,,,,,,,,,,,,,,,,,,,,,,,,,,,,,,,,,,,,,,,,,,,,,,,,,,,,,,,,,,,,,,,,,,,,,,,,,,,,,,,,,,,,,,,,,,,,,,,,,,,,,,,,,,,,,,,,,,,,,,,,,,,,,,,,,,,,,,,,,,,,,,,,,,,,,,,,,,,,,,,,,,,,,,,,,,,,,,,,,,,,,,,,,,,,,,,,,,,,,,,,,,,,,,,,,,,,,,
,1099,111595050,2462,111592588,3000,39781681,886,39780795,1138,71813369,1576,71811793,1870,285077785955328,7030547968,285070755407360,8196704256,261873786989568,7023927296,261866763062272,8189383680,23203998965760,6620672,23203992345088,25021440,285077785955328,7030547968,285070755407360,8196704256,261873786989568,7023927296,261866763062272,8189383680,23203998965760,6620672,23203992345088,25021440,111595050,2462,111592588,3000,39781681,886,39780795,1138,71813369,1576,71811793,1870,69774798,157,69774641,256,24157433,98,24157335,157,45617365,59,45617306,119,282031633880576,223500800,282031410379776,1441801216,258257208460288,219635712,258256988824576,1429037056,23774425420288,3865088,23774421555200,19068928,-1,0,357,0,0,2,0,0,0,0,0,0,0,0,282475748633871,7021264836,282468727369035,8176189920,259279633492224,7014793216,259272618699008,8169017344,23196115141647,6471620,23196108670027,24870008,8684306432,8684306432,0,8684306432,8652849152,8652849152,0,8652849152,31457280,31457280,0,31457280,357,357,0,357,342,342,0,342,15,15,0,15,,,,,,,,,,,,,,,,,,,,,,,,,,,,,,,,,,,,,,,,,,,,,,,,,,,,,,,,,,,,,,,,,,,,,,,,,,,,,,,,,,,,,,,,,,,,,,,,,,,,,,,,,,,,,,,,,,,,,,,,,,,,,,,,,,,,,,,,,,,,,,,,,,,,,,,,,,,,,,
,1099,,,,,,,,,,,,,,,,,,,,,,,,,,,,,,,,,,,,,,,,,,,,,,,,,,,,,,,,,,,,,,,,,,,,,,,,,,,,,,,,,,,,,,,,,,,,,,,,,,,,,,,,,,,,,,,,,,,,,,,,,,,111607924,2466,111605458,3000,39788572,886,39787686,1138,71819352,1580,71817772,1870,285133053613056,7030550016,285126023063040,8196704256,261928250510336,7023927296,261921226583040,8189383680,23204803102720,6622720,23204796480000,25021440,285133053613056,7030550016,285126023063040,8196704256,261928250510336,7023927296,261921226583040,8189383680,23204803102720,6622720,23204796480000,25021440,111607924,2466,111605458,3000,39788572,886,39787686,1138,71819352,1580,71817772,1870,69783753,156,69783597,256,24162538,98,24162440,157,45621215,58,45621157,119,282079349421568,223498752,282079125922816,1441801216,258304119866368,219635712,258303900230656,1429037056,23775229555200,3863040,23775225692160,19068928,-1,0,357,0,0,2,0,0,0,0,0,0,0,0,282530596986993,7021264912,282523575722081,8176189920,259333678533632,7014793216,259326663740416,8169017344,23196918453361,6471696,23196911981665,24870008,8684306432,8684306432,0,8684306432,8652849152,8652849152,0,8652849152,31457280,31457280,0,31457280,357,357,0,357,342,342,0,342,15,15,0,15,,,,,,,,,,,,,,,,,,,,,,,,,,,,,,,,,,,,
1.484390735146022e-06,1099,,,,,,,,,,,,,,,,,,,,,,,,,,,,,,,,,,,,,,,,,,,,,,,,,,,,,,,,,,,,,,,,,,,,,,,,,,,,,,,,,,,,,,,,,,,,,,,,,,,,,,,,,,,,,,,,,,,,,,,,,,,,,,,,,,,,,,,,,,,,,,,,,,,,,,,,,,,,,,,,,,,,,,,,,,,,,,,,,,,,,,,,,,,,,,,,,,,,,,,,,,,,,,,,,,,,,,,,,,,,,,,,,,,,,,,,,,,,,,,,,,,,,,,,,,,,,,,,,,,,,,,,,,,,,,,,,,,,,,,,
,1099,111607937,2462,111605475,3000,39788572,886,39787686,1138,71819365,1576,71817789,1870,285133053624320,7030538752,285126023085568,8196704256,261928250510336,7023927296,261921226583040,8189383680,23204803113984,6611456,23204796502528,25021440,285133053624320,7030538752,285126023085568,8196704256,261928250510336,7023927296,261921226583040,8189383680,23204803113984,6611456,23204796502528,25021440,111607937,2462,111605475,3000,39788572,886,39787686,1138,71819365,1576,71817789,1870,69783766,154,69783612,256,24162538,98,24162440,157,45621228,56,45621172,119,282079349444096,223510016,282079125934080,1441801216,258304119866368,219635712,258303900230656,1429037056,23775229577728,3874304,23775225703424,19068928,-1,0,357,0,0,2,0,0,0,0,0,0,0,0,282530596993205,7021256640,282523575736565,8176189920,259333678533632,7014793216,259326663740416,8169017344,23196918459573,6463424,23196911996149,24870008,8684306432,8684306432,0,8684306432,8652849152,8652849152,0,8652849152,31457280,31457280,0,31457280,357,357,0,357,342,342,0,342,15,15,0,15,,,,,,,,,,,,,,,,,,,,,,,,,,,,,,,,,,,,,,,,,,,,,,,,,,,,,,,,,,,,,,,,,,,,,,,,,,,,,,,,,,,,,,,,,,,,,,,,,,,,,,,,,,,,,,,,,,,,,,,,,,,,,,,,,,,,,,,,,,,,,,,,,,,,,,,,,,,,,,
,1099,,,,,,,,,,,,,,,,,,,,,,,,,,,,,,,,,,,,,,,,,,,,,,,,,,,,,,,,,,,,,,,,,,,,,,,,,,,,,,,,,,,,,,,,,,,,,,,,,,,,,,,,,,,,,,,,,,,,,,,,,,,111620259,2466,111617793,3000,39792650,886,39791764,1138,71827609,1580,71826029,1870,285160708664832,7030540800,285153678124032,8196704256,261952930192384,7023927296,261945906265088,8189383680,23207778472448,6613504,23207771858944,25021440,285160708664832,7030540800,285153678124032,8196704256,261952930192384,7023927296,261945906265088,8189383680,23207778472448,6613504,23207771858944,25021440,111620259,2466,111617793,3000,39792650,886,39791764,1138,71827609,1580,71826029,1870,69792060,155,69791905,256,24164941,98,24164843,157,45627119,57,45627062,119,282108703323136,223507968,282108479815168,1441801216,258330291196928,219635712,258330071561216,1429037056,23778412126208,3872256,23778408253952,19068928,-1,0,357,0,0,2,0,0,0,0,0,0,0,0,282557820344973,7021256656,282550799088317,8176189920,259357927333632,7014793216,259350912540416,8169017344,23199893011341,6463440,23199886547901,24870008,8684306432,8684306432,0,8684306432,8652849152,8652849152,0,8652849152,31457280,31457280,0,31457280,357,357,0,357,342,342,0,342,15,15,0,15,,,,,,,,,,,,,,,,,,,,,,,,,,,,,,,,,,,,
1.484390735146022e-06,1099,,,,,,,,,,,,,,,,,,,,,,,,,,,,,,,,,,,,,,,,,,,,,,,,,,,,,,,,,,,,,,,,,,,,,,,,,,,,,,,,,,,,,,,,,,,,,,,,,,,,,,,,,,,,,,,,,,,,,,,,,,,,,,,,,,,,,,,,,,,,,,,,,,,,,,,,,,,,,,,,,,,,,,,,,,,,,,,,,,,,,,,,,,,,,,,,,,,,,,,,,,,,,,,,,,,,,,,,,,,,,,,,,,,,,,,,,,,,,,,,,,,,,,,,,,,,,,,,,,,,,,,,,,,,,,,,,,,,,,,,
,1099,111620272,2462,111617810,3000,39792650,886,39791764,1138,71827622,1576,71826046,1870,285160708677632,7030540288,285153678137344,8196704256,261952930192384,7023927296,261945906265088,8189383680,23207778485248,6612992,23207771872256,25021440,285160708677632,7030540288,285153678137344,8196704256,261952930192384,7023927296,261945906265088,8189383680,23207778485248,6612992,23207771872256,25021440,111620272,2462,111617810,3000,39792650,886,39791764,1138,71827622,1576,71826046,1870,69792073,154,69791919,256,24164941,98,24164843,157,45627132,56,45627076,119,282108703336448,223508480,282108479827968,1441801216,258330291196928,219635712,258330071561216,1429037056,23778412139520,3872768,23778408266752,19068928,-1,0,357,0,0,2,0,0,0,0,0,0,0,0,282557820351737,7021257192,282550799094545,8176189920,259357927333632,7014793216,259350912540416,8169017344,23199893018105,6463976,23199886554129,24870008,8684306432,8684306432,0,8684306432,8652849152,8652849152,0,8652849152,31457280,31457280,0,31457280,357,357,0,357,342,342,0,342,15,15,0,15,,,,,,,,,,,,,,,,,,,,,,,,,,,,,,,,,,,,,,,,,,,,,,,,,,,,,,,,,,,,,,,,,,,,,,,,,,,,,,,,,,,,,,,,,,,,,,,,,,,,,,,,,,,,,,,,,,,,,,,,,,,,,,,,,,,,,,,,,,,,,,,,,,,,,,,,,,,,,,
,1099,,,,,,,,,,,,,,,,,,,,,,,,,,,,,,,,,,,,,,,,,,,,,,,,,,,,,,,,,,,,,,,,,,,,,,,,,,,,,,,,,,,,,,,,,,,,,,,,,,,,,,,,,,,,,,,,,,,,,,,,,,,111632594,2466,111630128,3000,39796733,886,39795847,1138,71835861,1580,71834281,1870,285188184717312,7030542336,285181154174976,8196704256,261977548393472,7023927296,261970524466176,8189383680,23210636323840,6615040,23210629708800,25021440,285188184717312,7030542336,285181154174976,8196704256,261977548393472,7023927296,261970524466176,8189383680,23210636323840,6615040,23210629708800,25021440,111632594,2466,111630128,3000,39796733,886,39795847,1138,71835861,1580,71834281,1870,69800469,155,69800314,256,24167374,98,24167276,157,45633095,57,45633038,119,282137858217984,223506432,282137634711552,1441801216,258356433363968,219635712,258356213728256,1429037056,23781424854016,3870720,23781420983296,19068928,-1,0,357,0,0,2,0,0,0,0,0,0,0,0,282584814962808,7021257208,282577793705600,8176189920,259382064980480,7014793216,259375050187264,8169017344,23202749982328,6463992,23202743518336,24870008,8684306432,8684306432,0,8684306432,8652849152,8652849152,0,8652849152,31457280,31457280,0,31457280,357,357,0,357,342,342,0,342,15,15,0,15,,,,,,,,,,,,,,,,,,,,,,,,,,,,,,,,,,,,
1.484390735146022e-06,1099,,,,,,,,,,,,,,,,,,,,,,,,,,,,,,,,,,,,,,,,,,,,,,,,,,,,,,,,,,,,,,,,,,,,,,,,,,,,,,,,,,,,,,,,,,,,,,,,,,,,,,,,,,,,,,,,,,,,,,,,,,,,,,,,,,,,,,,,,,,,,,,,,,,,,,,,,,,,,,,,,,,,,,,,,,,,,,,,,,,,,,,,,,,,,,,,,,,,,,,,,,,,,,,,,,,,,,,,,,,,,,,,,,,,,,,,,,,,,,,,,,,,,,,,,,,,,,,,,,,,,,,,,,,,,,,,,,,,,,,,
,1099,111632607,2462,111630145,3000,39796733,886,39795847,1138,71835874,1576,71834298,1870,285188184727040,7030537216,285181154189824,8196704256,261977548393472,7023927296,261970524466176,8189383680,23210636333568,6609920,23210629723648,25021440,285188184727040,7030537216,285181154189824,8196704256,261977548393472,7023927296,261970524466176,8189383680,23210636333568,6609920,23210629723648,25021440,111632607,2462,111630145,3000,39796733,886,39795847,1138,71835874,1576,71834298,1870,69800483,155,69800328,256,24167374,98,24167276,157,45633109,57,45633052,119,282137858232832,223511552,282137634721280,1441801216,258356433363968,219635712,258356213728256,1429037056,23781424868864,3875840,23781420993024,19068928,-1,0,357,0,0,2,0,0,0,0,0,0,0,0,282584814967508,7021255128,282577793712380,8176189920,259382064980480,7014793216,259375050187264,8169017344,23202749987028,6461912,23202743525116,24870008,8684306432,8684306432,0,8684306432,8652849152,8652849152,0,8652849152,31457280,31457280,0,31457280,357,357,0,357,342,342,0,342,15,15,0,15,,,,,,,,,,,,,,,,,,,,,,,,,,,,,,,,,,,,,,,,,,,,,,,,,,,,,,,,,,,,,,,,,,,,,,,,,,,,,,,,,,,,,,,,,,,,,,,,,,,,,,,,,,,,,,,,,,,,,,,,,,,,,,,,,,,,,,,,,,,,,,,,,,,,,,,,,,,,,,
,1099,,,,,,,,,,,,,,,,,,,,,,,,,,,,,,,,,,,,,,,,,,,,,,,,,,,,,,,,,,,,,,,,,,,,,,,,,,,,,,,,,,,,,,,,,,,,,,,,,,,,,,,,,,,,,,,,,,,,,,,,,,,111644929,2466,111642463,3000,39800715,886,39799829,1138,71844214,1580,71842634,1870,285215574700544,7030539264,285208544161280,8196704256,262002016779264,7023927296,261994992851968,8189383680,23213557921280,6611968,23213551309312,25021440,285215574700544,7030539264,285208544161280,8196704256,262002016779264,7023927296,261994992851968,8189383680,23213557921280,6611968,23213551309312,25021440,111644929,2466,111642463,3000,39800715,886,39799829,1138,71844214,1580,71842634,1870,69808018,156,69807862,256,24169705,98,24169607,157,45638313,58,45638255,119,282166816939520,223509504,282166593430016,1441801216,258382439896064,219635712,258382220260352,1429037056,23784377043456,3873792,23784373169664,19068928,-1,0,357,0,0,2,0,0,0,0,0,0,0,0,282611731277409,7021255144,282604710022265,8176189920,259406060549376,7014793216,259399045756160,8169017344,23205670728033,6461928,23205664266105,24870008,8684306432,8684306432,0,8684306432,8652849152,8652849152,0,8652849152,31457280,31457280,0,31457280,357,357,0,357,342,342,0,342,15,15,0,15,,,,,,,,,,,,,,,,,,,,,,,,,,,,,,,,,,,,
1.484390735146022e-06,1099,,,,,,,,,,,,,,,,,,,,,,,,,,,,,,,,,,,,,,,,,,,,,,,,,,,,,,,,,,,,,,,,,,,,,,,,,,,,,,,,,,,,,,,,,,,,,,,,,,,,,,,,,,,,,,,,,,,,,,,,,,,,,,,,,,,,,,,,,,,,,,,,,,,,,,,,,,,,,,,,,,,,,,,,,,,,,,,,,,,,,,,,,,,,,,,,,,,,,,,,,,,,,,,,,,,,,,,,,,,,,,,,,,,,,,,,,,,,,,,,,,,,,,,,,,,,,,,,,,,,,,,,,,,,,,,,,,,,,,,,
,1099,111644942,2462,111642480,3000,39800715,886,39799829,1138,71844227,1576,71842651,1870,285215574711808,7030538752,285208544173056,8196704256,262002016779264,7023927296,261994992851968,8189383680,23213557932544,6611456,23213551321088,25021440,285215574711808,7030538752,285208544173056,8196704256,262002016779264,7023927296,261994992851968,8189383680,23213557932544,6611456,23213551321088,25021440,111644942,2462,111642480,3000,39800715,886,39799829,1138,71844227,1576,71842651,1870,69808032,156,69807876,256,24169705,98,24169607,157,45638327,58,45638269,119,282166816951296,223510016,282166593441280,1441801216,258382439896064,219635712,258382220260352,1429037056,23784377055232,3874304,23784373180928,19068928,-1,0,357,0,0,2,0,0,0,0,0,0,0,0,282611731283693,7021256712,282604710026981,8176189920,259406060549376,7014793216,259399045756160,8169017344,23205670734317,6463496,23205664270821,24870008,8684306432,8684306432,0,8684306432,8652849152,8652849152,0,8652849152,31457280,31457280,0,31457280,357,357,0,357,342,342,0,342,15,15,0,15,,,,,,,,,,,,,,,,,,,,,,,,,,,,,,,,,,,,,,,,,,,,,,,,,,,,,,,,,,,,,,,,,,,,,,,,,,,,,,,,,,,,,,,,,,,,,,,,,,,,,,,,,,,,,,,,,,,,,,,,,,,,,,,,,,,,,,,,,,,,,,,,,,,,,,,,,,,,,,
,1099,,,,,,,,,,,,,,,,,,,,,,,,,,,,,,,,,,,,,,,,,,,,,,,,,,,,,,,,,,,,,,,,,,,,,,,,,,,,,,,,,,,,,,,,,,,,,,,,,,,,,,,,,,,,,,,,,,,,,,,,,,,111657813,2466,111655347,3000,39805014,886,39804128,1138,71852799,1580,71851219,1870,285245051570176,7030540800,285238021029376,8196704256,262028479142912,7023927296,262021455215616,8189383680,23216572427264,6613504,23216565813760,25021440,285245051570176,7030540800,285238021029376,8196704256,262028479142912,7023927296,262021455215616,8189383680,23216572427264,6613504,23216565813760,25021440,111657813,2466,111655347,3000,39805014,886,39804128,1138,71852799,1580,71851219,1870,69816343,155,69816188,256,24172159,98,24172061,157,45644184,57,45644127,119,282197796407808,223507968,282197572899840,1441801216,258410276074496,219635712,258410056438784,1429037056,23787520333312,3872256,23787516461056,19068928,-1,0,357,0,0,2,0,0,0,0,0,0,0,0,282640782156765,7021256728,282633760900037,8176189920,259432097716224,7014793216,259425082923008,8169017344,23208684440541,6463512,23208677977029,24870008,8684306432,8684306432,0,8684306432,8652849152,8652849152,0,8652849152,31457280,31457280,0,31457280,357,357,0,357,342,342,0,342,15,15,0,15,,,,,,,,,,,,,,,,,,,,,,,,,,,,,,,,,,,,
,1099,,,,,,,,,,,,,,,,,,,,,,,,,,,,,,,,,,,,,,,,,,,,,,,,,,,,,,,,,,,,,,,,,,,,,,,,,,,,,,,,,,,,,,,,,,,,,,,,,,,,,,,,,,,,,,,,,,,,,,,,,,,,,,,,,,,,,,,,,,,,,,,,,,,,,,,,,,,,,,,,,,,,,,,,,,,,,,,,,,,,,,,,,,,,,,,,,,,,,,,,,,,,,,,,,,,,,,,,,,,,,,,,,,,,,,,,,,,,,,,,,,,,,0.00010085105895996094,6.0558319091796875e-05,0.001009225845336914,1,,,,,,,,,,,,,,,,,,,,,,,,,,,,,,,,
1.4508224236320912e-06,1149,,,,,,,,,,,,,,,,,,,,,,,,,,,,,,,,,,,,,,,,,,,,,,,,,,,,,,,,,,,,,,,,,,,,,,,,,,,,,,,,,,,,,,,,,,,,,,,,,,,,,,,,,,,,,,,,,,,,,,,,,,,,,,,,,,,,,,,,,,,,,,,,,,,,,,,,,,,,,,,,,,,,,,,,,,,,,,,,,,,,,,,,,,,,,,,,,,,,,,,,,,,,,,,,,,,,,,,,,,,,,,,,,,,,,,,,,,,,,,,,,,,,,,,,,,,,,,,,,,,,,,,,,,,,,,,,,,,,,,,,
,1149,116560238,2462,116557776,3000,41549774,886,41548888,1138,75010464,1576,75008888,1870,297684903399424,7032052736,297677871346688,8196704256,273435490808832,7025442816,273428465366016,8189383680,24249412590592,6609920,24249405980672,25021440,297684903399424,7032052736,297677871346688,8196704256,273435490808832,7025442816,273428465366016,8189383680,24249412590592,6609920,24249405980672,25021440,116560238,2462,116557776,3000,41549774,886,41548888,1138,75010464,1576,75008888,1870,72856244,138,72856106,256,25218022,97,25217925,157,47638222,41,47638181,119,294629011947520,224093184,294628787854336,1441801216,269782435064832,218120192,269782216944640,1429037056,24846576882688,5972992,24846570909696,19068928,-1,0,357,0,0,2,0,0,0,0,0,0,0,0,294972198904260,7021254156,294965177650104,8176189920,270731016140800,7014793216,270724001347584,8169017344,24241182763460,6460940,24241176302520,24870008,8684306432,8684306432,0,8684306432,8652849152,8652849152,0,8652849152,31457280,31457280,0,31457280,357,357,0,357,342,342,0,342,15,15,0,15,,,,,,,,,,,,,,,,,,,,,,,,,,,,,,,,,,,,,,,,,,,,,,,,,,,,,,,,,,,,,,,,,,,,,,,,,,,,,,,,,,,,,,,,,,,,,,,,,,,,,,,,,,,,,,,,,,,,,,,,,,,,,,,,,,,,,,,,,,,,,,,,,,,,,,,,,,,,,,
,1149,,,,,,,,,,,,,,,,,,,,,,,,,,,,,,,,,,,,,,,,,,,,,,,,,,,,,,,,,,,,,,,,,,,,,,,,,,,,,,,,,,,,,,,,,,,,,,,,,,,,,,,,,,,,,,,,,,,,,,,,,,,116572560,2466,116570094,3000,41553852,886,41552966,1138,75018708,1580,75017128,1870,297712357837824,7035421696,297705322416128,8196704256,273459997099008,7028809728,273452968289280,8189383680,24252360738816,6611968,24252354126848,25021440,297712357837824,7035421696,297705322416128,8196704256,273459997099008,7028809728,273452968289280,8189383680,24252360738816,6611968,24252354126848,25021440,116572560,2466,116570094,3000,41553852,886,41552966,1138,75018708,1580,75017128,1870,72863778,153,72863625,256,25220473,103,25220370,157,47643305,50,47643255,119,294656483001344,258472960,294656224528384,1441801216,269806890736640,250404864,269806640331776,1429037056,24849592264704,8068096,24849584196608,19068928,-1,0,357,0,0,2,0,0,0,0,0,0,0,0,294999369077377,7021254232,294992347823145,8176189920,270755238988544,7014793216,270748224195328,8169017344,24244130088833,6461016,24244123627817,24870008,8684306432,8684306432,0,8684306432,8652849152,8652849152,0,8652849152,31457280,31457280,0,31457280,357,357,0,357,342,342,0,342,15,15,0,15,,,,,,,,,,,,,,,,,,,,,,,,,,,,,,,,,,,,
1.4508224236320912e-06,1149,,,,,,,,,,,,,,,,,,,,,,,,,,,,,,,,,,,,,,,,,,,,,,,,,,,,,,,,,,,,,,,,,,,,,,,,,,,,,,,,,,,,,,,,,,,,,,,,,,,,,,,,,,,,,,,,,,,,,,,,,,,,,,,,,,,,,,,,,,,,,,,,,,,,,,,,,,,,,,,,,,,,,,,,,,,,,,,,,,,,,,,,,,,,,,,,,,,,,,,,,,,,,,,,,,,,,,,,,,,,,,,,,,,,,,,,,,,,,,,,,,,,,,,,,,,,,,,,,,,,,,,,,,,,,,,,,,,,,,,,
,1149,116572573,2462,116570111,3000,41553852,886,41552966,1138,75018721,1576,75017145,1870,297712357850624,7035422720,297705322427904,8196704256,273459997099008,7028809728,273452968289280,8189383680,24252360751616,6612992,24252354138624,25021440,297712357850624,7035422720,297705322427904,8196704256,273459997099008,7028809728,273452968289280,8189383680,24252360751616,6612992,24252354138624,25021440,116572573,2462,116570111,3000,41553852,886,41552966,1138,75018721,1576,75017145,1870,72863789,150,72863639,256,25220473,103,25220370,157,47643316,47,47643269,119,294656483013120,258471936,294656224541184,1441801216,269806890736640,250404864,269806640331776,1429037056,24849592276480,8067072,24849584209408,19068928,-1,0,357,0,0,2,0,0,0,0,0,0,0,0,294999369084477,7021257528,294992347826949,8176189920,270755238988544,7014793216,270748224195328,8169017344,24244130095933,6464312,24244123631621,24870008,8684306432,8684306432,0,8684306432,8652849152,8652849152,0,8652849152,31457280,31457280,0,31457280,357,357,0,357,342,342,0,342,15,15,0,15,,,,,,,,,,,,,,,,,,,,,,,,,,,,,,,,,,,,,,,,,,,,,,,,,,,,,,,,,,,,,,,,,,,,,,,,,,,,,,,,,,,,,,,,,,,,,,,,,,,,,,,,,,,,,,,,,,,,,,,,,,,,,,,,,,,,,,,,,,,,,,,,,,,,,,,,,,,,,,
,1149,,,,,,,,,,,,,,,,,,,,,,,,,,,,,,,,,,,,,,,,,,,,,,,,,,,,,,,,,,,,,,,,,,,,,,,,,,,,,,,,,,,,,,,,,,,,,,,,,,,,,,,,,,,,,,,,,,,,,,,,,,,116584943,2466,116582477,3000,41557839,886,41556953,1138,75027104,1580,75025524,1870,297739244572160,7035424768,297732209147392,8196704256,273484122100736,7028809728,273477093291008,8189383680,24255122471424,6615040,24255115856384,25021440,297739244572160,7035424768,297732209147392,8196704256,273484122100736,7028809728,273477093291008,8189383680,24255122471424,6615040,24255115856384,25021440,116584943,2466,116582477,3000,41557839,886,41556953,1138,75027104,1580,75025524,1870,72870846,151,72870695,256,25222606,103,25222503,157,47648240,48,47648192,119,294686439660032,258469888,294686181190144,1441801216,269834085665792,250404864,269833835260928,1429037056,24852353994240,8065024,24852345929216,19068928,-1,0,357,0,0,2,0,0,0,0,0,0,0,0,295026032982739,7021257484,295019011725255,8176189920,270779142110720,7014793216,270772127317504,8169017344,24246890872019,6464268,24246884407751,24870008,8684306432,8684306432,0,8684306432,8652849152,8652849152,0,8652849152,31457280,31457280,0,31457280,357,357,0,357,342,342,0,342,15,15,0,15,,,,,,,,,,,,,,,,,,,,,,,,,,,,,,,,,,,,
1.4508224236320912e-06,1149,,,,,,,,,,,,,,,,,,,,,,,,,,,,,,,,,,,,,,,,,,,,,,,,,,,,,,,,,,,,,,,,,,,,,,,,,,,,,,,,,,,,,,,,,,,,,,,,,,,,,,,,,,,,,,,,,,,,,,,,,,,,,,,,,,,,,,,,,,,,,,,,,,,,,,,,,,,,,,,,,,,,,,,,,,,,,,,,,,,,,,,,,,,,,,,,,,,,,,,,,,,,,,,,,,,,,,,,,,,,,,,,,,,,,,,,,,,,,,,,,,,,,,,,,,,,,,,,,,,,,,,,,,,,,,,,,,,,,,,,
,1149,116584956,2462,116582494,3000,41557839,886,41556953,1138,75027117,1576,75025541,1870,297739244584960,7035422720,297732209162240,8196704256,273484122100736,7028809728,273477093291008,8189383680,24255122484224,6612992,24255115871232,25021440,297739244584960,7035422720,297732209162240,8196704256,273484122100736,7028809728,273477093291008,8189383680,24255122484224,6612992,24255115871232,25021440,116584956,2462,116582494,3000,41557839,886,41556953,1138,75027117,1576,75025541,1870,72870859,152,72870707,256,25222606,103,25222503,157,47648253,49,47648204,119,294686439674880,258471936,294686181202944,1441801216,269834085665792,250404864,269833835260928,1429037056,24852354009088,8067072,24852345942016,19068928,-1,0,357,0,0,2,0,0,0,0,0,0,0,0,295026032990079,7021257708,295019011732371,8176189920,270779142110720,7014793216,270772127317504,8169017344,24246890879359,6464492,24246884414867,24870008,8684306432,8684306432,0,8684306432,8652849152,8652849152,0,8652849152,31457280,31457280,0,31457280,357,357,0,357,342,342,0,342,15,15,0,15,,,,,,,,,,,,,,,,,,,,,,,,,,,,,,,,,,,,,,,,,,,,,,,,,,,,,,,,,,,,,,,,,,,,,,,,,,,,,,,,,,,,,,,,,,,,,,,,,,,,,,,,,,,,,,,,,,,,,,,,,,,,,,,,,,,,,,,,,,,,,,,,,,,,,,,,,,,,,,
,1149,,,,,,,,,,,,,,,,,,,,,,,,,,,,,,,,,,,,,,,,,,,,,,,,,,,,,,,,,,,,,,,,,,,,,,,,,,,,,,,,,,,,,,,,,,,,,,,,,,,,,,,,,,,,,,,,,,,,,,,,,,,116597278,2466,116594812,3000,41561826,886,41560940,1138,75035452,1580,75033872,1870,297766254348288,7035424768,297759218923520,8196704256,273508292051968,7028809728,273501263242240,8189383680,24257962296320,6615040,24257955681280,25021440,297766254348288,7035424768,297759218923520,8196704256,273508292051968,7028809728,273501263242240,8189383680,24257962296320,6615040,24257955681280,25021440,116597278,2466,116594812,3000,41561826,886,41560940,1138,75035452,1580,75033872,1870,72878140,152,72877988,256,25224751,103,25224648,157,47653389,49,47653340,119,294716515529728,258469888,294716257059840,1441801216,269861312273408,250404864,269861061868544,1429037056,24855203256320,8065024,24855195191296,19068928,-1,0,357,0,0,2,0,0,0,0,0,0,0,0,295052824418176,7021257784,295045803160392,8176189920,270803094610176,7014793216,270796079816960,8169017344,24249729808000,6464568,24249723343432,24870008,8684306432,8684306432,0,8684306432,8652849152,8652849152,0,8652849152,31457280,31457280,0,31457280,357,357,0,357,342,342,0,342,15,15,0,15,,,,,,,,,,,,,,,,,,,,,,,,,,,,,,,,,,,,
1.4508224236320912e-06,1149,,,,,,,,,,,,,,,,,,,,,,,,,,,,,,,,,,,,,,,,,,,,,,,,,,,,,,,,,,,,,,,,,,,,,,,,,,,,,,,,,,,,,,,,,,,,,,,,,,,,,,,,,,,,,,,,,,,,,,,,,,,,,,,,,,,,,,,,,,,,,,,,,,,,,,,,,,,,,,,,,,,,,,,,,,,,,,,,,,,,,,,,,,,,,,,,,,,,,,,,,,,,,,,,,,,,,,,,,,,,,,,,,,,,,,,,,,,,,,,,,,,,,,,,,,,,,,,,,,,,,,,,,,,,,,,,,,,,,,,,
,1149,116597291,2462,116594829,3000,41561826,886,41560940,1138,75035465,1576,75033889,1870,297766254359552,7035421184,297759218938368,8196704256,273508292051968,7028809728,273501263242240,8189383680,24257962307584,6611456,24257955696128,25021440,297766254359552,7035421184,297759218938368,8196704256,273508292051968,7028809728,273501263242240,8189383680,24257962307584,6611456,24257955696128,25021440,116597291,2462,116594829,3000,41561826,886,41560940,1138,75035465,1576,75033889,1870,72878153,152,72878001,256,25224751,103,25224648,157,47653402,49,47653353,119,294716515544576,258473472,294716257071104,1441801216,269861312273408,250404864,269861061868544,1429037056,24855203271168,8068608,24855195202560,19068928,-1,0,357,0,0,2,0,0,0,0,0,0,0,0,295052824423356,7021255608,295045803167748,8176189920,270803094610176,7014793216,270796079816960,8169017344,24249729813180,6462392,24249723350788,24870008,8684306432,8684306432,0,8684306432,8652849152,8652849152,0,8652849152,31457280,31457280,0,31457280,357,357,0,357,342,342,0,342,15,15,0,15,,,,,,,,,,,,,,,,,,,,,,,,,,,,,,,,,,,,,,,,,,,,,,,,,,,,,,,,,,,,,,,,,,,,,,,,,,,,,,,,,,,,,,,,,,,,,,,,,,,,,,,,,,,,,,,,,,,,,,,,,,,,,,,,,,,,,,,,,,,,,,,,,,,,,,,,,,,,,,
,1149,,,,,,,,,,,,,,,,,,,,,,,,,,,,,,,,,,,,,,,,,,,,,,,,,,,,,,,,,,,,,,,,,,,,,,,,,,,,,,,,,,,,,,,,,,,,,,,,,,,,,,,,,,,,,,,,,,,,,,,,,,,116609613,2466,116607147,3000,41565904,886,41565018,1138,75043709,1580,75042129,1870,297793620676096,7035423232,297786585252864,8196704256,273532758774784,7028809728,273525729965056,8189383680,24260861901312,6613504,24260855287808,25021440,297793620676096,7035423232,297786585252864,8196704256,273532758774784,7028809728,273525729965056,8189383680,24260861901312,6613504,24260855287808,25021440,116609613,2466,116607147,3000,41565904,886,41565018,1138,75043709,1580,75042129,1870,72885401,153,72885248,256,25227079,103,25226976,157,47658322,50,47658272,119,294746916397056,258471424,294746657925632,1441801216,269888760450048,250404864,269888510045184,1429037056,24858155947008,8066560,24858147880448,19068928,-1,0,357,0,0,2,0,0,0,0,0,0,0,0,295079894108719,7021255624,295072872853095,8176189920,270827265553408,7014793216,270820250760192,8169017344,24252628555311,6462408,24252622092903,24870008,8684306432,8684306432,0,8684306432,8652849152,8652849152,0,8652849152,31457280,31457280,0,31457280,357,357,0,357,342,342,0,342,15,15,0,15,,,,,,,,,,,,,,,,,,,,,,,,,,,,,,,,,,,,
1.4508224236320912e-06,1149,,,,,,,,,,,,,,,,,,,,,,,,,,,,,,,,,,,,,,,,,,,,,,,,,,,,,,,,,,,,,,,,,,,,,,,,,,,,,,,,,,,,,,,,,,,,,,,,,,,,,,,,,,,,,,,,,,,,,,,,,,,,,,,,,,,,,,,,,,,,,,,,,,,,,,,,,,,,,,,,,,,,,,,,,,,,,,,,,,,,,,,,,,,,,,,,,,,,,,,,,,,,,,,,,,,,,,,,,,,,,,,,,,,,,,,,,,,,,,,,,,,,,,,,,,,,,,,,,,,,,,,,,,,,,,,,,,,,,,,,
,1149,116609626,2462,116607164,3000,41565904,886,41565018,1138,75043722,1576,75042146,1870,297793620702720,7035436544,297786585266176,8196704256,273532758774784,7028809728,273525729965056,8189383680,24260861927936,6626816,24260855301120,25021440,297793620702720,7035436544,297786585266176,8196704256,273532758774784,7028809728,273525729965056,8189383680,24260861927936,6626816,24260855301120,25021440,116609626,2462,116607164,3000,41565904,886,41565018,1138,75043722,1576,75042146,1870,72885415,156,72885259,256,25227079,103,25226976,157,47658336,53,47658283,119,294746916410368,258458112,294746657952256,1441801216,269888760450048,250404864,269888510045184,1429037056,24858155960320,8053248,24858147907072,19068928,-1,0,357,0,0,2,0,0,0,0,0,0,0,0,295079894130003,7021271712,295072872858291,8176189920,270827265553408,7014793216,270820250760192,8169017344,24252628576595,6478496,24252622098099,24870008,8684306432,8684306432,0,8684306432,8652849152,8652849152,0,8652849152,31457280,31457280,0,31457280,357,357,0,357,342,342,0,342,15,15,0,15,,,,,,,,,,,,,,,,,,,,,,,,,,,,,,,,,,,,,,,,,,,,,,,,,,,,,,,,,,,,,,,,,,,,,,,,,,,,,,,,,,,,,,,,,,,,,,,,,,,,,,,,,,,,,,,,,,,,,,,,,,,,,,,,,,,,,,,,,,,,,,,,,,,,,,,,,,,,,,
,1149,,,,,,,,,,,,,,,,,,,,,,,,,,,,,,,,,,,,,,,,,,,,,,,,,,,,,,,,,,,,,,,,,,,,,,,,,,,,,,,,,,,,,,,,,,,,,,,,,,,,,,,,,,,,,,,,,,,,,,,,,,,116622500,2466,116620034,3000,41572795,886,41571909,1138,75049705,1580,75048125,1870,297848292736512,7035438592,297841257297920,8196704256,273586681013248,7028809728,273579652203520,8189383680,24261611723264,6628864,24261605094400,25021440,297848292736512,7035438592,297841257297920,8196704256,273586681013248,7028809728,273579652203520,8189383680,24261611723264,6628864,24261605094400,25021440,116622500,2466,116620034,3000,41572795,886,41571909,1138,75049705,1580,75048125,1870,72894279,155,72894124,256,25232519,103,25232416,157,47661760,52,47661708,119,294793842226176,258456064,294793583770112,1441801216,269934936472576,250404864,269934686067712,1429037056,24858905753600,8051200,24858897702400,19068928,-1,0,357,0,0,2,0,0,0,0,0,0,0,0,295133872688826,7021271728,295126851417098,8176189920,270880495273728,7014793216,270873480480512,8169017344,24253377415098,6478512,24253370936586,24870008,8684306432,8684306432,0,8684306432,8652849152,8652849152,0,8652849152,31457280,31457280,0,31457280,357,357,0,357,342,342,0,342,15,15,0,15,,,,,,,,,,,,,,,,,,,,,,,,,,,,,,,,,,,,
1.4508224236320912e-06,1149,,,,,,,,,,,,,,,,,,,,,,,,,,,,,,,,,,,,,,,,,,,,,,,,,,,,,,,,,,,,,,,,,,,,,,,,,,,,,,,,,,,,,,,,,,,,,,,,,,,,,,,,,,,,,,,,,,,,,,,,,,,,,,,,,,,,,,,,,,,,,,,,,,,,,,,,,,,,,,,,,,,,,,,,,,,,,,,,,,,,,,,,,,,,,,,,,,,,,,,,,,,,,,,,,,,,,,,,,,,,,,,,,,,,,,,,,,,,,,,,,,,,,,,,,,,,,,,,,,,,,,,,,,,,,,,,,,,,,,,,
,1149,116622513,2462,116620051,3000,41572795,886,41571909,1138,75049718,1576,75048142,1870,297848292749312,7035422720,297841257326592,8196704256,273586681013248,7028809728,273579652203520,8189383680,24261611736064,6612992,24261605123072,25021440,297848292749312,7035422720,297841257326592,8196704256,273586681013248,7028809728,273579652203520,8189383680,24261611736064,6612992,24261605123072,25021440,116622513,2462,116620051,3000,41572795,886,41571909,1138,75049718,1576,75048142,1870,72894291,154,72894137,256,25232519,103,25232416,157,47661772,51,47661721,119,294793842254848,258471936,294793583782912,1441801216,269934936472576,250404864,269934686067712,1429037056,24858905782272,8067072,24858897715200,19068928,-1,0,357,0,0,2,0,0,0,0,0,0,0,0,295133872696166,7021257768,295126851438398,8176189920,270880495273728,7014793216,270873480480512,8169017344,24253377422438,6464552,24253370957886,24870008,8684306432,8684306432,0,8684306432,8652849152,8652849152,0,8652849152,31457280,31457280,0,31457280,357,357,0,357,342,342,0,342,15,15,0,15,,,,,,,,,,,,,,,,,,,,,,,,,,,,,,,,,,,,,,,,,,,,,,,,,,,,,,,,,,,,,,,,,,,,,,,,,,,,,,,,,,,,,,,,,,,,,,,,,,,,,,,,,,,,,,,,,,,,,,,,,,,,,,,,,,,,,,,,,,,,,,,,,,,,,,,,,,,,,,
,1149,,,,,,,,,,,,,,,,,,,,,,,,,,,,,,,,,,,,,,,,,,,,,,,,,,,,,,,,,,,,,,,,,,,,,,,,,,,,,,,,,,,,,,,,,,,,,,,,,,,,,,,,,,,,,,,,,,,,,,,,,,,116634884,2466,116632418,3000,41576878,886,41575992,1138,75058006,1580,75056426,1870,297876109808128,7035424768,297869074383360,8196704256,273611340551168,7028809728,273604311741440,8189383680,24264769256960,6615040,24264762641920,25021440,297876109808128,7035424768,297869074383360,8196704256,273611340551168,7028809728,273604311741440,8189383680,24264769256960,6615040,24264762641920,25021440,116634884,2466,116632418,3000,41576878,886,41575992,1138,75058006,1580,75056426,1870,72901927,155,72901772,256,25234846,103,25234743,157,47667081,52,47667029,119,294824565677568,258469888,294824307207680,1441801216,269962449390592,250404864,269962198985728,1429037056,24862116286976,8065024,24862108221952,19068928,-1,0,357,0,0,2,0,0,0,0,0,0,0,0,295161479062117,7021257724,295154457804393,8176189920,270904944839168,7014793216,270897930045952,8169017344,24256534222949,6464508,24256527758441,24870008,8684306432,8684306432,0,8684306432,8652849152,8652849152,0,8652849152,31457280,31457280,0,31457280,357,357,0,357,342,342,0,342,15,15,0,15,,,,,,,,,,,,,,,,,,,,,,,,,,,,,,,,,,,,
1.4508224236320912e-06,1149,,,,,,,,,,,,,,,,,,,,,,,,,,,,,,,,,,,,,,,,,,,,,,,,,,,,,,,,,,,,,,,,,,,,,,,,,,,,,,,,,,,,,,,,,,,,,,,,,,,,,,,,,,,,,,,,,,,,,,,,,,,,,,,,,,,,,,,,,,,,,,,,,,,,,,,,,,,,,,,,,,,,,,,,,,,,,,,,,,,,,,,,,,,,,,,,,,,,,,,,,,,,,,,,,,,,,,,,,,,,,,,,,,,,,,,,,,,,,,,,,,,,,,,,,,,,,,,,,,,,,,,,,,,,,,,,,,,,,,,,
,1149,116634897,2462,116632435,3000,41576878,886,41575992,1138,75058019,1576,75056443,1870,297876109825536,7035427328,297869074398208,8196704256,273611340551168,7028809728,273604311741440,8189383680,24264769274368,6617600,24264762656768,25021440,297876109825536,7035427328,297869074398208,8196704256,273611340551168,7028809728,273604311741440,8189383680,24264769274368,6617600,24264762656768,25021440,116634897,2462,116632435,3000,41576878,886,41575992,1138,75058019,1576,75056443,1870,72901940,154,72901786,256,25234846,103,25234743,157,47667094,51,47667043,119,294824565692416,258467328,294824307225088,1441801216,269962449390592,250404864,269962198985728,1429037056,24862116301824,8062464,24862108239360,19068928,-1,0,357,0,0,2,0,0,0,0,0,0,0,0,295161479074041,7021262292,295154457811749,8176189920,270904944839168,7014793216,270897930045952,8169017344,24256534234873,6469076,24256527765797,24870008,8684306432,8684306432,0,8684306432,8652849152,8652849152,0,8652849152,31457280,31457280,0,31457280,357,357,0,357,342,342,0,342,15,15,0,15,,,,,,,,,,,,,,,,,,,,,,,,,,,,,,,,,,,,,,,,,,,,,,,,,,,,,,,,,,,,,,,,,,,,,,,,,,,,,,,,,,,,,,,,,,,,,,,,,,,,,,,,,,,,,,,,,,,,,,,,,,,,,,,,,,,,,,,,,,,,,,,,,,,,,,,,,,,,,,
,1149,,,,,,,,,,,,,,,,,,,,,,,,,,,,,,,,,,,,,,,,,,,,,,,,,,,,,,,,,,,,,,,,,,,,,,,,,,,,,,,,,,,,,,,,,,,,,,,,,,,,,,,,,,,,,,,,,,,,,,,,,,,116647268,2466,116644802,3000,41580961,886,41580075,1138,75066307,1580,75064727,1870,297903482478080,7035429376,297896447048704,8196704256,273635817530368,7028809728,273628788720640,8189383680,24267664947712,6619648,24267658328064,25021440,297903482478080,7035429376,297896447048704,8196704256,273635817530368,7028809728,273628788720640,8189383680,24267664947712,6619648,24267658328064,25021440,116647268,2466,116644802,3000,41580961,886,41580075,1138,75066307,1580,75064727,1870,72909424,155,72909269,256,25237179,103,25237076,157,47672245,52,47672193,119,294854972880896,258465280,294854714415616,1441801216,269989907823616,250404864,269989657418752,1429037056,24865065057280,8060416,24865056996864,19068928,-1,0,357,0,0,2,0,0,0,0,0,0,0,0,295188554789231,7021262308,295181533526923,8176189920,270929125756160,7014793216,270922110962944,8169017344,24259429033071,6469092,24259422563979,24870008,8684306432,8684306432,0,8684306432,8652849152,8652849152,0,8652849152,31457280,31457280,0,31457280,357,357,0,357,342,342,0,342,15,15,0,15,,,,,,,,,,,,,,,,,,,,,,,,,,,,,,,,,,,,
1.4508224236320912e-06,1149,,,,,,,,,,,,,,,,,,,,,,,,,,,,,,,,,,,,,,,,,,,,,,,,,,,,,,,,,,,,,,,,,,,,,,,,,,,,,,,,,,,,,,,,,,,,,,,,,,,,,,,,,,,,,,,,,,,,,,,,,,,,,,,,,,,,,,,,,,,,,,,,,,,,,,,,,,,,,,,,,,,,,,,,,,,,,,,,,,,,,,,,,,,,,,,,,,,,,,,,,,,,,,,,,,,,,,,,,,,,,,,,,,,,,,,,,,,,,,,,,,,,,,,,,,,,,,,,,,,,,,,,,,,,,,,,,,,,,,,,
,1149,116647281,2462,116644819,3000,41580961,886,41580075,1138,75066320,1576,75064744,1870,297903482495488,7035427328,297896447068160,8196704256,273635817530368,7028809728,273628788720640,8189383680,24267664965120,6617600,24267658347520,25021440,297903482495488,7035427328,297896447068160,8196704256,273635817530368,7028809728,273628788720640,8189383680,24267664965120,6617600,24267658347520,25021440,116647281,2462,116644819,3000,41580961,886,41580075,1138,75066320,1576,75064744,1870,72909438,154,72909284,256,25237179,103,25237076,157,47672259,51,47672208,119,294854972900352,258467328,294854714433024,1441801216,269989907823616,250404864,269989657418752,1429037056,24865065076736,8062464,24865057014272,19068928,-1,0,357,0,0,2,0,0,0,0,0,0,0,0,295188554801155,7021262292,295181533538863,8176189920,270929125756160,7014793216,270922110962944,8169017344,24259429044995,6469076,24259422575919,24870008,8684306432,8684306432,0,8684306432,8652849152,8652849152,0,8652849152,31457280,31457280,0,31457280,357,357,0,357,342,342,0,342,15,15,0,15,,,,,,,,,,,,,,,,,,,,,,,,,,,,,,,,,,,,,,,,,,,,,,,,,,,,,,,,,,,,,,,,,,,,,,,,,,,,,,,,,,,,,,,,,,,,,,,,,,,,,,,,,,,,,,,,,,,,,,,,,,,,,,,,,,,,,,,,,,,,,,,,,,,,,,,,,,,,,,
,1149,,,,,,,,,,,,,,,,,,,,,,,,,,,,,,,,,,,,,,,,,,,,,,,,,,,,,,,,,,,,,,,,,,,,,,,,,,,,,,,,,,,,,,,,,,,,,,,,,,,,,,,,,,,,,,,,,,,,,,,,,,,116660152,2466,116657686,3000,41585169,886,41584283,1138,75074983,1580,75073403,1870,297932268357632,7035429376,297925232928256,8196704256,273661745873920,7028809728,273654717064192,8189383680,24270522483712,6619648,24270515864064,25021440,297932268357632,7035429376,297925232928256,8196704256,273661745873920,7028809728,273654717064192,8189383680,24270522483712,6619648,24270515864064,25021440,116660152,2466,116657686,3000,41585169,886,41584283,1138,75074983,1580,75073403,1870,72916303,152,72916151,256,25239374,103,25239271,157,47676929,49,47676880,119,294886740369920,258465280,294886481904640,1441801216,270018788678656,250404864,270018538273792,1429037056,24867951691264,8060416,24867943630848,19068928,-1,0,357,0,0,2,0,0,0,0,0,0,0,0,295217126997698,7021262368,295210105735330,8176189920,270954841313280,7014793216,270947826520064,8169017344,24262285684418,6469152,24262279215266,24870008,8684306432,8684306432,0,8684306432,8652849152,8652849152,0,8652849152,31457280,31457280,0,31457280,357,357,0,357,342,342,0,342,15,15,0,15,,,,,,,,,,,,,,,,,,,,,,,,,,,,,,,,,,,,
,1149,,,,,,,,,,,,,,,,,,,,,,,,,,,,,,,,,,,,,,,,,,,,,,,,,,,,,,,,,,,,,,,,,,,,,,,,,,,,,,,,,,,,,,,,,,,,,,,,,,,,,,,,,,,,,,,,,,,,,,,,,,,,,,,,,,,,,,,,,,,,,,,,,,,,,,,,,,,,,,,,,,,,,,,,,,,,,,,,,,,,,,,,,,,,,,,,,,,,,,,,,,,,,,,,,,,,,,,,,,,,,,,,,,,,,,,,,,,,,,,,,,,,,0.00013899803161621094,0.0004649162292480469,0.007112741470336914,1,,,,,,,,,,,,,,,,,,,,,,,,,,,,,,,,
1.4172541121181604e-06,1199,,,,,,,,,,,,,,,,,,,,,,,,,,,,,,,,,,,,,,,,,,,,,,,,,,,,,,,,,,,,,,,,,,,,,,,,,,,,,,,,,,,,,,,,,,,,,,,,,,,,,,,,,,,,,,,,,,,,,,,,,,,,,,,,,,,,,,,,,,,,,,,,,,,,,,,,,,,,,,,,,,,,,,,,,,,,,,,,,,,,,,,,,,,,,,,,,,,,,,,,,,,,,,,,,,,,,,,,,,,,,,,,,,,,,,,,,,,,,,,,,,,,,,,,,,,,,,,,,,,,,,,,,,,,,,,,,,,,,,,,
,1199,121561088,2462,121558626,3000,43316271,886,43315385,1138,78244817,1576,78243241,1870,310360663299584,7034786816,310353628512768,8196704256,285053973130240,7028170752,285046944959488,8189383680,25306690169344,6616064,25306683553280,25021440,310360663299584,7034786816,310353628512768,8196704256,285053973130240,7028170752,285046944959488,8189383680,25306690169344,6616064,25306683553280,25021440,121561088,2462,121558626,3000,43316271,886,43315385,1138,78244817,1576,78243241,1870,75982354,147,75982207,256,26281470,95,26281375,157,49700884,52,49700832,119,307218327741440,227650560,307218100090880,1441801216,281286848181248,215392256,281286632788992,1429037056,25931479560192,12258304,25931467301888,19068928,-1,0,357,0,0,2,0,0,0,0,0,0,0,0,307529832254091,7021261140,307522810992951,8176189920,282231723706368,7014793216,282224708913152,8169017344,25298108547723,6467924,25298102079799,24870008,8684306432,8684306432,0,8684306432,8652849152,8652849152,0,8652849152,31457280,31457280,0,31457280,357,357,0,357,342,342,0,342,15,15,0,15,,,,,,,,,,,,,,,,,,,,,,,,,,,,,,,,,,,,,,,,,,,,,,,,,,,,,,,,,,,,,,,,,,,,,,,,,,,,,,,,,,,,,,,,,,,,,,,,,,,,,,,,,,,,,,,,,,,,,,,,,,,,,,,,,,,,,,,,,,,,,,,,,,,,,,,,,,,,,,
,1199,,,,,,,,,,,,,,,,,,,,,,,,,,,,,,,,,,,,,,,,,,,,,,,,,,,,,,,,,,,,,,,,,,,,,,,,,,,,,,,,,,,,,,,,,,,,,,,,,,,,,,,,,,,,,,,,,,,,,,,,,,,121573459,2466,121570993,3000,43320354,886,43319468,1138,78253105,1580,78251525,1870,310388021620736,7034559488,310380987061248,8196704256,285078435699712,7027941376,285071407758336,8189383680,25309585921024,6618112,25309579302912,25021440,310388021620736,7034559488,310380987061248,8196704256,285078435699712,7027941376,285071407758336,8189383680,25309585921024,6618112,25309579302912,25021440,121573459,2466,121570993,3000,43320354,886,43319468,1138,78253105,1580,78251525,1870,75989830,155,75989675,256,26283841,99,26283742,157,49705989,56,49705933,119,307245383886336,225780736,307245158105600,1441801216,281310941463552,215621632,281310725841920,1429037056,25934442422784,10159104,25934432263680,19068928,-1,0,357,0,0,2,0,0,0,0,0,0,0,0,307556907004100,7021261156,307549885742944,8176189920,282255903578880,7014793216,282248888785664,8169017344,25301003425220,6467940,25300996957280,24870008,8684306432,8684306432,0,8684306432,8652849152,8652849152,0,8652849152,31457280,31457280,0,31457280,357,357,0,357,342,342,0,342,15,15,0,15,,,,,,,,,,,,,,,,,,,,,,,,,,,,,,,,,,,,
1.4172541121181604e-06,1199,,,,,,,,,,,,,,,,,,,,,,,,,,,,,,,,,,,,,,,,,,,,,,,,,,,,,,,,,,,,,,,,,,,,,,,,,,,,,,,,,,,,,,,,,,,,,,,,,,,,,,,,,,,,,,,,,,,,,,,,,,,,,,,,,,,,,,,,,,,,,,,,,,,,,,,,,,,,,,,,,,,,,,,,,,,,,,,,,,,,,,,,,,,,,,,,,,,,,,,,,,,,,,,,,,,,,,,,,,,,,,,,,,,,,,,,,,,,,,,,,,,,,,,,,,,,,,,,,,,,,,,,,,,,,,,,,,,,,,,,
,1199,121573472,2462,121571010,3000,43320354,886,43319468,1138,78253118,1576,78251542,1870,310388021638144,7034558976,310380987079168,8196704256,285078435699712,7027941376,285071407758336,8189383680,25309585938432,6617600,25309579320832,25021440,310388021638144,7034558976,310380987079168,8196704256,285078435699712,7027941376,285071407758336,8189383680,25309585938432,6617600,25309579320832,25021440,121573472,2462,121571010,3000,43320354,886,43319468,1138,78253118,1576,78251542,1870,75989840,154,75989686,256,26283841,99,26283742,157,49705999,55,49705944,119,307245383904256,225781248,307245158123008,1441801216,281310941463552,215621632,281310725841920,1429037056,25934442440704,10159616,25934432281088,19068928,-1,0,357,0,0,2,0,0,0,0,0,0,0,0,307556907016312,7021262580,307549885753732,8176189920,282255903578880,7014793216,282248888785664,8169017344,25301003437432,6469364,25300996968068,24870008,8684306432,8684306432,0,8684306432,8652849152,8652849152,0,8652849152,31457280,31457280,0,31457280,357,357,0,357,342,342,0,342,15,15,0,15,,,,,,,,,,,,,,,,,,,,,,,,,,,,,,,,,,,,,,,,,,,,,,,,,,,,,,,,,,,,,,,,,,,,,,,,,,,,,,,,,,,,,,,,,,,,,,,,,,,,,,,,,,,,,,,,,,,,,,,,,,,,,,,,,,,,,,,,,,,,,,,,,,,,,,,,,,,,,,
,1199,,,,,,,,,,,,,,,,,,,,,,,,,,,,,,,,,,,,,,,,,,,,,,,,,,,,,,,,,,,,,,,,,,,,,,,,,,,,,,,,,,,,,,,,,,,,,,,,,,,,,,,,,,,,,,,,,,,,,,,,,,,121585794,2466,121583328,3000,43324437,886,43323551,1138,78261357,1580,78259777,1870,310415311383040,7034561024,310408276822016,8196704256,285102804601856,7027941376,285095776660480,8189383680,25312506781184,6619648,25312500161536,25021440,310415311383040,7034561024,310408276822016,8196704256,285102804601856,7027941376,285095776660480,8189383680,25312506781184,6619648,25312500161536,25021440,121585794,2466,121583328,3000,43324437,886,43323551,1138,78261357,1580,78259777,1870,75997174,159,75997015,256,26286135,99,26286036,157,49711039,60,49710979,119,307275160664576,225779200,307274934885376,1441801216,281337748231168,215621632,281337532609536,1429037056,25937412433408,10157568,25937402275840,19068928,-1,0,357,0,0,2,0,0,0,0,0,0,0,0,307584034036391,7021262656,307577012773735,8176189920,282280110591488,7014793216,282273095798272,8169017344,25303923444903,6469440,25303916975463,24870008,8684306432,8684306432,0,8684306432,8652849152,8652849152,0,8652849152,31457280,31457280,0,31457280,357,357,0,357,342,342,0,342,15,15,0,15,,,,,,,,,,,,,,,,,,,,,,,,,,,,,,,,,,,,
1.4172541121181604e-06,1199,,,,,,,,,,,,,,,,,,,,,,,,,,,,,,,,,,,,,,,,,,,,,,,,,,,,,,,,,,,,,,,,,,,,,,,,,,,,,,,,,,,,,,,,,,,,,,,,,,,,,,,,,,,,,,,,,,,,,,,,,,,,,,,,,,,,,,,,,,,,,,,,,,,,,,,,,,,,,,,,,,,,,,,,,,,,,,,,,,,,,,,,,,,,,,,,,,,,,,,,,,,,,,,,,,,,,,,,,,,,,,,,,,,,,,,,,,,,,,,,,,,,,,,,,,,,,,,,,,,,,,,,,,,,,,,,,,,,,,,,
,1199,121585807,2462,121583345,3000,43324437,886,43323551,1138,78261370,1576,78259794,1870,310415311400448,7034558976,310408276841472,8196704256,285102804601856,7027941376,285095776660480,8189383680,25312506798592,6617600,25312500180992,25021440,310415311400448,7034558976,310408276841472,8196704256,285102804601856,7027941376,285095776660480,8189383680,25312506798592,6617600,25312500180992,25021440,121585807,2462,121583345,3000,43324437,886,43323551,1138,78261370,1576,78259794,1870,75997184,156,75997028,256,26286135,99,26286036,157,49711049,57,49710992,119,307275160684032,225781248,307274934902784,1441801216,281337748231168,215621632,281337532609536,1429037056,25937412452864,10159616,25937402293248,19068928,-1,0,357,0,0,2,0,0,0,0,0,0,0,0,307584034047475,7021261512,307577012785963,8176189920,282280110591488,7014793216,282273095798272,8169017344,25303923455987,6468296,25303916987691,24870008,8684306432,8684306432,0,8684306432,8652849152,8652849152,0,8652849152,31457280,31457280,0,31457280,357,357,0,357,342,342,0,342,15,15,0,15,,,,,,,,,,,,,,,,,,,,,,,,,,,,,,,,,,,,,,,,,,,,,,,,,,,,,,,,,,,,,,,,,,,,,,,,,,,,,,,,,,,,,,,,,,,,,,,,,,,,,,,,,,,,,,,,,,,,,,,,,,,,,,,,,,,,,,,,,,,,,,,,,,,,,,,,,,,,,,
,1199,,,,,,,,,,,,,,,,,,,,,,,,,,,,,,,,,,,,,,,,,,,,,,,,,,,,,,,,,,,,,,,,,,,,,,,,,,,,,,,,,,,,,,,,,,,,,,,,,,,,,,,,,,,,,,,,,,,,,,,,,,,121598129,2466,121595663,3000,43328520,886,43327634,1138,78269609,1580,78268029,1870,310443058034688,7034561024,310436023473664,8196704256,285127393491968,7027941376,285120365550592,8189383680,25315664542720,6619648,25315657923072,25021440,310443058034688,7034561024,310436023473664,8196704256,285127393491968,7027941376,285120365550592,8189383680,25315664542720,6619648,25315657923072,25021440,121598129,2466,121595663,3000,43328520,886,43327634,1138,78269609,1580,78268029,1870,76004480,155,76004325,256,26288463,99,26288364,157,49716017,56,49715961,119,307305106262016,225779200,307304880482816,1441801216,281364524270592,215621632,281364308648960,1429037056,25940581991424,10157568,25940571833856,19068928,-1,0,357,0,0,2,0,0,0,0,0,0,0,0,307611643814036,7021261528,307604622552508,8176189920,282304563310848,7014793216,282297548517632,8169017344,25307080503188,6468312,25307074034876,24870008,8684306432,8684306432,0,8684306432,8652849152,8652849152,0,8652849152,31457280,31457280,0,31457280,357,357,0,357,342,342,0,342,15,15,0,15,,,,,,,,,,,,,,,,,,,,,,,,,,,,,,,,,,,,
1.4172541121181604e-06,1199,,,,,,,,,,,,,,,,,,,,,,,,,,,,,,,,,,,,,,,,,,,,,,,,,,,,,,,,,,,,,,,,,,,,,,,,,,,,,,,,,,,,,,,,,,,,,,,,,,,,,,,,,,,,,,,,,,,,,,,,,,,,,,,,,,,,,,,,,,,,,,,,,,,,,,,,,,,,,,,,,,,,,,,,,,,,,,,,,,,,,,,,,,,,,,,,,,,,,,,,,,,,,,,,,,,,,,,,,,,,,,,,,,,,,,,,,,,,,,,,,,,,,,,,,,,,,,,,,,,,,,,,,,,,,,,,,,,,,,,,
,1199,121598142,2462,121595680,3000,43328520,886,43327634,1138,78269622,1576,78268046,1870,310443058052096,7034558976,310436023493120,8196704256,285127393491968,7027941376,285120365550592,8189383680,25315664560128,6617600,25315657942528,25021440,310443058052096,7034558976,310436023493120,8196704256,285127393491968,7027941376,285120365550592,8189383680,25315664560128,6617600,25315657942528,25021440,121598142,2462,121595680,3000,43328520,886,43327634,1138,78269622,1576,78268046,1870,76004493,156,76004337,256,26288463,99,26288364,157,49716030,57,49715973,119,307305106281472,225781248,307304880500224,1441801216,281364524270592,215621632,281364308648960,1429037056,25940582010880,10159616,25940571851264,19068928,-1,0,357,0,0,2,0,0,0,0,0,0,0,0,307611643825816,7021262208,307604622563608,8176189920,282304563310848,7014793216,282297548517632,8169017344,25307080514968,6468992,25307074045976,24870008,8684306432,8684306432,0,8684306432,8652849152,8652849152,0,8652849152,31457280,31457280,0,31457280,357,357,0,357,342,342,0,342,15,15,0,15,,,,,,,,,,,,,,,,,,,,,,,,,,,,,,,,,,,,,,,,,,,,,,,,,,,,,,,,,,,,,,,,,,,,,,,,,,,,,,,,,,,,,,,,,,,,,,,,,,,,,,,,,,,,,,,,,,,,,,,,,,,,,,,,,,,,,,,,,,,,,,,,,,,,,,,,,,,,,,
,1199,,,,,,,,,,,,,,,,,,,,,,,,,,,,,,,,,,,,,,,,,,,,,,,,,,,,,,,,,,,,,,,,,,,,,,,,,,,,,,,,,,,,,,,,,,,,,,,,,,,,,,,,,,,,,,,,,,,,,,,,,,,121610464,2466,121607998,3000,43332603,886,43331717,1138,78277861,1580,78276281,1870,310470347344384,7034561024,310463312783360,8196704256,285151762131968,7027941376,285144734190592,8189383680,25318585212416,6619648,25318578592768,25021440,310470347344384,7034561024,310463312783360,8196704256,285151762131968,7027941376,285144734190592,8189383680,25318585212416,6619648,25318578592768,25021440,121610464,2466,121607998,3000,43332603,886,43331717,1138,78277861,1580,78276281,1870,76011644,155,76011489,256,26290757,99,26290658,157,49720887,56,49720831,119,307334882589184,225779200,307334656809984,1441801216,281391330776064,215621632,281391115154432,1429037056,25943551813120,10157568,25943541655552,19068928,-1,0,357,0,0,2,0,0,0,0,0,0,0,0,307638770367635,7021262224,307631749105411,8176189920,282328770036736,7014793216,282321755243520,8169017344,25310000330899,6469008,25309993861891,24870008,8684306432,8684306432,0,8684306432,8652849152,8652849152,0,8652849152,31457280,31457280,0,31457280,357,357,0,357,342,342,0,342,15,15,0,15,,,,,,,,,,,,,,,,,,,,,,,,,,,,,,,,,,,,
1.4172541121181604e-06,1199,,,,,,,,,,,,,,,,,,,,,,,,,,,,,,,,,,,,,,,,,,,,,,,,,,,,,,,,,,,,,,,,,,,,,,,,,,,,,,,,,,,,,,,,,,,,,,,,,,,,,,,,,,,,,,,,,,,,,,,,,,,,,,,,,,,,,,,,,,,,,,,,,,,,,,,,,,,,,,,,,,,,,,,,,,,,,,,,,,,,,,,,,,,,,,,,,,,,,,,,,,,,,,,,,,,,,,,,,,,,,,,,,,,,,,,,,,,,,,,,,,,,,,,,,,,,,,,,,,,,,,,,,,,,,,,,,,,,,,,,
,1199,121610477,2462,121608015,3000,43332603,886,43331717,1138,78277874,1576,78276298,1870,310470347361792,7034558976,310463312802816,8196704256,285151762131968,7027941376,285144734190592,8189383680,25318585229824,6617600,25318578612224,25021440,310470347361792,7034558976,310463312802816,8196704256,285151762131968,7027941376,285144734190592,8189383680,25318585229824,6617600,25318578612224,25021440,121610477,2462,121608015,3000,43332603,886,43331717,1138,78277874,1576,78276298,1870,76011657,157,76011500,256,26290757,99,26290658,157,49720900,58,49720842,119,307334882608640,225781248,307334656827392,1441801216,281391330776064,215621632,281391115154432,1429037056,25943551832576,10159616,25943541672960,19068928,-1,0,357,0,0,2,0,0,0,0,0,0,0,0,307638770380159,7021262952,307631749117207,8176189920,282328770036736,7014793216,282321755243520,8169017344,25310000343423,6469736,25309993873687,24870008,8684306432,8684306432,0,8684306432,8652849152,8652849152,0,8652849152,31457280,31457280,0,31457280,357,357,0,357,342,342,0,342,15,15,0,15,,,,,,,,,,,,,,,,,,,,,,,,,,,,,,,,,,,,,,,,,,,,,,,,,,,,,,,,,,,,,,,,,,,,,,,,,,,,,,,,,,,,,,,,,,,,,,,,,,,,,,,,,,,,,,,,,,,,,,,,,,,,,,,,,,,,,,,,,,,,,,,,,,,,,,,,,,,,,,
,1199,,,,,,,,,,,,,,,,,,,,,,,,,,,,,,,,,,,,,,,,,,,,,,,,,,,,,,,,,,,,,,,,,,,,,,,,,,,,,,,,,,,,,,,,,,,,,,,,,,,,,,,,,,,,,,,,,,,,,,,,,,,121622799,2466,121620333,3000,43336686,886,43335800,1138,78286113,1580,78284533,1870,310497821493248,7034561024,310490786932224,8196704256,285176215702528,7027941376,285169187761152,8189383680,25321605790720,6619648,25321599171072,25021440,310497821493248,7034561024,310490786932224,8196704256,285176215702528,7027941376,285169187761152,8189383680,25321605790720,6619648,25321599171072,25021440,121622799,2466,121620333,3000,43336686,886,43335800,1138,78286113,1580,78284533,1870,76018884,159,76018725,256,26293061,99,26292962,157,49725823,60,49725763,119,307364661729280,225779200,307364435950080,1441801216,281418055914496,215621632,281417840292864,1429037056,25946605814784,10157568,25946595657216,19068928,-1,0,357,0,0,2,0,0,0,0,0,0,0,0,307666101334370,7021262968,307659080071402,8176189920,282353081206528,7014793216,282346066413312,8169017344,25313020127842,6469752,25313013658090,24870008,8684306432,8684306432,0,8684306432,8652849152,8652849152,0,8652849152,31457280,31457280,0,31457280,357,357,0,357,342,342,0,342,15,15,0,15,,,,,,,,,,,,,,,,,,,,,,,,,,,,,,,,,,,,
1.4172541121181604e-06,1199,,,,,,,,,,,,,,,,,,,,,,,,,,,,,,,,,,,,,,,,,,,,,,,,,,,,,,,,,,,,,,,,,,,,,,,,,,,,,,,,,,,,,,,,,,,,,,,,,,,,,,,,,,,,,,,,,,,,,,,,,,,,,,,,,,,,,,,,,,,,,,,,,,,,,,,,,,,,,,,,,,,,,,,,,,,,,,,,,,,,,,,,,,,,,,,,,,,,,,,,,,,,,,,,,,,,,,,,,,,,,,,,,,,,,,,,,,,,,,,,,,,,,,,,,,,,,,,,,,,,,,,,,,,,,,,,,,,,,,,,
,1199,121622812,2462,121620350,3000,43336686,886,43335800,1138,78286126,1576,78284550,1870,310497821506048,7034554368,310490786951680,8196704256,285176215702528,7027941376,285169187761152,8189383680,25321605803520,6612992,25321599190528,25021440,310497821506048,7034554368,310490786951680,8196704256,285176215702528,7027941376,285169187761152,8189383680,25321605803520,6612992,25321599190528,25021440,121622812,2462,121620350,3000,43336686,886,43335800,1138,78286126,1576,78284550,1870,76018897,158,76018739,256,26293061,99,26292962,157,49725836,59,49725777,119,307364661748736,225785856,307364435962880,1441801216,281418055914496,215621632,281417840292864,1429037056,25946605834240,10164224,25946595670016,19068928,-1,0,357,0,0,2,0,0,0,0,0,0,0,0,307666101342166,7021258224,307659080083942,8176189920,282353081206528,7014793216,282346066413312,8169017344,25313020135638,6465008,25313013670630,24870008,8684306432,8684306432,0,8684306432,8652849152,8652849152,0,8652849152,31457280,31457280,0,31457280,357,357,0,357,342,342,0,342,15,15,0,15,,,,,,,,,,,,,,,,,,,,,,,,,,,,,,,,,,,,,,,,,,,,,,,,,,,,,,,,,,,,,,,,,,,,,,,,,,,,,,,,,,,,,,,,,,,,,,,,,,,,,,,,,,,,,,,,,,,,,,,,,,,,,,,,,,,,,,,,,,,,,,,,,,,,,,,,,,,,,,
,1199,,,,,,,,,,,,,,,,,,,,,,,,,,,,,,,,,,,,,,,,,,,,,,,,,,,,,,,,,,,,,,,,,,,,,,,,,,,,,,,,,,,,,,,,,,,,,,,,,,,,,,,,,,,,,,,,,,,,,,,,,,,121635134,2466,121632668,3000,43340673,886,43339787,1138,78294461,1580,78292881,1870,310524797261312,7034556416,310517762704896,8196704256,285200335952896,7027941376,285193308011520,8189383680,25324461308416,6615040,25324454693376,25021440,310524797261312,7034556416,310517762704896,8196704256,285200335952896,7027941376,285193308011520,8189383680,25324461308416,6615040,25324454693376,25021440,121635134,2466,121632668,3000,43340673,886,43339787,1138,78294461,1580,78292881,1870,76026278,157,76026121,256,26295250,99,26295151,157,49731028,58,49730970,119,307394246301696,225783808,307394020517888,1441801216,281444784964608,215621632,281444569342976,1429037056,25949461337088,10162176,25949451174912,19068928,-1,0,357,0,0,2,0,0,0,0,0,0,0,0,307692918670112,7021258240,307685897411872,8176189920,282377043905024,7014793216,282370029111808,8169017344,25315874765088,6465024,25315868300064,24870008,8684306432,8684306432,0,8684306432,8652849152,8652849152,0,8652849152,31457280,31457280,0,31457280,357,357,0,357,342,342,0,342,15,15,0,15,,,,,,,,,,,,,,,,,,,,,,,,,,,,,,,,,,,,
1.4172541121181604e-06,1199,,,,,,,,,,,,,,,,,,,,,,,,,,,,,,,,,,,,,,,,,,,,,,,,,,,,,,,,,,,,,,,,,,,,,,,,,,,,,,,,,,,,,,,,,,,,,,,,,,,,,,,,,,,,,,,,,,,,,,,,,,,,,,,,,,,,,,,,,,,,,,,,,,,,,,,,,,,,,,,,,,,,,,,,,,,,,,,,,,,,,,,,,,,,,,,,,,,,,,,,,,,,,,,,,,,,,,,,,,,,,,,,,,,,,,,,,,,,,,,,,,,,,,,,,,,,,,,,,,,,,,,,,,,,,,,,,,,,,,,,
,1199,121635147,2462,121632685,3000,43340673,886,43339787,1138,78294474,1576,78292898,1870,310524797269504,7034549760,310517762719744,8196704256,285200335952896,7027941376,285193308011520,8189383680,25324461316608,6608384,25324454708224,25021440,310524797269504,7034549760,310517762719744,8196704256,285200335952896,7027941376,285193308011520,8189383680,25324461316608,6608384,25324454708224,25021440,121635147,2462,121632685,3000,43340673,886,43339787,1138,78294474,1576,78292898,1870,76026291,159,76026132,256,26295250,99,26295151,157,49731041,60,49730981,119,307394246316544,225790464,307394020526080,1441801216,281444784964608,215621632,281444569342976,1429037056,25949461351936,10168832,25949451183104,19068928,-1,0,357,0,0,2,0,0,0,0,0,0,0,0,307692918672964,7021253280,307685897419684,8176189920,282377043905024,7014793216,282370029111808,8169017344,25315874767940,6460064,25315868307876,24870008,8684306432,8684306432,0,8684306432,8652849152,8652849152,0,8652849152,31457280,31457280,0,31457280,357,357,0,357,342,342,0,342,15,15,0,15,,,,,,,,,,,,,,,,,,,,,,,,,,,,,,,,,,,,,,,,,,,,,,,,,,,,,,,,,,,,,,,,,,,,,,,,,,,,,,,,,,,,,,,,,,,,,,,,,,,,,,,,,,,,,,,,,,,,,,,,,,,,,,,,,,,,,,,,,,,,,,,,,,,,,,,,,,,,,,
,1199,,,,,,,,,,,,,,,,,,,,,,,,,,,,,,,,,,,,,,,,,,,,,,,,,,,,,,,,,,,,,,,,,,,,,,,,,,,,,,,,,,,,,,,,,,,,,,,,,,,,,,,,,,,,,,,,,,,,,,,,,,,121647518,2466,121645052,3000,43344655,886,43343769,1138,78302863,1580,78301283,1870,310551767560704,7034551808,310544733008896,8196704256,285224448830464,7027941376,285217420889088,8189383680,25327318730240,6610432,25327312119808,25021440,310551767560704,7034551808,310544733008896,8196704256,285224448830464,7027941376,285217420889088,8189383680,25327318730240,6610432,25327312119808,25021440,121647518,2466,121645052,3000,43344655,886,43343769,1138,78302863,1580,78301283,1870,76033787,162,76033625,256,26297434,99,26297335,157,49736353,63,49736290,119,307423825405440,225788416,307423599617024,1441801216,281471506641920,215621632,281471291020288,1429037056,25952318763520,10166784,25952308596736,19068928,-1,0,357,0,0,2,0,0,0,0,0,0,0,0,307719731433132,7021253236,307712710179896,8176189920,282401000152320,7014793216,282393985359104,8169017344,25318731280812,6460020,25318724820792,24870008,8684306432,8684306432,0,8684306432,8652849152,8652849152,0,8652849152,31457280,31457280,0,31457280,357,357,0,357,342,342,0,342,15,15,0,15,,,,,,,,,,,,,,,,,,,,,,,,,,,,,,,,,,,,
1.4172541121181604e-06,1199,,,,,,,,,,,,,,,,,,,,,,,,,,,,,,,,,,,,,,,,,,,,,,,,,,,,,,,,,,,,,,,,,,,,,,,,,,,,,,,,,,,,,,,,,,,,,,,,,,,,,,,,,,,,,,,,,,,,,,,,,,,,,,,,,,,,,,,,,,,,,,,,,,,,,,,,,,,,,,,,,,,,,,,,,,,,,,,,,,,,,,,,,,,,,,,,,,,,,,,,,,,,,,,,,,,,,,,,,,,,,,,,,,,,,,,,,,,,,,,,,,,,,,,,,,,,,,,,,,,,,,,,,,,,,,,,,,,,,,,,
,1199,121647531,2462,121645069,3000,43344655,886,43343769,1138,78302876,1576,78301300,1870,310551767578112,7034558976,310544733019136,8196704256,285224448830464,7027941376,285217420889088,8189383680,25327318747648,6617600,25327312130048,25021440,310551767578112,7034558976,310544733019136,8196704256,285224448830464,7027941376,285217420889088,8189383680,25327318747648,6617600,25327312130048,25021440,121647531,2462,121645069,3000,43344655,886,43343769,1138,78302876,1576,78301300,1870,76033799,161,76033638,256,26297434,99,26297335,157,49736365,62,49736303,119,307423825415680,225781248,307423599634432,1441801216,281471506641920,215621632,281471291020288,1429037056,25952318773760,10159616,25952308614144,19068928,-1,0,357,0,0,2,0,0,0,0,0,0,0,0,307719731445440,7021262676,307712710182764,8176189920,282401000152320,7014793216,282393985359104,8169017344,25318731293120,6469460,25318724823660,24870008,8684306432,8684306432,0,8684306432,8652849152,8652849152,0,8652849152,31457280,31457280,0,31457280,357,357,0,357,342,342,0,342,15,15,0,15,,,,,,,,,,,,,,,,,,,,,,,,,,,,,,,,,,,,,,,,,,,,,,,,,,,,,,,,,,,,,,,,,,,,,,,,,,,,,,,,,,,,,,,,,,,,,,,,,,,,,,,,,,,,,,,,,,,,,,,,,,,,,,,,,,,,,,,,,,,,,,,,,,,,,,,,,,,,,,
,1199,,,,,,,,,,,,,,,,,,,,,,,,,,,,,,,,,,,,,,,,,,,,,,,,,,,,,,,,,,,,,,,,,,,,,,,,,,,,,,,,,,,,,,,,,,,,,,,,,,,,,,,,,,,,,,,,,,,,,,,,,,,121660402,2466,121657936,3000,43348959,886,43348073,1138,78311443,1580,78309863,1870,310580900072448,7034561024,310573865511424,8196704256,285250608835584,7027941376,285243580894208,8189383680,25330291236864,6619648,25330284617216,25021440,310580900072448,7034561024,310573865511424,8196704256,285250608835584,7027941376,285243580894208,8189383680,25330291236864,6619648,25330284617216,25021440,121660402,2466,121657936,3000,43348959,886,43348073,1138,78311443,1580,78309863,1870,76041204,162,76041042,256,26299959,99,26299860,157,49741245,63,49741182,119,307459828923392,225779200,307459603144192,1441801216,281504496374784,215621632,281504280753152,1429037056,25955332548608,10157568,25955322391040,19068928,-1,0,357,0,0,2,0,0,0,0,0,0,0,0,307748711521857,7021262752,307741690259105,8176189920,282427008548864,7014793216,282419993755648,8169017344,25321702972993,6469536,25321696503457,24870008,8684306432,8684306432,0,8684306432,8652849152,8652849152,0,8652849152,31457280,31457280,0,31457280,357,357,0,357,342,342,0,342,15,15,0,15,,,,,,,,,,,,,,,,,,,,,,,,,,,,,,,,,,,,
,1199,,,,,,,,,,,,,,,,,,,,,,,,,,,,,,,,,,,,,,,,,,,,,,,,,,,,,,,,,,,,,,,,,,,,,,,,,,,,,,,,,,,,,,,,,,,,,,,,,,,,,,,,,,,,,,,,,,,,,,,,,,,,,,,,,,,,,,,,,,,,,,,,,,,,,,,,,,,,,,,,,,,,,,,,,,,,,,,,,,,,,,,,,,,,,,,,,,,,,,,,,,,,,,,,,,,,,,,,,,,,,,,,,,,,,,,,,,,,,,,,,,,,,0.00011074542999267578,1.1316935342620127e-05,0.0002804994583129883,1,,,,,,,,,,,,,,,,,,,,,,,,,,,,,,,,
1.3836858006042296e-06,1249,,,,,,,,,,,,,,,,,,,,,,,,,,,,,,,,,,,,,,,,,,,,,,,,,,,,,,,,,,,,,,,,,,,,,,,,,,,,,,,,,,,,,,,,,,,,,,,,,,,,,,,,,,,,,,,,,,,,,,,,,,,,,,,,,,,,,,,,,,,,,,,,,,,,,,,,,,,,,,,,,,,,,,,,,,,,,,,,,,,,,,,,,,,,,,,,,,,,,,,,,,,,,,,,,,,,,,,,,,,,,,,,,,,,,,,,,,,,,,,,,,,,,,,,,,,,,,,,,,,,,,,,,,,,,,,,,,,,,,,,
,1249,126565516,2462,126563054,3000,45105650,886,45104764,1138,81459866,1576,81458290,1870,323184553679360,7037268992,323177516410368,8196704256,296838493405184,7030652928,296831462752256,8189383680,26346060274176,6616064,26346053658112,25021440,323184553679360,7037268992,323177516410368,8196704256,296838493405184,7030652928,296831462752256,8189383680,26346060274176,6616064,26346053658112,25021440,126565516,2462,126563054,3000,45105650,886,45104764,1138,81459866,1576,81458290,1870,79054804,150,79054654,256,27344641,96,27344545,157,51710163,54,51710109,119,319940407480832,225168384,319940182312448,1441801216,292947065579520,212910080,292946852669440,1429037056,26993341901312,12258304,26993329643008,19068928,-1,0,357,0,0,2,0,0,0,0,0,0,0,0,320248767346341,7021260612,320241746085729,8176189920,293911641151488,7014793216,293904626358272,8169017344,26337126194853,6467396,26337119727457,24870008,8684306432,8684306432,0,8684306432,8652849152,8652849152,0,8652849152,31457280,31457280,0,31457280,357,357,0,357,342,342,0,342,15,15,0,15,,,,,,,,,,,,,,,,,,,,,,,,,,,,,,,,,,,,,,,,,,,,,,,,,,,,,,,,,,,,,,,,,,,,,,,,,,,,,,,,,,,,,,,,,,,,,,,,,,,,,,,,,,,,,,,,,,,,,,,,,,,,,,,,,,,,,,,,,,,,,,,,,,,,,,,,,,,,,,
,1249,,,,,,,,,,,,,,,,,,,,,,,,,,,,,,,,,,,,,,,,,,,,,,,,,,,,,,,,,,,,,,,,,,,,,,,,,,,,,,,,,,,,,,,,,,,,,,,,,,,,,,,,,,,,,,,,,,,,,,,,,,,126577887,2466,126575421,3000,45109637,886,45108751,1138,81468250,1580,81466670,1870,323211508489216,7031864320,323204476624896,8196704256,296862592446464,7025246208,296855567200256,8189383680,26348916042752,6618112,26348909424640,25021440,323211508489216,7031864320,323204476624896,8196704256,296862592446464,7025246208,296855567200256,8189383680,26348916042752,6618112,26348909424640,25021440,126577887,2466,126575421,3000,45109637,886,45108751,1138,81468250,1580,81466670,1870,79062335,164,79062171,256,27346961,106,27346855,157,51715374,58,51715316,119,319967348231168,295584768,319967052646400,1441801216,292971128174592,289619968,292970838554624,1429037056,26996220056576,5964800,26996214091776,19068928,-1,0,357,0,0,2,0,0,0,0,0,0,0,0,320275586941370,7021260628,320268565680742,8176189920,293935605877504,7014793216,293928591084288,8169017344,26339981063866,6467412,26339974596454,24870008,8684306432,8684306432,0,8684306432,8652849152,8652849152,0,8652849152,31457280,31457280,0,31457280,357,357,0,357,342,342,0,342,15,15,0,15,,,,,,,,,,,,,,,,,,,,,,,,,,,,,,,,,,,,
1.3836858006042296e-06,1249,,,,,,,,,,,,,,,,,,,,,,,,,,,,,,,,,,,,,,,,,,,,,,,,,,,,,,,,,,,,,,,,,,,,,,,,,,,,,,,,,,,,,,,,,,,,,,,,,,,,,,,,,,,,,,,,,,,,,,,,,,,,,,,,,,,,,,,,,,,,,,,,,,,,,,,,,,,,,,,,,,,,,,,,,,,,,,,,,,,,,,,,,,,,,,,,,,,,,,,,,,,,,,,,,,,,,,,,,,,,,,,,,,,,,,,,,,,,,,,,,,,,,,,,,,,,,,,,,,,,,,,,,,,,,,,,,,,,,,,,
,1249,126577900,2462,126575438,3000,45109637,886,45108751,1138,81468263,1576,81466687,1870,323211508502016,7031859200,323204476642816,8196704256,296862592446464,7025246208,296855567200256,8189383680,26348916055552,6612992,26348909442560,25021440,323211508502016,7031859200,323204476642816,8196704256,296862592446464,7025246208,296855567200256,8189383680,26348916055552,6612992,26348909442560,25021440,126577900,2462,126575438,3000,45109637,886,45108751,1138,81468263,1576,81466687,1870,79062346,164,79062182,256,27346961,106,27346855,157,51715385,58,51715327,119,319967348249088,295589888,319967052659200,1441801216,292971128174592,289619968,292970838554624,1429037056,26996220074496,5969920,26996214104576,19068928,-1,0,357,0,0,2,0,0,0,0,0,0,0,0,320275586948326,7021257324,320268565691002,8176189920,293935605877504,7014793216,293928591084288,8169017344,26339981070822,6464108,26339974606714,24870008,8684306432,8684306432,0,8684306432,8652849152,8652849152,0,8652849152,31457280,31457280,0,31457280,357,357,0,357,342,342,0,342,15,15,0,15,,,,,,,,,,,,,,,,,,,,,,,,,,,,,,,,,,,,,,,,,,,,,,,,,,,,,,,,,,,,,,,,,,,,,,,,,,,,,,,,,,,,,,,,,,,,,,,,,,,,,,,,,,,,,,,,,,,,,,,,,,,,,,,,,,,,,,,,,,,,,,,,,,,,,,,,,,,,,,
,1249,,,,,,,,,,,,,,,,,,,,,,,,,,,,,,,,,,,,,,,,,,,,,,,,,,,,,,,,,,,,,,,,,,,,,,,,,,,,,,,,,,,,,,,,,,,,,,,,,,,,,,,,,,,,,,,,,,,,,,,,,,,126590271,2466,126587805,3000,45113624,886,45112738,1138,81476647,1580,81475067,1870,323238269845504,7031861248,323231237984256,8196704256,296886576488448,7025246208,296879551242240,8189383680,26351693357056,6615040,26351686742016,25021440,323238269845504,7031861248,323231237984256,8196704256,296886576488448,7025246208,296879551242240,8189383680,26351693357056,6615040,26351686742016,25021440,126590271,2466,126587805,3000,45113624,886,45112738,1138,81476647,1580,81475067,1870,79070181,170,79070011,256,27349124,106,27349018,157,51721057,64,51720993,119,319995282807808,295587840,319994987219968,1441801216,292996252600320,289619968,292995962980352,1429037056,26999030207488,5967872,26999024239616,19068928,-1,0,357,0,0,2,0,0,0,0,0,0,0,0,320302276162607,7021257340,320295254905267,8176189920,293959518727680,7014793216,293952503934464,8169017344,26342757434927,6464124,26342750970803,24870008,8684306432,8684306432,0,8684306432,8652849152,8652849152,0,8652849152,31457280,31457280,0,31457280,357,357,0,357,342,342,0,342,15,15,0,15,,,,,,,,,,,,,,,,,,,,,,,,,,,,,,,,,,,,
1.3836858006042296e-06,1249,,,,,,,,,,,,,,,,,,,,,,,,,,,,,,,,,,,,,,,,,,,,,,,,,,,,,,,,,,,,,,,,,,,,,,,,,,,,,,,,,,,,,,,,,,,,,,,,,,,,,,,,,,,,,,,,,,,,,,,,,,,,,,,,,,,,,,,,,,,,,,,,,,,,,,,,,,,,,,,,,,,,,,,,,,,,,,,,,,,,,,,,,,,,,,,,,,,,,,,,,,,,,,,,,,,,,,,,,,,,,,,,,,,,,,,,,,,,,,,,,,,,,,,,,,,,,,,,,,,,,,,,,,,,,,,,,,,,,,,,
,1249,126590284,2462,126587822,3000,45113624,886,45112738,1138,81476660,1576,81475084,1870,323238269862912,7031863808,323231237999104,8196704256,296886576488448,7025246208,296879551242240,8189383680,26351693374464,6617600,26351686756864,25021440,323238269862912,7031863808,323231237999104,8196704256,296886576488448,7025246208,296879551242240,8189383680,26351693374464,6617600,26351686756864,25021440,126590284,2462,126587822,3000,45113624,886,45112738,1138,81476660,1576,81475084,1870,79070192,168,79070024,256,27349124,106,27349018,157,51721068,62,51721006,119,319995282822656,295585280,319994987237376,1441801216,292996252600320,289619968,292995962980352,1429037056,26999030222336,5965312,26999024257024,19068928,-1,0,357,0,0,2,0,0,0,0,0,0,0,0,320302276173883,7021261644,320295254912239,8176189920,293959518727680,7014793216,293952503934464,8169017344,26342757446203,6468428,26342750977775,24870008,8684306432,8684306432,0,8684306432,8652849152,8652849152,0,8652849152,31457280,31457280,0,31457280,357,357,0,357,342,342,0,342,15,15,0,15,,,,,,,,,,,,,,,,,,,,,,,,,,,,,,,,,,,,,,,,,,,,,,,,,,,,,,,,,,,,,,,,,,,,,,,,,,,,,,,,,,,,,,,,,,,,,,,,,,,,,,,,,,,,,,,,,,,,,,,,,,,,,,,,,,,,,,,,,,,,,,,,,,,,,,,,,,,,,,
,1249,,,,,,,,,,,,,,,,,,,,,,,,,,,,,,,,,,,,,,,,,,,,,,,,,,,,,,,,,,,,,,,,,,,,,,,,,,,,,,,,,,,,,,,,,,,,,,,,,,,,,,,,,,,,,,,,,,,,,,,,,,,126602655,2466,126600189,3000,45117611,886,45116725,1138,81485044,1580,81483464,1870,323265233045504,7031865856,323258201179648,8196704256,296910636707840,7025246208,296903611461632,8189383680,26354596337664,6619648,26354589718016,25021440,323265233045504,7031865856,323258201179648,8196704256,296910636707840,7025246208,296903611461632,8189383680,26354596337664,6619648,26354589718016,25021440,126602655,2466,126600189,3000,45117611,886,45116725,1138,81485044,1580,81483464,1870,79077907,167,79077740,256,27351293,106,27351187,157,51726614,61,51726553,119,320023427674624,295583232,320023132091392,1441801216,293021437868032,289619968,293021148248064,1429037056,27001989806592,5963264,27001983843328,19068928,-1,0,357,0,0,2,0,0,0,0,0,0,0,0,320329173235158,7021261660,320322151973498,8176189920,293983513702656,7014793216,293976498909440,8169017344,26345659532502,6468444,26345653064058,24870008,8684306432,8684306432,0,8684306432,8652849152,8652849152,0,8652849152,31457280,31457280,0,31457280,357,357,0,357,342,342,0,342,15,15,0,15,,,,,,,,,,,,,,,,,,,,,,,,,,,,,,,,,,,,
1.3836858006042296e-06,1249,,,,,,,,,,,,,,,,,,,,,,,,,,,,,,,,,,,,,,,,,,,,,,,,,,,,,,,,,,,,,,,,,,,,,,,,,,,,,,,,,,,,,,,,,,,,,,,,,,,,,,,,,,,,,,,,,,,,,,,,,,,,,,,,,,,,,,,,,,,,,,,,,,,,,,,,,,,,,,,,,,,,,,,,,,,,,,,,,,,,,,,,,,,,,,,,,,,,,,,,,,,,,,,,,,,,,,,,,,,,,,,,,,,,,,,,,,,,,,,,,,,,,,,,,,,,,,,,,,,,,,,,,,,,,,,,,,,,,,,,
,1249,126602668,2462,126600206,3000,45117611,886,45116725,1138,81485057,1576,81483481,1870,323265233055232,7031856128,323258201199104,8196704256,296910636707840,7025246208,296903611461632,8189383680,26354596347392,6609920,26354589737472,25021440,323265233055232,7031856128,323258201199104,8196704256,296910636707840,7025246208,296903611461632,8189383680,26354596347392,6609920,26354589737472,25021440,126602668,2462,126600206,3000,45117611,886,45116725,1138,81485057,1576,81483481,1870,79077919,165,79077754,256,27351293,106,27351187,157,51726626,59,51726567,119,320023427694080,295592960,320023132101120,1441801216,293021437868032,289619968,293021148248064,1429037056,27001989826048,5972992,27001983853056,19068928,-1,0,357,0,0,2,0,0,0,0,0,0,0,0,320329173239618,7021254828,320322151984790,8176189920,293983513702656,7014793216,293976498909440,8169017344,26345659536962,6461612,26345653075350,24870008,8684306432,8684306432,0,8684306432,8652849152,8652849152,0,8652849152,31457280,31457280,0,31457280,357,357,0,357,342,342,0,342,15,15,0,15,,,,,,,,,,,,,,,,,,,,,,,,,,,,,,,,,,,,,,,,,,,,,,,,,,,,,,,,,,,,,,,,,,,,,,,,,,,,,,,,,,,,,,,,,,,,,,,,,,,,,,,,,,,,,,,,,,,,,,,,,,,,,,,,,,,,,,,,,,,,,,,,,,,,,,,,,,,,,,
,1249,,,,,,,,,,,,,,,,,,,,,,,,,,,,,,,,,,,,,,,,,,,,,,,,,,,,,,,,,,,,,,,,,,,,,,,,,,,,,,,,,,,,,,,,,,,,,,,,,,,,,,,,,,,,,,,,,,,,,,,,,,,126615039,2466,126612573,3000,45121593,886,45120707,1138,81493446,1580,81491866,1870,323291991512064,7031858176,323284959653888,8196704256,296934614392832,7025246208,296927589146624,8189383680,26357377119232,6611968,26357370507264,25021440,323291991512064,7031858176,323284959653888,8196704256,296934614392832,7025246208,296927589146624,8189383680,26357377119232,6611968,26357370507264,25021440,126615039,2466,126612573,3000,45121593,886,45120707,1138,81493446,1580,81491866,1870,79085568,169,79085399,256,27353451,106,27353345,157,51732117,63,51732054,119,320051363494912,295590912,320051067904000,1441801216,293046555936768,289619968,293046266316800,1429037056,27004807558144,5970944,27004801587200,19068928,-1,0,357,0,0,2,0,0,0,0,0,0,0,0,320355860169601,7021254844,320348838914757,8176189920,294007420797952,7014793216,294000406004736,8169017344,26348439371649,6461628,26348432910021,24870008,8684306432,8684306432,0,8684306432,8652849152,8652849152,0,8652849152,31457280,31457280,0,31457280,357,357,0,357,342,342,0,342,15,15,0,15,,,,,,,,,,,,,,,,,,,,,,,,,,,,,,,,,,,,
1.3836858006042296e-06,1249,,,,,,,,,,,,,,,,,,,,,,,,,,,,,,,,,,,,,,,,,,,,,,,,,,,,,,,,,,,,,,,,,,,,,,,,,,,,,,,,,,,,,,,,,,,,,,,,,,,,,,,,,,,,,,,,,,,,,,,,,,,,,,,,,,,,,,,,,,,,,,,,,,,,,,,,,,,,,,,,,,,,,,,,,,,,,,,,,,,,,,,,,,,,,,,,,,,,,,,,,,,,,,,,,,,,,,,,,,,,,,,,,,,,,,,,,,,,,,,,,,,,,,,,,,,,,,,,,,,,,,,,,,,,,,,,,,,,,,,,
,1249,126615052,2462,126612590,3000,45121593,886,45120707,1138,81493459,1576,81491883,1870,323291991524864,7031859200,323284959665664,8196704256,296934614392832,7025246208,296927589146624,8189383680,26357377132032,6612992,26357370519040,25021440,323291991524864,7031859200,323284959665664,8196704256,296934614392832,7025246208,296927589146624,8189383680,26357377132032,6612992,26357370519040,25021440,126615052,2462,126612590,3000,45121593,886,45120707,1138,81493459,1576,81491883,1870,79085580,167,79085413,256,27353451,106,27353345,157,51732129,61,51732068,119,320051363506688,295589888,320051067916800,1441801216,293046555936768,289619968,293046266316800,1429037056,27004807569920,5969920,27004801600000,19068928,-1,0,357,0,0,2,0,0,0,0,0,0,0,0,320355860176293,7021257060,320348838919233,8176189920,294007420797952,7014793216,294000406004736,8169017344,26348439378341,6463844,26348432914497,24870008,8684306432,8684306432,0,8684306432,8652849152,8652849152,0,8652849152,31457280,31457280,0,31457280,357,357,0,357,342,342,0,342,15,15,0,15,,,,,,,,,,,,,,,,,,,,,,,,,,,,,,,,,,,,,,,,,,,,,,,,,,,,,,,,,,,,,,,,,,,,,,,,,,,,,,,,,,,,,,,,,,,,,,,,,,,,,,,,,,,,,,,,,,,,,,,,,,,,,,,,,,,,,,,,,,,,,,,,,,,,,,,,,,,,,,
,1249,,,,,,,,,,,,,,,,,,,,,,,,,,,,,,,,,,,,,,,,,,,,,,,,,,,,,,,,,,,,,,,,,,,,,,,,,,,,,,,,,,,,,,,,,,,,,,,,,,,,,,,,,,,,,,,,,,,,,,,,,,,126627374,2466,126624908,3000,45125580,886,45124694,1138,81501794,1580,81500214,1870,323318835288576,7031861248,323311803427328,8196704256,296958634045440,7025246208,296951608799232,8189383680,26360201243136,6615040,26360194628096,25021440,323318835288576,7031861248,323311803427328,8196704256,296958634045440,7025246208,296951608799232,8189383680,26360201243136,6615040,26360194628096,25021440,126627374,2466,126624908,3000,45125580,886,45124694,1138,81501794,1580,81500214,1870,79093031,164,79092867,256,27355620,106,27355514,157,51737411,58,51737353,119,320079375324672,295587840,320079079736832,1441801216,293071710222336,289619968,293071420602368,1429037056,27007665102336,5967872,27007659134464,19068928,-1,0,357,0,0,2,0,0,0,0,0,0,0,0,320382625532317,7021257136,320375604275181,8176189920,294031362934528,7014793216,294024348141312,8169017344,26351262597789,6463920,26351256133869,24870008,8684306432,8684306432,0,8684306432,8652849152,8652849152,0,8652849152,31457280,31457280,0,31457280,357,357,0,357,342,342,0,342,15,15,0,15,,,,,,,,,,,,,,,,,,,,,,,,,,,,,,,,,,,,
1.3836858006042296e-06,1249,,,,,,,,,,,,,,,,,,,,,,,,,,,,,,,,,,,,,,,,,,,,,,,,,,,,,,,,,,,,,,,,,,,,,,,,,,,,,,,,,,,,,,,,,,,,,,,,,,,,,,,,,,,,,,,,,,,,,,,,,,,,,,,,,,,,,,,,,,,,,,,,,,,,,,,,,,,,,,,,,,,,,,,,,,,,,,,,,,,,,,,,,,,,,,,,,,,,,,,,,,,,,,,,,,,,,,,,,,,,,,,,,,,,,,,,,,,,,,,,,,,,,,,,,,,,,,,,,,,,,,,,,,,,,,,,,,,,,,,,
,1249,126627387,2462,126624925,3000,45125580,886,45124694,1138,81501807,1576,81500231,1870,323318835309056,7031866880,323311803442176,8196704256,296958634045440,7025246208,296951608799232,8189383680,26360201263616,6620672,26360194642944,25021440,323318835309056,7031866880,323311803442176,8196704256,296958634045440,7025246208,296951608799232,8189383680,26360201263616,6620672,26360194642944,25021440,126627387,2462,126624925,3000,45125580,886,45124694,1138,81501807,1576,81500231,1870,79093044,166,79092878,256,27355620,106,27355514,157,51737424,60,51737364,119,320079375339520,295582208,320079079757312,1441801216,293071710222336,289619968,293071420602368,1429037056,27007665117184,5962240,27007659154944,19068928,-1,0,357,0,0,2,0,0,0,0,0,0,0,0,320382625547721,7021265832,320375604281889,8176189920,294031362934528,7014793216,294024348141312,8169017344,26351262613193,6472616,26351256140577,24870008,8684306432,8684306432,0,8684306432,8652849152,8652849152,0,8652849152,31457280,31457280,0,31457280,357,357,0,357,342,342,0,342,15,15,0,15,,,,,,,,,,,,,,,,,,,,,,,,,,,,,,,,,,,,,,,,,,,,,,,,,,,,,,,,,,,,,,,,,,,,,,,,,,,,,,,,,,,,,,,,,,,,,,,,,,,,,,,,,,,,,,,,,,,,,,,,,,,,,,,,,,,,,,,,,,,,,,,,,,,,,,,,,,,,,,
,1249,,,,,,,,,,,,,,,,,,,,,,,,,,,,,,,,,,,,,,,,,,,,,,,,,,,,,,,,,,,,,,,,,,,,,,,,,,,,,,,,,,,,,,,,,,,,,,,,,,,,,,,,,,,,,,,,,,,,,,,,,,,126640310,2466,126637844,3000,45132471,886,45131585,1138,81507839,1580,81506259,1870,323373537411072,7031868928,323366505542144,8196704256,297012558983168,7025246208,297005533736960,8189383680,26360978427904,6622720,26360971805184,25021440,323373537411072,7031868928,323366505542144,8196704256,297012558983168,7025246208,297005533736960,8189383680,26360978427904,6622720,26360971805184,25021440,126640310,2466,126637844,3000,45132471,886,45131585,1138,81507839,1580,81506259,1870,79101533,168,79101365,256,27360711,106,27360605,157,51740822,62,51740760,119,320125879729664,295580160,320125584149504,1441801216,293117437450240,289619968,293117147830272,1429037056,27008442279424,5960192,27008436319232,19068928,-1,0,357,0,0,2,0,0,0,0,0,0,0,0,320437036937172,7021265788,320430015671384,8176189920,294084998072832,7014793216,294077983279616,8169017344,26352038864340,6472572,26352032391768,24870008,8684306432,8684306432,0,8684306432,8652849152,8652849152,0,8652849152,31457280,31457280,0,31457280,357,357,0,357,342,342,0,342,15,15,0,15,,,,,,,,,,,,,,,,,,,,,,,,,,,,,,,,,,,,
1.3836858006042296e-06,1249,,,,,,,,,,,,,,,,,,,,,,,,,,,,,,,,,,,,,,,,,,,,,,,,,,,,,,,,,,,,,,,,,,,,,,,,,,,,,,,,,,,,,,,,,,,,,,,,,,,,,,,,,,,,,,,,,,,,,,,,,,,,,,,,,,,,,,,,,,,,,,,,,,,,,,,,,,,,,,,,,,,,,,,,,,,,,,,,,,,,,,,,,,,,,,,,,,,,,,,,,,,,,,,,,,,,,,,,,,,,,,,,,,,,,,,,,,,,,,,,,,,,,,,,,,,,,,,,,,,,,,,,,,,,,,,,,,,,,,,,
,1249,126640323,2462,126637861,3000,45132471,886,45131585,1138,81507852,1576,81506276,1870,323373537422336,7031857664,323366505564672,8196704256,297012558983168,7025246208,297005533736960,8189383680,26360978439168,6611456,26360971827712,25021440,323373537422336,7031857664,323366505564672,8196704256,297012558983168,7025246208,297005533736960,8189383680,26360978439168,6611456,26360971827712,25021440,126640323,2462,126637861,3000,45132471,886,45131585,1138,81507852,1576,81506276,1870,79101545,166,79101379,256,27360711,106,27360605,157,51740834,60,51740774,119,320125879752192,295591424,320125584160768,1441801216,293117437450240,289619968,293117147830272,1429037056,27008442301952,5971456,27008436330496,19068928,-1,0,357,0,0,2,0,0,0,0,0,0,0,0,320437036942472,7021255668,320430015686804,8176189920,294084998072832,7014793216,294077983279616,8169017344,26352038869640,6462452,26352032407188,24870008,8684306432,8684306432,0,8684306432,8652849152,8652849152,0,8652849152,31457280,31457280,0,31457280,357,357,0,357,342,342,0,342,15,15,0,15,,,,,,,,,,,,,,,,,,,,,,,,,,,,,,,,,,,,,,,,,,,,,,,,,,,,,,,,,,,,,,,,,,,,,,,,,,,,,,,,,,,,,,,,,,,,,,,,,,,,,,,,,,,,,,,,,,,,,,,,,,,,,,,,,,,,,,,,,,,,,,,,,,,,,,,,,,,,,,
,1249,,,,,,,,,,,,,,,,,,,,,,,,,,,,,,,,,,,,,,,,,,,,,,,,,,,,,,,,,,,,,,,,,,,,,,,,,,,,,,,,,,,,,,,,,,,,,,,,,,,,,,,,,,,,,,,,,,,,,,,,,,,126652690,2466,126650224,3000,45136453,886,45135567,1138,81516237,1580,81514657,1870,323400296698880,7031859712,323393264839168,8196704256,297036536668160,7025246208,297029511421952,8189383680,26363760030720,6613504,26363753417216,25021440,323400296698880,7031859712,323393264839168,8196704256,297036536668160,7025246208,297029511421952,8189383680,26363760030720,6613504,26363753417216,25021440,126652690,2466,126650224,3000,45136453,886,45135567,1138,81516237,1580,81514657,1870,79108953,165,79108788,256,27362869,106,27362763,157,51746084,59,51746025,119,320153816372736,295589376,320153520783360,1441801216,293142555518976,289619968,293142265899008,1429037056,27011260853760,5969408,27011254884352,19068928,-1,0,357,0,0,2,0,0,0,0,0,0,0,0,320463724694150,7021255684,320456703438466,8176189920,294108905168128,7014793216,294101890374912,8169017344,26354819526022,6462468,26354813063554,24870008,8684306432,8684306432,0,8684306432,8652849152,8652849152,0,8652849152,31457280,31457280,0,31457280,357,357,0,357,342,342,0,342,15,15,0,15,,,,,,,,,,,,,,,,,,,,,,,,,,,,,,,,,,,,
1.3836858006042296e-06,1249,,,,,,,,,,,,,,,,,,,,,,,,,,,,,,,,,,,,,,,,,,,,,,,,,,,,,,,,,,,,,,,,,,,,,,,,,,,,,,,,,,,,,,,,,,,,,,,,,,,,,,,,,,,,,,,,,,,,,,,,,,,,,,,,,,,,,,,,,,,,,,,,,,,,,,,,,,,,,,,,,,,,,,,,,,,,,,,,,,,,,,,,,,,,,,,,,,,,,,,,,,,,,,,,,,,,,,,,,,,,,,,,,,,,,,,,,,,,,,,,,,,,,,,,,,,,,,,,,,,,,,,,,,,,,,,,,,,,,,,,
,1249,126652703,2462,126650241,3000,45136453,886,45135567,1138,81516250,1576,81514674,1870,323400296710144,7031857664,323393264852480,8196704256,297036536668160,7025246208,297029511421952,8189383680,26363760041984,6611456,26363753430528,25021440,323400296710144,7031857664,323393264852480,8196704256,297036536668160,7025246208,297029511421952,8189383680,26363760041984,6611456,26363753430528,25021440,126652703,2462,126650241,3000,45136453,886,45135567,1138,81516250,1576,81514674,1870,79108967,165,79108802,256,27362869,106,27362763,157,51746098,59,51746039,119,320153816386048,295591424,320153520794624,1441801216,293142555518976,289619968,293142265899008,1429037056,27011260867072,5971456,27011254895616,19068928,-1,0,357,0,0,2,0,0,0,0,0,0,0,0,320463724699882,7021256100,320456703443782,8176189920,294108905168128,7014793216,294101890374912,8169017344,26354819531754,6462884,26354813068870,24870008,8684306432,8684306432,0,8684306432,8652849152,8652849152,0,8652849152,31457280,31457280,0,31457280,357,357,0,357,342,342,0,342,15,15,0,15,,,,,,,,,,,,,,,,,,,,,,,,,,,,,,,,,,,,,,,,,,,,,,,,,,,,,,,,,,,,,,,,,,,,,,,,,,,,,,,,,,,,,,,,,,,,,,,,,,,,,,,,,,,,,,,,,,,,,,,,,,,,,,,,,,,,,,,,,,,,,,,,,,,,,,,,,,,,,,
,1249,,,,,,,,,,,,,,,,,,,,,,,,,,,,,,,,,,,,,,,,,,,,,,,,,,,,,,,,,,,,,,,,,,,,,,,,,,,,,,,,,,,,,,,,,,,,,,,,,,,,,,,,,,,,,,,,,,,,,,,,,,,126665623,2466,126663157,3000,45140752,886,45139866,1138,81524871,1580,81523291,1870,323429428836352,7031859712,323422396976640,8196704256,297062679691264,7025246208,297055654445056,8189383680,26366749145088,6613504,26366742531584,25021440,323429428836352,7031859712,323422396976640,8196704256,297062679691264,7025246208,297055654445056,8189383680,26366749145088,6613504,26366742531584,25021440,126665623,2466,126663157,3000,45140752,886,45139866,1138,81524871,1580,81523291,1870,79117239,164,79117075,256,27365214,106,27365108,157,51752025,58,51751967,119,320183907105280,295589376,320183611515904,1441801216,293169561978880,289619968,293169272358912,1429037056,27014345126400,5969408,27014339156992,19068928,-1,0,357,0,0,2,0,0,0,0,0,0,0,0,320492724190080,7021256116,320485702933964,8176189920,294134916382720,7014793216,294127901589504,8169017344,26357807807360,6462900,26357801344460,24870008,8684306432,8684306432,0,8684306432,8652849152,8652849152,0,8652849152,31457280,31457280,0,31457280,357,357,0,357,342,342,0,342,15,15,0,15,,,,,,,,,,,,,,,,,,,,,,,,,,,,,,,,,,,,
,1249,,,,,,,,,,,,,,,,,,,,,,,,,,,,,,,,,,,,,,,,,,,,,,,,,,,,,,,,,,,,,,,,,,,,,,,,,,,,,,,,,,,,,,,,,,,,,,,,,,,,,,,,,,,,,,,,,,,,,,,,,,,,,,,,,,,,,,,,,,,,,,,,,,,,,,,,,,,,,,,,,,,,,,,,,,,,,,,,,,,,,,,,,,,,,,,,,,,,,,,,,,,,,,,,,,,,,,,,,,,,,,,,,,,,,,,,,,,,,,,,,,,,,0.0011425018310546875,0.00010810577805386856,0.0027640885673463345,1,,,,,,,,,,,,,,,,,,,,,,,,,,,,,,,,
1.3501174890902986e-06,1299,,,,,,,,,,,,,,,,,,,,,,,,,,,,,,,,,,,,,,,,,,,,,,,,,,,,,,,,,,,,,,,,,,,,,,,,,,,,,,,,,,,,,,,,,,,,,,,,,,,,,,,,,,,,,,,,,,,,,,,,,,,,,,,,,,,,,,,,,,,,,,,,,,,,,,,,,,,,,,,,,,,,,,,,,,,,,,,,,,,,,,,,,,,,,,,,,,,,,,,,,,,,,,,,,,,,,,,,,,,,,,,,,,,,,,,,,,,,,,,,,,,,,,,,,,,,,,,,,,,,,,,,,,,,,,,,,,,,,,,,
,1299,131565570,2462,131563108,3000,46872153,886,46871267,1138,84693417,1576,84691841,1870,335727135613952,7037013504,335720098600448,8198226944,308320725813248,7030398976,308313695414272,8190906368,27406409800704,6614528,27406403186176,25021440,335727135613952,7037013504,335720098600448,8198226944,308320725813248,7030398976,308313695414272,8190906368,27406409800704,6614528,27406403186176,25021440,131565570,2462,131563108,3000,46872153,886,46871267,1138,84693417,1576,84691841,1870,82155592,147,82155445,256,28403780,96,28403684,158,53751812,51,53751761,119,332500737357312,221229568,332500516127744,1441801216,304421018284032,213164032,304420805120000,1429037056,28079719073280,8065536,28079711007744,19068928,-1,0,357,0,0,2,0,0,0,0,0,0,0,0,332682697123633,7021258668,332675675864965,8176189920,305285572097024,7014793216,305278557303808,8169017344,27397125026609,6465452,27397118561157,24870008,8684306432,8684306432,0,8684306432,8652849152,8652849152,0,8652849152,31457280,31457280,0,31457280,357,357,0,357,342,342,0,342,15,15,0,15,,,,,,,,,,,,,,,,,,,,,,,,,,,,,,,,,,,,,,,,,,,,,,,,,,,,,,,,,,,,,,,,,,,,,,,,,,,,,,,,,,,,,,,,,,,,,,,,,,,,,,,,,,,,,,,,,,,,,,,,,,,,,,,,,,,,,,,,,,,,,,,,,,,,,,,,,,,,,,
,1299,,,,,,,,,,,,,,,,,,,,,,,,,,,,,,,,,,,,,,,,,,,,,,,,,,,,,,,,,,,,,,,,,,,,,,,,,,,,,,,,,,,,,,,,,,,,,,,,,,,,,,,,,,,,,,,,,,,,,,,,,,,131577941,2466,131575475,3000,46876140,886,46875254,1138,84701801,1580,84700221,1870,335754124000256,7034557952,335747089442304,8198226944,308344889862144,7027941376,308337861920768,8190906368,27409234138112,6616576,27409227521536,25021440,335754124000256,7034557952,335747089442304,8198226944,308344889862144,7027941376,308337861920768,8190906368,27409234138112,6616576,27409227521536,25021440,131577941,2466,131575475,3000,46876140,886,46875254,1138,84701801,1580,84700221,1870,82163301,159,82163142,256,28406174,97,28406077,158,53757127,62,53757065,119,332528238454272,225782272,332528012672000,1441801216,304445671092224,215621632,304445455470592,1429037056,28082567362048,10160640,28082557201408,19068928,-1,0,357,0,0,2,0,0,0,0,0,0,0,0,332709463993336,7021258684,332702442734652,8176189920,305309515544320,7014793216,305302500751104,8169017344,27399948449016,6465468,27399941983548,24870008,8684306432,8684306432,0,8684306432,8652849152,8652849152,0,8652849152,31457280,31457280,0,31457280,357,357,0,357,342,342,0,342,15,15,0,15,,,,,,,,,,,,,,,,,,,,,,,,,,,,,,,,,,,,
1.3501174890902986e-06,1299,,,,,,,,,,,,,,,,,,,,,,,,,,,,,,,,,,,,,,,,,,,,,,,,,,,,,,,,,,,,,,,,,,,,,,,,,,,,,,,,,,,,,,,,,,,,,,,,,,,,,,,,,,,,,,,,,,,,,,,,,,,,,,,,,,,,,,,,,,,,,,,,,,,,,,,,,,,,,,,,,,,,,,,,,,,,,,,,,,,,,,,,,,,,,,,,,,,,,,,,,,,,,,,,,,,,,,,,,,,,,,,,,,,,,,,,,,,,,,,,,,,,,,,,,,,,,,,,,,,,,,,,,,,,,,,,,,,,,,,,
,1299,131577954,2462,131575492,3000,46876140,886,46875254,1138,84701814,1576,84700238,1870,335754124017664,7034558976,335747089458688,8198226944,308344889862144,7027941376,308337861920768,8190906368,27409234155520,6617600,27409227537920,25021440,335754124017664,7034558976,335747089458688,8198226944,308344889862144,7027941376,308337861920768,8190906368,27409234155520,6617600,27409227537920,25021440,131577954,2462,131575492,3000,46876140,886,46875254,1138,84701814,1576,84700238,1870,82163314,160,82163154,256,28406174,97,28406077,158,53757140,63,53757077,119,332528238470656,225781248,332528012689408,1441801216,304445671092224,215621632,304445455470592,1429037056,28082567378432,10159616,28082557218816,19068928,-1,0,357,0,0,2,0,0,0,0,0,0,0,0,332709464005164,7021262196,332702442742968,8176189920,305309515544320,7014793216,305302500751104,8169017344,27399948460844,6468980,27399941991864,24870008,8684306432,8684306432,0,8684306432,8652849152,8652849152,0,8652849152,31457280,31457280,0,31457280,357,357,0,357,342,342,0,342,15,15,0,15,,,,,,,,,,,,,,,,,,,,,,,,,,,,,,,,,,,,,,,,,,,,,,,,,,,,,,,,,,,,,,,,,,,,,,,,,,,,,,,,,,,,,,,,,,,,,,,,,,,,,,,,,,,,,,,,,,,,,,,,,,,,,,,,,,,,,,,,,,,,,,,,,,,,,,,,,,,,,,
,1299,,,,,,,,,,,,,,,,,,,,,,,,,,,,,,,,,,,,,,,,,,,,,,,,,,,,,,,,,,,,,,,,,,,,,,,,,,,,,,,,,,,,,,,,,,,,,,,,,,,,,,,,,,,,,,,,,,,,,,,,,,,131590325,2466,131587859,3000,46880223,886,46879337,1138,84710102,1580,84708522,1870,335782119407616,7034561024,335775084846592,8198226944,308369664768000,7027941376,308362636826624,8190906368,27412454639616,6619648,27412448019968,25021440,335782119407616,7034561024,335775084846592,8198226944,308369664768000,7027941376,308362636826624,8190906368,27412454639616,6619648,27412448019968,25021440,131590325,2466,131587859,3000,46880223,886,46879337,1138,84710102,1580,84708522,1870,82170887,158,82170729,256,28408413,97,28408316,158,53762474,61,53762413,119,332558699855360,225779200,332558474076160,1441801216,304472907276288,215621632,304472691654656,1429037056,28085792579072,10157568,28085782421504,19068928,-1,0,357,0,0,2,0,0,0,0,0,0,0,0,332737201919035,7021262212,332730180656823,8176189920,305334033656320,7014793216,305327018863104,8169017344,27403168262715,6468996,27403161793719,24870008,8684306432,8684306432,0,8684306432,8652849152,8652849152,0,8652849152,31457280,31457280,0,31457280,357,357,0,357,342,342,0,342,15,15,0,15,,,,,,,,,,,,,,,,,,,,,,,,,,,,,,,,,,,,
1.3501174890902986e-06,1299,,,,,,,,,,,,,,,,,,,,,,,,,,,,,,,,,,,,,,,,,,,,,,,,,,,,,,,,,,,,,,,,,,,,,,,,,,,,,,,,,,,,,,,,,,,,,,,,,,,,,,,,,,,,,,,,,,,,,,,,,,,,,,,,,,,,,,,,,,,,,,,,,,,,,,,,,,,,,,,,,,,,,,,,,,,,,,,,,,,,,,,,,,,,,,,,,,,,,,,,,,,,,,,,,,,,,,,,,,,,,,,,,,,,,,,,,,,,,,,,,,,,,,,,,,,,,,,,,,,,,,,,,,,,,,,,,,,,,,,,
,1299,131590338,2462,131587876,3000,46880223,886,46879337,1138,84710115,1576,84708539,1870,335782119423488,7034557440,335775084866048,8198226944,308369664768000,7027941376,308362636826624,8190906368,27412454655488,6616064,27412448039424,25021440,335782119423488,7034557440,335775084866048,8198226944,308369664768000,7027941376,308362636826624,8190906368,27412454655488,6616064,27412448039424,25021440,131590338,2462,131587876,3000,46880223,886,46879337,1138,84710115,1576,84708539,1870,82170898,159,82170739,256,28408413,97,28408316,158,53762485,62,53762423,119,332558699874816,225782784,332558474092032,1441801216,304472907276288,215621632,304472691654656,1429037056,28085792598528,10161152,28085782437376,19068928,-1,0,357,0,0,2,0,0,0,0,0,0,0,0,332737201929063,7021260396,332730180668667,8176189920,305334033656320,7014793216,305327018863104,8169017344,27403168272743,6467180,27403161805563,24870008,8684306432,8684306432,0,8684306432,8652849152,8652849152,0,8652849152,31457280,31457280,0,31457280,357,357,0,357,342,342,0,342,15,15,0,15,,,,,,,,,,,,,,,,,,,,,,,,,,,,,,,,,,,,,,,,,,,,,,,,,,,,,,,,,,,,,,,,,,,,,,,,,,,,,,,,,,,,,,,,,,,,,,,,,,,,,,,,,,,,,,,,,,,,,,,,,,,,,,,,,,,,,,,,,,,,,,,,,,,,,,,,,,,,,,
,1299,,,,,,,,,,,,,,,,,,,,,,,,,,,,,,,,,,,,,,,,,,,,,,,,,,,,,,,,,,,,,,,,,,,,,,,,,,,,,,,,,,,,,,,,,,,,,,,,,,,,,,,,,,,,,,,,,,,,,,,,,,,131602709,2466,131600243,3000,46884906,886,46884020,1138,84717803,1580,84716223,1870,335810972134400,7034559488,335803937574912,8198226944,308395836602368,7027941376,308388808660992,8190906368,27415135532032,6618112,27415128913920,25021440,335810972134400,7034559488,335803937574912,8198226944,308395836602368,7027941376,308388808660992,8190906368,27415135532032,6618112,27415128913920,25021440,131602709,2466,131600243,3000,46884906,886,46884020,1138,84717803,1580,84716223,1870,82178469,161,82178308,256,28411244,97,28411147,158,53767225,64,53767161,119,332589982732288,225780736,332589756951552,1441801216,304501509259264,215621632,304501293637632,1429037056,28088473473024,10159104,28088463313920,19068928,-1,0,357,0,0,2,0,0,0,0,0,0,0,0,332765702136016,7021260412,332758680875604,8176189920,305359853866240,7014793216,305352839073024,8169017344,27405848269776,6467196,27405841802580,24870008,8684306432,8684306432,0,8684306432,8652849152,8652849152,0,8652849152,31457280,31457280,0,31457280,357,357,0,357,342,342,0,342,15,15,0,15,,,,,,,,,,,,,,,,,,,,,,,,,,,,,,,,,,,,
1.3501174890902986e-06,1299,,,,,,,,,,,,,,,,,,,,,,,,,,,,,,,,,,,,,,,,,,,,,,,,,,,,,,,,,,,,,,,,,,,,,,,,,,,,,,,,,,,,,,,,,,,,,,,,,,,,,,,,,,,,,,,,,,,,,,,,,,,,,,,,,,,,,,,,,,,,,,,,,,,,,,,,,,,,,,,,,,,,,,,,,,,,,,,,,,,,,,,,,,,,,,,,,,,,,,,,,,,,,,,,,,,,,,,,,,,,,,,,,,,,,,,,,,,,,,,,,,,,,,,,,,,,,,,,,,,,,,,,,,,,,,,,,,,,,,,,
,1299,131602722,2462,131600260,3000,46884906,886,46884020,1138,84717816,1576,84716240,1870,335810972147200,7034554368,335803937592832,8198226944,308395836602368,7027941376,308388808660992,8190906368,27415135544832,6612992,27415128931840,25021440,335810972147200,7034554368,335803937592832,8198226944,308395836602368,7027941376,308388808660992,8190906368,27415135544832,6612992,27415128931840,25021440,131602722,2462,131600260,3000,46884906,886,46884020,1138,84717816,1576,84716240,1870,82178482,162,82178320,256,28411244,97,28411147,158,53767238,65,53767173,119,332589982750208,225785856,332589756964352,1441801216,304501509259264,215621632,304501293637632,1429037056,28088473490944,10164224,28088463326720,19068928,-1,0,357,0,0,2,0,0,0,0,0,0,0,0,332765702142516,7021256868,332758680885648,8176189920,305359853866240,7014793216,305352839073024,8169017344,27405848276276,6463652,27405841812624,24870008,8684306432,8684306432,0,8684306432,8652849152,8652849152,0,8652849152,31457280,31457280,0,31457280,357,357,0,357,342,342,0,342,15,15,0,15,,,,,,,,,,,,,,,,,,,,,,,,,,,,,,,,,,,,,,,,,,,,,,,,,,,,,,,,,,,,,,,,,,,,,,,,,,,,,,,,,,,,,,,,,,,,,,,,,,,,,,,,,,,,,,,,,,,,,,,,,,,,,,,,,,,,,,,,,,,,,,,,,,,,,,,,,,,,,,
,1299,,,,,,,,,,,,,,,,,,,,,,,,,,,,,,,,,,,,,,,,,,,,,,,,,,,,,,,,,,,,,,,,,,,,,,,,,,,,,,,,,,,,,,,,,,,,,,,,,,,,,,,,,,,,,,,,,,,,,,,,,,,131615093,2466,131612627,3000,46888893,886,46888007,1138,84726200,1580,84724620,1870,335837915950080,7034556416,335830881393664,8198226944,308419971991552,7027941376,308412944050176,8190906368,27417943958528,6615040,27417937343488,25021440,335837915950080,7034556416,335830881393664,8198226944,308419971991552,7027941376,308412944050176,8190906368,27417943958528,6615040,27417937343488,25021440,131615093,2466,131612627,3000,46888893,886,46888007,1138,84726200,1580,84724620,1870,82185634,161,82185473,256,28413262,97,28413165,158,53772372,64,53772308,119,332619563400192,225783808,332619337616384,1441801216,304528268914688,215621632,304528053293056,1429037056,28091294485504,10162176,28091284323328,19068928,-1,0,357,0,0,2,0,0,0,0,0,0,0,0,332792441815942,7021256884,332785420559058,8176189920,305383786049536,7014793216,305376771256320,8169017344,27408655766406,6463668,27408649302738,24870008,8684306432,8684306432,0,8684306432,8652849152,8652849152,0,8652849152,31457280,31457280,0,31457280,357,357,0,357,342,342,0,342,15,15,0,15,,,,,,,,,,,,,,,,,,,,,,,,,,,,,,,,,,,,
1.3501174890902986e-06,1299,,,,,,,,,,,,,,,,,,,,,,,,,,,,,,,,,,,,,,,,,,,,,,,,,,,,,,,,,,,,,,,,,,,,,,,,,,,,,,,,,,,,,,,,,,,,,,,,,,,,,,,,,,,,,,,,,,,,,,,,,,,,,,,,,,,,,,,,,,,,,,,,,,,,,,,,,,,,,,,,,,,,,,,,,,,,,,,,,,,,,,,,,,,,,,,,,,,,,,,,,,,,,,,,,,,,,,,,,,,,,,,,,,,,,,,,,,,,,,,,,,,,,,,,,,,,,,,,,,,,,,,,,,,,,,,,,,,,,,,,
,1299,131615106,2462,131612644,3000,46888893,886,46888007,1138,84726213,1576,84724637,1870,335837915965952,7034557440,335830881408512,8198226944,308419971991552,7027941376,308412944050176,8190906368,27417943974400,6616064,27417937358336,25021440,335837915965952,7034557440,335830881408512,8198226944,308419971991552,7027941376,308412944050176,8190906368,27417943974400,6616064,27417937358336,25021440,131615106,2462,131612644,3000,46888893,886,46888007,1138,84726213,1576,84724637,1870,82185644,159,82185485,256,28413262,97,28413165,158,53772382,62,53772320,119,332619563415040,225782784,332619337632256,1441801216,304528268914688,215621632,304528053293056,1429037056,28091294500352,10161152,28091284339200,19068928,-1,0,357,0,0,2,0,0,0,0,0,0,0,0,332792441826690,7021261116,332785420565574,8176189920,305383786049536,7014793216,305376771256320,8169017344,27408655777154,6467900,27408649309254,24870008,8684306432,8684306432,0,8684306432,8652849152,8652849152,0,8652849152,31457280,31457280,0,31457280,357,357,0,357,342,342,0,342,15,15,0,15,,,,,,,,,,,,,,,,,,,,,,,,,,,,,,,,,,,,,,,,,,,,,,,,,,,,,,,,,,,,,,,,,,,,,,,,,,,,,,,,,,,,,,,,,,,,,,,,,,,,,,,,,,,,,,,,,,,,,,,,,,,,,,,,,,,,,,,,,,,,,,,,,,,,,,,,,,,,,,
,1299,,,,,,,,,,,,,,,,,,,,,,,,,,,,,,,,,,,,,,,,,,,,,,,,,,,,,,,,,,,,,,,,,,,,,,,,,,,,,,,,,,,,,,,,,,,,,,,,,,,,,,,,,,,,,,,,,,,,,,,,,,,131627428,2466,131624962,3000,46892976,886,46892090,1138,84734452,1580,84732872,1870,335865433695744,7034559488,335858399136256,8198226944,308444481550336,7027941376,308437453608960,8190906368,27420952145408,6618112,27420945527296,25021440,335865433695744,7034559488,335858399136256,8198226944,308444481550336,7027941376,308437453608960,8190906368,27420952145408,6618112,27420945527296,25021440,131627428,2466,131624962,3000,46892976,886,46892090,1138,84734452,1580,84732872,1870,82192868,158,82192710,256,28415448,97,28415351,158,53777420,61,53777359,119,332649698847232,225780736,332649473066496,1441801216,304555367866368,215621632,304555152244736,1429037056,28094330980864,10159104,28094320821760,19068928,-1,0,357,0,0,2,0,0,0,0,0,0,0,0,332819745810457,7021261192,332812724549265,8176189920,305408082645760,7014793216,305401067852544,8169017344,27411663164697,6467976,27411656696721,24870008,8684306432,8684306432,0,8684306432,8652849152,8652849152,0,8652849152,31457280,31457280,0,31457280,357,357,0,357,342,342,0,342,15,15,0,15,,,,,,,,,,,,,,,,,,,,,,,,,,,,,,,,,,,,
1.3501174890902986e-06,1299,,,,,,,,,,,,,,,,,,,,,,,,,,,,,,,,,,,,,,,,,,,,,,,,,,,,,,,,,,,,,,,,,,,,,,,,,,,,,,,,,,,,,,,,,,,,,,,,,,,,,,,,,,,,,,,,,,,,,,,,,,,,,,,,,,,,,,,,,,,,,,,,,,,,,,,,,,,,,,,,,,,,,,,,,,,,,,,,,,,,,,,,,,,,,,,,,,,,,,,,,,,,,,,,,,,,,,,,,,,,,,,,,,,,,,,,,,,,,,,,,,,,,,,,,,,,,,,,,,,,,,,,,,,,,,,,,,,,,,,,
,1299,131627441,2462,131624979,3000,46892976,886,46892090,1138,84734465,1576,84732889,1870,335865433711616,7034557440,335858399154176,8198226944,308444481550336,7027941376,308437453608960,8190906368,27420952161280,6616064,27420945545216,25021440,335865433711616,7034557440,335858399154176,8198226944,308444481550336,7027941376,308437453608960,8190906368,27420952161280,6616064,27420945545216,25021440,131627441,2462,131624979,3000,46892976,886,46892090,1138,84734465,1576,84732889,1870,82192881,158,82192723,256,28415448,97,28415351,158,53777433,61,53777372,119,332649698865152,225782784,332649473082368,1441801216,304555367866368,215621632,304555152244736,1429037056,28094330998784,10161152,28094320837632,19068928,-1,0,357,0,0,2,0,0,0,0,0,0,0,0,332819745821469,7021261440,332812724560029,8176189920,305408082645760,7014793216,305401067852544,8169017344,27411663175709,6468224,27411656707485,24870008,8684306432,8684306432,0,8684306432,8652849152,8652849152,0,8652849152,31457280,31457280,0,31457280,357,357,0,357,342,342,0,342,15,15,0,15,,,,,,,,,,,,,,,,,,,,,,,,,,,,,,,,,,,,,,,,,,,,,,,,,,,,,,,,,,,,,,,,,,,,,,,,,,,,,,,,,,,,,,,,,,,,,,,,,,,,,,,,,,,,,,,,,,,,,,,,,,,,,,,,,,,,,,,,,,,,,,,,,,,,,,,,,,,,,,
,1299,,,,,,,,,,,,,,,,,,,,,,,,,,,,,,,,,,,,,,,,,,,,,,,,,,,,,,,,,,,,,,,,,,,,,,,,,,,,,,,,,,,,,,,,,,,,,,,,,,,,,,,,,,,,,,,,,,,,,,,,,,,131639812,2466,131637346,3000,46896963,886,46896077,1138,84742849,1580,84741269,1870,335892494177792,7034559488,335885459618304,8198226944,308468654868480,7027941376,308461626927104,8190906368,27423839309312,6618112,27423832691200,25021440,335892494177792,7034559488,335885459618304,8198226944,308468654868480,7027941376,308461626927104,8190906368,27423839309312,6618112,27423832691200,25021440,131639812,2466,131637346,3000,46896963,886,46896077,1138,84742849,1580,84741269,1870,82200025,161,82199864,256,28417480,97,28417383,158,53782545,64,53782481,119,332679379139072,225780736,332679153358336,1441801216,304582156275712,215621632,304581940654080,1429037056,28097222863360,10159104,28097212704256,19068928,-1,0,357,0,0,2,0,0,0,0,0,0,0,0,332846617087036,7021261396,332839595825640,8176189920,305432067646976,7014793216,305425052853760,8169017344,27414549440060,6468180,27414542971880,24870008,8684306432,8684306432,0,8684306432,8652849152,8652849152,0,8652849152,31457280,31457280,0,31457280,357,357,0,357,342,342,0,342,15,15,0,15,,,,,,,,,,,,,,,,,,,,,,,,,,,,,,,,,,,,
1.3501174890902986e-06,1299,,,,,,,,,,,,,,,,,,,,,,,,,,,,,,,,,,,,,,,,,,,,,,,,,,,,,,,,,,,,,,,,,,,,,,,,,,,,,,,,,,,,,,,,,,,,,,,,,,,,,,,,,,,,,,,,,,,,,,,,,,,,,,,,,,,,,,,,,,,,,,,,,,,,,,,,,,,,,,,,,,,,,,,,,,,,,,,,,,,,,,,,,,,,,,,,,,,,,,,,,,,,,,,,,,,,,,,,,,,,,,,,,,,,,,,,,,,,,,,,,,,,,,,,,,,,,,,,,,,,,,,,,,,,,,,,,,,,,,,,
,1299,131639825,2462,131637363,3000,46896963,886,46896077,1138,84742862,1576,84741286,1870,335892494192128,7034555904,335885459636224,8198226944,308468654868480,7027941376,308461626927104,8190906368,27423839323648,6614528,27423832709120,25021440,335892494192128,7034555904,335885459636224,8198226944,308468654868480,7027941376,308461626927104,8190906368,27423839323648,6614528,27423832709120,25021440,131639825,2462,131637363,3000,46896963,886,46896077,1138,84742862,1576,84741286,1870,82200038,162,82199876,256,28417480,97,28417383,158,53782558,65,53782493,119,332679379156992,225784320,332679153372672,1441801216,304582156275712,215621632,304581940654080,1429037056,28097222881280,10162688,28097212718592,19068928,-1,0,357,0,0,2,0,0,0,0,0,0,0,0,332846617095672,7021259004,332839595836668,8176189920,305432067646976,7014793216,305425052853760,8169017344,27414549448696,6465788,27414542982908,24870008,8684306432,8684306432,0,8684306432,8652849152,8652849152,0,8652849152,31457280,31457280,0,31457280,357,357,0,357,342,342,0,342,15,15,0,15,,,,,,,,,,,,,,,,,,,,,,,,,,,,,,,,,,,,,,,,,,,,,,,,,,,,,,,,,,,,,,,,,,,,,,,,,,,,,,,,,,,,,,,,,,,,,,,,,,,,,,,,,,,,,,,,,,,,,,,,,,,,,,,,,,,,,,,,,,,,,,,,,,,,,,,,,,,,,,
,1299,,,,,,,,,,,,,,,,,,,,,,,,,,,,,,,,,,,,,,,,,,,,,,,,,,,,,,,,,,,,,,,,,,,,,,,,,,,,,,,,,,,,,,,,,,,,,,,,,,,,,,,,,,,,,,,,,,,,,,,,,,,131652196,2466,131649730,3000,46900950,886,46900064,1138,84751246,1580,84749666,1870,335919439498752,7034557952,335912404940800,8198226944,308492791453696,7027941376,308485763512320,8190906368,27426648045056,6616576,27426641428480,25021440,335919439498752,7034557952,335912404940800,8198226944,308492791453696,7027941376,308485763512320,8190906368,27426648045056,6616576,27426641428480,25021440,131652196,2466,131649730,3000,46900950,886,46900064,1138,84751246,1580,84749666,1870,82207303,160,82207143,256,28419498,97,28419401,158,53787805,63,53787742,119,332708961310720,225782272,332708735528448,1441801216,304608917127168,215621632,304608701505536,1429037056,28100044183552,10160640,28100034022912,19068928,-1,0,357,0,0,2,0,0,0,0,0,0,0,0,332873358798723,7021259020,332866337539703,8176189920,305456001550592,7014793216,305448986757376,8169017344,27417357248131,6465804,27417350782327,24870008,8684306432,8684306432,0,8684306432,8652849152,8652849152,0,8652849152,31457280,31457280,0,31457280,357,357,0,357,342,342,0,342,15,15,0,15,,,,,,,,,,,,,,,,,,,,,,,,,,,,,,,,,,,,
1.3501174890902986e-06,1299,,,,,,,,,,,,,,,,,,,,,,,,,,,,,,,,,,,,,,,,,,,,,,,,,,,,,,,,,,,,,,,,,,,,,,,,,,,,,,,,,,,,,,,,,,,,,,,,,,,,,,,,,,,,,,,,,,,,,,,,,,,,,,,,,,,,,,,,,,,,,,,,,,,,,,,,,,,,,,,,,,,,,,,,,,,,,,,,,,,,,,,,,,,,,,,,,,,,,,,,,,,,,,,,,,,,,,,,,,,,,,,,,,,,,,,,,,,,,,,,,,,,,,,,,,,,,,,,,,,,,,,,,,,,,,,,,,,,,,,,
,1299,131652209,2462,131649747,3000,46900950,886,46900064,1138,84751259,1576,84749683,1870,335919439508480,7034551296,335912404957184,8198226944,308492791453696,7027941376,308485763512320,8190906368,27426648054784,6609920,27426641444864,25021440,335919439508480,7034551296,335912404957184,8198226944,308492791453696,7027941376,308485763512320,8190906368,27426648054784,6609920,27426641444864,25021440,131652209,2462,131649747,3000,46900950,886,46900064,1138,84751259,1576,84749683,1870,82207314,160,82207154,256,28419498,97,28419401,158,53787816,63,53787753,119,332708961327104,225788928,332708735538176,1441801216,304608917127168,215621632,304608701505536,1429037056,28100044199936,10167296,28100034032640,19068928,-1,0,357,0,0,2,0,0,0,0,0,0,0,0,332873358802679,7021254324,332866337548355,8176189920,305456001550592,7014793216,305448986757376,8169017344,27417357252087,6461108,27417350790979,24870008,8684306432,8684306432,0,8684306432,8652849152,8652849152,0,8652849152,31457280,31457280,0,31457280,357,357,0,357,342,342,0,342,15,15,0,15,,,,,,,,,,,,,,,,,,,,,,,,,,,,,,,,,,,,,,,,,,,,,,,,,,,,,,,,,,,,,,,,,,,,,,,,,,,,,,,,,,,,,,,,,,,,,,,,,,,,,,,,,,,,,,,,,,,,,,,,,,,,,,,,,,,,,,,,,,,,,,,,,,,,,,,,,,,,,,
,1299,,,,,,,,,,,,,,,,,,,,,,,,,,,,,,,,,,,,,,,,,,,,,,,,,,,,,,,,,,,,,,,,,,,,,,,,,,,,,,,,,,,,,,,,,,,,,,,,,,,,,,,,,,,,,,,,,,,,,,,,,,,131665129,2466,131662663,3000,46905153,886,46904267,1138,84759976,1580,84758396,1870,335947963311616,7034553344,335940928758272,8198226944,308518595885056,7027941376,308511567943680,8190906368,27429367426560,6611968,27429360814592,25021440,335947963311616,7034553344,335940928758272,8198226944,308518595885056,7027941376,308511567943680,8190906368,27429367426560,6611968,27429360814592,25021440,131665129,2466,131662663,3000,46905153,886,46904267,1138,84759976,1580,84758396,1870,82214751,162,82214589,256,28421523,97,28421426,158,53793228,65,53793163,119,332740018913792,225786880,332739793126912,1441801216,304637255344128,215621632,304637039722496,1429037056,28102763569664,10165248,28102753404416,19068928,-1,0,357,0,0,2,0,0,0,0,0,0,0,0,332901694415012,7021254340,332894673160672,8176189920,305481618762752,7014793216,305474603969536,8169017344,27420075652260,6461124,27420069191136,24870008,8684306432,8684306432,0,8684306432,8652849152,8652849152,0,8652849152,31457280,31457280,0,31457280,357,357,0,357,342,342,0,342,15,15,0,15,,,,,,,,,,,,,,,,,,,,,,,,,,,,,,,,,,,,
,1299,,,,,,,,,,,,,,,,,,,,,,,,,,,,,,,,,,,,,,,,,,,,,,,,,,,,,,,,,,,,,,,,,,,,,,,,,,,,,,,,,,,,,,,,,,,,,,,,,,,,,,,,,,,,,,,,,,,,,,,,,,,,,,,,,,,,,,,,,,,,,,,,,,,,,,,,,,,,,,,,,,,,,,,,,,,,,,,,,,,,,,,,,,,,,,,,,,,,,,,,,,,,,,,,,,,,,,,,,,,,,,,,,,,,,,,,,,,,,,,,,,,,,0.034881591796875,0.0017883238615468144,0.06170644983649254,1,,,,,,,,,,,,,,,,,,,,,,,,,,,,,,,,
,1323,,,,,,,,,,,,,,,,,,,,,,,,,,,,,,,,,,,,,,,,,,,,,,,,,,,,,,,,,,,,,,,,,,,,,,,,,,,,,,,,,,,,,,,,,,,,,,,,,,,,,,,,,,,,,,,,,,,,,,,,,,,,,,,,,,,,,,,,,,,,,,,,,,,,,,,,,,,,,,,,,,,,,,,,,,,,,,,,,,,,,,,,,,,,,,,,,,,,,,,,,,,,,,,,,,,,,,,,,,,,,,,,,,,,,,,,,,,,,,,,,,,,,,,,1,0.9952759146690369,0.994013786315918,0.9943113923072815,0.9941625595092773,0.8186171650886536,0.81886225938797,0.8187397122383118,0.9590112566947937,0.956019937992096,0.9575132727622986,0.9593050479888916,0.9558640122413635,0.9575814604759216,0.9561746716499329,0.9527448415756226,0.954456627368927,0.7531914710998535,0.6678507924079895,0.7401574850082397,0.7021474838256836,0.5310834646224976,0.5885826945304871,0.5583567023277283,0.38356831669807434,0.8176165819168091,0.5221707820892334,0.3844641149044037,0.810362696647644,0.521507203578949,0.31907570362091064,0.6725388765335083,0.4328109323978424
1.3165491775763678e-06,1349,,,,,,,,,,,,,,,,,,,,,,,,,,,,,,,,,,,,,,,,,,,,,,,,,,,,,,,,,,,,,,,,,,,,,,,,,,,,,,,,,,,,,,,,,,,,,,,,,,,,,,,,,,,,,,,,,,,,,,,,,,,,,,,,,,,,,,,,,,,,,,,,,,,,,,,,,,,,,,,,,,,,,,,,,,,,,,,,,,,,,,,,,,,,,,,,,,,,,,,,,,,,,,,,,,,,,,,,,,,,,,,,,,,,,,,,,,,,,,,,,,,,,,,,,,,,,,,,,,,,,,,,,,,,,,,,,,,,,,,,
,1349,138157548,2462,138155086,3000,49301368,886,49300482,1138,88856180,1576,88854604,1870,354021711681536,7033158144,354014678523392,8198226944,325458193865728,7026540544,325451167325184,8190906368,28563517815808,6617600,28563511198208,25021440,354021711681536,7033158144,354014678523392,8198226944,325458193865728,7026540544,325451167325184,8190906368,28563517815808,6617600,28563511198208,25021440,138157548,2462,138155086,3000,49301368,886,49300482,1138,88856180,1576,88854604,1870,86167667,137,86167530,256,29941270,99,29941171,158,56226397,38,56226359,122,348268459914752,220890624,348268239024128,1441801216,319009729070080,217022464,319009512047616,1429037056,29258730844672,3868160,29258726976512,19589632,-1,0,357,0,0,2,0,0,0,0,0,0,0,0,350830537211263,7021262580,350823515948683,8176189920,322276824183808,7014793216,322269809390592,8169017344,28553713027455,6469364,28553706558091,24870008,8684306432,8684306432,0,8684306432,8652849152,8652849152,0,8652849152,31457280,31457280,0,31457280,357,357,0,357,342,342,0,342,15,15,0,15,,,,,,,,,,,,,,,,,,,,,,,,,,,,,,,,,,,,,,,,,,,,,,,,,,,,,,,,,,,,,,,,,,,,,,,,,,,,,,,,,,,,,,,,,,,,,,,,,,,,,,,,,,,,,,,,,,,,,,,,,,,,,,,,,,,,,,,,,,,,,,,,,,,,,,,,,,,,,,
,1349,,,,,,,,,,,,,,,,,,,,,,,,,,,,,,,,,,,,,,,,,,,,,,,,,,,,,,,,,,,,,,,,,,,,,,,,,,,,,,,,,,,,,,,,,,,,,,,,,,,,,,,,,,,,,,,,,,,,,,,,,,,138169919,2466,138167453,3000,49305355,886,49304469,1138,88864564,1580,88862984,1870,354048582975488,7031767552,354041551207936,8198226944,325482287500288,7025147904,325475262352384,8190906368,28566295475200,6619648,28566288855552,25021440,354048582975488,7031767552,354041551207936,8198226944,325482287500288,7025147904,325475262352384,8190906368,28566295475200,6619648,28566288855552,25021440,138169919,2466,138167453,3000,49305355,886,49304469,1138,88864564,1580,88862984,1870,86175279,142,86175137,256,29943594,104,29943490,158,56231685,38,56231647,122,348295795509760,255835648,348295539674112,1441801216,319034153358336,254066688,319033899291648,1429037056,29261642151424,1768960,29261640382464,19589632,-1,0,357,0,0,2,0,0,0,0,0,0,0,0,350857231208339,7021262596,350850209945743,8176189920,322300741457664,7014793216,322293726664448,8169017344,28556489750675,6469380,28556483281295,24870008,8684306432,8684306432,0,8684306432,8652849152,8652849152,0,8652849152,31457280,31457280,0,31457280,357,357,0,357,342,342,0,342,15,15,0,15,,,,,,,,,,,,,,,,,,,,,,,,,,,,,,,,,,,,
1.3165491775763678e-06,1349,,,,,,,,,,,,,,,,,,,,,,,,,,,,,,,,,,,,,,,,,,,,,,,,,,,,,,,,,,,,,,,,,,,,,,,,,,,,,,,,,,,,,,,,,,,,,,,,,,,,,,,,,,,,,,,,,,,,,,,,,,,,,,,,,,,,,,,,,,,,,,,,,,,,,,,,,,,,,,,,,,,,,,,,,,,,,,,,,,,,,,,,,,,,,,,,,,,,,,,,,,,,,,,,,,,,,,,,,,,,,,,,,,,,,,,,,,,,,,,,,,,,,,,,,,,,,,,,,,,,,,,,,,,,,,,,,,,,,,,,
,1349,138169932,2462,138167470,3000,49305355,886,49304469,1138,88864577,1576,88863001,1870,354048582991360,7031763968,354041551227392,8198226944,325482287500288,7025147904,325475262352384,8190906368,28566295491072,6616064,28566288875008,25021440,354048582991360,7031763968,354041551227392,8198226944,325482287500288,7025147904,325475262352384,8190906368,28566295491072,6616064,28566288875008,25021440,138169932,2462,138167470,3000,49305355,886,49304469,1138,88864577,1576,88863001,1870,86175291,142,86175149,256,29943594,104,29943490,158,56231697,38,56231659,122,348295795529216,255839232,348295539689984,1441801216,319034153358336,254066688,319033899291648,1429037056,29261642170880,1772544,29261640398336,19589632,-1,0,357,0,0,2,0,0,0,0,0,0,0,0,350857231218655,7021260684,350850209957971,8176189920,322300741457664,7014793216,322293726664448,8169017344,28556489760991,6467468,28556483293523,24870008,8684306432,8684306432,0,8684306432,8652849152,8652849152,0,8652849152,31457280,31457280,0,31457280,357,357,0,357,342,342,0,342,15,15,0,15,,,,,,,,,,,,,,,,,,,,,,,,,,,,,,,,,,,,,,,,,,,,,,,,,,,,,,,,,,,,,,,,,,,,,,,,,,,,,,,,,,,,,,,,,,,,,,,,,,,,,,,,,,,,,,,,,,,,,,,,,,,,,,,,,,,,,,,,,,,,,,,,,,,,,,,,,,,,,,
,1349,,,,,,,,,,,,,,,,,,,,,,,,,,,,,,,,,,,,,,,,,,,,,,,,,,,,,,,,,,,,,,,,,,,,,,,,,,,,,,,,,,,,,,,,,,,,,,,,,,,,,,,,,,,,,,,,,,,,,,,,,,,138182303,2466,138179837,3000,49309438,886,49308552,1138,88872865,1580,88871285,1870,354075757351936,7031766016,354068725585920,8198226944,325506591054848,7025147904,325499565906944,8190906368,28569166297088,6618112,28569159678976,25021440,354075757351936,7031766016,354068725585920,8198226944,325506591054848,7025147904,325499565906944,8190906368,28569166297088,6618112,28569159678976,25021440,138182303,2466,138179837,3000,49309438,886,49308552,1138,88872865,1580,88871285,1870,86183126,148,86182978,256,29945676,104,29945572,158,56237450,44,56237406,122,348326789448704,255837184,348326533611520,1441801216,319062041338880,254066688,319061787272192,1429037056,29264748109824,1770496,29264746339328,19589632,-1,0,357,0,0,2,0,0,0,0,0,0,0,0,350884254645985,7021260700,350877233385285,8176189920,322324894968320,7014793216,322317880175104,8169017344,28559359677665,6467484,28559353210181,24870008,8684306432,8684306432,0,8684306432,8652849152,8652849152,0,8652849152,31457280,31457280,0,31457280,357,357,0,357,342,342,0,342,15,15,0,15,,,,,,,,,,,,,,,,,,,,,,,,,,,,,,,,,,,,
1.3165491775763678e-06,1349,,,,,,,,,,,,,,,,,,,,,,,,,,,,,,,,,,,,,,,,,,,,,,,,,,,,,,,,,,,,,,,,,,,,,,,,,,,,,,,,,,,,,,,,,,,,,,,,,,,,,,,,,,,,,,,,,,,,,,,,,,,,,,,,,,,,,,,,,,,,,,,,,,,,,,,,,,,,,,,,,,,,,,,,,,,,,,,,,,,,,,,,,,,,,,,,,,,,,,,,,,,,,,,,,,,,,,,,,,,,,,,,,,,,,,,,,,,,,,,,,,,,,,,,,,,,,,,,,,,,,,,,,,,,,,,,,,,,,,,,
,1349,138182316,2462,138179854,3000,49309438,886,49308552,1138,88872878,1576,88871302,1870,354075757361664,7031757824,354068725603840,8198226944,325506591054848,7025147904,325499565906944,8190906368,28569166306816,6609920,28569159696896,25021440,354075757361664,7031757824,354068725603840,8198226944,325506591054848,7025147904,325499565906944,8190906368,28569166306816,6609920,28569159696896,25021440,138182316,2462,138179854,3000,49309438,886,49308552,1138,88872878,1576,88871302,1870,86183137,146,86182991,256,29945676,104,29945572,158,56237461,42,56237419,122,348326789466624,255845376,348326533621248,1441801216,319062041338880,254066688,319061787272192,1429037056,29264748127744,1778688,29264746349056,19589632,-1,0,357,0,0,2,0,0,0,0,0,0,0,0,350884254649653,7021254036,350877233395617,8176189920,322324894968320,7014793216,322317880175104,8169017344,28559359681333,6460820,28559353220513,24870008,8684306432,8684306432,0,8684306432,8652849152,8652849152,0,8652849152,31457280,31457280,0,31457280,357,357,0,357,342,342,0,342,15,15,0,15,,,,,,,,,,,,,,,,,,,,,,,,,,,,,,,,,,,,,,,,,,,,,,,,,,,,,,,,,,,,,,,,,,,,,,,,,,,,,,,,,,,,,,,,,,,,,,,,,,,,,,,,,,,,,,,,,,,,,,,,,,,,,,,,,,,,,,,,,,,,,,,,,,,,,,,,,,,,,,
,1349,,,,,,,,,,,,,,,,,,,,,,,,,,,,,,,,,,,,,,,,,,,,,,,,,,,,,,,,,,,,,,,,,,,,,,,,,,,,,,,,,,,,,,,,,,,,,,,,,,,,,,,,,,,,,,,,,,,,,,,,,,,138194687,2466,138192221,3000,49313420,886,49312534,1138,88881267,1580,88879687,1870,354102601980928,7031759872,354095570221056,8198226944,325530624396288,7025147904,325523599248384,8190906368,28571977584640,6611968,28571970972672,25021440,354102601980928,7031759872,354095570221056,8198226944,325530624396288,7025147904,325523599248384,8190906368,28571977584640,6611968,28571970972672,25021440,138194687,2466,138192221,3000,49313420,886,49312534,1138,88881267,1580,88879687,1870,86190622,150,86190472,256,29947637,104,29947533,158,56242985,46,56242939,122,348357470553088,255843328,348357214709760,1441801216,319089708127232,254066688,319089454060544,1429037056,29267762425856,1776640,29267760649216,19589632,-1,0,357,0,0,2,0,0,0,0,0,0,0,0,350910991760082,7021254052,350903970506030,8176189920,322348821724416,7014793216,322341806931200,8169017344,28562170035666,6460836,28562163574830,24870008,8684306432,8684306432,0,8684306432,8652849152,8652849152,0,8652849152,31457280,31457280,0,31457280,357,357,0,357,342,342,0,342,15,15,0,15,,,,,,,,,,,,,,,,,,,,,,,,,,,,,,,,,,,,
1.3165491775763678e-06,1349,,,,,,,,,,,,,,,,,,,,,,,,,,,,,,,,,,,,,,,,,,,,,,,,,,,,,,,,,,,,,,,,,,,,,,,,,,,,,,,,,,,,,,,,,,,,,,,,,,,,,,,,,,,,,,,,,,,,,,,,,,,,,,,,,,,,,,,,,,,,,,,,,,,,,,,,,,,,,,,,,,,,,,,,,,,,,,,,,,,,,,,,,,,,,,,,,,,,,,,,,,,,,,,,,,,,,,,,,,,,,,,,,,,,,,,,,,,,,,,,,,,,,,,,,,,,,,,,,,,,,,,,,,,,,,,,,,,,,,,,
,1349,138194700,2462,138192238,3000,49313420,886,49312534,1138,88881280,1576,88879704,1870,354102601993728,7031760896,354095570232832,8198226944,325530624396288,7025147904,325523599248384,8190906368,28571977597440,6612992,28571970984448,25021440,354102601993728,7031760896,354095570232832,8198226944,325530624396288,7025147904,325523599248384,8190906368,28571977597440,6612992,28571970984448,25021440,138194700,2462,138192238,3000,49313420,886,49312534,1138,88881280,1576,88879704,1870,86190634,148,86190486,256,29947637,104,29947533,158,56242997,44,56242953,122,348357470564864,255842304,348357214722560,1441801216,319089708127232,254066688,319089454060544,1429037056,29267762437632,1775616,29267760662016,19589632,-1,0,357,0,0,2,0,0,0,0,0,0,0,0,350910991767038,7021257324,350903970509714,8176189920,322348821724416,7014793216,322341806931200,8169017344,28562170042622,6464108,28562163578514,24870008,8684306432,8684306432,0,8684306432,8652849152,8652849152,0,8652849152,31457280,31457280,0,31457280,357,357,0,357,342,342,0,342,15,15,0,15,,,,,,,,,,,,,,,,,,,,,,,,,,,,,,,,,,,,,,,,,,,,,,,,,,,,,,,,,,,,,,,,,,,,,,,,,,,,,,,,,,,,,,,,,,,,,,,,,,,,,,,,,,,,,,,,,,,,,,,,,,,,,,,,,,,,,,,,,,,,,,,,,,,,,,,,,,,,,,
,1349,,,,,,,,,,,,,,,,,,,,,,,,,,,,,,,,,,,,,,,,,,,,,,,,,,,,,,,,,,,,,,,,,,,,,,,,,,,,,,,,,,,,,,,,,,,,,,,,,,,,,,,,,,,,,,,,,,,,,,,,,,,138207070,2466,138204604,3000,49317503,886,49316617,1138,88889567,1580,88887987,1870,354129735788032,7031762944,354122704025088,8198226944,325554912672768,7025147904,325547887524864,8190906368,28574823115264,6615040,28574816500224,25021440,354129735788032,7031762944,354122704025088,8198226944,325554912672768,7025147904,325547887524864,8190906368,28574823115264,6615040,28574816500224,25021440,138207070,2466,138204604,3000,49317503,886,49316617,1138,88889567,1580,88887987,1870,86198416,146,86198270,256,29949719,104,29949615,158,56248697,42,56248655,122,348388447052288,255840256,348388191212032,1441801216,319117593412608,254066688,319117339345920,1429037056,29270853639680,1773568,29270851866112,19589632,-1,0,357,0,0,2,0,0,0,0,0,0,0,0,350937961153668,7021257340,350930939896328,8176189920,322372946497536,7014793216,322365931704320,8169017344,28565014656132,6464124,28565008192008,24870008,8684306432,8684306432,0,8684306432,8652849152,8652849152,0,8652849152,31457280,31457280,0,31457280,357,357,0,357,342,342,0,342,15,15,0,15,,,,,,,,,,,,,,,,,,,,,,,,,,,,,,,,,,,,
1.3165491775763678e-06,1349,,,,,,,,,,,,,,,,,,,,,,,,,,,,,,,,,,,,,,,,,,,,,,,,,,,,,,,,,,,,,,,,,,,,,,,,,,,,,,,,,,,,,,,,,,,,,,,,,,,,,,,,,,,,,,,,,,,,,,,,,,,,,,,,,,,,,,,,,,,,,,,,,,,,,,,,,,,,,,,,,,,,,,,,,,,,,,,,,,,,,,,,,,,,,,,,,,,,,,,,,,,,,,,,,,,,,,,,,,,,,,,,,,,,,,,,,,,,,,,,,,,,,,,,,,,,,,,,,,,,,,,,,,,,,,,,,,,,,,,,
,1349,138207083,2462,138204621,3000,49317503,886,49316617,1138,88889580,1576,88888004,1870,354129735803904,7031763968,354122704039936,8198226944,325554912672768,7025147904,325547887524864,8190906368,28574823131136,6616064,28574816515072,25021440,354129735803904,7031763968,354122704039936,8198226944,325554912672768,7025147904,325547887524864,8190906368,28574823131136,6616064,28574816515072,25021440,138207083,2462,138204621,3000,49317503,886,49316617,1138,88889580,1576,88888004,1870,86198427,142,86198285,256,29949719,104,29949615,158,56248708,38,56248670,122,348388447067136,255839232,348388191227904,1441801216,319117593412608,254066688,319117339345920,1429037056,29270853654528,1772544,29270851881984,19589632,-1,0,357,0,0,2,0,0,0,0,0,0,0,0,350937961164344,7021261044,350930939903300,8176189920,322372946497536,7014793216,322365931704320,8169017344,28565014666808,6467828,28565008198980,24870008,8684306432,8684306432,0,8684306432,8652849152,8652849152,0,8652849152,31457280,31457280,0,31457280,357,357,0,357,342,342,0,342,15,15,0,15,,,,,,,,,,,,,,,,,,,,,,,,,,,,,,,,,,,,,,,,,,,,,,,,,,,,,,,,,,,,,,,,,,,,,,,,,,,,,,,,,,,,,,,,,,,,,,,,,,,,,,,,,,,,,,,,,,,,,,,,,,,,,,,,,,,,,,,,,,,,,,,,,,,,,,,,,,,,,,
,1349,,,,,,,,,,,,,,,,,,,,,,,,,,,,,,,,,,,,,,,,,,,,,,,,,,,,,,,,,,,,,,,,,,,,,,,,,,,,,,,,,,,,,,,,,,,,,,,,,,,,,,,,,,,,,,,,,,,,,,,,,,,138219454,2466,138216988,3000,49321586,886,49320700,1138,88897868,1580,88896288,1870,354157240251904,7031766016,354150208485888,8198226944,325579359030272,7025147904,325572333882368,8190906368,28577881221632,6618112,28577874603520,25021440,354157240251904,7031766016,354150208485888,8198226944,325579359030272,7025147904,325572333882368,8190906368,28577881221632,6618112,28577874603520,25021440,138219454,2466,138216988,3000,49321586,886,49320700,1138,88897868,1580,88896288,1870,86206078,147,86205931,256,29951796,104,29951692,158,56254282,43,56254239,122,348419619130880,255837184,348419363293696,1441801216,319145538737152,254066688,319145284670464,1429037056,29274080393728,1770496,29274078623232,19589632,-1,0,357,0,0,2,0,0,0,0,0,0,0,0,350965366936514,7021261060,350958345675454,8176189920,322397294957312,7014793216,322390280164096,8169017344,28568071979202,6467844,28568065511358,24870008,8684306432,8684306432,0,8684306432,8652849152,8652849152,0,8652849152,31457280,31457280,0,31457280,357,357,0,357,342,342,0,342,15,15,0,15,,,,,,,,,,,,,,,,,,,,,,,,,,,,,,,,,,,,
1.3165491775763678e-06,1349,,,,,,,,,,,,,,,,,,,,,,,,,,,,,,,,,,,,,,,,,,,,,,,,,,,,,,,,,,,,,,,,,,,,,,,,,,,,,,,,,,,,,,,,,,,,,,,,,,,,,,,,,,,,,,,,,,,,,,,,,,,,,,,,,,,,,,,,,,,,,,,,,,,,,,,,,,,,,,,,,,,,,,,,,,,,,,,,,,,,,,,,,,,,,,,,,,,,,,,,,,,,,,,,,,,,,,,,,,,,,,,,,,,,,,,,,,,,,,,,,,,,,,,,,,,,,,,,,,,,,,,,,,,,,,,,,,,,,,,,
,1349,138219467,2462,138217005,3000,49321586,886,49320700,1138,88897881,1576,88896305,1870,354157240269312,7031765504,354150208503808,8198226944,325579359030272,7025147904,325572333882368,8190906368,28577881239040,6617600,28577874621440,25021440,354157240269312,7031765504,354150208503808,8198226944,325579359030272,7025147904,325572333882368,8190906368,28577881239040,6617600,28577874621440,25021440,138219467,2462,138217005,3000,49321586,886,49320700,1138,88897881,1576,88896305,1870,86206092,147,86205945,256,29951796,104,29951692,158,56254296,43,56254253,122,348419619148800,255837696,348419363311104,1441801216,319145538737152,254066688,319145284670464,1429037056,29274080411648,1771008,29274078640640,19589632,-1,0,357,0,0,2,0,0,0,0,0,0,0,0,350965366947742,7021261596,350958345686146,8176189920,322397294957312,7014793216,322390280164096,8169017344,28568071990430,6468380,28568065522050,24870008,8684306432,8684306432,0,8684306432,8652849152,8652849152,0,8652849152,31457280,31457280,0,31457280,357,357,0,357,342,342,0,342,15,15,0,15,,,,,,,,,,,,,,,,,,,,,,,,,,,,,,,,,,,,,,,,,,,,,,,,,,,,,,,,,,,,,,,,,,,,,,,,,,,,,,,,,,,,,,,,,,,,,,,,,,,,,,,,,,,,,,,,,,,,,,,,,,,,,,,,,,,,,,,,,,,,,,,,,,,,,,,,,,,,,,
,1349,,,,,,,,,,,,,,,,,,,,,,,,,,,,,,,,,,,,,,,,,,,,,,,,,,,,,,,,,,,,,,,,,,,,,,,,,,,,,,,,,,,,,,,,,,,,,,,,,,,,,,,,,,,,,,,,,,,,,,,,,,,138231789,2466,138229323,3000,49325669,886,49324783,1138,88906120,1580,88904540,1870,354184512136192,7031767552,354177480368640,8198226944,325603697654784,7025147904,325596672506880,8190906368,28580814481408,6619648,28580807861760,25021440,354184512136192,7031767552,354177480368640,8198226944,325603697654784,7025147904,325596672506880,8190906368,28580814481408,6619648,28580807861760,25021440,138231789,2466,138229323,3000,49325669,886,49324783,1138,88906120,1580,88904540,1870,86213644,146,86213498,256,29953878,104,29953774,158,56259766,42,56259724,122,348450658985472,255835648,348450403149824,1441801216,319173430330368,254066688,319173176263680,1429037056,29277228655104,1768960,29277226886144,19589632,-1,0,357,0,0,2,0,0,0,0,0,0,0,0,350992518530612,7021261672,350985497268940,8176189920,322421514126848,7014793216,322414499333632,8169017344,28571004403764,6468456,28570997935308,24870008,8684306432,8684306432,0,8684306432,8652849152,8652849152,0,8652849152,31457280,31457280,0,31457280,357,357,0,357,342,342,0,342,15,15,0,15,,,,,,,,,,,,,,,,,,,,,,,,,,,,,,,,,,,,
1.3165491775763678e-06,1349,,,,,,,,,,,,,,,,,,,,,,,,,,,,,,,,,,,,,,,,,,,,,,,,,,,,,,,,,,,,,,,,,,,,,,,,,,,,,,,,,,,,,,,,,,,,,,,,,,,,,,,,,,,,,,,,,,,,,,,,,,,,,,,,,,,,,,,,,,,,,,,,,,,,,,,,,,,,,,,,,,,,,,,,,,,,,,,,,,,,,,,,,,,,,,,,,,,,,,,,,,,,,,,,,,,,,,,,,,,,,,,,,,,,,,,,,,,,,,,,,,,,,,,,,,,,,,,,,,,,,,,,,,,,,,,,,,,,,,,,
,1349,138231802,2462,138229340,3000,49325669,886,49324783,1138,88906133,1576,88904557,1870,354184512152064,7031763968,354177480388096,8198226944,325603697654784,7025147904,325596672506880,8190906368,28580814497280,6616064,28580807881216,25021440,354184512152064,7031763968,354177480388096,8198226944,325603697654784,7025147904,325596672506880,8190906368,28580814497280,6616064,28580807881216,25021440,138231802,2462,138229340,3000,49325669,886,49324783,1138,88906133,1576,88904557,1870,86213656,144,86213512,256,29953878,104,29953774,158,56259778,40,56259738,122,348450659004928,255839232,348450403165696,1441801216,319173430330368,254066688,319173176263680,1429037056,29277228674560,1772544,29277226902016,19589632,-1,0,357,0,0,2,0,0,0,0,0,0,0,0,350992518540136,7021259952,350985497280184,8176189920,322421514126848,7014793216,322414499333632,8169017344,28571004413288,6466736,28570997946552,24870008,8684306432,8684306432,0,8684306432,8652849152,8652849152,0,8652849152,31457280,31457280,0,31457280,357,357,0,357,342,342,0,342,15,15,0,15,,,,,,,,,,,,,,,,,,,,,,,,,,,,,,,,,,,,,,,,,,,,,,,,,,,,,,,,,,,,,,,,,,,,,,,,,,,,,,,,,,,,,,,,,,,,,,,,,,,,,,,,,,,,,,,,,,,,,,,,,,,,,,,,,,,,,,,,,,,,,,,,,,,,,,,,,,,,,,
,1349,,,,,,,,,,,,,,,,,,,,,,,,,,,,,,,,,,,,,,,,,,,,,,,,,,,,,,,,,,,,,,,,,,,,,,,,,,,,,,,,,,,,,,,,,,,,,,,,,,,,,,,,,,,,,,,,,,,,,,,,,,,138244173,2466,138241707,3000,49329752,886,49328866,1138,88914421,1580,88912841,1870,354211686073344,7031766016,354204654307328,8198226944,325628001061888,7025147904,325620975913984,8190906368,28583685011456,6618112,28583678393344,25021440,354211686073344,7031766016,354204654307328,8198226944,325628001061888,7025147904,325620975913984,8190906368,28583685011456,6618112,28583678393344,25021440,138244173,2466,138241707,3000,49329752,886,49328866,1138,88914421,1580,88912841,1870,86221272,147,86221125,256,29955960,104,29955856,158,56265312,43,56265269,122,348481662643200,255837184,348481406806016,1441801216,319201318163456,254066688,319201064096768,1429037056,29280344479744,1770496,29280342709248,19589632,-1,0,357,0,0,2,0,0,0,0,0,0,0,0,351019541120884,7021259908,351012519860976,8176189920,322445667084544,7014793216,322438652291328,8169017344,28573874036340,6466692,28573867569648,24870008,8684306432,8684306432,0,8684306432,8652849152,8652849152,0,8652849152,31457280,31457280,0,31457280,357,357,0,357,342,342,0,342,15,15,0,15,,,,,,,,,,,,,,,,,,,,,,,,,,,,,,,,,,,,
1.3165491775763678e-06,1349,,,,,,,,,,,,,,,,,,,,,,,,,,,,,,,,,,,,,,,,,,,,,,,,,,,,,,,,,,,,,,,,,,,,,,,,,,,,,,,,,,,,,,,,,,,,,,,,,,,,,,,,,,,,,,,,,,,,,,,,,,,,,,,,,,,,,,,,,,,,,,,,,,,,,,,,,,,,,,,,,,,,,,,,,,,,,,,,,,,,,,,,,,,,,,,,,,,,,,,,,,,,,,,,,,,,,,,,,,,,,,,,,,,,,,,,,,,,,,,,,,,,,,,,,,,,,,,,,,,,,,,,,,,,,,,,,,,,,,,,
,1349,138244186,2462,138241724,3000,49329752,886,49328866,1138,88914434,1576,88912858,1870,354211686093824,7031768576,354204654325248,8198226944,325628001061888,7025147904,325620975913984,8190906368,28583685031936,6620672,28583678411264,25021440,354211686093824,7031768576,354204654325248,8198226944,325628001061888,7025147904,325620975913984,8190906368,28583685031936,6620672,28583678411264,25021440,138244186,2462,138241724,3000,49329752,886,49328866,1138,88914434,1576,88912858,1870,86221285,150,86221135,256,29955960,104,29955856,158,56265325,46,56265279,122,348481662661120,255834624,348481406826496,1441801216,319201318163456,254066688,319201064096768,1429037056,29280344497664,1767936,29280342729728,19589632,-1,0,357,0,0,2,0,0,0,0,0,0,0,0,351019541135592,7021265076,351012519870516,8176189920,322445667084544,7014793216,322438652291328,8169017344,28573874051048,6471860,28573867579188,24870008,8684306432,8684306432,0,8684306432,8652849152,8652849152,0,8652849152,31457280,31457280,0,31457280,357,357,0,357,342,342,0,342,15,15,0,15,,,,,,,,,,,,,,,,,,,,,,,,,,,,,,,,,,,,,,,,,,,,,,,,,,,,,,,,,,,,,,,,,,,,,,,,,,,,,,,,,,,,,,,,,,,,,,,,,,,,,,,,,,,,,,,,,,,,,,,,,,,,,,,,,,,,,,,,,,,,,,,,,,,,,,,,,,,,,,
,1349,,,,,,,,,,,,,,,,,,,,,,,,,,,,,,,,,,,,,,,,,,,,,,,,,,,,,,,,,,,,,,,,,,,,,,,,,,,,,,,,,,,,,,,,,,,,,,,,,,,,,,,,,,,,,,,,,,,,,,,,,,,138257658,2466,138255192,3000,49336864,886,49335978,1138,88920794,1580,88919214,1870,354268884850176,7031770624,354261853079552,8198226944,325684372737024,7025147904,325677347589120,8190906368,28584512113152,6622720,28584505490432,25021440,354268884850176,7031770624,354261853079552,8198226944,325684372737024,7025147904,325677347589120,8190906368,28584512113152,6622720,28584505490432,25021440,138257658,2466,138255192,3000,49336864,886,49335978,1138,88920794,1580,88919214,1870,86230653,148,86230505,256,29961018,104,29960914,158,56269635,44,56269591,122,348529204784128,255832576,348528948951552,1441801216,319248033207296,254066688,319247779140608,1429037056,29281171576832,1765888,29281169810944,19589632,-1,0,357,0,0,2,0,0,0,0,0,0,0,0,351076481411921,7021265092,351069460146829,8176189920,322501781081088,7014793216,322494766287872,8169017344,28574700330833,6471876,28574693858957,24870008,8684306432,8684306432,0,8684306432,8652849152,8652849152,0,8652849152,31457280,31457280,0,31457280,357,357,0,357,342,342,0,342,15,15,0,15,,,,,,,,,,,,,,,,,,,,,,,,,,,,,,,,,,,,
,1349,,,,,,,,,,,,,,,,,,,,,,,,,,,,,,,,,,,,,,,,,,,,,,,,,,,,,,,,,,,,,,,,,,,,,,,,,,,,,,,,,,,,,,,,,,,,,,,,,,,,,,,,,,,,,,,,,,,,,,,,,,,,,,,,,,,,,,,,,,,,,,,,,,,,,,,,,,,,,,,,,,,,,,,,,,,,,,,,,,,,,,,,,,,,,,,,,,,,,,,,,,,,,,,,,,,,,,,,,,,,,,,,,,,,,,,,,,,,,,,,,,,,,0.00029349327087402344,5.2399907872313634e-05,0.0010794918052852154,2,,,,,,,,,,,,,,,,,,,,,,,,,,,,,,,,
1.282980866062437e-06,1399,,,,,,,,,,,,,,,,,,,,,,,,,,,,,,,,,,,,,,,,,,,,,,,,,,,,,,,,,,,,,,,,,,,,,,,,,,,,,,,,,,,,,,,,,,,,,,,,,,,,,,,,,,,,,,,,,,,,,,,,,,,,,,,,,,,,,,,,,,,,,,,,,,,,,,,,,,,,,,,,,,,,,,,,,,,,,,,,,,,,,,,,,,,,,,,,,,,,,,,,,,,,,,,,,,,,,,,,,,,,,,,,,,,,,,,,,,,,,,,,,,,,,,,,,,,,,,,,,,,,,,,,,,,,,,,,,,,,,,,,
,1399,143163211,2462,143160749,3000,51092610,886,51091724,1138,92070601,1576,92069025,1870,366949969882112,7026922496,366942942959616,8198226944,337340448816128,7020306432,337333428509696,8190906368,29609521065984,6616064,29609514449920,25021440,366949969882112,7026922496,366942942959616,8198226944,337340448816128,7020306432,337333428509696,8190906368,29609521065984,6616064,29609514449920,25021440,143163211,2462,143160749,3000,51092610,886,51091724,1138,92070601,1576,92069025,1870,89274202,142,89274060,256,31029825,104,31029721,158,58244377,38,58244339,122,360966090938368,281652224,360965809286144,1441801216,330636367463424,277782528,330636089680896,1429037056,30329723474944,3869696,30329719605248,19589632,-1,0,357,0,0,2,0,0,0,0,0,0,0,0,363642104585099,7021261080,363635083324019,8176189920,334042736578560,7014793216,334035721785344,8169017344,29599368006539,6467864,29599361538675,24870008,8684306432,8684306432,0,8684306432,8652849152,8652849152,0,8652849152,31457280,31457280,0,31457280,357,357,0,357,342,342,0,342,15,15,0,15,,,,,,,,,,,,,,,,,,,,,,,,,,,,,,,,,,,,,,,,,,,,,,,,,,,,,,,,,,,,,,,,,,,,,,,,,,,,,,,,,,,,,,,,,,,,,,,,,,,,,,,,,,,,,,,,,,,,,,,,,,,,,,,,,,,,,,,,,,,,,,,,,,,,,,,,,,,,,,
,1399,,,,,,,,,,,,,,,,,,,,,,,,,,,,,,,,,,,,,,,,,,,,,,,,,,,,,,,,,,,,,,,,,,,,,,,,,,,,,,,,,,,,,,,,,,,,,,,,,,,,,,,,,,,,,,,,,,,,,,,,,,,143175533,2466,143173067,3000,51096693,886,51095807,1138,92078840,1580,92077260,1870,366977595316224,7037901824,366970557414400,8198226944,337365091138560,7031283712,337358059854848,8190906368,29612504177664,6618112,29612497559552,25021440,366977595316224,7037901824,366970557414400,8198226944,337365091138560,7031283712,337358059854848,8190906368,29612504177664,6618112,29612497559552,25021440,143175533,2466,143173067,3000,51096693,886,51095807,1138,92078840,1580,92077260,1870,89282149,146,89282003,256,31032299,105,31032194,158,58249850,41,58249809,122,360993544536064,289547264,360993254988800,1441801216,330660715348992,283582464,330660431766528,1429037056,30332829187072,5964800,30332823222272,19589632,-1,0,357,0,0,2,0,0,0,0,0,0,0,0,363669357501120,7021261096,363662336240024,8176189920,334067007181568,7014793216,334059992388352,8169017344,29602350319552,6467880,29602343851672,24870008,8684306432,8684306432,0,8684306432,8652849152,8652849152,0,8652849152,31457280,31457280,0,31457280,357,357,0,357,342,342,0,342,15,15,0,15,,,,,,,,,,,,,,,,,,,,,,,,,,,,,,,,,,,,
1.282980866062437e-06,1399,,,,,,,,,,,,,,,,,,,,,,,,,,,,,,,,,,,,,,,,,,,,,,,,,,,,,,,,,,,,,,,,,,,,,,,,,,,,,,,,,,,,,,,,,,,,,,,,,,,,,,,,,,,,,,,,,,,,,,,,,,,,,,,,,,,,,,,,,,,,,,,,,,,,,,,,,,,,,,,,,,,,,,,,,,,,,,,,,,,,,,,,,,,,,,,,,,,,,,,,,,,,,,,,,,,,,,,,,,,,,,,,,,,,,,,,,,,,,,,,,,,,,,,,,,,,,,,,,,,,,,,,,,,,,,,,,,,,,,,,
,1399,143175546,2462,143173084,3000,51096693,886,51095807,1138,92078853,1576,92077277,1870,366977595329024,7037896704,366970557432320,8198226944,337365091138560,7031283712,337358059854848,8190906368,29612504190464,6612992,29612497577472,25021440,366977595329024,7037896704,366970557432320,8198226944,337365091138560,7031283712,337358059854848,8190906368,29612504190464,6612992,29612497577472,25021440,143175546,2462,143173084,3000,51096693,886,51095807,1138,92078853,1576,92077277,1870,89282161,147,89282014,256,31032299,105,31032194,158,58249862,42,58249820,122,360993544553984,289552384,360993255001600,1441801216,330660715348992,283582464,330660431766528,1429037056,30332829204992,5969920,30332823235072,19589632,-1,0,357,0,0,2,0,0,0,0,0,0,0,0,363669357507836,7021257144,363662336250692,8176189920,334067007181568,7014793216,334059992388352,8169017344,29602350326268,6463928,29602343862340,24870008,8684306432,8684306432,0,8684306432,8652849152,8652849152,0,8652849152,31457280,31457280,0,31457280,357,357,0,357,342,342,0,342,15,15,0,15,,,,,,,,,,,,,,,,,,,,,,,,,,,,,,,,,,,,,,,,,,,,,,,,,,,,,,,,,,,,,,,,,,,,,,,,,,,,,,,,,,,,,,,,,,,,,,,,,,,,,,,,,,,,,,,,,,,,,,,,,,,,,,,,,,,,,,,,,,,,,,,,,,,,,,,,,,,,,,
,1399,,,,,,,,,,,,,,,,,,,,,,,,,,,,,,,,,,,,,,,,,,,,,,,,,,,,,,,,,,,,,,,,,,,,,,,,,,,,,,,,,,,,,,,,,,,,,,,,,,,,,,,,,,,,,,,,,,,,,,,,,,,143187917,2466,143185451,3000,51100776,886,51099890,1138,92087141,1580,92085561,1870,367005317927936,7037898752,366998280029184,8198226944,337389768604672,7031283712,337382737320960,8190906368,29615549323264,6615040,29615542708224,25021440,367005317927936,7037898752,366998280029184,8198226944,337389768604672,7031283712,337382737320960,8190906368,29615549323264,6615040,29615542708224,25021440,143187917,2466,143185451,3000,51100776,886,51099890,1138,92087141,1580,92085561,1870,89290206,152,89290054,256,31034829,105,31034724,158,58255377,47,58255330,122,361022502455296,289550336,361022212904960,1441801216,330686511555584,283582464,330686227973120,1429037056,30335990899712,5967872,30335984931840,19589632,-1,0,357,0,0,2,0,0,0,0,0,0,0,0,363696734100907,7021257100,363689712843807,8176189920,334091339429376,7014793216,334084324636160,8169017344,29605394671531,6463884,29605388207647,24870008,8684306432,8684306432,0,8684306432,8652849152,8652849152,0,8652849152,31457280,31457280,0,31457280,357,357,0,357,342,342,0,342,15,15,0,15,,,,,,,,,,,,,,,,,,,,,,,,,,,,,,,,,,,,
1.282980866062437e-06,1399,,,,,,,,,,,,,,,,,,,,,,,,,,,,,,,,,,,,,,,,,,,,,,,,,,,,,,,,,,,,,,,,,,,,,,,,,,,,,,,,,,,,,,,,,,,,,,,,,,,,,,,,,,,,,,,,,,,,,,,,,,,,,,,,,,,,,,,,,,,,,,,,,,,,,,,,,,,,,,,,,,,,,,,,,,,,,,,,,,,,,,,,,,,,,,,,,,,,,,,,,,,,,,,,,,,,,,,,,,,,,,,,,,,,,,,,,,,,,,,,,,,,,,,,,,,,,,,,,,,,,,,,,,,,,,,,,,,,,,,,
,1399,143187930,2462,143185468,3000,51100776,886,51099890,1138,92087154,1576,92085578,1870,367005317943808,7037899776,366998280044032,8198226944,337389768604672,7031283712,337382737320960,8190906368,29615549339136,6616064,29615542723072,25021440,367005317943808,7037899776,366998280044032,8198226944,337389768604672,7031283712,337382737320960,8190906368,29615549339136,6616064,29615542723072,25021440,143187930,2462,143185468,3000,51100776,886,51099890,1138,92087154,1576,92085578,1870,89290216,150,89290066,256,31034829,105,31034724,158,58255387,45,58255342,122,361022502470144,289549312,361022212920832,1441801216,330686511555584,283582464,330686227973120,1429037056,30335990914560,5966848,30335984947712,19589632,-1,0,357,0,0,2,0,0,0,0,0,0,0,0,363696734111391,7021260852,363689712850539,8176189920,334091339429376,7014793216,334084324636160,8169017344,29605394682015,6467636,29605388214379,24870008,8684306432,8684306432,0,8684306432,8652849152,8652849152,0,8652849152,31457280,31457280,0,31457280,357,357,0,357,342,342,0,342,15,15,0,15,,,,,,,,,,,,,,,,,,,,,,,,,,,,,,,,,,,,,,,,,,,,,,,,,,,,,,,,,,,,,,,,,,,,,,,,,,,,,,,,,,,,,,,,,,,,,,,,,,,,,,,,,,,,,,,,,,,,,,,,,,,,,,,,,,,,,,,,,,,,,,,,,,,,,,,,,,,,,,
,1399,,,,,,,,,,,,,,,,,,,,,,,,,,,,,,,,,,,,,,,,,,,,,,,,,,,,,,,,,,,,,,,,,,,,,,,,,,,,,,,,,,,,,,,,,,,,,,,,,,,,,,,,,,,,,,,,,,,,,,,,,,,143200301,2466,143197835,3000,51104859,886,51103973,1138,92095442,1580,92093862,1870,367032976514048,7037901824,367025938612224,8198226944,337414419074048,7031283712,337407387790336,8190906368,29618557440000,6618112,29618550821888,25021440,367032976514048,7037901824,367025938612224,8198226944,337414419074048,7031283712,337407387790336,8190906368,29618557440000,6618112,29618550821888,25021440,143200301,2466,143197835,3000,51104859,886,51103973,1138,92095442,1580,92093862,1870,89298017,153,89297864,256,31037359,105,31037254,158,58260658,48,58260610,122,361051367343104,289547264,361051077795840,1441801216,330712297550848,283582464,330712013968384,1429037056,30339069792256,5964800,30339063827456,19589632,-1,0,357,0,0,2,0,0,0,0,0,0,0,0,363724037816300,7021260868,363717016555432,8176189920,334115635841280,7014793216,334108621048064,8169017344,29608401975020,6467652,29608395507368,24870008,8684306432,8684306432,0,8684306432,8652849152,8652849152,0,8652849152,31457280,31457280,0,31457280,357,357,0,357,342,342,0,342,15,15,0,15,,,,,,,,,,,,,,,,,,,,,,,,,,,,,,,,,,,,
1.282980866062437e-06,1399,,,,,,,,,,,,,,,,,,,,,,,,,,,,,,,,,,,,,,,,,,,,,,,,,,,,,,,,,,,,,,,,,,,,,,,,,,,,,,,,,,,,,,,,,,,,,,,,,,,,,,,,,,,,,,,,,,,,,,,,,,,,,,,,,,,,,,,,,,,,,,,,,,,,,,,,,,,,,,,,,,,,,,,,,,,,,,,,,,,,,,,,,,,,,,,,,,,,,,,,,,,,,,,,,,,,,,,,,,,,,,,,,,,,,,,,,,,,,,,,,,,,,,,,,,,,,,,,,,,,,,,,,,,,,,,,,,,,,,,,
,1399,143200314,2462,143197852,3000,51104859,886,51103973,1138,92095455,1576,92093879,1870,367032976529920,7037899776,367025938630144,8198226944,337414419074048,7031283712,337407387790336,8190906368,29618557455872,6616064,29618550839808,25021440,367032976529920,7037899776,367025938630144,8198226944,337414419074048,7031283712,337407387790336,8190906368,29618557455872,6616064,29618550839808,25021440,143200314,2462,143197852,3000,51104859,886,51103973,1138,92095455,1576,92093879,1870,89298029,149,89297880,256,31037359,105,31037254,158,58260670,44,58260626,122,361051367361024,289549312,361051077811712,1441801216,330712297550848,283582464,330712013968384,1429037056,30339069810176,5966848,30339063843328,19589632,-1,0,357,0,0,2,0,0,0,0,0,0,0,0,363724037826880,7021260948,363717016565932,8176189920,334115635841280,7014793216,334108621048064,8169017344,29608401985600,6467732,29608395517868,24870008,8684306432,8684306432,0,8684306432,8652849152,8652849152,0,8652849152,31457280,31457280,0,31457280,357,357,0,357,342,342,0,342,15,15,0,15,,,,,,,,,,,,,,,,,,,,,,,,,,,,,,,,,,,,,,,,,,,,,,,,,,,,,,,,,,,,,,,,,,,,,,,,,,,,,,,,,,,,,,,,,,,,,,,,,,,,,,,,,,,,,,,,,,,,,,,,,,,,,,,,,,,,,,,,,,,,,,,,,,,,,,,,,,,,,,
,1399,,,,,,,,,,,,,,,,,,,,,,,,,,,,,,,,,,,,,,,,,,,,,,,,,,,,,,,,,,,,,,,,,,,,,,,,,,,,,,,,,,,,,,,,,,,,,,,,,,,,,,,,,,,,,,,,,,,,,,,,,,,143212685,2466,143210219,3000,51108942,886,51108056,1138,92103743,1580,92102163,1870,367060514567168,7037901824,367053476665344,8198226944,337439011429376,7031283712,337431980145664,8190906368,29621503137792,6618112,29621496519680,25021440,367060514567168,7037901824,367053476665344,8198226944,337439011429376,7031283712,337431980145664,8190906368,29621503137792,6618112,29621496519680,25021440,143212685,2466,143210219,3000,51108942,886,51108056,1138,92103743,1580,92102163,1870,89305843,149,89305694,256,31039874,105,31039769,158,58265969,44,58265925,122,361080150586368,289547264,361079861039104,1441801216,330738035024896,283582464,330737751442432,1429037056,30342115561472,5964800,30342109596672,19589632,-1,0,357,0,0,2,0,0,0,0,0,0,0,0,363751214277177,7021260964,363744193016213,8176189920,334139867454464,7014793216,334132852661248,8169017344,29611346822713,6467748,29611340354965,24870008,8684306432,8684306432,0,8684306432,8652849152,8652849152,0,8652849152,31457280,31457280,0,31457280,357,357,0,357,342,342,0,342,15,15,0,15,,,,,,,,,,,,,,,,,,,,,,,,,,,,,,,,,,,,
1.282980866062437e-06,1399,,,,,,,,,,,,,,,,,,,,,,,,,,,,,,,,,,,,,,,,,,,,,,,,,,,,,,,,,,,,,,,,,,,,,,,,,,,,,,,,,,,,,,,,,,,,,,,,,,,,,,,,,,,,,,,,,,,,,,,,,,,,,,,,,,,,,,,,,,,,,,,,,,,,,,,,,,,,,,,,,,,,,,,,,,,,,,,,,,,,,,,,,,,,,,,,,,,,,,,,,,,,,,,,,,,,,,,,,,,,,,,,,,,,,,,,,,,,,,,,,,,,,,,,,,,,,,,,,,,,,,,,,,,,,,,,,,,,,,,,
,1399,143212698,2462,143210236,3000,51108942,886,51108056,1138,92103756,1576,92102180,1870,367060514586112,7037902848,367053476683264,8198226944,337439011429376,7031283712,337431980145664,8190906368,29621503156736,6619136,29621496537600,25021440,367060514586112,7037902848,367053476683264,8198226944,337439011429376,7031283712,337431980145664,8190906368,29621503156736,6619136,29621496537600,25021440,143212698,2462,143210236,3000,51108942,886,51108056,1138,92103756,1576,92102180,1870,89305855,150,89305705,256,31039874,105,31039769,158,58265981,45,58265936,122,361080150604288,289546240,361079861058048,1441801216,330738035024896,283582464,330737751442432,1429037056,30342115579392,5963776,30342109615616,19589632,-1,0,357,0,0,2,0,0,0,0,0,0,0,0,363751214289989,7021263180,363744193026809,8176189920,334139867454464,7014793216,334132852661248,8169017344,29611346835525,6469964,29611340365561,24870008,8684306432,8684306432,0,8684306432,8652849152,8652849152,0,8652849152,31457280,31457280,0,31457280,357,357,0,357,342,342,0,342,15,15,0,15,,,,,,,,,,,,,,,,,,,,,,,,,,,,,,,,,,,,,,,,,,,,,,,,,,,,,,,,,,,,,,,,,,,,,,,,,,,,,,,,,,,,,,,,,,,,,,,,,,,,,,,,,,,,,,,,,,,,,,,,,,,,,,,,,,,,,,,,,,,,,,,,,,,,,,,,,,,,,,
,1399,,,,,,,,,,,,,,,,,,,,,,,,,,,,,,,,,,,,,,,,,,,,,,,,,,,,,,,,,,,,,,,,,,,,,,,,,,,,,,,,,,,,,,,,,,,,,,,,,,,,,,,,,,,,,,,,,,,,,,,,,,,143225572,2466,143223106,3000,51115833,886,51114947,1138,92109739,1580,92108159,1870,367115735813120,7037904896,367108697908224,8198226944,337493446876160,7031283712,337486415592448,8190906368,29622288936960,6621184,29622282315776,25021440,367115735813120,7037904896,367108697908224,8198226944,337493446876160,7031283712,337486415592448,8190906368,29622288936960,6621184,29622282315776,25021440,143225572,2466,143223106,3000,51115833,886,51114947,1138,92109739,1580,92108159,1870,89314792,146,89314646,256,31045294,105,31045189,158,58269498,41,58269457,122,361129030819840,289544192,361128741275648,1441801216,330786129462272,283582464,330785845879808,1429037056,30342901357568,5961728,30342895395840,19589632,-1,0,357,0,0,2,0,0,0,0,0,0,0,0,363805769150447,7021263256,363798747887191,8176189920,334193637404416,7014793216,334186622611200,8169017344,29612131746031,6470040,29612125275991,24870008,8684306432,8684306432,0,8684306432,8652849152,8652849152,0,8652849152,31457280,31457280,0,31457280,357,357,0,357,342,342,0,342,15,15,0,15,,,,,,,,,,,,,,,,,,,,,,,,,,,,,,,,,,,,
1.282980866062437e-06,1399,,,,,,,,,,,,,,,,,,,,,,,,,,,,,,,,,,,,,,,,,,,,,,,,,,,,,,,,,,,,,,,,,,,,,,,,,,,,,,,,,,,,,,,,,,,,,,,,,,,,,,,,,,,,,,,,,,,,,,,,,,,,,,,,,,,,,,,,,,,,,,,,,,,,,,,,,,,,,,,,,,,,,,,,,,,,,,,,,,,,,,,,,,,,,,,,,,,,,,,,,,,,,,,,,,,,,,,,,,,,,,,,,,,,,,,,,,,,,,,,,,,,,,,,,,,,,,,,,,,,,,,,,,,,,,,,,,,,,,,,
,1399,143225585,2462,143223123,3000,51115833,886,51114947,1138,92109752,1576,92108176,1870,367115735824384,7037895168,367108697929216,8198226944,337493446876160,7031283712,337486415592448,8190906368,29622288948224,6611456,29622282336768,25021440,367115735824384,7037895168,367108697929216,8198226944,337493446876160,7031283712,337486415592448,8190906368,29622288948224,6611456,29622282336768,25021440,143225585,2462,143223123,3000,51115833,886,51114947,1138,92109752,1576,92108176,1870,89314804,145,89314659,256,31045294,105,31045189,158,58269510,40,58269470,122,361129030840832,289553920,361128741286912,1441801216,330786129462272,283582464,330785845879808,1429037056,30342901378560,5971456,30342895407104,19589632,-1,0,357,0,0,2,0,0,0,0,0,0,0,0,363805769155363,7021255344,363798747900019,8176189920,334193637404416,7014793216,334186622611200,8169017344,29612131750947,6462128,29612125288819,24870008,8684306432,8684306432,0,8684306432,8652849152,8652849152,0,8652849152,31457280,31457280,0,31457280,357,357,0,357,342,342,0,342,15,15,0,15,,,,,,,,,,,,,,,,,,,,,,,,,,,,,,,,,,,,,,,,,,,,,,,,,,,,,,,,,,,,,,,,,,,,,,,,,,,,,,,,,,,,,,,,,,,,,,,,,,,,,,,,,,,,,,,,,,,,,,,,,,,,,,,,,,,,,,,,,,,,,,,,,,,,,,,,,,,,,,
,1399,,,,,,,,,,,,,,,,,,,,,,,,,,,,,,,,,,,,,,,,,,,,,,,,,,,,,,,,,,,,,,,,,,,,,,,,,,,,,,,,,,,,,,,,,,,,,,,,,,,,,,,,,,,,,,,,,,,,,,,,,,,143237956,2466,143235490,3000,51119815,886,51118929,1138,92118141,1580,92116561,1870,367142840688640,7037897216,367135802791424,8198226944,337517707947008,7031283712,337510676663296,8190906368,29625132741632,6613504,29625126128128,25021440,367142840688640,7037897216,367135802791424,8198226944,337517707947008,7031283712,337510676663296,8190906368,29625132741632,6613504,29625126128128,25021440,143237956,2466,143235490,3000,51119815,886,51118929,1138,92118141,1580,92116561,1870,89322028,144,89321884,256,31047661,105,31047556,158,58274367,39,58274328,122,361157393822208,289551872,361157104270336,1441801216,330811598361600,283582464,330811314779136,1429037056,30345795460608,5969408,30345789491200,19589632,-1,0,357,0,0,2,0,0,0,0,0,0,0,0,363832558457662,7021255300,363825537202362,8176189920,334217583821312,7014793216,334210569028096,8169017344,29614974636350,6462084,29614968174266,24870008,8684306432,8684306432,0,8684306432,8652849152,8652849152,0,8652849152,31457280,31457280,0,31457280,357,357,0,357,342,342,0,342,15,15,0,15,,,,,,,,,,,,,,,,,,,,,,,,,,,,,,,,,,,,
1.282980866062437e-06,1399,,,,,,,,,,,,,,,,,,,,,,,,,,,,,,,,,,,,,,,,,,,,,,,,,,,,,,,,,,,,,,,,,,,,,,,,,,,,,,,,,,,,,,,,,,,,,,,,,,,,,,,,,,,,,,,,,,,,,,,,,,,,,,,,,,,,,,,,,,,,,,,,,,,,,,,,,,,,,,,,,,,,,,,,,,,,,,,,,,,,,,,,,,,,,,,,,,,,,,,,,,,,,,,,,,,,,,,,,,,,,,,,,,,,,,,,,,,,,,,,,,,,,,,,,,,,,,,,,,,,,,,,,,,,,,,,,,,,,,,,
,1399,143237969,2462,143235507,3000,51119815,886,51118929,1138,92118154,1576,92116578,1870,367142840712192,7037907456,367135802804736,8198226944,337517707947008,7031283712,337510676663296,8190906368,29625132765184,6623744,29625126141440,25021440,367142840712192,7037907456,367135802804736,8198226944,337517707947008,7031283712,337510676663296,8190906368,29625132765184,6623744,29625126141440,25021440,143237969,2462,143235507,3000,51119815,886,51118929,1138,92118154,1576,92116578,1870,89322043,147,89321896,256,31047661,105,31047556,158,58274382,42,58274340,122,361157393835520,289541632,361157104293888,1441801216,330811598361600,283582464,330811314779136,1429037056,30345795473920,5959168,30345789514752,19589632,-1,0,357,0,0,2,0,0,0,0,0,0,0,0,363832558475682,7021268388,363825537207294,8176189920,334217583821312,7014793216,334210569028096,8169017344,29614974654370,6475172,29614968179198,24870008,8684306432,8684306432,0,8684306432,8652849152,8652849152,0,8652849152,31457280,31457280,0,31457280,357,357,0,357,342,342,0,342,15,15,0,15,,,,,,,,,,,,,,,,,,,,,,,,,,,,,,,,,,,,,,,,,,,,,,,,,,,,,,,,,,,,,,,,,,,,,,,,,,,,,,,,,,,,,,,,,,,,,,,,,,,,,,,,,,,,,,,,,,,,,,,,,,,,,,,,,,,,,,,,,,,,,,,,,,,,,,,,,,,,,,
,1399,,,,,,,,,,,,,,,,,,,,,,,,,,,,,,,,,,,,,,,,,,,,,,,,,,,,,,,,,,,,,,,,,,,,,,,,,,,,,,,,,,,,,,,,,,,,,,,,,,,,,,,,,,,,,,,,,,,,,,,,,,,143250892,2466,143248426,3000,51126706,886,51125820,1138,92124186,1580,92122606,1870,367197824705024,7037909504,367190786795520,8198226944,337571939384320,7031283712,337564908100608,8190906368,29625885320704,6625792,29625878694912,25021440,367197824705024,7037909504,367190786795520,8198226944,337571939384320,7031283712,337564908100608,8190906368,29625885320704,6625792,29625878694912,25021440,143250892,2466,143248426,3000,51126706,886,51125820,1138,92124186,1580,92122606,1870,89330789,149,89330640,256,31053059,105,31052954,158,58277730,44,58277686,122,361207760413696,289539584,361207470874112,1441801216,330861212386304,283582464,330860928803840,1429037056,30346548027392,5957120,30346542070272,19589632,-1,0,357,0,0,2,0,0,0,0,0,0,0,0,363886582686997,7021268404,363879561418593,8176189920,334270856451328,7014793216,334263841658112,8169017344,29615726235669,6475188,29615719760481,24870008,8684306432,8684306432,0,8684306432,8652849152,8652849152,0,8652849152,31457280,31457280,0,31457280,357,357,0,357,342,342,0,342,15,15,0,15,,,,,,,,,,,,,,,,,,,,,,,,,,,,,,,,,,,,
1.282980866062437e-06,1399,,,,,,,,,,,,,,,,,,,,,,,,,,,,,,,,,,,,,,,,,,,,,,,,,,,,,,,,,,,,,,,,,,,,,,,,,,,,,,,,,,,,,,,,,,,,,,,,,,,,,,,,,,,,,,,,,,,,,,,,,,,,,,,,,,,,,,,,,,,,,,,,,,,,,,,,,,,,,,,,,,,,,,,,,,,,,,,,,,,,,,,,,,,,,,,,,,,,,,,,,,,,,,,,,,,,,,,,,,,,,,,,,,,,,,,,,,,,,,,,,,,,,,,,,,,,,,,,,,,,,,,,,,,,,,,,,,,,,,,,
,1399,143250905,2462,143248443,3000,51126706,886,51125820,1138,92124199,1576,92122623,1870,367197824720896,7037899776,367190786821120,8198226944,337571939384320,7031283712,337564908100608,8190906368,29625885336576,6616064,29625878720512,25021440,367197824720896,7037899776,367190786821120,8198226944,337571939384320,7031283712,337564908100608,8190906368,29625885336576,6616064,29625878720512,25021440,143250905,2462,143248443,3000,51126706,886,51125820,1138,92124199,1576,92122623,1870,89330801,150,89330651,256,31053059,105,31052954,158,58277742,45,58277697,122,361207760439296,289549312,361207470889984,1441801216,330861212386304,283582464,330860928803840,1429037056,30346548052992,5966848,30346542086144,19589632,-1,0,357,0,0,2,0,0,0,0,0,0,0,0,363886582696665,7021260036,363879561436629,8176189920,334270856451328,7014793216,334263841658112,8169017344,29615726245337,6466820,29615719778517,24870008,8684306432,8684306432,0,8684306432,8652849152,8652849152,0,8652849152,31457280,31457280,0,31457280,357,357,0,357,342,342,0,342,15,15,0,15,,,,,,,,,,,,,,,,,,,,,,,,,,,,,,,,,,,,,,,,,,,,,,,,,,,,,,,,,,,,,,,,,,,,,,,,,,,,,,,,,,,,,,,,,,,,,,,,,,,,,,,,,,,,,,,,,,,,,,,,,,,,,,,,,,,,,,,,,,,,,,,,,,,,,,,,,,,,,,
,1399,,,,,,,,,,,,,,,,,,,,,,,,,,,,,,,,,,,,,,,,,,,,,,,,,,,,,,,,,,,,,,,,,,,,,,,,,,,,,,,,,,,,,,,,,,,,,,,,,,,,,,,,,,,,,,,,,,,,,,,,,,,143263825,2466,143261359,3000,51130914,886,51130028,1138,92132911,1580,92131331,1870,367226435817984,7037901824,367219397916160,8198226944,337597865397248,7031283712,337590834113536,8190906368,29628570420736,6618112,29628563802624,25021440,367226435817984,7037901824,367219397916160,8198226944,337597865397248,7031283712,337590834113536,8190906368,29628570420736,6618112,29628563802624,25021440,143263825,2466,143261359,3000,51130914,886,51130028,1138,92132911,1580,92131331,1870,89338687,150,89338537,256,31055423,105,31055318,158,58283264,45,58283219,122,361237396836864,289547264,361237107289600,1441801216,330888163701760,283582464,330887880119296,1429037056,30349233135104,5964800,30349227170304,19589632,-1,0,357,0,0,2,0,0,0,0,0,0,0,0,363914872496406,7021260052,363907851236354,8176189920,334296462153728,7014793216,334289447360512,8169017344,29618410342678,6466836,29618403875842,24870008,8684306432,8684306432,0,8684306432,8652849152,8652849152,0,8652849152,31457280,31457280,0,31457280,357,357,0,357,342,342,0,342,15,15,0,15,,,,,,,,,,,,,,,,,,,,,,,,,,,,,,,,,,,,
,1399,,,,,,,,,,,,,,,,,,,,,,,,,,,,,,,,,,,,,,,,,,,,,,,,,,,,,,,,,,,,,,,,,,,,,,,,,,,,,,,,,,,,,,,,,,,,,,,,,,,,,,,,,,,,,,,,,,,,,,,,,,,,,,,,,,,,,,,,,,,,,,,,,,,,,,,,,,,,,,,,,,,,,,,,,,,,,,,,,,,,,,,,,,,,,,,,,,,,,,,,,,,,,,,,,,,,,,,,,,,,,,,,,,,,,,,,,,,,,,,,,,,,,0.00012290477752685547,1.0540374205447733e-05,0.0002810104051604867,2,,,,,,,,,,,,,,,,,,,,,,,,,,,,,,,,
1.2494125545485062e-06,1449,,,,,,,,,,,,,,,,,,,,,,,,,,,,,,,,,,,,,,,,,,,,,,,,,,,,,,,,,,,,,,,,,,,,,,,,,,,,,,,,,,,,,,,,,,,,,,,,,,,,,,,,,,,,,,,,,,,,,,,,,,,,,,,,,,,,,,,,,,,,,,,,,,,,,,,,,,,,,,,,,,,,,,,,,,,,,,,,,,,,,,,,,,,,,,,,,,,,,,,,,,,,,,,,,,,,,,,,,,,,,,,,,,,,,,,,,,,,,,,,,,,,,,,,,,,,,,,,,,,,,,,,,,,,,,,,,,,,,,,,
,1449,148169770,2462,148167308,3000,52891089,886,52890203,1138,95278681,1576,95277105,1870,379878718986752,7031100416,379871687886336,8198226944,349236886352896,7024484352,349229861868544,8190906368,30641832633856,6616064,30641826017792,25021440,379878718986752,7031100416,379871687886336,8198226944,349236886352896,7024484352,349229861868544,8190906368,30641832633856,6616064,30641826017792,25021440,148169770,2462,148167308,3000,52891089,886,52890203,1138,95278681,1576,95277105,1870,92400535,139,92400396,256,32135855,99,32135756,161,60264680,40,60264640,122,373814760024576,225045504,373814534979072,1441801216,342426319350784,219078656,342426100272128,1429037056,31388440673792,5966848,31388434706944,19589632,-1,0,357,0,0,2,0,0,0,0,0,0,0,0,376444572244404,7021260984,376437550983420,8176189920,345813244550144,7014793216,345806229756928,8169017344,30631327694260,6467768,30631321226492,24870008,8684306432,8684306432,0,8684306432,8652849152,8652849152,0,8652849152,31457280,31457280,0,31457280,357,357,0,357,342,342,0,342,15,15,0,15,,,,,,,,,,,,,,,,,,,,,,,,,,,,,,,,,,,,,,,,,,,,,,,,,,,,,,,,,,,,,,,,,,,,,,,,,,,,,,,,,,,,,,,,,,,,,,,,,,,,,,,,,,,,,,,,,,,,,,,,,,,,,,,,,,,,,,,,,,,,,,,,,,,,,,,,,,,,,,
,1449,,,,,,,,,,,,,,,,,,,,,,,,,,,,,,,,,,,,,,,,,,,,,,,,,,,,,,,,,,,,,,,,,,,,,,,,,,,,,,,,,,,,,,,,,,,,,,,,,,,,,,,,,,,,,,,,,,,,,,,,,,,148182092,2466,148179626,3000,52895172,886,52894286,1138,95286920,1580,95285340,1870,379906108237312,7033732096,379899074505216,8198226944,349261342434304,7027113984,349254315320320,8190906368,30644765803008,6618112,30644759184896,25021440,379906108237312,7033732096,379899074505216,8198226944,349261342434304,7027113984,349254315320320,8190906368,30644765803008,6618112,30644759184896,25021440,148182092,2466,148179626,3000,52895172,886,52894286,1138,95286920,1580,95285340,1870,92407890,137,92407753,256,32138244,99,32138145,161,60269646,38,60269608,122,373842366491136,226608128,373842139883008,1441801216,342450912713728,216449024,342450696264704,1429037056,31391453777408,10159104,31391443618304,19589632,-1,0,357,0,0,2,0,0,0,0,0,0,0,0,376471723201801,7021261000,376464701940801,8176189920,345837463166720,7014793216,345830448373504,8169017344,30634260035081,6467784,30634253567297,24870008,8684306432,8684306432,0,8684306432,8652849152,8652849152,0,8652849152,31457280,31457280,0,31457280,357,357,0,357,342,342,0,342,15,15,0,15,,,,,,,,,,,,,,,,,,,,,,,,,,,,,,,,,,,,
1.2494125545485062e-06,1449,,,,,,,,,,,,,,,,,,,,,,,,,,,,,,,,,,,,,,,,,,,,,,,,,,,,,,,,,,,,,,,,,,,,,,,,,,,,,,,,,,,,,,,,,,,,,,,,,,,,,,,,,,,,,,,,,,,,,,,,,,,,,,,,,,,,,,,,,,,,,,,,,,,,,,,,,,,,,,,,,,,,,,,,,,,,,,,,,,,,,,,,,,,,,,,,,,,,,,,,,,,,,,,,,,,,,,,,,,,,,,,,,,,,,,,,,,,,,,,,,,,,,,,,,,,,,,,,,,,,,,,,,,,,,,,,,,,,,,,,
,1449,148182105,2462,148179643,3000,52895172,886,52894286,1138,95286933,1576,95285357,1870,379906108248576,7033725440,379899074523136,8198226944,349261342434304,7027113984,349254315320320,8190906368,30644765814272,6611456,30644759202816,25021440,379906108248576,7033725440,379899074523136,8198226944,349261342434304,7027113984,349254315320320,8190906368,30644765814272,6611456,30644759202816,25021440,148182105,2462,148179643,3000,52895172,886,52894286,1138,95286933,1576,95285357,1870,92407901,132,92407769,256,32138244,99,32138145,161,60269657,33,60269624,122,373842366508544,224517632,373842141990912,1441801216,342450912713728,216449024,342450696264704,1429037056,31391453794816,8068608,31391445726208,19589632,-1,0,357,0,0,2,0,0,0,0,0,0,0,0,376471723207173,7021255800,376464701951373,8176189920,345837463166720,7014793216,345830448373504,8169017344,30634260040453,6462584,30634253577869,24870008,8684306432,8684306432,0,8684306432,8652849152,8652849152,0,8652849152,31457280,31457280,0,31457280,357,357,0,357,342,342,0,342,15,15,0,15,,,,,,,,,,,,,,,,,,,,,,,,,,,,,,,,,,,,,,,,,,,,,,,,,,,,,,,,,,,,,,,,,,,,,,,,,,,,,,,,,,,,,,,,,,,,,,,,,,,,,,,,,,,,,,,,,,,,,,,,,,,,,,,,,,,,,,,,,,,,,,,,,,,,,,,,,,,,,,
,1449,,,,,,,,,,,,,,,,,,,,,,,,,,,,,,,,,,,,,,,,,,,,,,,,,,,,,,,,,,,,,,,,,,,,,,,,,,,,,,,,,,,,,,,,,,,,,,,,,,,,,,,,,,,,,,,,,,,,,,,,,,,148194476,2466,148192010,3000,52899154,886,52898268,1138,95295322,1580,95293742,1870,379933093766656,7033727488,379926060039168,8198226944,349285452624896,7027113984,349278425510912,8190906368,30647641141760,6613504,30647634528256,25021440,379933093766656,7033727488,379926060039168,8198226944,349285452624896,7027113984,349278425510912,8190906368,30647641141760,6613504,30647634528256,25021440,148194476,2466,148192010,3000,52899154,886,52898268,1138,95295322,1580,95293742,1870,92414878,135,92414743,256,32140470,99,32140371,161,60274408,36,60274372,122,373871533939200,224515584,373871309423616,1441801216,342477204818944,216449024,342476988369920,1429037056,31394329120256,8066560,31394321053696,19589632,-1,0,357,0,0,2,0,0,0,0,0,0,0,0,376498563718602,7021255756,376491542462846,8176189920,345861429244416,7014793216,345854414451200,8169017344,30637134474186,6462540,30637128011646,24870008,8684306432,8684306432,0,8684306432,8652849152,8652849152,0,8652849152,31457280,31457280,0,31457280,357,357,0,357,342,342,0,342,15,15,0,15,,,,,,,,,,,,,,,,,,,,,,,,,,,,,,,,,,,,
1.2494125545485062e-06,1449,,,,,,,,,,,,,,,,,,,,,,,,,,,,,,,,,,,,,,,,,,,,,,,,,,,,,,,,,,,,,,,,,,,,,,,,,,,,,,,,,,,,,,,,,,,,,,,,,,,,,,,,,,,,,,,,,,,,,,,,,,,,,,,,,,,,,,,,,,,,,,,,,,,,,,,,,,,,,,,,,,,,,,,,,,,,,,,,,,,,,,,,,,,,,,,,,,,,,,,,,,,,,,,,,,,,,,,,,,,,,,,,,,,,,,,,,,,,,,,,,,,,,,,,,,,,,,,,,,,,,,,,,,,,,,,,,,,,,,,,
,1449,148194489,2462,148192027,3000,52899154,886,52898268,1138,95295335,1576,95293759,1870,379933093785600,7033733120,379926060052480,8198226944,349285452624896,7027113984,349278425510912,8190906368,30647641160704,6619136,30647634541568,25021440,379933093785600,7033733120,379926060052480,8198226944,349285452624896,7027113984,349278425510912,8190906368,30647641160704,6619136,30647634541568,25021440,148194489,2462,148192027,3000,52899154,886,52898268,1138,95295335,1576,95293759,1870,92414893,139,92414754,256,32140470,99,32140371,161,60274423,40,60274383,122,373871533952512,224509952,373871309442560,1441801216,342477204818944,216449024,342476988369920,1429037056,31394329133568,8060928,31394321072640,19589632,-1,0,357,0,0,2,0,0,0,0,0,0,0,0,376498563732134,7021263900,376491542468234,8176189920,345861429244416,7014793216,345854414451200,8169017344,30637134487718,6470684,30637128017034,24870008,8684306432,8684306432,0,8684306432,8652849152,8652849152,0,8652849152,31457280,31457280,0,31457280,357,357,0,357,342,342,0,342,15,15,0,15,,,,,,,,,,,,,,,,,,,,,,,,,,,,,,,,,,,,,,,,,,,,,,,,,,,,,,,,,,,,,,,,,,,,,,,,,,,,,,,,,,,,,,,,,,,,,,,,,,,,,,,,,,,,,,,,,,,,,,,,,,,,,,,,,,,,,,,,,,,,,,,,,,,,,,,,,,,,,,
,1449,,,,,,,,,,,,,,,,,,,,,,,,,,,,,,,,,,,,,,,,,,,,,,,,,,,,,,,,,,,,,,,,,,,,,,,,,,,,,,,,,,,,,,,,,,,,,,,,,,,,,,,,,,,,,,,,,,,,,,,,,,,148207412,2466,148204946,3000,52906093,886,52905207,1138,95301319,1580,95299739,1870,379989393342464,7033735168,379982359607296,8198226944,349340940354560,7027113984,349333913240576,8190906368,30648452987904,6621184,30648446366720,25021440,379989393342464,7033735168,379982359607296,8198226944,349340940354560,7027113984,349333913240576,8190906368,30648452987904,6621184,30648446366720,25021440,148207412,2466,148204946,3000,52906093,886,52905207,1138,95301319,1580,95299739,1870,92423094,138,92422956,256,32145391,99,32145292,161,60277703,39,60277664,122,373918567593472,224507904,373918343085568,1441801216,342523426634752,216449024,342523210185728,1429037056,31395140958720,8058880,31395132899840,19589632,-1,0,357,0,0,2,0,0,0,0,0,0,0,0,376554433228770,7021263916,376547411964854,8176189920,345916488025344,7014793216,345909473232128,8169017344,30637945203426,6470700,30637938732726,24870008,8684306432,8684306432,0,8684306432,8652849152,8652849152,0,8652849152,31457280,31457280,0,31457280,357,357,0,357,342,342,0,342,15,15,0,15,,,,,,,,,,,,,,,,,,,,,,,,,,,,,,,,,,,,
1.2494125545485062e-06,1449,,,,,,,,,,,,,,,,,,,,,,,,,,,,,,,,,,,,,,,,,,,,,,,,,,,,,,,,,,,,,,,,,,,,,,,,,,,,,,,,,,,,,,,,,,,,,,,,,,,,,,,,,,,,,,,,,,,,,,,,,,,,,,,,,,,,,,,,,,,,,,,,,,,,,,,,,,,,,,,,,,,,,,,,,,,,,,,,,,,,,,,,,,,,,,,,,,,,,,,,,,,,,,,,,,,,,,,,,,,,,,,,,,,,,,,,,,,,,,,,,,,,,,,,,,,,,,,,,,,,,,,,,,,,,,,,,,,,,,,,
,1449,148207425,2462,148204963,3000,52906093,886,52905207,1138,95301332,1576,95299756,1870,379989393361408,7033733120,379982359628288,8198226944,349340940354560,7027113984,349333913240576,8190906368,30648453006848,6619136,30648446387712,25021440,379989393361408,7033733120,379982359628288,8198226944,349340940354560,7027113984,349333913240576,8190906368,30648453006848,6619136,30648446387712,25021440,148207425,2462,148204963,3000,52906093,886,52905207,1138,95301332,1576,95299756,1870,92423106,137,92422969,256,32145391,99,32145292,161,60277715,38,60277677,122,373918567614464,224509952,373918343104512,1441801216,342523426634752,216449024,342523210185728,1429037056,31395140979712,8060928,31395132918784,19589632,-1,0,357,0,0,2,0,0,0,0,0,0,0,0,376554433241606,7021263204,376547411978402,8176189920,345916488025344,7014793216,345909473232128,8169017344,30637945216262,6469988,30637938746274,24870008,8684306432,8684306432,0,8684306432,8652849152,8652849152,0,8652849152,31457280,31457280,0,31457280,357,357,0,357,342,342,0,342,15,15,0,15,,,,,,,,,,,,,,,,,,,,,,,,,,,,,,,,,,,,,,,,,,,,,,,,,,,,,,,,,,,,,,,,,,,,,,,,,,,,,,,,,,,,,,,,,,,,,,,,,,,,,,,,,,,,,,,,,,,,,,,,,,,,,,,,,,,,,,,,,,,,,,,,,,,,,,,,,,,,,,
,1449,,,,,,,,,,,,,,,,,,,,,,,,,,,,,,,,,,,,,,,,,,,,,,,,,,,,,,,,,,,,,,,,,,,,,,,,,,,,,,,,,,,,,,,,,,,,,,,,,,,,,,,,,,,,,,,,,,,,,,,,,,,148220348,2466,148217882,3000,52913032,886,52912146,1138,95307316,1580,95305736,1870,380045375892992,7033735168,380038342157824,8198226944,349396126872576,7027113984,349389099758592,8190906368,30649249020416,6621184,30649242399232,25021440,380045375892992,7033735168,380038342157824,8198226944,349396126872576,7027113984,349389099758592,8190906368,30649249020416,6621184,30649242399232,25021440,148220348,2466,148217882,3000,52913032,886,52912146,1138,95307316,1580,95305736,1870,92431537,142,92431395,256,32150421,99,32150322,161,60281116,43,60281073,122,373965476103168,224507904,373965251595264,1441801216,342569539111936,216449024,342569322662912,1429037056,31395936991232,8058880,31395928932352,19589632,-1,0,357,0,0,2,0,0,0,0,0,0,0,0,376609961461519,7021263220,376602940198299,8176189920,345971221395456,7014793216,345964206602240,8169017344,30638740066063,6470004,30638733596059,24870008,8684306432,8684306432,0,8684306432,8652849152,8652849152,0,8652849152,31457280,31457280,0,31457280,357,357,0,357,342,342,0,342,15,15,0,15,,,,,,,,,,,,,,,,,,,,,,,,,,,,,,,,,,,,
1.2494125545485062e-06,1449,,,,,,,,,,,,,,,,,,,,,,,,,,,,,,,,,,,,,,,,,,,,,,,,,,,,,,,,,,,,,,,,,,,,,,,,,,,,,,,,,,,,,,,,,,,,,,,,,,,,,,,,,,,,,,,,,,,,,,,,,,,,,,,,,,,,,,,,,,,,,,,,,,,,,,,,,,,,,,,,,,,,,,,,,,,,,,,,,,,,,,,,,,,,,,,,,,,,,,,,,,,,,,,,,,,,,,,,,,,,,,,,,,,,,,,,,,,,,,,,,,,,,,,,,,,,,,,,,,,,,,,,,,,,,,,,,,,,,,,,
,1449,148220361,2462,148217899,3000,52913032,886,52912146,1138,95307329,1576,95305753,1870,380045375908864,7033730048,380038342178816,8198226944,349396126872576,7027113984,349389099758592,8190906368,30649249036288,6616064,30649242420224,25021440,380045375908864,7033730048,380038342178816,8198226944,349396126872576,7027113984,349389099758592,8190906368,30649249036288,6616064,30649242420224,25021440,148220361,2462,148217899,3000,52913032,886,52912146,1138,95307329,1576,95305753,1870,92431548,139,92431409,256,32150421,99,32150322,161,60281127,40,60281087,122,373965476124160,224513024,373965251611136,1441801216,342569539111936,216449024,342569322662912,1429037056,31395937012224,8064000,31395928948224,19589632,-1,0,357,0,0,2,0,0,0,0,0,0,0,0,376609961471235,7021260084,376602940211151,8176189920,345971221395456,7014793216,345964206602240,8169017344,30638740075779,6466868,30638733608911,24870008,8684306432,8684306432,0,8684306432,8652849152,8652849152,0,8652849152,31457280,31457280,0,31457280,357,357,0,357,342,342,0,342,15,15,0,15,,,,,,,,,,,,,,,,,,,,,,,,,,,,,,,,,,,,,,,,,,,,,,,,,,,,,,,,,,,,,,,,,,,,,,,,,,,,,,,,,,,,,,,,,,,,,,,,,,,,,,,,,,,,,,,,,,,,,,,,,,,,,,,,,,,,,,,,,,,,,,,,,,,,,,,,,,,,,,
,1449,,,,,,,,,,,,,,,,,,,,,,,,,,,,,,,,,,,,,,,,,,,,,,,,,,,,,,,,,,,,,,,,,,,,,,,,,,,,,,,,,,,,,,,,,,,,,,,,,,,,,,,,,,,,,,,,,,,,,,,,,,,148232732,2466,148230266,3000,52917115,886,52916229,1138,95315617,1580,95314037,1870,380072861318656,7033732096,380065827586560,8198226944,349420629312512,7027113984,349413602198528,8190906368,30652232006144,6618112,30652225388032,25021440,380072861318656,7033732096,380065827586560,8198226944,349420629312512,7027113984,349413602198528,8190906368,30652232006144,6618112,30652225388032,25021440,148232732,2466,148230266,3000,52917115,886,52916229,1138,95315617,1580,95314037,1870,92438801,138,92438663,256,32152907,99,32152808,161,60285894,39,60285855,122,373995249467392,224510976,373995024956416,1441801216,342596290165760,216449024,342596073716736,1429037056,31398959301632,8061952,31398951239680,19589632,-1,0,357,0,0,2,0,0,0,0,0,0,0,0,376637213482745,7021260100,376630192222645,8176189920,345995491261184,7014793216,345988476467968,8169017344,30641722221561,6466884,30641715754677,24870008,8684306432,8684306432,0,8684306432,8652849152,8652849152,0,8652849152,31457280,31457280,0,31457280,357,357,0,357,342,342,0,342,15,15,0,15,,,,,,,,,,,,,,,,,,,,,,,,,,,,,,,,,,,,
1.2494125545485062e-06,1449,,,,,,,,,,,,,,,,,,,,,,,,,,,,,,,,,,,,,,,,,,,,,,,,,,,,,,,,,,,,,,,,,,,,,,,,,,,,,,,,,,,,,,,,,,,,,,,,,,,,,,,,,,,,,,,,,,,,,,,,,,,,,,,,,,,,,,,,,,,,,,,,,,,,,,,,,,,,,,,,,,,,,,,,,,,,,,,,,,,,,,,,,,,,,,,,,,,,,,,,,,,,,,,,,,,,,,,,,,,,,,,,,,,,,,,,,,,,,,,,,,,,,,,,,,,,,,,,,,,,,,,,,,,,,,,,,,,,,,,,
,1449,148232745,2462,148230283,3000,52917115,886,52916229,1138,95315630,1576,95314054,1870,380072861331456,7033726976,380065827604480,8198226944,349420629312512,7027113984,349413602198528,8190906368,30652232018944,6612992,30652225405952,25021440,380072861331456,7033726976,380065827604480,8198226944,349420629312512,7027113984,349413602198528,8190906368,30652232018944,6612992,30652225405952,25021440,148232745,2462,148230283,3000,52917115,886,52916229,1138,95315630,1576,95314054,1870,92438814,136,92438678,256,32152907,99,32152808,161,60285907,37,60285870,122,373995249485312,224516096,373995024969216,1441801216,342596290165760,216449024,342596073716736,1429037056,31398959319552,8067072,31398951252480,19589632,-1,0,357,0,0,2,0,0,0,0,0,0,0,0,376637213489797,7021257420,376630192232377,8176189920,345995491261184,7014793216,345988476467968,8169017344,30641722228613,6464204,30641715764409,24870008,8684306432,8684306432,0,8684306432,8652849152,8652849152,0,8652849152,31457280,31457280,0,31457280,357,357,0,357,342,342,0,342,15,15,0,15,,,,,,,,,,,,,,,,,,,,,,,,,,,,,,,,,,,,,,,,,,,,,,,,,,,,,,,,,,,,,,,,,,,,,,,,,,,,,,,,,,,,,,,,,,,,,,,,,,,,,,,,,,,,,,,,,,,,,,,,,,,,,,,,,,,,,,,,,,,,,,,,,,,,,,,,,,,,,,
,1449,,,,,,,,,,,,,,,,,,,,,,,,,,,,,,,,,,,,,,,,,,,,,,,,,,,,,,,,,,,,,,,,,,,,,,,,,,,,,,,,,,,,,,,,,,,,,,,,,,,,,,,,,,,,,,,,,,,,,,,,,,,148245115,2466,148242649,3000,52921198,886,52920312,1138,95323917,1580,95322337,1870,380100212406272,7033729024,380093178677248,8198226944,349445084926976,7027113984,349438057812992,8190906368,30655127479296,6615040,30655120864256,25021440,380100212406272,7033729024,380093178677248,8198226944,349445084926976,7027113984,349438057812992,8190906368,30655127479296,6615040,30655120864256,25021440,148245115,2466,148242649,3000,52921198,886,52920312,1138,95323917,1580,95322337,1870,92446069,140,92445929,256,32155400,99,32155301,161,60290669,41,60290628,122,374024871831040,224514048,374024647316992,1441801216,342622963969024,216449024,342622747520000,1429037056,31401907862016,8065024,31401899796992,19589632,-1,0,357,0,0,2,0,0,0,0,0,0,0,0,376664284835051,7021257436,376657263577615,8176189920,346019668020736,7014793216,346012653227520,8169017344,30644616814315,6464220,30644610350095,24870008,8684306432,8684306432,0,8684306432,8652849152,8652849152,0,8652849152,31457280,31457280,0,31457280,357,357,0,357,342,342,0,342,15,15,0,15,,,,,,,,,,,,,,,,,,,,,,,,,,,,,,,,,,,,
1.2494125545485062e-06,1449,,,,,,,,,,,,,,,,,,,,,,,,,,,,,,,,,,,,,,,,,,,,,,,,,,,,,,,,,,,,,,,,,,,,,,,,,,,,,,,,,,,,,,,,,,,,,,,,,,,,,,,,,,,,,,,,,,,,,,,,,,,,,,,,,,,,,,,,,,,,,,,,,,,,,,,,,,,,,,,,,,,,,,,,,,,,,,,,,,,,,,,,,,,,,,,,,,,,,,,,,,,,,,,,,,,,,,,,,,,,,,,,,,,,,,,,,,,,,,,,,,,,,,,,,,,,,,,,,,,,,,,,,,,,,,,,,,,,,,,,
,1449,148245128,2462,148242666,3000,52921198,886,52920312,1138,95323930,1576,95322354,1870,380100212423680,7033731584,380093178692096,8198226944,349445084926976,7027113984,349438057812992,8190906368,30655127496704,6617600,30655120879104,25021440,380100212423680,7033731584,380093178692096,8198226944,349445084926976,7027113984,349438057812992,8190906368,30655127496704,6617600,30655120879104,25021440,148245128,2462,148242666,3000,52921198,886,52920312,1138,95323930,1576,95322354,1870,92446082,141,92445941,256,32155400,99,32155301,161,60290682,42,60290640,122,374024871845888,224511488,374024647334400,1441801216,342622963969024,216449024,342622747520000,1429037056,31401907876864,8062464,31401899814400,19589632,-1,0,357,0,0,2,0,0,0,0,0,0,0,0,376664284847647,7021262964,376657263584683,8176189920,346019668020736,7014793216,346012653227520,8169017344,30644616826911,6469748,30644610357163,24870008,8684306432,8684306432,0,8684306432,8652849152,8652849152,0,8652849152,31457280,31457280,0,31457280,357,357,0,357,342,342,0,342,15,15,0,15,,,,,,,,,,,,,,,,,,,,,,,,,,,,,,,,,,,,,,,,,,,,,,,,,,,,,,,,,,,,,,,,,,,,,,,,,,,,,,,,,,,,,,,,,,,,,,,,,,,,,,,,,,,,,,,,,,,,,,,,,,,,,,,,,,,,,,,,,,,,,,,,,,,,,,,,,,,,,,
,1449,,,,,,,,,,,,,,,,,,,,,,,,,,,,,,,,,,,,,,,,,,,,,,,,,,,,,,,,,,,,,,,,,,,,,,,,,,,,,,,,,,,,,,,,,,,,,,,,,,,,,,,,,,,,,,,,,,,,,,,,,,,148257450,2466,148254984,3000,52925281,886,52924395,1138,95332169,1580,95330589,1870,380127551728128,7033733632,380120517994496,8198226944,349469540697088,7027113984,349462513583104,8190906368,30658011031040,6619648,30658004411392,25021440,380127551728128,7033733632,380120517994496,8198226944,349469540697088,7027113984,349462513583104,8190906368,30658011031040,6619648,30658004411392,25021440,148257450,2466,148254984,3000,52925281,886,52924395,1138,95332169,1580,95330589,1870,92453163,137,92453026,256,32157893,99,32157794,161,60295270,38,60295232,122,374054489253376,224509440,374054264743936,1441801216,342649642793984,216449024,342649426344960,1429037056,31404846459392,8060416,31404838398976,19589632,-1,0,357,0,0,2,0,0,0,0,0,0,0,0,376691335875857,7021263040,376684314612817,8176189920,346043836371200,7014793216,346036821577984,8169017344,30647499504657,6469824,30647493034833,24870008,8684306432,8684306432,0,8684306432,8652849152,8652849152,0,8652849152,31457280,31457280,0,31457280,357,357,0,357,342,342,0,342,15,15,0,15,,,,,,,,,,,,,,,,,,,,,,,,,,,,,,,,,,,,
1.2494125545485062e-06,1449,,,,,,,,,,,,,,,,,,,,,,,,,,,,,,,,,,,,,,,,,,,,,,,,,,,,,,,,,,,,,,,,,,,,,,,,,,,,,,,,,,,,,,,,,,,,,,,,,,,,,,,,,,,,,,,,,,,,,,,,,,,,,,,,,,,,,,,,,,,,,,,,,,,,,,,,,,,,,,,,,,,,,,,,,,,,,,,,,,,,,,,,,,,,,,,,,,,,,,,,,,,,,,,,,,,,,,,,,,,,,,,,,,,,,,,,,,,,,,,,,,,,,,,,,,,,,,,,,,,,,,,,,,,,,,,,,,,,,,,,
,1449,148257463,2462,148255001,3000,52925281,886,52924395,1138,95332182,1576,95330606,1870,380127551747072,7033733120,380120518013952,8198226944,349469540697088,7027113984,349462513583104,8190906368,30658011049984,6619136,30658004430848,25021440,380127551747072,7033733120,380120518013952,8198226944,349469540697088,7027113984,349462513583104,8190906368,30658011049984,6619136,30658004430848,25021440,148257463,2462,148255001,3000,52925281,886,52924395,1138,95332182,1576,95330606,1870,92453175,138,92453037,256,32157893,99,32157794,161,60295282,39,60295243,122,374054489272832,224509952,374054264762880,1441801216,342649642793984,216449024,342649426344960,1429037056,31404846478848,8060928,31404838417920,19589632,-1,0,357,0,0,2,0,0,0,0,0,0,0,0,376691335889677,7021264248,376684314625429,8176189920,346043836371200,7014793216,346036821577984,8169017344,30647499518477,6471032,30647493047445,24870008,8684306432,8684306432,0,8684306432,8652849152,8652849152,0,8652849152,31457280,31457280,0,31457280,357,357,0,357,342,342,0,342,15,15,0,15,,,,,,,,,,,,,,,,,,,,,,,,,,,,,,,,,,,,,,,,,,,,,,,,,,,,,,,,,,,,,,,,,,,,,,,,,,,,,,,,,,,,,,,,,,,,,,,,,,,,,,,,,,,,,,,,,,,,,,,,,,,,,,,,,,,,,,,,,,,,,,,,,,,,,,,,,,,,,,
,1449,,,,,,,,,,,,,,,,,,,,,,,,,,,,,,,,,,,,,,,,,,,,,,,,,,,,,,,,,,,,,,,,,,,,,,,,,,,,,,,,,,,,,,,,,,,,,,,,,,,,,,,,,,,,,,,,,,,,,,,,,,,148270935,2466,148268469,3000,52932393,886,52931507,1138,95338542,1580,95336962,1870,380183990479872,7033735168,380176956744704,8198226944,349525213336576,7027113984,349518186222592,8190906368,30658777143296,6621184,30658770522112,25021440,380183990479872,7033735168,380176956744704,8198226944,349525213336576,7027113984,349518186222592,8190906368,30658777143296,6621184,30658770522112,25021440,148270935,2466,148268469,3000,52932393,886,52931507,1138,95338542,1580,95336962,1870,92461934,139,92461795,256,32163112,99,32163013,161,60298822,40,60298782,122,374105498690048,224507904,374105274182144,1441801216,342699886119936,216449024,342699669670912,1429037056,31405612570112,8058880,31405604511232,19589632,-1,0,357,0,0,2,0,0,0,0,0,0,0,0,376747302012030,7021264204,376740280747826,8176189920,346099037348864,7014793216,346092022555648,8169017344,30648264663166,6470988,30648258192178,24870008,8684306432,8684306432,0,8684306432,8652849152,8652849152,0,8652849152,31457280,31457280,0,31457280,357,357,0,357,342,342,0,342,15,15,0,15,,,,,,,,,,,,,,,,,,,,,,,,,,,,,,,,,,,,
,1449,,,,,,,,,,,,,,,,,,,,,,,,,,,,,,,,,,,,,,,,,,,,,,,,,,,,,,,,,,,,,,,,,,,,,,,,,,,,,,,,,,,,,,,,,,,,,,,,,,,,,,,,,,,,,,,,,,,,,,,,,,,,,,,,,,,,,,,,,,,,,,,,,,,,,,,,,,,,,,,,,,,,,,,,,,,,,,,,,,,,,,,,,,,,,,,,,,,,,,,,,,,,,,,,,,,,,,,,,,,,,,,,,,,,,,,,,,,,,,,,,,,,,0.000644683837890625,0.0020811075810343027,0.03186129778623581,2,,,,,,,,,,,,,,,,,,,,,,,,,,,,,,,,
1.2158442430345752e-06,1499,,,,,,,,,,,,,,,,,,,,,,,,,,,,,,,,,,,,,,,,,,,,,,,,,,,,,,,,,,,,,,,,,,,,,,,,,,,,,,,,,,,,,,,,,,,,,,,,,,,,,,,,,,,,,,,,,,,,,,,,,,,,,,,,,,,,,,,,,,,,,,,,,,,,,,,,,,,,,,,,,,,,,,,,,,,,,,,,,,,,,,,,,,,,,,,,,,,,,,,,,,,,,,,,,,,,,,,,,,,,,,,,,,,,,,,,,,,,,,,,,,,,,,,,,,,,,,,,,,,,,,,,,,,,,,,,,,,,,,,,
,1499,153177845,2462,153175383,3000,54700345,886,54699459,1138,98477500,1576,98475924,1870,392837344892416,7035900928,392830308991488,8198226944,361168117664768,7029284864,361161088379904,8190906368,31669227227648,6616064,31669220611584,25021440,392837344892416,7035900928,392830308991488,8198226944,361168117664768,7029284864,361161088379904,8190906368,31669227227648,6616064,31669220611584,25021440,153177845,2462,153175383,3000,54700345,886,54699459,1138,98477500,1576,98475924,1870,95526514,147,95526367,256,33240008,107,33239901,161,62286506,40,62286466,122,386602938355200,299936768,386602638418432,1441801216,354157213123584,285581312,354156927542272,1429037056,32445725231616,14355456,32445710876160,19589632,-1,0,357,0,0,2,0,0,0,0,0,0,0,0,389288244014143,7021260636,389281222753507,8176189920,357629873416192,7014793216,357622858622976,8169017344,31658370597951,6467420,31658364130531,24870008,8684306432,8684306432,0,8684306432,8652849152,8652849152,0,8652849152,31457280,31457280,0,31457280,357,357,0,357,342,342,0,342,15,15,0,15,,,,,,,,,,,,,,,,,,,,,,,,,,,,,,,,,,,,,,,,,,,,,,,,,,,,,,,,,,,,,,,,,,,,,,,,,,,,,,,,,,,,,,,,,,,,,,,,,,,,,,,,,,,,,,,,,,,,,,,,,,,,,,,,,,,,,,,,,,,,,,,,,,,,,,,,,,,,,,
,1499,,,,,,,,,,,,,,,,,,,,,,,,,,,,,,,,,,,,,,,,,,,,,,,,,,,,,,,,,,,,,,,,,,,,,,,,,,,,,,,,,,,,,,,,,,,,,,,,,,,,,,,,,,,,,,,,,,,,,,,,,,,153190167,2466,153187701,3000,54705028,886,54704142,1138,98485139,1580,98483559,1870,392865666189824,7028947968,392858637241856,8198226944,361193827068928,7022329856,361186804739072,8190906368,31671839120896,6618112,31671832502784,25021440,392865666189824,7028947968,392858637241856,8198226944,361193827068928,7022329856,361186804739072,8190906368,31671839120896,6618112,31671832502784,25021440,153190167,2466,153187701,3000,54705028,886,54704142,1138,98485139,1580,98483559,1870,95534323,138,95534185,256,33243025,99,33242926,161,62291298,39,62291259,122,386631713199616,225100800,386631488098816,1441801216,354183352550400,221233152,354183131317248,1429037056,32448360649216,3867648,32448356781568,19589632,-1,0,357,0,0,2,0,0,0,0,0,0,0,0,389316082284593,7021260712,389309061023881,8176189920,357655100840704,7014793216,357648086047488,8169017344,31660981443889,6467496,31660974976393,24870008,8684306432,8684306432,0,8684306432,8652849152,8652849152,0,8652849152,31457280,31457280,0,31457280,357,357,0,357,342,342,0,342,15,15,0,15,,,,,,,,,,,,,,,,,,,,,,,,,,,,,,,,,,,,
1.2158442430345752e-06,1499,,,,,,,,,,,,,,,,,,,,,,,,,,,,,,,,,,,,,,,,,,,,,,,,,,,,,,,,,,,,,,,,,,,,,,,,,,,,,,,,,,,,,,,,,,,,,,,,,,,,,,,,,,,,,,,,,,,,,,,,,,,,,,,,,,,,,,,,,,,,,,,,,,,,,,,,,,,,,,,,,,,,,,,,,,,,,,,,,,,,,,,,,,,,,,,,,,,,,,,,,,,,,,,,,,,,,,,,,,,,,,,,,,,,,,,,,,,,,,,,,,,,,,,,,,,,,,,,,,,,,,,,,,,,,,,,,,,,,,,,
,1499,153190180,2462,153187718,3000,54705028,886,54704142,1138,98485152,1576,98483576,1870,392865666199552,7028939776,392858637259776,8198226944,361193827068928,7022329856,361186804739072,8190906368,31671839130624,6609920,31671832520704,25021440,392865666199552,7028939776,392858637259776,8198226944,361193827068928,7022329856,361186804739072,8190906368,31671839130624,6609920,31671832520704,25021440,153190180,2462,153187718,3000,54705028,886,54704142,1138,98485152,1576,98483576,1870,95534335,136,95534199,256,33243025,99,33242926,161,62291310,37,62291273,122,386631713217536,225108992,386631488108544,1441801216,354183352550400,221233152,354183131317248,1429037056,32448360667136,3875840,32448356791296,19589632,-1,0,357,0,0,2,0,0,0,0,0,0,0,0,389316082289053,7021254888,389309061034165,8176189920,357655100840704,7014793216,357648086047488,8169017344,31660981448349,6461672,31660974986677,24870008,8684306432,8684306432,0,8684306432,8652849152,8652849152,0,8652849152,31457280,31457280,0,31457280,357,357,0,357,342,342,0,342,15,15,0,15,,,,,,,,,,,,,,,,,,,,,,,,,,,,,,,,,,,,,,,,,,,,,,,,,,,,,,,,,,,,,,,,,,,,,,,,,,,,,,,,,,,,,,,,,,,,,,,,,,,,,,,,,,,,,,,,,,,,,,,,,,,,,,,,,,,,,,,,,,,,,,,,,,,,,,,,,,,,,,
,1499,,,,,,,,,,,,,,,,,,,,,,,,,,,,,,,,,,,,,,,,,,,,,,,,,,,,,,,,,,,,,,,,,,,,,,,,,,,,,,,,,,,,,,,,,,,,,,,,,,,,,,,,,,,,,,,,,,,,,,,,,,,153202551,2466,153200085,3000,54709010,886,54708124,1138,98493541,1580,98491961,1870,392892567799296,7028941824,392885538857472,8198226944,361217963572224,7022329856,361210941242368,8190906368,31674604227072,6611968,31674597615104,25021440,392892567799296,7028941824,392885538857472,8198226944,361217963572224,7022329856,361210941242368,8190906368,31674604227072,6611968,31674597615104,25021440,153202551,2466,153200085,3000,54709010,886,54708124,1138,98493541,1580,98491961,1870,95542023,140,95541883,256,33245218,99,33245119,161,62296805,41,62296764,122,386661160241664,225106944,386660935134720,1441801216,354209970582528,221233152,354209749349376,1429037056,32451189659136,3873792,32451185785344,19589632,-1,0,357,0,0,2,0,0,0,0,0,0,0,0,389342743705522,7021254844,389335722450678,8176189920,357678998105600,7014793216,357671983312384,8169017344,31663745599922,6461628,31663739138294,24870008,8684306432,8684306432,0,8684306432,8652849152,8652849152,0,8652849152,31457280,31457280,0,31457280,357,357,0,357,342,342,0,342,15,15,0,15,,,,,,,,,,,,,,,,,,,,,,,,,,,,,,,,,,,,
1.2158442430345752e-06,1499,,,,,,,,,,,,,,,,,,,,,,,,,,,,,,,,,,,,,,,,,,,,,,,,,,,,,,,,,,,,,,,,,,,,,,,,,,,,,,,,,,,,,,,,,,,,,,,,,,,,,,,,,,,,,,,,,,,,,,,,,,,,,,,,,,,,,,,,,,,,,,,,,,,,,,,,,,,,,,,,,,,,,,,,,,,,,,,,,,,,,,,,,,,,,,,,,,,,,,,,,,,,,,,,,,,,,,,,,,,,,,,,,,,,,,,,,,,,,,,,,,,,,,,,,,,,,,,,,,,,,,,,,,,,,,,,,,,,,,,,
,1499,153202564,2462,153200102,3000,54709010,886,54708124,1138,98493554,1576,98491978,1870,392892567816704,7028947456,392885538869248,8198226944,361217963572224,7022329856,361210941242368,8190906368,31674604244480,6617600,31674597626880,25021440,392892567816704,7028947456,392885538869248,8198226944,361217963572224,7022329856,361210941242368,8190906368,31674604244480,6617600,31674597626880,25021440,153202564,2462,153200102,3000,54709010,886,54708124,1138,98493554,1576,98491978,1870,95542036,142,95541894,256,33245218,99,33245119,161,62296818,43,62296775,122,386661160253440,225101312,386660935152128,1441801216,354209970582528,221233152,354209749349376,1429037056,32451189670912,3868160,32451185802752,19589632,-1,0,357,0,0,2,0,0,0,0,0,0,0,0,389342743716966,7021261812,389335722455154,8176189920,357678998105600,7014793216,357671983312384,8169017344,31663745611366,6468596,31663739142770,24870008,8684306432,8684306432,0,8684306432,8652849152,8652849152,0,8652849152,31457280,31457280,0,31457280,357,357,0,357,342,342,0,342,15,15,0,15,,,,,,,,,,,,,,,,,,,,,,,,,,,,,,,,,,,,,,,,,,,,,,,,,,,,,,,,,,,,,,,,,,,,,,,,,,,,,,,,,,,,,,,,,,,,,,,,,,,,,,,,,,,,,,,,,,,,,,,,,,,,,,,,,,,,,,,,,,,,,,,,,,,,,,,,,,,,,,
,1499,,,,,,,,,,,,,,,,,,,,,,,,,,,,,,,,,,,,,,,,,,,,,,,,,,,,,,,,,,,,,,,,,,,,,,,,,,,,,,,,,,,,,,,,,,,,,,,,,,,,,,,,,,,,,,,,,,,,,,,,,,,153214935,2466,153212469,3000,54712997,886,54712111,1138,98501938,1580,98500358,1870,392919548930560,7028949504,392912519981056,8198226944,361242120211456,7022329856,361235097881600,8190906368,31677428719104,6619648,31677422099456,25021440,392919548930560,7028949504,392912519981056,8198226944,361242120211456,7022329856,361235097881600,8190906368,31677428719104,6619648,31677422099456,25021440,153214935,2466,153212469,3000,54712997,886,54712111,1138,98501938,1580,98500358,1870,95549455,140,95549315,256,33247421,99,33247322,161,62302034,41,62301993,122,386690824130560,225099264,386690599031296,1441801216,354236738839552,221233152,354236517606400,1429037056,32454085291008,3866112,32454081424896,19589632,-1,0,357,0,0,2,0,0,0,0,0,0,0,0,389369513406753,7021261828,389362492144925,8176189920,357702944235776,7014793216,357695929442560,8169017344,31666569170977,6468612,31666562702365,24870008,8684306432,8684306432,0,8684306432,8652849152,8652849152,0,8652849152,31457280,31457280,0,31457280,357,357,0,357,342,342,0,342,15,15,0,15,,,,,,,,,,,,,,,,,,,,,,,,,,,,,,,,,,,,
1.2158442430345752e-06,1499,,,,,,,,,,,,,,,,,,,,,,,,,,,,,,,,,,,,,,,,,,,,,,,,,,,,,,,,,,,,,,,,,,,,,,,,,,,,,,,,,,,,,,,,,,,,,,,,,,,,,,,,,,,,,,,,,,,,,,,,,,,,,,,,,,,,,,,,,,,,,,,,,,,,,,,,,,,,,,,,,,,,,,,,,,,,,,,,,,,,,,,,,,,,,,,,,,,,,,,,,,,,,,,,,,,,,,,,,,,,,,,,,,,,,,,,,,,,,,,,,,,,,,,,,,,,,,,,,,,,,,,,,,,,,,,,,,,,,,,,
,1499,153214948,2462,153212486,3000,54712997,886,54712111,1138,98501951,1576,98500375,1870,392919548943360,7028942848,392912520000512,8198226944,361242120211456,7022329856,361235097881600,8190906368,31677428731904,6612992,31677422118912,25021440,392919548943360,7028942848,392912520000512,8198226944,361242120211456,7022329856,361235097881600,8190906368,31677428731904,6612992,31677422118912,25021440,153214948,2462,153212486,3000,54712997,886,54712111,1138,98501951,1576,98500375,1870,95549466,137,95549329,256,33247421,99,33247322,161,62302045,38,62302007,122,386690824150016,225105920,386690599044096,1441801216,354236738839552,221233152,354236517606400,1429037056,32454085310464,3872768,32454081437696,19589632,-1,0,357,0,0,2,0,0,0,0,0,0,0,0,389369513414285,7021257900,389362492156385,8176189920,357702944235776,7014793216,357695929442560,8169017344,31666569178509,6464684,31666562713825,24870008,8684306432,8684306432,0,8684306432,8652849152,8652849152,0,8652849152,31457280,31457280,0,31457280,357,357,0,357,342,342,0,342,15,15,0,15,,,,,,,,,,,,,,,,,,,,,,,,,,,,,,,,,,,,,,,,,,,,,,,,,,,,,,,,,,,,,,,,,,,,,,,,,,,,,,,,,,,,,,,,,,,,,,,,,,,,,,,,,,,,,,,,,,,,,,,,,,,,,,,,,,,,,,,,,,,,,,,,,,,,,,,,,,,,,,
,1499,,,,,,,,,,,,,,,,,,,,,,,,,,,,,,,,,,,,,,,,,,,,,,,,,,,,,,,,,,,,,,,,,,,,,,,,,,,,,,,,,,,,,,,,,,,,,,,,,,,,,,,,,,,,,,,,,,,,,,,,,,,153227319,2466,153224853,3000,54716984,886,54716098,1138,98510335,1580,98508755,1870,392946585642496,7028944896,392939556697600,8198226944,361266285845504,7022329856,361259263515648,8190906368,31680299796992,6615040,31680293181952,25021440,392946585642496,7028944896,392939556697600,8198226944,361266285845504,7022329856,361259263515648,8190906368,31680299796992,6615040,31680293181952,25021440,153227319,2466,153224853,3000,54716984,886,54716098,1138,98510335,1580,98508755,1870,95556380,139,95556241,256,33249624,99,33249525,161,62306756,40,62306716,122,386720536436224,225103872,386720311332352,1441801216,354263507735552,221233152,354263286502400,1429037056,32457028700672,3870720,32457024829952,19589632,-1,0,357,0,0,2,0,0,0,0,0,0,0,0,389396355931313,7021257916,389389334673397,8176189920,357726916580352,7014793216,357719901787136,8169017344,31669439350961,6464700,31669432886261,24870008,8684306432,8684306432,0,8684306432,8652849152,8652849152,0,8652849152,31457280,31457280,0,31457280,357,357,0,357,342,342,0,342,15,15,0,15,,,,,,,,,,,,,,,,,,,,,,,,,,,,,,,,,,,,
1.2158442430345752e-06,1499,,,,,,,,,,,,,,,,,,,,,,,,,,,,,,,,,,,,,,,,,,,,,,,,,,,,,,,,,,,,,,,,,,,,,,,,,,,,,,,,,,,,,,,,,,,,,,,,,,,,,,,,,,,,,,,,,,,,,,,,,,,,,,,,,,,,,,,,,,,,,,,,,,,,,,,,,,,,,,,,,,,,,,,,,,,,,,,,,,,,,,,,,,,,,,,,,,,,,,,,,,,,,,,,,,,,,,,,,,,,,,,,,,,,,,,,,,,,,,,,,,,,,,,,,,,,,,,,,,,,,,,,,,,,,,,,,,,,,,,,
,1499,153227332,2462,153224870,3000,54716984,886,54716098,1138,98510348,1576,98508772,1870,392946585658368,7028945920,392939556712448,8198226944,361266285845504,7022329856,361259263515648,8190906368,31680299812864,6616064,31680293196800,25021440,392946585658368,7028945920,392939556712448,8198226944,361266285845504,7022329856,361259263515648,8190906368,31680299812864,6616064,31680293196800,25021440,153227332,2462,153224870,3000,54716984,886,54716098,1138,98510348,1576,98508772,1870,95556393,140,95556253,256,33249624,99,33249525,161,62306769,41,62306728,122,386720536451072,225102848,386720311348224,1441801216,354263507735552,221233152,354263286502400,1429037056,32457028715520,3869696,32457024845824,19589632,-1,0,357,0,0,2,0,0,0,0,0,0,0,0,389396355941437,7021260492,389389334680945,8176189920,357726916580352,7014793216,357719901787136,8169017344,31669439361085,6467276,31669432893809,24870008,8684306432,8684306432,0,8684306432,8652849152,8652849152,0,8652849152,31457280,31457280,0,31457280,357,357,0,357,342,342,0,342,15,15,0,15,,,,,,,,,,,,,,,,,,,,,,,,,,,,,,,,,,,,,,,,,,,,,,,,,,,,,,,,,,,,,,,,,,,,,,,,,,,,,,,,,,,,,,,,,,,,,,,,,,,,,,,,,,,,,,,,,,,,,,,,,,,,,,,,,,,,,,,,,,,,,,,,,,,,,,,,,,,,,,
,1499,,,,,,,,,,,,,,,,,,,,,,,,,,,,,,,,,,,,,,,,,,,,,,,,,,,,,,,,,,,,,,,,,,,,,,,,,,,,,,,,,,,,,,,,,,,,,,,,,,,,,,,,,,,,,,,,,,,,,,,,,,,153239703,2466,153237237,3000,54720971,886,54720085,1138,98518732,1580,98517152,1870,392973603805696,7028947968,392966574857728,8198226944,361290448186368,7022329856,361283425856512,8190906368,31683155619328,6618112,31683149001216,25021440,392973603805696,7028947968,392966574857728,8198226944,361290448186368,7022329856,361283425856512,8190906368,31683155619328,6618112,31683149001216,25021440,153239703,2466,153237237,3000,54720971,886,54720085,1138,98518732,1580,98517152,1870,95563757,138,95563619,256,33251827,99,33251728,161,62311930,39,62311891,122,386750235330048,225100800,386750010229248,1441801216,354290276123648,221233152,354290054890496,1429037056,32459959206400,3867648,32459955338752,19589632,-1,0,357,0,0,2,0,0,0,0,0,0,0,0,389423175451519,7021260508,389416154191011,8176189920,357750881183488,7014793216,357743866390272,8169017344,31672294268031,6467292,31672287800739,24870008,8684306432,8684306432,0,8684306432,8652849152,8652849152,0,8652849152,31457280,31457280,0,31457280,357,357,0,357,342,342,0,342,15,15,0,15,,,,,,,,,,,,,,,,,,,,,,,,,,,,,,,,,,,,
1.2158442430345752e-06,1499,,,,,,,,,,,,,,,,,,,,,,,,,,,,,,,,,,,,,,,,,,,,,,,,,,,,,,,,,,,,,,,,,,,,,,,,,,,,,,,,,,,,,,,,,,,,,,,,,,,,,,,,,,,,,,,,,,,,,,,,,,,,,,,,,,,,,,,,,,,,,,,,,,,,,,,,,,,,,,,,,,,,,,,,,,,,,,,,,,,,,,,,,,,,,,,,,,,,,,,,,,,,,,,,,,,,,,,,,,,,,,,,,,,,,,,,,,,,,,,,,,,,,,,,,,,,,,,,,,,,,,,,,,,,,,,,,,,,,,,,
,1499,153239716,2462,153237254,3000,54720971,886,54720085,1138,98518745,1576,98517169,1870,392973603820032,7028944384,392966574875648,8198226944,361290448186368,7022329856,361283425856512,8190906368,31683155633664,6614528,31683149019136,25021440,392973603820032,7028944384,392966574875648,8198226944,361290448186368,7022329856,361283425856512,8190906368,31683155633664,6614528,31683149019136,25021440,153239716,2462,153237254,3000,54720971,886,54720085,1138,98518745,1576,98517169,1870,95563771,137,95563634,256,33251827,99,33251728,161,62311944,38,62311906,122,386750235347968,225104384,386750010243584,1441801216,354290276123648,221233152,354290054890496,1429037056,32459959224320,3871232,32459955353088,19589632,-1,0,357,0,0,2,0,0,0,0,0,0,0,0,389423175461043,7021259892,389416154201151,8176189920,357750881183488,7014793216,357743866390272,8169017344,31672294277555,6466676,31672287810879,24870008,8684306432,8684306432,0,8684306432,8652849152,8652849152,0,8652849152,31457280,31457280,0,31457280,357,357,0,357,342,342,0,342,15,15,0,15,,,,,,,,,,,,,,,,,,,,,,,,,,,,,,,,,,,,,,,,,,,,,,,,,,,,,,,,,,,,,,,,,,,,,,,,,,,,,,,,,,,,,,,,,,,,,,,,,,,,,,,,,,,,,,,,,,,,,,,,,,,,,,,,,,,,,,,,,,,,,,,,,,,,,,,,,,,,,,
,1499,,,,,,,,,,,,,,,,,,,,,,,,,,,,,,,,,,,,,,,,,,,,,,,,,,,,,,,,,,,,,,,,,,,,,,,,,,,,,,,,,,,,,,,,,,,,,,,,,,,,,,,,,,,,,,,,,,,,,,,,,,,153252086,2466,153249620,3000,54724958,886,54724072,1138,98527128,1580,98525548,1870,393000797760512,7028946432,392993768814080,8198226944,361314723740672,7022329856,361307701410816,8190906368,31686074019840,6616576,31686067403264,25021440,393000797760512,7028946432,392993768814080,8198226944,361314723740672,7022329856,361307701410816,8190906368,31686074019840,6616576,31686067403264,25021440,153252086,2466,153249620,3000,54724958,886,54724072,1138,98527128,1580,98525548,1870,95571390,139,95571251,256,33254094,99,33253995,161,62317296,40,62317256,122,386780047747584,225102336,386779822645248,1441801216,354317089043456,221233152,354316867810304,1429037056,32462958704128,3869184,32462954834944,19589632,-1,0,357,0,0,2,0,0,0,0,0,0,0,0,389450096351155,7021259908,389443075091247,8176189920,357774884555264,7014793216,357767869762048,8169017344,31675211795891,6466692,31675205329199,24870008,8684306432,8684306432,0,8684306432,8652849152,8652849152,0,8652849152,31457280,31457280,0,31457280,357,357,0,357,342,342,0,342,15,15,0,15,,,,,,,,,,,,,,,,,,,,,,,,,,,,,,,,,,,,
1.2158442430345752e-06,1499,,,,,,,,,,,,,,,,,,,,,,,,,,,,,,,,,,,,,,,,,,,,,,,,,,,,,,,,,,,,,,,,,,,,,,,,,,,,,,,,,,,,,,,,,,,,,,,,,,,,,,,,,,,,,,,,,,,,,,,,,,,,,,,,,,,,,,,,,,,,,,,,,,,,,,,,,,,,,,,,,,,,,,,,,,,,,,,,,,,,,,,,,,,,,,,,,,,,,,,,,,,,,,,,,,,,,,,,,,,,,,,,,,,,,,,,,,,,,,,,,,,,,,,,,,,,,,,,,,,,,,,,,,,,,,,,,,,,,,,,
,1499,153252099,2462,153249637,3000,54724958,886,54724072,1138,98527141,1576,98525565,1870,393000797776384,7028945920,392993768830464,8198226944,361314723740672,7022329856,361307701410816,8190906368,31686074035712,6616064,31686067419648,25021440,393000797776384,7028945920,392993768830464,8198226944,361314723740672,7022329856,361307701410816,8190906368,31686074035712,6616064,31686067419648,25021440,153252099,2462,153249637,3000,54724958,886,54724072,1138,98527141,1576,98525565,1870,95571404,141,95571263,256,33254094,99,33253995,161,62317310,42,62317268,122,386780047763968,225102848,386779822661120,1441801216,354317089043456,221233152,354316867810304,1429037056,32462958720512,3869696,32462954850816,19589632,-1,0,357,0,0,2,0,0,0,0,0,0,0,0,389450096360655,7021259868,389443075100787,8176189920,357774884555264,7014793216,357767869762048,8169017344,31675211805391,6466652,31675205338739,24870008,8684306432,8684306432,0,8684306432,8652849152,8652849152,0,8652849152,31457280,31457280,0,31457280,357,357,0,357,342,342,0,342,15,15,0,15,,,,,,,,,,,,,,,,,,,,,,,,,,,,,,,,,,,,,,,,,,,,,,,,,,,,,,,,,,,,,,,,,,,,,,,,,,,,,,,,,,,,,,,,,,,,,,,,,,,,,,,,,,,,,,,,,,,,,,,,,,,,,,,,,,,,,,,,,,,,,,,,,,,,,,,,,,,,,,
,1499,,,,,,,,,,,,,,,,,,,,,,,,,,,,,,,,,,,,,,,,,,,,,,,,,,,,,,,,,,,,,,,,,,,,,,,,,,,,,,,,,,,,,,,,,,,,,,,,,,,,,,,,,,,,,,,,,,,,,,,,,,,153264470,2466,153262004,3000,54729041,886,54728155,1138,98535429,1580,98533849,1870,393028172658688,7028947968,393021143710720,8198226944,361339165600768,7022329856,361332143270912,8190906368,31689007057920,6618112,31689000439808,25021440,393028172658688,7028947968,393021143710720,8198226944,361339165600768,7022329856,361332143270912,8190906368,31689007057920,6618112,31689000439808,25021440,153264470,2466,153262004,3000,54729041,886,54728155,1138,98535429,1580,98533849,1870,95579273,138,95579135,256,33256432,99,33256333,161,62322841,39,62322802,122,386809985765376,225100800,386809760664576,1441801216,354343960355840,221233152,354343739122688,1429037056,32466025409536,3867648,32466021541888,19589632,-1,0,357,0,0,2,0,0,0,0,0,0,0,0,389477246305901,7021259884,389470225046017,8176189920,357799102332160,7014793216,357792087538944,8169017344,31678143973741,6466668,31678137507073,24870008,8684306432,8684306432,0,8684306432,8652849152,8652849152,0,8652849152,31457280,31457280,0,31457280,357,357,0,357,342,342,0,342,15,15,0,15,,,,,,,,,,,,,,,,,,,,,,,,,,,,,,,,,,,,
1.2158442430345752e-06,1499,,,,,,,,,,,,,,,,,,,,,,,,,,,,,,,,,,,,,,,,,,,,,,,,,,,,,,,,,,,,,,,,,,,,,,,,,,,,,,,,,,,,,,,,,,,,,,,,,,,,,,,,,,,,,,,,,,,,,,,,,,,,,,,,,,,,,,,,,,,,,,,,,,,,,,,,,,,,,,,,,,,,,,,,,,,,,,,,,,,,,,,,,,,,,,,,,,,,,,,,,,,,,,,,,,,,,,,,,,,,,,,,,,,,,,,,,,,,,,,,,,,,,,,,,,,,,,,,,,,,,,,,,,,,,,,,,,,,,,,,
,1499,153264483,2462,153262021,3000,54729041,886,54728155,1138,98535442,1576,98533866,1870,393028172676096,7028947456,393021143728640,8198226944,361339165600768,7022329856,361332143270912,8190906368,31689007075328,6617600,31689000457728,25021440,393028172676096,7028947456,393021143728640,8198226944,361339165600768,7022329856,361332143270912,8190906368,31689007075328,6617600,31689000457728,25021440,153264483,2462,153262021,3000,54729041,886,54728155,1138,98535442,1576,98533866,1870,95579285,139,95579146,256,33256432,99,33256333,161,62322853,40,62322813,122,386809985783296,225101312,386809760681984,1441801216,354343960355840,221233152,354343739122688,1429037056,32466025427456,3868160,32466021559296,19589632,-1,0,357,0,0,2,0,0,0,0,0,0,0,0,389477246317441,7021261908,389470225055533,8176189920,357799102332160,7014793216,357792087538944,8169017344,31678143985281,6468692,31678137516589,24870008,8684306432,8684306432,0,8684306432,8652849152,8652849152,0,8652849152,31457280,31457280,0,31457280,357,357,0,357,342,342,0,342,15,15,0,15,,,,,,,,,,,,,,,,,,,,,,,,,,,,,,,,,,,,,,,,,,,,,,,,,,,,,,,,,,,,,,,,,,,,,,,,,,,,,,,,,,,,,,,,,,,,,,,,,,,,,,,,,,,,,,,,,,,,,,,,,,,,,,,,,,,,,,,,,,,,,,,,,,,,,,,,,,,,,,
,1499,,,,,,,,,,,,,,,,,,,,,,,,,,,,,,,,,,,,,,,,,,,,,,,,,,,,,,,,,,,,,,,,,,,,,,,,,,,,,,,,,,,,,,,,,,,,,,,,,,,,,,,,,,,,,,,,,,,,,,,,,,,153277403,2466,153274937,3000,54733345,886,54732459,1138,98544058,1580,98542478,1870,393057392563200,7028949504,393050363613696,8198226944,361365400390656,7022329856,361358378060800,8190906368,31691992172544,6619648,31691985552896,25021440,393057392563200,7028949504,393050363613696,8198226944,361365400390656,7022329856,361358378060800,8190906368,31691992172544,6619648,31691985552896,25021440,153277403,2466,153274937,3000,54733345,886,54732459,1138,98544058,1580,98542478,1870,95587145,142,95587003,256,33258999,99,33258900,161,62328146,43,62328103,122,386846123640320,225099264,386845898541056,1441801216,354377014051840,221233152,354376792818688,1429037056,32469109588480,3866112,32469105722368,19589632,-1,0,357,0,0,2,0,0,0,0,0,0,0,0,389506251244513,7021261924,389499229982589,8176189920,357825122988032,7014793216,357818108194816,8169017344,31681128256481,6468708,31681121787773,24870008,8684306432,8684306432,0,8684306432,8652849152,8652849152,0,8652849152,31457280,31457280,0,31457280,357,357,0,357,342,342,0,342,15,15,0,15,,,,,,,,,,,,,,,,,,,,,,,,,,,,,,,,,,,,
,1499,,,,,,,,,,,,,,,,,,,,,,,,,,,,,,,,,,,,,,,,,,,,,,,,,,,,,,,,,,,,,,,,,,,,,,,,,,,,,,,,,,,,,,,,,,,,,,,,,,,,,,,,,,,,,,,,,,,,,,,,,,,,,,,,,,,,,,,,,,,,,,,,,,,,,,,,,,,,,,,,,,,,,,,,,,,,,,,,,,,,,,,,,,,,,,,,,,,,,,,,,,,,,,,,,,,,,,,,,,,,,,,,,,,,,,,,,,,,,,,,,,,,,0.00027823448181152344,2.7145815693074837e-05,0.0006854217499494553,2,,,,,,,,,,,,,,,,,,,,,,,,,,,,,,,,
1.1822759315206446e-06,1549,,,,,,,,,,,,,,,,,,,,,,,,,,,,,,,,,,,,,,,,,,,,,,,,,,,,,,,,,,,,,,,,,,,,,,,,,,,,,,,,,,,,,,,,,,,,,,,,,,,,,,,,,,,,,,,,,,,,,,,,,,,,,,,,,,,,,,,,,,,,,,,,,,,,,,,,,,,,,,,,,,,,,,,,,,,,,,,,,,,,,,,,,,,,,,,,,,,,,,,,,,,,,,,,,,,,,,,,,,,,,,,,,,,,,,,,,,,,,,,,,,,,,,,,,,,,,,,,,,,,,,,,,,,,,,,,,,,,,,,,
,1549,158177297,2462,158174835,3000,56464596,886,56463710,1138,101712701,1576,101711125,1870,405520565004800,7033166336,405513531838464,8198226944,372785876483072,7026548736,372778849934336,8190906368,32734688521728,6617600,32734681904128,25021440,405520565004800,7033166336,405513531838464,8198226944,372785876483072,7026548736,372778849934336,8190906368,32734688521728,6617600,32734681904128,25021440,158177297,2462,158174835,3000,56464596,886,56463710,1138,101712701,1576,101711125,1870,98582488,159,98582329,256,34296039,104,34295935,161,64286449,55,64286394,122,399203056254464,260728320,399202795526144,1441801216,365670535619584,252665856,365670282953728,1429037056,33532520634880,8062464,33532512572416,19589632,-1,0,357,0,0,2,0,0,0,0,0,0,0,0,401866652671100,7021262256,401859631408844,8176189920,369143169014784,7014793216,369136154221568,8169017344,32723483656316,6469040,32723477187276,24870008,8684306432,8684306432,0,8684306432,8652849152,8652849152,0,8652849152,31457280,31457280,0,31457280,357,357,0,357,342,342,0,342,15,15,0,15,,,,,,,,,,,,,,,,,,,,,,,,,,,,,,,,,,,,,,,,,,,,,,,,,,,,,,,,,,,,,,,,,,,,,,,,,,,,,,,,,,,,,,,,,,,,,,,,,,,,,,,,,,,,,,,,,,,,,,,,,,,,,,,,,,,,,,,,,,,,,,,,,,,,,,,,,,,,,,
,1549,,,,,,,,,,,,,,,,,,,,,,,,,,,,,,,,,,,,,,,,,,,,,,,,,,,,,,,,,,,,,,,,,,,,,,,,,,,,,,,,,,,,,,,,,,,,,,,,,,,,,,,,,,,,,,,,,,,,,,,,,,,158189668,2466,158187202,3000,56468679,886,56467793,1138,101720989,1580,101719409,1870,405547914732032,7034839552,405540879892480,8198226944,372810293001216,7028219904,372803264781312,8190906368,32737621730816,6619648,32737615111168,25021440,405547914732032,7034839552,405540879892480,8198226944,372810293001216,7028219904,372803264781312,8190906368,32737621730816,6619648,32737615111168,25021440,158189668,2466,158187202,3000,56468679,886,56467793,1138,101720989,1580,101719409,1870,98589808,146,98589662,256,34298405,103,34298302,161,64291403,43,64291360,122,399230203317760,261152256,399229942165504,1441801216,365694682514432,250994688,365694431519744,1429037056,33535520803328,10157568,33535510645760,19589632,-1,0,357,0,0,2,0,0,0,0,0,0,0,0,401893804749948,7021262212,401886783487736,8176189920,369167388737280,7014793216,369160373944064,8169017344,32726416012668,6468996,32726409543672,24870008,8684306432,8684306432,0,8684306432,8652849152,8652849152,0,8652849152,31457280,31457280,0,31457280,357,357,0,357,342,342,0,342,15,15,0,15,,,,,,,,,,,,,,,,,,,,,,,,,,,,,,,,,,,,
1.1822759315206446e-06,1549,,,,,,,,,,,,,,,,,,,,,,,,,,,,,,,,,,,,,,,,,,,,,,,,,,,,,,,,,,,,,,,,,,,,,,,,,,,,,,,,,,,,,,,,,,,,,,,,,,,,,,,,,,,,,,,,,,,,,,,,,,,,,,,,,,,,,,,,,,,,,,,,,,,,,,,,,,,,,,,,,,,,,,,,,,,,,,,,,,,,,,,,,,,,,,,,,,,,,,,,,,,,,,,,,,,,,,,,,,,,,,,,,,,,,,,,,,,,,,,,,,,,,,,,,,,,,,,,,,,,,,,,,,,,,,,,,,,,,,,,
,1549,158189681,2462,158187219,3000,56468679,886,56467793,1138,101721002,1576,101719426,1870,405547914744832,7034832896,405540879911936,8198226944,372810293001216,7028219904,372803264781312,8190906368,32737621743616,6612992,32737615130624,25021440,405547914744832,7034832896,405540879911936,8198226944,372810293001216,7028219904,372803264781312,8190906368,32737621743616,6612992,32737615130624,25021440,158189681,2462,158187219,3000,56468679,886,56467793,1138,101721002,1576,101719426,1870,98589819,145,98589674,256,34298405,103,34298302,161,64291414,42,64291372,122,399230203337216,261158912,399229942178304,1441801216,365694682514432,250994688,365694431519744,1429037056,33535520822784,10164224,33535510658560,19589632,-1,0,357,0,0,2,0,0,0,0,0,0,0,0,401893804756736,7021257156,401886783499580,8176189920,369167388737280,7014793216,369160373944064,8169017344,32726416019456,6463940,32726409555516,24870008,8684306432,8684306432,0,8684306432,8652849152,8652849152,0,8652849152,31457280,31457280,0,31457280,357,357,0,357,342,342,0,342,15,15,0,15,,,,,,,,,,,,,,,,,,,,,,,,,,,,,,,,,,,,,,,,,,,,,,,,,,,,,,,,,,,,,,,,,,,,,,,,,,,,,,,,,,,,,,,,,,,,,,,,,,,,,,,,,,,,,,,,,,,,,,,,,,,,,,,,,,,,,,,,,,,,,,,,,,,,,,,,,,,,,,
,1549,,,,,,,,,,,,,,,,,,,,,,,,,,,,,,,,,,,,,,,,,,,,,,,,,,,,,,,,,,,,,,,,,,,,,,,,,,,,,,,,,,,,,,,,,,,,,,,,,,,,,,,,,,,,,,,,,,,,,,,,,,,158202003,2466,158199537,3000,56472666,886,56471780,1138,101729337,1580,101727757,1870,405574642964480,7034834944,405567608129536,8198226944,372834259627008,7028219904,372827231407104,8190906368,32740383337472,6615040,32740376722432,25021440,405574642964480,7034834944,405567608129536,8198226944,372834259627008,7028219904,372827231407104,8190906368,32740383337472,6615040,32740376722432,25021440,158202003,2466,158199537,3000,56472666,886,56471780,1138,101729337,1580,101727757,1870,98596930,145,98596785,256,34300526,103,34300423,161,64296404,42,64296362,122,399259877750272,261156864,399259616593408,1441801216,365721582752768,250994688,365721331758080,1429037056,33538294997504,10162176,33538284835328,19589632,-1,0,357,0,0,2,0,0,0,0,0,0,0,0,401920468326360,7021257232,401913447069128,8176189920,369191291634176,7014793216,369184276840960,8169017344,32729176692184,6464016,32729170228168,24870008,8684306432,8684306432,0,8684306432,8652849152,8652849152,0,8652849152,31457280,31457280,0,31457280,357,357,0,357,342,342,0,342,15,15,0,15,,,,,,,,,,,,,,,,,,,,,,,,,,,,,,,,,,,,
1.1822759315206446e-06,1549,,,,,,,,,,,,,,,,,,,,,,,,,,,,,,,,,,,,,,,,,,,,,,,,,,,,,,,,,,,,,,,,,,,,,,,,,,,,,,,,,,,,,,,,,,,,,,,,,,,,,,,,,,,,,,,,,,,,,,,,,,,,,,,,,,,,,,,,,,,,,,,,,,,,,,,,,,,,,,,,,,,,,,,,,,,,,,,,,,,,,,,,,,,,,,,,,,,,,,,,,,,,,,,,,,,,,,,,,,,,,,,,,,,,,,,,,,,,,,,,,,,,,,,,,,,,,,,,,,,,,,,,,,,,,,,,,,,,,,,,
,1549,158202016,2462,158199554,3000,56472666,886,56471780,1138,101729350,1576,101727774,1870,405574642981888,7034837504,405567608144384,8198226944,372834259627008,7028219904,372827231407104,8190906368,32740383354880,6617600,32740376737280,25021440,405574642981888,7034837504,405567608144384,8198226944,372834259627008,7028219904,372827231407104,8190906368,32740383354880,6617600,32740376737280,25021440,158202016,2462,158199554,3000,56472666,886,56471780,1138,101729350,1576,101727774,1870,98596941,144,98596797,256,34300526,103,34300423,161,64296415,41,64296374,122,399259877765120,261154304,399259616610816,1441801216,365721582752768,250994688,365721331758080,1429037056,33538295012352,10159616,33538284852736,19589632,-1,0,357,0,0,2,0,0,0,0,0,0,0,0,401920468338092,7021262160,401913447075932,8176189920,369191291634176,7014793216,369184276840960,8169017344,32729176703916,6468944,32729170234972,24870008,8684306432,8684306432,0,8684306432,8652849152,8652849152,0,8652849152,31457280,31457280,0,31457280,357,357,0,357,342,342,0,342,15,15,0,15,,,,,,,,,,,,,,,,,,,,,,,,,,,,,,,,,,,,,,,,,,,,,,,,,,,,,,,,,,,,,,,,,,,,,,,,,,,,,,,,,,,,,,,,,,,,,,,,,,,,,,,,,,,,,,,,,,,,,,,,,,,,,,,,,,,,,,,,,,,,,,,,,,,,,,,,,,,,,,
,1549,,,,,,,,,,,,,,,,,,,,,,,,,,,,,,,,,,,,,,,,,,,,,,,,,,,,,,,,,,,,,,,,,,,,,,,,,,,,,,,,,,,,,,,,,,,,,,,,,,,,,,,,,,,,,,,,,,,,,,,,,,,158214387,2466,158211921,3000,56476749,886,56475863,1138,101737638,1580,101736058,1870,405601859644416,7034839552,405594824804864,8198226944,372858580581376,7028219904,372851552361472,8190906368,32743279063040,6619648,32743272443392,25021440,405601859644416,7034839552,405594824804864,8198226944,372858580581376,7028219904,372851552361472,8190906368,32743279063040,6619648,32743272443392,25021440,158214387,2466,158211921,3000,56476749,886,56475863,1138,101737638,1580,101736058,1870,98604175,149,98604026,256,34302849,103,34302746,161,64301326,46,64301280,122,399289986422784,261152256,399289725270528,1441801216,365748753236992,250994688,365748502242304,1429037056,33541233185792,10157568,33541223028224,19589632,-1,0,357,0,0,2,0,0,0,0,0,0,0,0,401947543903751,7021262116,401940522641635,8176189920,369215472366848,7014793216,369208457573632,8169017344,32732071536903,6468900,32732065068003,24870008,8684306432,8684306432,0,8684306432,8652849152,8652849152,0,8652849152,31457280,31457280,0,31457280,357,357,0,357,342,342,0,342,15,15,0,15,,,,,,,,,,,,,,,,,,,,,,,,,,,,,,,,,,,,
1.1822759315206446e-06,1549,,,,,,,,,,,,,,,,,,,,,,,,,,,,,,,,,,,,,,,,,,,,,,,,,,,,,,,,,,,,,,,,,,,,,,,,,,,,,,,,,,,,,,,,,,,,,,,,,,,,,,,,,,,,,,,,,,,,,,,,,,,,,,,,,,,,,,,,,,,,,,,,,,,,,,,,,,,,,,,,,,,,,,,,,,,,,,,,,,,,,,,,,,,,,,,,,,,,,,,,,,,,,,,,,,,,,,,,,,,,,,,,,,,,,,,,,,,,,,,,,,,,,,,,,,,,,,,,,,,,,,,,,,,,,,,,,,,,,,,,
,1549,158214400,2462,158211938,3000,56476749,886,56475863,1138,101737651,1576,101736075,1870,405601859661824,7034837504,405594824824320,8198226944,372858580581376,7028219904,372851552361472,8190906368,32743279080448,6617600,32743272462848,25021440,405601859661824,7034837504,405594824824320,8198226944,372858580581376,7028219904,372851552361472,8190906368,32743279080448,6617600,32743272462848,25021440,158214400,2462,158211938,3000,56476749,886,56475863,1138,101737651,1576,101736075,1870,98604187,148,98604039,256,34302849,103,34302746,161,64301338,45,64301293,122,399289986442240,261154304,399289725287936,1441801216,365748753236992,250994688,365748502242304,1429037056,33541233205248,10159616,33541223045632,19589632,-1,0,357,0,0,2,0,0,0,0,0,0,0,0,401947543915123,7021261740,401940522653383,8176189920,369215472366848,7014793216,369208457573632,8169017344,32732071548275,6468524,32732065079751,24870008,8684306432,8684306432,0,8684306432,8652849152,8652849152,0,8652849152,31457280,31457280,0,31457280,357,357,0,357,342,342,0,342,15,15,0,15,,,,,,,,,,,,,,,,,,,,,,,,,,,,,,,,,,,,,,,,,,,,,,,,,,,,,,,,,,,,,,,,,,,,,,,,,,,,,,,,,,,,,,,,,,,,,,,,,,,,,,,,,,,,,,,,,,,,,,,,,,,,,,,,,,,,,,,,,,,,,,,,,,,,,,,,,,,,,,
,1549,,,,,,,,,,,,,,,,,,,,,,,,,,,,,,,,,,,,,,,,,,,,,,,,,,,,,,,,,,,,,,,,,,,,,,,,,,,,,,,,,,,,,,,,,,,,,,,,,,,,,,,,,,,,,,,,,,,,,,,,,,,158226771,2466,158224305,3000,56480736,886,56479850,1138,101746035,1580,101744455,1870,405628613141504,7034839552,405621578301952,8198226944,372882556480512,7028219904,372875528260608,8190906368,32746056660992,6619648,32746050041344,25021440,405628613141504,7034839552,405621578301952,8198226944,372882556480512,7028219904,372875528260608,8190906368,32746056660992,6619648,32746050041344,25021440,158226771,2466,158224305,3000,56480736,886,56479850,1138,101746035,1580,101744455,1870,98610431,148,98610283,256,34304970,103,34304867,161,64305461,45,64305416,122,399319683362816,261152256,399319422210560,1441801216,365775659996160,250994688,365775409001472,1429037056,33544023366656,10157568,33544013209088,19589632,-1,0,357,0,0,2,0,0,0,0,0,0,0,0,401974237136110,7021261756,401967215874354,8176189920,369239388944384,7014793216,369232374151168,8169017344,32734848191726,6468540,32734841723186,24870008,8684306432,8684306432,0,8684306432,8652849152,8652849152,0,8652849152,31457280,31457280,0,31457280,357,357,0,357,342,342,0,342,15,15,0,15,,,,,,,,,,,,,,,,,,,,,,,,,,,,,,,,,,,,
1.1822759315206446e-06,1549,,,,,,,,,,,,,,,,,,,,,,,,,,,,,,,,,,,,,,,,,,,,,,,,,,,,,,,,,,,,,,,,,,,,,,,,,,,,,,,,,,,,,,,,,,,,,,,,,,,,,,,,,,,,,,,,,,,,,,,,,,,,,,,,,,,,,,,,,,,,,,,,,,,,,,,,,,,,,,,,,,,,,,,,,,,,,,,,,,,,,,,,,,,,,,,,,,,,,,,,,,,,,,,,,,,,,,,,,,,,,,,,,,,,,,,,,,,,,,,,,,,,,,,,,,,,,,,,,,,,,,,,,,,,,,,,,,,,,,,,
,1549,158226784,2462,158224322,3000,56480736,886,56479850,1138,101746048,1576,101744472,1870,405628613155840,7034834432,405621578321408,8198226944,372882556480512,7028219904,372875528260608,8190906368,32746056675328,6614528,32746050060800,25021440,405628613155840,7034834432,405621578321408,8198226944,372882556480512,7028219904,372875528260608,8190906368,32746056675328,6614528,32746050060800,25021440,158226784,2462,158224322,3000,56480736,886,56479850,1138,101746048,1576,101744472,1870,98610444,148,98610296,256,34304970,103,34304867,161,64305474,45,64305429,122,399319683382272,261157376,399319422224896,1441801216,365775659996160,250994688,365775409001472,1429037056,33544023386112,10162688,33544013223424,19589632,-1,0,357,0,0,2,0,0,0,0,0,0,0,0,401974237144698,7021258956,401967215885742,8176189920,369239388944384,7014793216,369232374151168,8169017344,32734848200314,6465740,32734841734574,24870008,8684306432,8684306432,0,8684306432,8652849152,8652849152,0,8652849152,31457280,31457280,0,31457280,357,357,0,357,342,342,0,342,15,15,0,15,,,,,,,,,,,,,,,,,,,,,,,,,,,,,,,,,,,,,,,,,,,,,,,,,,,,,,,,,,,,,,,,,,,,,,,,,,,,,,,,,,,,,,,,,,,,,,,,,,,,,,,,,,,,,,,,,,,,,,,,,,,,,,,,,,,,,,,,,,,,,,,,,,,,,,,,,,,,,,
,1549,,,,,,,,,,,,,,,,,,,,,,,,,,,,,,,,,,,,,,,,,,,,,,,,,,,,,,,,,,,,,,,,,,,,,,,,,,,,,,,,,,,,,,,,,,,,,,,,,,,,,,,,,,,,,,,,,,,,,,,,,,,158239106,2466,158236640,3000,56484723,886,56483837,1138,101754383,1580,101752803,1870,405655702499840,7034836480,405648667663360,8198226944,372906711960576,7028219904,372899683740672,8190906368,32748990539264,6616576,32748983922688,25021440,405655702499840,7034836480,405648667663360,8198226944,372906711960576,7028219904,372899683740672,8190906368,32748990539264,6616576,32748983922688,25021440,158239106,2466,158236640,3000,56484723,886,56483837,1138,101754383,1580,101752803,1870,98617596,150,98617446,256,34307195,103,34307092,161,64310401,47,64310354,122,399349704862208,261155328,399349443706880,1441801216,365802697282560,250994688,365802446287872,1429037056,33547007579648,10160640,33546997419008,19589632,-1,0,357,0,0,2,0,0,0,0,0,0,0,0,402001182614464,7021259032,401994161355432,8176189920,369263401388800,7014793216,369256386595584,8169017344,32737781225664,6465816,32737774759848,24870008,8684306432,8684306432,0,8684306432,8652849152,8652849152,0,8652849152,31457280,31457280,0,31457280,357,357,0,357,342,342,0,342,15,15,0,15,,,,,,,,,,,,,,,,,,,,,,,,,,,,,,,,,,,,
1.1822759315206446e-06,1549,,,,,,,,,,,,,,,,,,,,,,,,,,,,,,,,,,,,,,,,,,,,,,,,,,,,,,,,,,,,,,,,,,,,,,,,,,,,,,,,,,,,,,,,,,,,,,,,,,,,,,,,,,,,,,,,,,,,,,,,,,,,,,,,,,,,,,,,,,,,,,,,,,,,,,,,,,,,,,,,,,,,,,,,,,,,,,,,,,,,,,,,,,,,,,,,,,,,,,,,,,,,,,,,,,,,,,,,,,,,,,,,,,,,,,,,,,,,,,,,,,,,,,,,,,,,,,,,,,,,,,,,,,,,,,,,,,,,,,,,
,1549,158239119,2462,158236657,3000,56484723,886,56483837,1138,101754396,1576,101752820,1870,405655702512640,7034832896,405648667679744,8198226944,372906711960576,7028219904,372899683740672,8190906368,32748990552064,6612992,32748983939072,25021440,405655702512640,7034832896,405648667679744,8198226944,372906711960576,7028219904,372899683740672,8190906368,32748990552064,6612992,32748983939072,25021440,158239119,2462,158236657,3000,56484723,886,56483837,1138,101754396,1576,101752820,1870,98617607,150,98617457,256,34307195,103,34307092,161,64310412,47,64310365,122,399349704878592,261158912,399349443719680,1441801216,365802697282560,250994688,365802446287872,1429037056,33547007596032,10164224,33546997431808,19589632,-1,0,357,0,0,2,0,0,0,0,0,0,0,0,402001182622212,7021258176,401994161364036,8176189920,369263401388800,7014793216,369256386595584,8169017344,32737781233412,6464960,32737774768452,24870008,8684306432,8684306432,0,8684306432,8652849152,8652849152,0,8652849152,31457280,31457280,0,31457280,357,357,0,357,342,342,0,342,15,15,0,15,,,,,,,,,,,,,,,,,,,,,,,,,,,,,,,,,,,,,,,,,,,,,,,,,,,,,,,,,,,,,,,,,,,,,,,,,,,,,,,,,,,,,,,,,,,,,,,,,,,,,,,,,,,,,,,,,,,,,,,,,,,,,,,,,,,,,,,,,,,,,,,,,,,,,,,,,,,,,,
,1549,,,,,,,,,,,,,,,,,,,,,,,,,,,,,,,,,,,,,,,,,,,,,,,,,,,,,,,,,,,,,,,,,,,,,,,,,,,,,,,,,,,,,,,,,,,,,,,,,,,,,,,,,,,,,,,,,,,,,,,,,,,158251490,2466,158249024,3000,56488710,886,56487824,1138,101762780,1580,101761200,1870,405682612318720,7034834944,405675577483776,8198226944,372930735062016,7028219904,372923706842112,8190906368,32751877256704,6615040,32751870641664,25021440,405682612318720,7034834944,405675577483776,8198226944,372930735062016,7028219904,372923706842112,8190906368,32751877256704,6615040,32751870641664,25021440,158251490,2466,158249024,3000,56488710,886,56487824,1138,101762780,1580,101761200,1870,98624607,150,98624457,256,34309323,103,34309220,161,64315284,47,64315237,122,399379553800192,261156864,399379292643328,1441801216,365829631976448,250994688,365829380981760,1429037056,33549921823744,10162176,33549911661568,19589632,-1,0,357,0,0,2,0,0,0,0,0,0,0,0,402028050801120,7021258132,402021029542988,8176189920,369287383748096,7014793216,369280368954880,8169017344,32740667053024,6464916,32740660588108,24870008,8684306432,8684306432,0,8684306432,8652849152,8652849152,0,8652849152,31457280,31457280,0,31457280,357,357,0,357,342,342,0,342,15,15,0,15,,,,,,,,,,,,,,,,,,,,,,,,,,,,,,,,,,,,
1.1822759315206446e-06,1549,,,,,,,,,,,,,,,,,,,,,,,,,,,,,,,,,,,,,,,,,,,,,,,,,,,,,,,,,,,,,,,,,,,,,,,,,,,,,,,,,,,,,,,,,,,,,,,,,,,,,,,,,,,,,,,,,,,,,,,,,,,,,,,,,,,,,,,,,,,,,,,,,,,,,,,,,,,,,,,,,,,,,,,,,,,,,,,,,,,,,,,,,,,,,,,,,,,,,,,,,,,,,,,,,,,,,,,,,,,,,,,,,,,,,,,,,,,,,,,,,,,,,,,,,,,,,,,,,,,,,,,,,,,,,,,,,,,,,,,,
,1549,158251503,2462,158249041,3000,56488710,886,56487824,1138,101762793,1576,101761217,1870,405682612334592,7034835968,405675577498624,8198226944,372930735062016,7028219904,372923706842112,8190906368,32751877272576,6616064,32751870656512,25021440,405682612334592,7034835968,405675577498624,8198226944,372930735062016,7028219904,372923706842112,8190906368,32751877272576,6616064,32751870656512,25021440,158251503,2462,158249041,3000,56488710,886,56487824,1138,101762793,1576,101761217,1870,98624618,149,98624469,256,34309323,103,34309220,161,64315295,46,64315249,122,399379553815040,261155840,399379292659200,1441801216,365829631976448,250994688,365829380981760,1429037056,33549921838592,10161152,33549911677440,19589632,-1,0,357,0,0,2,0,0,0,0,0,0,0,0,402028050812084,7021261332,402021029550752,8176189920,369287383748096,7014793216,369280368954880,8169017344,32740667063988,6468116,32740660595872,24870008,8684306432,8684306432,0,8684306432,8652849152,8652849152,0,8652849152,31457280,31457280,0,31457280,357,357,0,357,342,342,0,342,15,15,0,15,,,,,,,,,,,,,,,,,,,,,,,,,,,,,,,,,,,,,,,,,,,,,,,,,,,,,,,,,,,,,,,,,,,,,,,,,,,,,,,,,,,,,,,,,,,,,,,,,,,,,,,,,,,,,,,,,,,,,,,,,,,,,,,,,,,,,,,,,,,,,,,,,,,,,,,,,,,,,,
,1549,,,,,,,,,,,,,,,,,,,,,,,,,,,,,,,,,,,,,,,,,,,,,,,,,,,,,,,,,,,,,,,,,,,,,,,,,,,,,,,,,,,,,,,,,,,,,,,,,,,,,,,,,,,,,,,,,,,,,,,,,,,158263874,2466,158261408,3000,56492697,886,56491811,1138,101771177,1580,101769597,1870,405709703762432,7034838016,405702668924416,8198226944,372954892495872,7028219904,372947864275968,8190906368,32754811266560,6618112,32754804648448,25021440,405709703762432,7034838016,405702668924416,8198226944,372954892495872,7028219904,372947864275968,8190906368,32754811266560,6618112,32754804648448,25021440,158263874,2466,158261408,3000,56492697,886,56491811,1138,101771177,1580,101769597,1870,98631844,155,98631689,256,34311548,103,34311445,161,64320296,52,64320244,122,399409577378816,261153792,399409316225024,1441801216,365856671216640,250994688,365856420221952,1429037056,33552906162176,10159104,33552896003072,19589632,-1,0,357,0,0,2,0,0,0,0,0,0,0,0,402054998416286,7021261348,402047977154938,8176189920,369311398220032,7014793216,369304383426816,8169017344,32743600196254,6468132,32743593728122,24870008,8684306432,8684306432,0,8684306432,8652849152,8652849152,0,8652849152,31457280,31457280,0,31457280,357,357,0,357,342,342,0,342,15,15,0,15,,,,,,,,,,,,,,,,,,,,,,,,,,,,,,,,,,,,
1.1822759315206446e-06,1549,,,,,,,,,,,,,,,,,,,,,,,,,,,,,,,,,,,,,,,,,,,,,,,,,,,,,,,,,,,,,,,,,,,,,,,,,,,,,,,,,,,,,,,,,,,,,,,,,,,,,,,,,,,,,,,,,,,,,,,,,,,,,,,,,,,,,,,,,,,,,,,,,,,,,,,,,,,,,,,,,,,,,,,,,,,,,,,,,,,,,,,,,,,,,,,,,,,,,,,,,,,,,,,,,,,,,,,,,,,,,,,,,,,,,,,,,,,,,,,,,,,,,,,,,,,,,,,,,,,,,,,,,,,,,,,,,,,,,,,,
,1549,158263887,2462,158261425,3000,56492697,886,56491811,1138,101771190,1576,101769614,1870,405709703779840,7034837504,405702668942336,8198226944,372954892495872,7028219904,372947864275968,8190906368,32754811283968,6617600,32754804666368,25021440,405709703779840,7034837504,405702668942336,8198226944,372954892495872,7028219904,372947864275968,8190906368,32754811283968,6617600,32754804666368,25021440,158263887,2462,158261425,3000,56492697,886,56491811,1138,101771190,1576,101769614,1870,98631853,149,98631704,256,34311548,103,34311445,161,64320305,46,64320259,122,399409577396736,261154304,399409316242432,1441801216,365856671216640,250994688,365856420221952,1429037056,33552906180096,10159616,33552896020480,19589632,-1,0,357,0,0,2,0,0,0,0,0,0,0,0,402054998427946,7021262028,402047977165918,8176189920,369311398220032,7014793216,369304383426816,8169017344,32743600207914,6468812,32743593739102,24870008,8684306432,8684306432,0,8684306432,8652849152,8652849152,0,8652849152,31457280,31457280,0,31457280,357,357,0,357,342,342,0,342,15,15,0,15,,,,,,,,,,,,,,,,,,,,,,,,,,,,,,,,,,,,,,,,,,,,,,,,,,,,,,,,,,,,,,,,,,,,,,,,,,,,,,,,,,,,,,,,,,,,,,,,,,,,,,,,,,,,,,,,,,,,,,,,,,,,,,,,,,,,,,,,,,,,,,,,,,,,,,,,,,,,,,
,1549,,,,,,,,,,,,,,,,,,,,,,,,,,,,,,,,,,,,,,,,,,,,,,,,,,,,,,,,,,,,,,,,,,,,,,,,,,,,,,,,,,,,,,,,,,,,,,,,,,,,,,,,,,,,,,,,,,,,,,,,,,,158276807,2466,158274341,3000,56497001,886,56496115,1138,101779806,1580,101778226,1870,405739332076032,7034839552,405732297236480,8198226944,372981286169600,7028219904,372974257949696,8190906368,32758045906432,6619648,32758039286784,25021440,405739332076032,7034839552,405732297236480,8198226944,372981286169600,7028219904,372974257949696,8190906368,32758045906432,6619648,32758039286784,25021440,158276807,2466,158274341,3000,56497001,886,56496115,1138,101779806,1580,101778226,1870,98638909,149,98638760,256,34313852,103,34313749,161,64325057,46,64325011,122,399441929612800,261152256,399441668460544,1441801216,365885788812288,250994688,365885537817600,1429037056,33556140800512,10157568,33556130642944,19589632,-1,0,357,0,0,2,0,0,0,0,0,0,0,0,402084512734278,7021262044,402077491472234,8176189920,369337678582784,7014793216,369330663789568,8169017344,32746834151494,6468828,32746827682666,24870008,8684306432,8684306432,0,8684306432,8652849152,8652849152,0,8652849152,31457280,31457280,0,31457280,357,357,0,357,342,342,0,342,15,15,0,15,,,,,,,,,,,,,,,,,,,,,,,,,,,,,,,,,,,,
,1549,,,,,,,,,,,,,,,,,,,,,,,,,,,,,,,,,,,,,,,,,,,,,,,,,,,,,,,,,,,,,,,,,,,,,,,,,,,,,,,,,,,,,,,,,,,,,,,,,,,,,,,,,,,,,,,,,,,,,,,,,,,,,,,,,,,,,,,,,,,,,,,,,,,,,,,,,,,,,,,,,,,,,,,,,,,,,,,,,,,,,,,,,,,,,,,,,,,,,,,,,,,,,,,,,,,,,,,,,,,,,,,,,,,,,,,,,,,,,,,,,,,,,0.1671142578125,4.437115785549395e-05,0.1677798181772232,2,,,,,,,,,,,,,,,,,,,,,,,,,,,,,,,,
1.1487076200067136e-06,1599,,,,,,,,,,,,,,,,,,,,,,,,,,,,,,,,,,,,,,,,,,,,,,,,,,,,,,,,,,,,,,,,,,,,,,,,,,,,,,,,,,,,,,,,,,,,,,,,,,,,,,,,,,,,,,,,,,,,,,,,,,,,,,,,,,,,,,,,,,,,,,,,,,,,,,,,,,,,,,,,,,,,,,,,,,,,,,,,,,,,,,,,,,,,,,,,,,,,,,,,,,,,,,,,,,,,,,,,,,,,,,,,,,,,,,,,,,,,,,,,,,,,,,,,,,,,,,,,,,,,,,,,,,,,,,,,,,,,,,,,
,1599,163178509,2462,163176047,3000,58239489,886,58238603,1138,104939020,1576,104937444,1870,418316905819136,7034864128,418309870955008,8198226944,384527342696448,7028252672,384520314443776,8190906368,33789563122688,6611456,33789556511232,25021440,418316905819136,7034864128,418309870955008,8198226944,384527342696448,7028252672,384520314443776,8190906368,33789563122688,6611456,33789556511232,25021440,163178509,2462,163176047,3000,58239489,886,58238603,1138,104939020,1576,104937444,1870,101667768,153,101667615,256,35357543,105,35357438,161,66310225,48,66310177,122,411866578926592,303070720,411866275855872,1441801216,377254659170304,286613504,377254372556800,1429037056,34611919756288,16457216,34611903299072,19589632,-1,0,357,0,0,2,0,0,0,0,0,0,0,0,414547353437611,7021255752,414540332181859,8176189920,380769346386944,7014793216,380762331593728,8169017344,33778007050667,6462536,33778000588131,24870008,8684306432,8684306432,0,8684306432,8652849152,8652849152,0,8652849152,31457280,31457280,0,31457280,357,357,0,357,342,342,0,342,15,15,0,15,,,,,,,,,,,,,,,,,,,,,,,,,,,,,,,,,,,,,,,,,,,,,,,,,,,,,,,,,,,,,,,,,,,,,,,,,,,,,,,,,,,,,,,,,,,,,,,,,,,,,,,,,,,,,,,,,,,,,,,,,,,,,,,,,,,,,,,,,,,,,,,,,,,,,,,,,,,,,,
,1599,,,,,,,,,,,,,,,,,,,,,,,,,,,,,,,,,,,,,,,,,,,,,,,,,,,,,,,,,,,,,,,,,,,,,,,,,,,,,,,,,,,,,,,,,,,,,,,,,,,,,,,,,,,,,,,,,,,,,,,,,,,163190880,2466,163188414,3000,58243567,886,58242681,1138,104947313,1580,104945733,1870,418344512849920,7034915328,418337477934592,8198226944,384551975069696,7028301824,384544946767872,8190906368,33792537780224,6613504,33792531166720,25021440,418344512849920,7034915328,418337477934592,8198226944,384551975069696,7028301824,384544946767872,8190906368,33792537780224,6613504,33792531166720,25021440,163190880,2466,163188414,3000,58243567,886,58242681,1138,104947313,1580,104945733,1870,101675501,150,101675351,256,35360085,101,35359984,161,66315416,49,66315367,122,411894238793728,256882176,411893981911552,1441801216,377279261642752,250912768,377279010729984,1429037056,34614977150976,5969408,34614971181568,19589632,-1,0,357,0,0,2,0,0,0,0,0,0,0,0,414574576064062,7021255708,414567554808354,8176189920,380793595186944,7014793216,380786580393728,8169017344,33780980877118,6462492,33780974414626,24870008,8684306432,8684306432,0,8684306432,8652849152,8652849152,0,8652849152,31457280,31457280,0,31457280,357,357,0,357,342,342,0,342,15,15,0,15,,,,,,,,,,,,,,,,,,,,,,,,,,,,,,,,,,,,
1.1487076200067136e-06,1599,,,,,,,,,,,,,,,,,,,,,,,,,,,,,,,,,,,,,,,,,,,,,,,,,,,,,,,,,,,,,,,,,,,,,,,,,,,,,,,,,,,,,,,,,,,,,,,,,,,,,,,,,,,,,,,,,,,,,,,,,,,,,,,,,,,,,,,,,,,,,,,,,,,,,,,,,,,,,,,,,,,,,,,,,,,,,,,,,,,,,,,,,,,,,,,,,,,,,,,,,,,,,,,,,,,,,,,,,,,,,,,,,,,,,,,,,,,,,,,,,,,,,,,,,,,,,,,,,,,,,,,,,,,,,,,,,,,,,,,,
,1599,163190893,2462,163188431,3000,58243567,886,58242681,1138,104947326,1576,104945750,1870,418344512859648,7034911744,418337477947904,8198226944,384551975069696,7028301824,384544946767872,8190906368,33792537789952,6609920,33792531180032,25021440,418344512859648,7034911744,418337477947904,8198226944,384551975069696,7028301824,384544946767872,8190906368,33792537789952,6609920,33792531180032,25021440,163190893,2462,163188431,3000,58243567,886,58242681,1138,104947326,1576,104945750,1870,101675511,145,101675366,256,35360085,101,35359984,161,66315426,44,66315382,122,411894238807040,256885760,411893981921280,1441801216,377279261642752,250912768,377279010729984,1429037056,34614977164288,5972992,34614971191296,19589632,-1,0,357,0,0,2,0,0,0,0,0,0,0,0,414574576068498,7021254804,414567554813694,8176189920,380793595186944,7014793216,380786580393728,8169017344,33780980881554,6461588,33780974419966,24870008,8684306432,8684306432,0,8684306432,8652849152,8652849152,0,8652849152,31457280,31457280,0,31457280,357,357,0,357,342,342,0,342,15,15,0,15,,,,,,,,,,,,,,,,,,,,,,,,,,,,,,,,,,,,,,,,,,,,,,,,,,,,,,,,,,,,,,,,,,,,,,,,,,,,,,,,,,,,,,,,,,,,,,,,,,,,,,,,,,,,,,,,,,,,,,,,,,,,,,,,,,,,,,,,,,,,,,,,,,,,,,,,,,,,,,
,1599,,,,,,,,,,,,,,,,,,,,,,,,,,,,,,,,,,,,,,,,,,,,,,,,,,,,,,,,,,,,,,,,,,,,,,,,,,,,,,,,,,,,,,,,,,,,,,,,,,,,,,,,,,,,,,,,,,,,,,,,,,,163203215,2466,163200749,3000,58247549,886,58246663,1138,104955666,1580,104954086,1870,418371704993280,7034913792,418364670079488,8198226944,384576402110464,7028301824,384569373808640,8190906368,33795302882816,6611968,33795296270848,25021440,418371704993280,7034913792,418364670079488,8198226944,384576402110464,7028301824,384569373808640,8190906368,33795302882816,6611968,33795296270848,25021440,163203215,2466,163200749,3000,58247549,886,58246663,1138,104955666,1580,104954086,1870,101683575,152,101683423,256,35362478,101,35362377,161,66321097,51,66321046,122,411923047965696,256883712,411922791081984,1441801216,377305271500800,250912768,377305020588032,1429037056,34617776464896,5970944,34617770493952,19589632,-1,0,357,0,0,2,0,0,0,0,0,0,0,0,414601237505689,7021254880,414594216250809,8176189920,380817492451840,7014793216,380810477658624,8169017344,33783745053849,6461664,33783738592185,24870008,8684306432,8684306432,0,8684306432,8652849152,8652849152,0,8652849152,31457280,31457280,0,31457280,357,357,0,357,342,342,0,342,15,15,0,15,,,,,,,,,,,,,,,,,,,,,,,,,,,,,,,,,,,,
1.1487076200067136e-06,1599,,,,,,,,,,,,,,,,,,,,,,,,,,,,,,,,,,,,,,,,,,,,,,,,,,,,,,,,,,,,,,,,,,,,,,,,,,,,,,,,,,,,,,,,,,,,,,,,,,,,,,,,,,,,,,,,,,,,,,,,,,,,,,,,,,,,,,,,,,,,,,,,,,,,,,,,,,,,,,,,,,,,,,,,,,,,,,,,,,,,,,,,,,,,,,,,,,,,,,,,,,,,,,,,,,,,,,,,,,,,,,,,,,,,,,,,,,,,,,,,,,,,,,,,,,,,,,,,,,,,,,,,,,,,,,,,,,,,,,,,
,1599,163203228,2462,163200766,3000,58247549,886,58246663,1138,104955679,1576,104954103,1870,418371705004544,7034913280,418364670091264,8198226944,384576402110464,7028301824,384569373808640,8190906368,33795302894080,6611456,33795296282624,25021440,418371705004544,7034913280,418364670091264,8198226944,384576402110464,7028301824,384569373808640,8190906368,33795302894080,6611456,33795296282624,25021440,163203228,2462,163200766,3000,58247549,886,58246663,1138,104955679,1576,104954103,1870,101683587,150,101683437,256,35362478,101,35362377,161,66321109,49,66321060,122,411923047977472,256884224,411922791093248,1441801216,377305271500800,250912768,377305020588032,1429037056,34617776476672,5971456,34617770505216,19589632,-1,0,357,0,0,2,0,0,0,0,0,0,0,0,414601237511085,7021255824,414594216255261,8176189920,380817492451840,7014793216,380810477658624,8169017344,33783745059245,6462608,33783738596637,24870008,8684306432,8684306432,0,8684306432,8652849152,8652849152,0,8652849152,31457280,31457280,0,31457280,357,357,0,357,342,342,0,342,15,15,0,15,,,,,,,,,,,,,,,,,,,,,,,,,,,,,,,,,,,,,,,,,,,,,,,,,,,,,,,,,,,,,,,,,,,,,,,,,,,,,,,,,,,,,,,,,,,,,,,,,,,,,,,,,,,,,,,,,,,,,,,,,,,,,,,,,,,,,,,,,,,,,,,,,,,,,,,,,,,,,,
,1599,,,,,,,,,,,,,,,,,,,,,,,,,,,,,,,,,,,,,,,,,,,,,,,,,,,,,,,,,,,,,,,,,,,,,,,,,,,,,,,,,,,,,,,,,,,,,,,,,,,,,,,,,,,,,,,,,,,,,,,,,,,163215599,2466,163213133,3000,58251627,886,58250741,1138,104963972,1580,104962392,1870,418399470393856,7034915328,418392435478528,8198226944,384601155323904,7028301824,384594127022080,8190906368,33798315069952,6613504,33798308456448,25021440,418399470393856,7034915328,418392435478528,8198226944,384601155323904,7028301824,384594127022080,8190906368,33798315069952,6613504,33798308456448,25021440,163215599,2466,163213133,3000,58251627,886,58250741,1138,104963972,1580,104962392,1870,101691418,149,101691269,256,35364952,101,35364851,161,66326466,48,66326418,122,411952665534976,256882176,411952408652800,1441801216,377331837562880,250912768,377331586650112,1429037056,34620827972096,5969408,34620822002688,19589632,-1,0,357,0,0,2,0,0,0,0,0,0,0,0,414628536606504,7021255780,414621515350724,8176189920,380841780180224,7014793216,380834765387008,8169017344,33786756426280,6462564,33786749963716,24870008,8684306432,8684306432,0,8684306432,8652849152,8652849152,0,8652849152,31457280,31457280,0,31457280,357,357,0,357,342,342,0,342,15,15,0,15,,,,,,,,,,,,,,,,,,,,,,,,,,,,,,,,,,,,
1.1487076200067136e-06,1599,,,,,,,,,,,,,,,,,,,,,,,,,,,,,,,,,,,,,,,,,,,,,,,,,,,,,,,,,,,,,,,,,,,,,,,,,,,,,,,,,,,,,,,,,,,,,,,,,,,,,,,,,,,,,,,,,,,,,,,,,,,,,,,,,,,,,,,,,,,,,,,,,,,,,,,,,,,,,,,,,,,,,,,,,,,,,,,,,,,,,,,,,,,,,,,,,,,,,,,,,,,,,,,,,,,,,,,,,,,,,,,,,,,,,,,,,,,,,,,,,,,,,,,,,,,,,,,,,,,,,,,,,,,,,,,,,,,,,,,,
,1599,163215612,2462,163213150,3000,58251627,886,58250741,1138,104963985,1576,104962409,1870,418399470409728,7034917888,418392435491840,8198226944,384601155323904,7028301824,384594127022080,8190906368,33798315085824,6616064,33798308469760,25021440,418399470409728,7034917888,418392435491840,8198226944,384601155323904,7028301824,384594127022080,8190906368,33798315085824,6616064,33798308469760,25021440,163215612,2462,163213150,3000,58251627,886,58250741,1138,104963985,1576,104962409,1870,101691431,149,101691282,256,35364952,101,35364851,161,66326479,48,66326431,122,411952665548288,256879616,411952408668672,1441801216,377331837562880,250912768,377331586650112,1429037056,34620827985408,5966848,34620822018560,19589632,-1,0,357,0,0,2,0,0,0,0,0,0,0,0,414628536616460,7021260324,414621515356136,8176189920,380841780180224,7014793216,380834765387008,8169017344,33786756436236,6467108,33786749969128,24870008,8684306432,8684306432,0,8684306432,8652849152,8652849152,0,8652849152,31457280,31457280,0,31457280,357,357,0,357,342,342,0,342,15,15,0,15,,,,,,,,,,,,,,,,,,,,,,,,,,,,,,,,,,,,,,,,,,,,,,,,,,,,,,,,,,,,,,,,,,,,,,,,,,,,,,,,,,,,,,,,,,,,,,,,,,,,,,,,,,,,,,,,,,,,,,,,,,,,,,,,,,,,,,,,,,,,,,,,,,,,,,,,,,,,,,
,1599,,,,,,,,,,,,,,,,,,,,,,,,,,,,,,,,,,,,,,,,,,,,,,,,,,,,,,,,,,,,,,,,,,,,,,,,,,,,,,,,,,,,,,,,,,,,,,,,,,,,,,,,,,,,,,,,,,,,,,,,,,,163227982,2466,163225516,3000,58256310,886,58255424,1138,104971672,1580,104970092,1870,418428060157952,7034919936,418421025238016,8198226944,384627127814144,7028301824,384620099512320,8190906368,33800932343808,6618112,33800925725696,25021440,418428060157952,7034919936,418421025238016,8198226944,384627127814144,7028301824,384620099512320,8190906368,33800932343808,6618112,33800925725696,25021440,163227982,2466,163225516,3000,58256310,886,58255424,1138,104971672,1580,104970092,1870,101699664,155,101699509,256,35367964,101,35367863,161,66331700,54,66331646,122,411983112396288,256877568,411982855518720,1441801216,377359654572032,250912768,377359403659264,1429037056,34623457824256,5964800,34623451859456,19589632,-1,0,357,0,0,2,0,0,0,0,0,0,0,0,414656425569391,7021260340,414649404309051,8176189920,380867052931072,7014793216,380860038137856,8169017344,33789372638319,6467124,33789366171195,24870008,8684306432,8684306432,0,8684306432,8652849152,8652849152,0,8652849152,31457280,31457280,0,31457280,357,357,0,357,342,342,0,342,15,15,0,15,,,,,,,,,,,,,,,,,,,,,,,,,,,,,,,,,,,,
1.1487076200067136e-06,1599,,,,,,,,,,,,,,,,,,,,,,,,,,,,,,,,,,,,,,,,,,,,,,,,,,,,,,,,,,,,,,,,,,,,,,,,,,,,,,,,,,,,,,,,,,,,,,,,,,,,,,,,,,,,,,,,,,,,,,,,,,,,,,,,,,,,,,,,,,,,,,,,,,,,,,,,,,,,,,,,,,,,,,,,,,,,,,,,,,,,,,,,,,,,,,,,,,,,,,,,,,,,,,,,,,,,,,,,,,,,,,,,,,,,,,,,,,,,,,,,,,,,,,,,,,,,,,,,,,,,,,,,,,,,,,,,,,,,,,,,
,1599,163227995,2462,163225533,3000,58256310,886,58255424,1138,104971685,1576,104970109,1870,418428060172288,7034916352,418421025255936,8198226944,384627127814144,7028301824,384620099512320,8190906368,33800932358144,6614528,33800925743616,25021440,418428060172288,7034916352,418421025255936,8198226944,384627127814144,7028301824,384620099512320,8190906368,33800932358144,6614528,33800925743616,25021440,163227995,2462,163225533,3000,58256310,886,58255424,1138,104971685,1576,104970109,1870,101699674,152,101699522,256,35367964,101,35367863,161,66331710,51,66331659,122,411983112414208,256881152,411982855533056,1441801216,377359654572032,250912768,377359403659264,1429037056,34623457842176,5968384,34623451873792,19589632,-1,0,357,0,0,2,0,0,0,0,0,0,0,0,414656425577859,7021258836,414649404319023,8176189920,380867052931072,7014793216,380860038137856,8169017344,33789372646787,6465620,33789366181167,24870008,8684306432,8684306432,0,8684306432,8652849152,8652849152,0,8652849152,31457280,31457280,0,31457280,357,357,0,357,342,342,0,342,15,15,0,15,,,,,,,,,,,,,,,,,,,,,,,,,,,,,,,,,,,,,,,,,,,,,,,,,,,,,,,,,,,,,,,,,,,,,,,,,,,,,,,,,,,,,,,,,,,,,,,,,,,,,,,,,,,,,,,,,,,,,,,,,,,,,,,,,,,,,,,,,,,,,,,,,,,,,,,,,,,,,,
,1599,,,,,,,,,,,,,,,,,,,,,,,,,,,,,,,,,,,,,,,,,,,,,,,,,,,,,,,,,,,,,,,,,,,,,,,,,,,,,,,,,,,,,,,,,,,,,,,,,,,,,,,,,,,,,,,,,,,,,,,,,,,163240317,2466,163237851,3000,58260393,886,58259507,1138,104979924,1580,104978344,1870,418456038576640,7034918400,418449003658240,8198226944,384651985999872,7028301824,384644957698048,8190906368,33804052576768,6616576,33804045960192,25021440,418456038576640,7034918400,418449003658240,8198226944,384651985999872,7028301824,384644957698048,8190906368,33804052576768,6616576,33804045960192,25021440,163240317,2466,163237851,3000,58260393,886,58259507,1138,104979924,1580,104978344,1870,101707628,152,101707476,256,35370447,101,35370346,161,66337181,51,66337130,122,412012886664704,256879104,412012629785600,1441801216,377386263773184,250912768,377386012860416,1429037056,34626622891520,5966336,34626616925184,19589632,-1,0,357,0,0,2,0,0,0,0,0,0,0,0,414683956616173,7021258912,414676935357261,8176189920,380891464469248,7014793216,380884449676032,8169017344,33792492146925,6465696,33792485681229,24870008,8684306432,8684306432,0,8684306432,8652849152,8652849152,0,8652849152,31457280,31457280,0,31457280,357,357,0,357,342,342,0,342,15,15,0,15,,,,,,,,,,,,,,,,,,,,,,,,,,,,,,,,,,,,
1.1487076200067136e-06,1599,,,,,,,,,,,,,,,,,,,,,,,,,,,,,,,,,,,,,,,,,,,,,,,,,,,,,,,,,,,,,,,,,,,,,,,,,,,,,,,,,,,,,,,,,,,,,,,,,,,,,,,,,,,,,,,,,,,,,,,,,,,,,,,,,,,,,,,,,,,,,,,,,,,,,,,,,,,,,,,,,,,,,,,,,,,,,,,,,,,,,,,,,,,,,,,,,,,,,,,,,,,,,,,,,,,,,,,,,,,,,,,,,,,,,,,,,,,,,,,,,,,,,,,,,,,,,,,,,,,,,,,,,,,,,,,,,,,,,,,,
,1599,163240330,2462,163237868,3000,58260393,886,58259507,1138,104979937,1576,104978361,1870,418456038592512,7034917888,418449003674624,8198226944,384651985999872,7028301824,384644957698048,8190906368,33804052592640,6616064,33804045976576,25021440,418456038592512,7034917888,418449003674624,8198226944,384651985999872,7028301824,384644957698048,8190906368,33804052592640,6616064,33804045976576,25021440,163240330,2462,163237868,3000,58260393,886,58259507,1138,104979937,1576,104978361,1870,101707639,149,101707490,256,35370447,101,35370346,161,66337192,48,66337144,122,412012886681088,256879616,412012629801472,1441801216,377386263773184,250912768,377386012860416,1429037056,34626622907904,5966848,34626616941056,19589632,-1,0,357,0,0,2,0,0,0,0,0,0,0,0,414683956626129,7021260384,414676935365745,8176189920,380891464469248,7014793216,380884449676032,8169017344,33792492156881,6467168,33792485689713,24870008,8684306432,8684306432,0,8684306432,8652849152,8652849152,0,8652849152,31457280,31457280,0,31457280,357,357,0,357,342,342,0,342,15,15,0,15,,,,,,,,,,,,,,,,,,,,,,,,,,,,,,,,,,,,,,,,,,,,,,,,,,,,,,,,,,,,,,,,,,,,,,,,,,,,,,,,,,,,,,,,,,,,,,,,,,,,,,,,,,,,,,,,,,,,,,,,,,,,,,,,,,,,,,,,,,,,,,,,,,,,,,,,,,,,,,
,1599,,,,,,,,,,,,,,,,,,,,,,,,,,,,,,,,,,,,,,,,,,,,,,,,,,,,,,,,,,,,,,,,,,,,,,,,,,,,,,,,,,,,,,,,,,,,,,,,,,,,,,,,,,,,,,,,,,,,,,,,,,,163252701,2466,163250235,3000,58264380,886,58263494,1138,104988321,1580,104986741,1870,418483287245312,7034919936,418476252325376,8198226944,384676394526720,7028301824,384669366224896,8190906368,33806892718592,6618112,33806886100480,25021440,418483287245312,7034919936,418476252325376,8198226944,384676394526720,7028301824,384669366224896,8190906368,33806892718592,6618112,33806886100480,25021440,163252701,2466,163250235,3000,58264380,886,58263494,1138,104988321,1580,104986741,1870,101715244,153,101715091,256,35372820,101,35372719,161,66342424,52,66342372,122,412041811963904,256877568,412041555086336,1441801216,377412269502464,250912768,377412018589696,1429037056,34629542461440,5964800,34629536496640,19589632,-1,0,357,0,0,2,0,0,0,0,0,0,0,0,414710750494694,7021260340,414703729234354,8176189920,380915419119104,7014793216,380908404325888,8169017344,33795331375590,6467124,33795324908466,24870008,8684306432,8684306432,0,8684306432,8652849152,8652849152,0,8652849152,31457280,31457280,0,31457280,357,357,0,357,342,342,0,342,15,15,0,15,,,,,,,,,,,,,,,,,,,,,,,,,,,,,,,,,,,,
1.1487076200067136e-06,1599,,,,,,,,,,,,,,,,,,,,,,,,,,,,,,,,,,,,,,,,,,,,,,,,,,,,,,,,,,,,,,,,,,,,,,,,,,,,,,,,,,,,,,,,,,,,,,,,,,,,,,,,,,,,,,,,,,,,,,,,,,,,,,,,,,,,,,,,,,,,,,,,,,,,,,,,,,,,,,,,,,,,,,,,,,,,,,,,,,,,,,,,,,,,,,,,,,,,,,,,,,,,,,,,,,,,,,,,,,,,,,,,,,,,,,,,,,,,,,,,,,,,,,,,,,,,,,,,,,,,,,,,,,,,,,,,,,,,,,,,
,1599,163252714,2462,163250252,3000,58264380,886,58263494,1138,104988334,1576,104986758,1870,418483287262720,7034919424,418476252343296,8198226944,384676394526720,7028301824,384669366224896,8190906368,33806892736000,6617600,33806886118400,25021440,418483287262720,7034919424,418476252343296,8198226944,384676394526720,7028301824,384669366224896,8190906368,33806892736000,6617600,33806886118400,25021440,163252714,2462,163250252,3000,58264380,886,58263494,1138,104988334,1576,104986758,1870,101715256,152,101715104,256,35372820,101,35372719,161,66342436,51,66342385,122,412041811981824,256878080,412041555103744,1441801216,377412269502464,250912768,377412018589696,1429037056,34629542479360,5965312,34629536514048,19589632,-1,0,357,0,0,2,0,0,0,0,0,0,0,0,414710750507194,7021262868,414703729244326,8176189920,380915419119104,7014793216,380908404325888,8169017344,33795331388090,6469652,33795324918438,24870008,8684306432,8684306432,0,8684306432,8652849152,8652849152,0,8652849152,31457280,31457280,0,31457280,357,357,0,357,342,342,0,342,15,15,0,15,,,,,,,,,,,,,,,,,,,,,,,,,,,,,,,,,,,,,,,,,,,,,,,,,,,,,,,,,,,,,,,,,,,,,,,,,,,,,,,,,,,,,,,,,,,,,,,,,,,,,,,,,,,,,,,,,,,,,,,,,,,,,,,,,,,,,,,,,,,,,,,,,,,,,,,,,,,,,,
,1599,,,,,,,,,,,,,,,,,,,,,,,,,,,,,,,,,,,,,,,,,,,,,,,,,,,,,,,,,,,,,,,,,,,,,,,,,,,,,,,,,,,,,,,,,,,,,,,,,,,,,,,,,,,,,,,,,,,,,,,,,,,163265085,2466,163262619,3000,58268367,886,58267481,1138,104996718,1580,104995138,1870,418510742605312,7034921472,418503707683840,8198226944,384700915636224,7028301824,384693887334400,8190906368,33809826969088,6619648,33809820349440,25021440,418510742605312,7034921472,418503707683840,8198226944,384700915636224,7028301824,384693887334400,8190906368,33809826969088,6619648,33809820349440,25021440,163265085,2466,163262619,3000,58268367,886,58267481,1138,104996718,1580,104995138,1870,101723444,157,101723287,256,35375271,101,35375170,161,66348173,56,66348117,122,412070924588544,256876032,412070667712512,1441801216,377438372380672,250912768,377438121467904,1429037056,34632552207872,5963264,34632546244608,19589632,-1,0,357,0,0,2,0,0,0,0,0,0,0,0,414737699580044,7021262884,414730678317160,8176189920,380939434819840,7014793216,380932420026624,8169017344,33798264760204,6469668,33798258290536,24870008,8684306432,8684306432,0,8684306432,8652849152,8652849152,0,8652849152,31457280,31457280,0,31457280,357,357,0,357,342,342,0,342,15,15,0,15,,,,,,,,,,,,,,,,,,,,,,,,,,,,,,,,,,,,
1.1487076200067136e-06,1599,,,,,,,,,,,,,,,,,,,,,,,,,,,,,,,,,,,,,,,,,,,,,,,,,,,,,,,,,,,,,,,,,,,,,,,,,,,,,,,,,,,,,,,,,,,,,,,,,,,,,,,,,,,,,,,,,,,,,,,,,,,,,,,,,,,,,,,,,,,,,,,,,,,,,,,,,,,,,,,,,,,,,,,,,,,,,,,,,,,,,,,,,,,,,,,,,,,,,,,,,,,,,,,,,,,,,,,,,,,,,,,,,,,,,,,,,,,,,,,,,,,,,,,,,,,,,,,,,,,,,,,,,,,,,,,,,,,,,,,,
,1599,163265098,2462,163262636,3000,58268367,886,58267481,1138,104996731,1576,104995155,1870,418510742621184,7034917888,418503707703296,8198226944,384700915636224,7028301824,384693887334400,8190906368,33809826984960,6616064,33809820368896,25021440,418510742621184,7034917888,418503707703296,8198226944,384700915636224,7028301824,384693887334400,8190906368,33809826984960,6616064,33809820368896,25021440,163265098,2462,163262636,3000,58268367,886,58267481,1138,104996731,1576,104995155,1870,101723454,155,101723299,256,35375271,101,35375170,161,66348183,54,66348129,122,412070924608000,256879616,412070667728384,1441801216,377438372380672,250912768,377438121467904,1429037056,34632552227328,5966848,34632546260480,19589632,-1,0,357,0,0,2,0,0,0,0,0,0,0,0,414737699590864,7021261188,414730678329676,8176189920,380939434819840,7014793216,380932420026624,8169017344,33798264771024,6467972,33798258303052,24870008,8684306432,8684306432,0,8684306432,8652849152,8652849152,0,8652849152,31457280,31457280,0,31457280,357,357,0,357,342,342,0,342,15,15,0,15,,,,,,,,,,,,,,,,,,,,,,,,,,,,,,,,,,,,,,,,,,,,,,,,,,,,,,,,,,,,,,,,,,,,,,,,,,,,,,,,,,,,,,,,,,,,,,,,,,,,,,,,,,,,,,,,,,,,,,,,,,,,,,,,,,,,,,,,,,,,,,,,,,,,,,,,,,,,,,
,1599,,,,,,,,,,,,,,,,,,,,,,,,,,,,,,,,,,,,,,,,,,,,,,,,,,,,,,,,,,,,,,,,,,,,,,,,,,,,,,,,,,,,,,,,,,,,,,,,,,,,,,,,,,,,,,,,,,,,,,,,,,,163278018,2466,163275552,3000,58272671,886,58271785,1138,105005347,1580,105003767,1870,418540359728640,7034919936,418533324808704,8198226944,384727460587520,7028301824,384720432285696,8190906368,33812899141120,6618112,33812892523008,25021440,418540359728640,7034919936,418533324808704,8198226944,384727460587520,7028301824,384720432285696,8190906368,33812899141120,6618112,33812892523008,25021440,163278018,2466,163275552,3000,58272671,886,58271785,1138,105005347,1580,105003767,1870,101731192,154,101731038,256,35377753,101,35377652,161,66353439,53,66353386,122,412102172675072,256877568,412101915797504,1441801216,377466492063744,250912768,377466241150976,1429037056,34635680611328,5964800,34635674646528,19589632,-1,0,357,0,0,2,0,0,0,0,0,0,0,0,414766881989973,7021261204,414759860728769,8176189920,380965545837568,7014793216,380958531044352,8169017344,33801336152405,6467988,33801329684417,24870008,8684306432,8684306432,0,8684306432,8652849152,8652849152,0,8652849152,31457280,31457280,0,31457280,357,357,0,357,342,342,0,342,15,15,0,15,,,,,,,,,,,,,,,,,,,,,,,,,,,,,,,,,,,,
,1599,,,,,,,,,,,,,,,,,,,,,,,,,,,,,,,,,,,,,,,,,,,,,,,,,,,,,,,,,,,,,,,,,,,,,,,,,,,,,,,,,,,,,,,,,,,,,,,,,,,,,,,,,,,,,,,,,,,,,,,,,,,,,,,,,,,,,,,,,,,,,,,,,,,,,,,,,,,,,,,,,,,,,,,,,,,,,,,,,,,,,,,,,,,,,,,,,,,,,,,,,,,,,,,,,,,,,,,,,,,,,,,,,,,,,,,,,,,,,,,,,,,,,0.00020051002502441406,0.003628987120464444,0.054635316133499146,2,,,,,,,,,,,,,,,,,,,,,,,,,,,,,,,,
1.1151393084927828e-06,1649,,,,,,,,,,,,,,,,,,,,,,,,,,,,,,,,,,,,,,,,,,,,,,,,,,,,,,,,,,,,,,,,,,,,,,,,,,,,,,,,,,,,,,,,,,,,,,,,,,,,,,,,,,,,,,,,,,,,,,,,,,,,,,,,,,,,,,,,,,,,,,,,,,,,,,,,,,,,,,,,,,,,,,,,,,,,,,,,,,,,,,,,,,,,,,,,,,,,,,,,,,,,,,,,,,,,,,,,,,,,,,,,,,,,,,,,,,,,,,,,,,,,,,,,,,,,,,,,,,,,,,,,,,,,,,,,,,,,,,,,
,1649,168180780,2462,168178318,3000,60007855,886,60006969,1138,108172925,1576,108171349,1870,430913758453760,7036752896,430906721700864,8198226944,396065350663168,7030136832,396058320526336,8190906368,34848407790592,6616064,34848401174528,25021440,430913758453760,7036752896,430906721700864,8198226944,396065350663168,7030136832,396058320526336,8190906368,34848407790592,6616064,34848401174528,25021440,168180780,2462,168178318,3000,60007855,886,60006969,1138,108172925,1576,108171349,1870,104748626,150,104748476,256,36431726,101,36431625,161,68316900,49,68316851,122,424474006922240,225684480,424473781237760,1441801216,388782092968960,213426176,388781879542784,1429037056,35691913953280,12258304,35691901694976,19589632,-1,0,357,0,0,2,0,0,0,0,0,0,0,0,427023651671973,7021260972,427016630411001,8176189920,392187149778944,7014793216,392180134985728,8169017344,34836501893029,6467756,34836495425273,24870008,8684306432,8684306432,0,8684306432,8652849152,8652849152,0,8652849152,31457280,31457280,0,31457280,357,357,0,357,342,342,0,342,15,15,0,15,,,,,,,,,,,,,,,,,,,,,,,,,,,,,,,,,,,,,,,,,,,,,,,,,,,,,,,,,,,,,,,,,,,,,,,,,,,,,,,,,,,,,,,,,,,,,,,,,,,,,,,,,,,,,,,,,,,,,,,,,,,,,,,,,,,,,,,,,,,,,,,,,,,,,,,,,,,,,,
,1649,,,,,,,,,,,,,,,,,,,,,,,,,,,,,,,,,,,,,,,,,,,,,,,,,,,,,,,,,,,,,,,,,,,,,,,,,,,,,,,,,,,,,,,,,,,,,,,,,,,,,,,,,,,,,,,,,,,,,,,,,,,168193102,2466,168190636,3000,60011842,886,60010956,1138,108181260,1580,108179680,1870,430940979024896,7034149888,430933944875008,8198226944,396089637325824,7027531776,396082609794048,8190906368,34851341699072,6618112,34851335080960,25021440,430940979024896,7034149888,430933944875008,8198226944,396089637325824,7027531776,396082609794048,8190906368,34851341699072,6618112,34851335080960,25021440,168193102,2466,168190636,3000,60011842,886,60010956,1138,108181260,1580,108179680,1870,104756102,143,104755959,256,36434044,106,36433938,161,68322058,37,68322021,122,424500707223552,295396352,424500411827200,1441801216,388805796475904,287334400,388805509141504,1429037056,35694910747648,8061952,35694902685696,19589632,-1,0,357,0,0,2,0,0,0,0,0,0,0,0,427050598927402,7021261048,427043577666354,8176189920,392211163964160,7014793216,392204149170944,8169017344,34839434963242,6467832,34839428495410,24870008,8684306432,8684306432,0,8684306432,8652849152,8652849152,0,8652849152,31457280,31457280,0,31457280,357,357,0,357,342,342,0,342,15,15,0,15,,,,,,,,,,,,,,,,,,,,,,,,,,,,,,,,,,,,
1.1151393084927828e-06,1649,,,,,,,,,,,,,,,,,,,,,,,,,,,,,,,,,,,,,,,,,,,,,,,,,,,,,,,,,,,,,,,,,,,,,,,,,,,,,,,,,,,,,,,,,,,,,,,,,,,,,,,,,,,,,,,,,,,,,,,,,,,,,,,,,,,,,,,,,,,,,,,,,,,,,,,,,,,,,,,,,,,,,,,,,,,,,,,,,,,,,,,,,,,,,,,,,,,,,,,,,,,,,,,,,,,,,,,,,,,,,,,,,,,,,,,,,,,,,,,,,,,,,,,,,,,,,,,,,,,,,,,,,,,,,,,,,,,,,,,,
,1649,168193115,2462,168190653,3000,60011842,886,60010956,1138,108181273,1576,108179697,1870,430940979037696,7034144768,430933944892928,8198226944,396089637325824,7027531776,396082609794048,8190906368,34851341711872,6612992,34851335098880,25021440,430940979037696,7034144768,430933944892928,8198226944,396089637325824,7027531776,396082609794048,8190906368,34851341711872,6612992,34851335098880,25021440,168193115,2462,168190653,3000,60011842,886,60010956,1138,108181273,1576,108179697,1870,104756115,144,104755971,256,36434044,106,36433938,161,68322071,38,68322033,122,424500707241472,295401472,424500411840000,1441801216,388805796475904,287334400,388805509141504,1429037056,35694910765568,8067072,35694902698496,19589632,-1,0,357,0,0,2,0,0,0,0,0,0,0,0,427050598934934,7021257960,427043577676974,8176189920,392211163964160,7014793216,392204149170944,8169017344,34839434970774,6464744,34839428506030,24870008,8684306432,8684306432,0,8684306432,8652849152,8652849152,0,8652849152,31457280,31457280,0,31457280,357,357,0,357,342,342,0,342,15,15,0,15,,,,,,,,,,,,,,,,,,,,,,,,,,,,,,,,,,,,,,,,,,,,,,,,,,,,,,,,,,,,,,,,,,,,,,,,,,,,,,,,,,,,,,,,,,,,,,,,,,,,,,,,,,,,,,,,,,,,,,,,,,,,,,,,,,,,,,,,,,,,,,,,,,,,,,,,,,,,,,
,1649,,,,,,,,,,,,,,,,,,,,,,,,,,,,,,,,,,,,,,,,,,,,,,,,,,,,,,,,,,,,,,,,,,,,,,,,,,,,,,,,,,,,,,,,,,,,,,,,,,,,,,,,,,,,,,,,,,,,,,,,,,,168205486,2466,168203020,3000,60015829,886,60014943,1138,108189657,1580,108188077,1870,430967778269184,7034146816,430960744122368,8198226944,396113627970560,7027531776,396106600438784,8190906368,34854150298624,6615040,34854143683584,25021440,430967778269184,7034146816,430960744122368,8198226944,396113627970560,7027531776,396106600438784,8190906368,34854150298624,6615040,34854143683584,25021440,168205486,2466,168203020,3000,60015829,886,60014943,1138,108189657,1580,108188077,1870,104763495,145,104763350,256,36436105,106,36435999,161,68327390,39,68327351,122,424528701732864,295399424,424528406333440,1441801216,388830963508224,287334400,388830676173824,1429037056,35697738224640,8065024,35697730159616,19589632,-1,0,357,0,0,2,0,0,0,0,0,0,0,0,427077339602143,7021257916,427070318344227,8176189920,392235096966656,7014793216,392228082173440,8169017344,34842242635487,6464700,34842236170787,24870008,8684306432,8684306432,0,8684306432,8652849152,8652849152,0,8652849152,31457280,31457280,0,31457280,357,357,0,357,342,342,0,342,15,15,0,15,,,,,,,,,,,,,,,,,,,,,,,,,,,,,,,,,,,,
1.1151393084927828e-06,1649,,,,,,,,,,,,,,,,,,,,,,,,,,,,,,,,,,,,,,,,,,,,,,,,,,,,,,,,,,,,,,,,,,,,,,,,,,,,,,,,,,,,,,,,,,,,,,,,,,,,,,,,,,,,,,,,,,,,,,,,,,,,,,,,,,,,,,,,,,,,,,,,,,,,,,,,,,,,,,,,,,,,,,,,,,,,,,,,,,,,,,,,,,,,,,,,,,,,,,,,,,,,,,,,,,,,,,,,,,,,,,,,,,,,,,,,,,,,,,,,,,,,,,,,,,,,,,,,,,,,,,,,,,,,,,,,,,,,,,,,
,1649,168205499,2462,168203037,3000,60015829,886,60014943,1138,108189670,1576,108188094,1870,430967778288128,7034150912,430960744137216,8198226944,396113627970560,7027531776,396106600438784,8190906368,34854150317568,6619136,34854143698432,25021440,430967778288128,7034150912,430960744137216,8198226944,396113627970560,7027531776,396106600438784,8190906368,34854150317568,6619136,34854143698432,25021440,168205499,2462,168203037,3000,60015829,886,60014943,1138,108189670,1576,108188094,1870,104763507,146,104763361,256,36436105,106,36435999,161,68327402,40,68327362,122,424528701747712,295395328,424528406352384,1441801216,388830963508224,287334400,388830676173824,1429037056,35697738239488,8060928,35697730178560,19589632,-1,0,357,0,0,2,0,0,0,0,0,0,0,0,427077339614955,7021263180,427070318351775,8176189920,392235096966656,7014793216,392228082173440,8169017344,34842242648299,6469964,34842236178335,24870008,8684306432,8684306432,0,8684306432,8652849152,8652849152,0,8652849152,31457280,31457280,0,31457280,357,357,0,357,342,342,0,342,15,15,0,15,,,,,,,,,,,,,,,,,,,,,,,,,,,,,,,,,,,,,,,,,,,,,,,,,,,,,,,,,,,,,,,,,,,,,,,,,,,,,,,,,,,,,,,,,,,,,,,,,,,,,,,,,,,,,,,,,,,,,,,,,,,,,,,,,,,,,,,,,,,,,,,,,,,,,,,,,,,,,,
,1649,,,,,,,,,,,,,,,,,,,,,,,,,,,,,,,,,,,,,,,,,,,,,,,,,,,,,,,,,,,,,,,,,,,,,,,,,,,,,,,,,,,,,,,,,,,,,,,,,,,,,,,,,,,,,,,,,,,,,,,,,,,168218422,2466,168215956,3000,60022120,886,60021234,1138,108196302,1580,108194722,1870,431021598265856,7034152960,431014564112896,8198226944,396166209125376,7027531776,396159181593600,8190906368,34855389140480,6621184,34855382519296,25021440,431021598265856,7034152960,431014564112896,8198226944,396166209125376,7027531776,396159181593600,8190906368,34855389140480,6621184,34855382519296,25021440,168218422,2466,168215956,3000,60022120,886,60021234,1138,108196302,1580,108194722,1870,104771452,149,104771303,256,36440404,106,36440298,161,68331048,43,68331005,122,424569915734528,295393280,424569620341248,1441801216,388870938674176,287334400,388870651339776,1429037056,35698977060352,8058880,35698969001472,19589632,-1,0,357,0,0,2,0,0,0,0,0,0,0,0,427130969675560,7021263196,427123948412364,8176189920,392287489190144,7014793216,392280474396928,8169017344,34843480485416,6469980,34843474015436,24870008,8684306432,8684306432,0,8684306432,8652849152,8652849152,0,8652849152,31457280,31457280,0,31457280,357,357,0,357,342,342,0,342,15,15,0,15,,,,,,,,,,,,,,,,,,,,,,,,,,,,,,,,,,,,
1.1151393084927828e-06,1649,,,,,,,,,,,,,,,,,,,,,,,,,,,,,,,,,,,,,,,,,,,,,,,,,,,,,,,,,,,,,,,,,,,,,,,,,,,,,,,,,,,,,,,,,,,,,,,,,,,,,,,,,,,,,,,,,,,,,,,,,,,,,,,,,,,,,,,,,,,,,,,,,,,,,,,,,,,,,,,,,,,,,,,,,,,,,,,,,,,,,,,,,,,,,,,,,,,,,,,,,,,,,,,,,,,,,,,,,,,,,,,,,,,,,,,,,,,,,,,,,,,,,,,,,,,,,,,,,,,,,,,,,,,,,,,,,,,,,,,,
,1649,168218435,2462,168215973,3000,60022120,886,60021234,1138,108196315,1576,108194739,1870,431021598278656,7034144768,431014564133888,8198226944,396166209125376,7027531776,396159181593600,8190906368,34855389153280,6612992,34855382540288,25021440,431021598278656,7034144768,431014564133888,8198226944,396166209125376,7027531776,396159181593600,8190906368,34855389153280,6612992,34855382540288,25021440,168218435,2462,168215973,3000,60022120,886,60021234,1138,108196315,1576,108194739,1870,104771462,144,104771318,256,36440404,106,36440298,161,68331058,38,68331020,122,424569915755520,295401472,424569620354048,1441801216,388870938674176,287334400,388870651339776,1429037056,35698977081344,8067072,35698969014272,19589632,-1,0,357,0,0,2,0,0,0,0,0,0,0,0,427130969682468,7021257276,427123948425192,8176189920,392287489190144,7014793216,392280474396928,8169017344,34843480492324,6464060,34843474028264,24870008,8684306432,8684306432,0,8684306432,8652849152,8652849152,0,8652849152,31457280,31457280,0,31457280,357,357,0,357,342,342,0,342,15,15,0,15,,,,,,,,,,,,,,,,,,,,,,,,,,,,,,,,,,,,,,,,,,,,,,,,,,,,,,,,,,,,,,,,,,,,,,,,,,,,,,,,,,,,,,,,,,,,,,,,,,,,,,,,,,,,,,,,,,,,,,,,,,,,,,,,,,,,,,,,,,,,,,,,,,,,,,,,,,,,,,
,1649,,,,,,,,,,,,,,,,,,,,,,,,,,,,,,,,,,,,,,,,,,,,,,,,,,,,,,,,,,,,,,,,,,,,,,,,,,,,,,,,,,,,,,,,,,,,,,,,,,,,,,,,,,,,,,,,,,,,,,,,,,,168230757,2466,168228291,3000,60026203,886,60025317,1138,108204554,1580,108202974,1870,431048731638784,7034146816,431041697491968,8198226944,396190484597760,7027531776,396183457065984,8190906368,34858247041024,6615040,34858240425984,25021440,431048731638784,7034146816,431041697491968,8198226944,396190484597760,7027531776,396183457065984,8190906368,34858247041024,6615040,34858240425984,25021440,168230757,2466,168228291,3000,60026203,886,60025317,1138,108204554,1580,108202974,1870,104778986,147,104778839,256,36442645,106,36442539,161,68336341,41,68336300,122,424598292888576,295399424,424597997489152,1441801216,388896363549696,287334400,388896076215296,1429037056,35701929338880,8065024,35701921273856,19589632,-1,0,357,0,0,2,0,0,0,0,0,0,0,0,427157964445396,7021257352,427150943188044,8176189920,392311626939392,7014793216,392304612146176,8169017344,34846337506004,6464136,34846331041868,24870008,8684306432,8684306432,0,8684306432,8652849152,8652849152,0,8652849152,31457280,31457280,0,31457280,357,357,0,357,342,342,0,342,15,15,0,15,,,,,,,,,,,,,,,,,,,,,,,,,,,,,,,,,,,,
1.1151393084927828e-06,1649,,,,,,,,,,,,,,,,,,,,,,,,,,,,,,,,,,,,,,,,,,,,,,,,,,,,,,,,,,,,,,,,,,,,,,,,,,,,,,,,,,,,,,,,,,,,,,,,,,,,,,,,,,,,,,,,,,,,,,,,,,,,,,,,,,,,,,,,,,,,,,,,,,,,,,,,,,,,,,,,,,,,,,,,,,,,,,,,,,,,,,,,,,,,,,,,,,,,,,,,,,,,,,,,,,,,,,,,,,,,,,,,,,,,,,,,,,,,,,,,,,,,,,,,,,,,,,,,,,,,,,,,,,,,,,,,,,,,,,,,
,1649,168230770,2462,168228308,3000,60026203,886,60025317,1138,108204567,1576,108202991,1870,431048731651584,7034144768,431041697506816,8198226944,396190484597760,7027531776,396183457065984,8190906368,34858247053824,6612992,34858240440832,25021440,431048731651584,7034144768,431041697506816,8198226944,396190484597760,7027531776,396183457065984,8190906368,34858247053824,6612992,34858240440832,25021440,168230770,2462,168228308,3000,60026203,886,60025317,1138,108204567,1576,108202991,1870,104778998,147,104778851,256,36442645,106,36442539,161,68336353,41,68336312,122,424598292903424,295401472,424597997501952,1441801216,388896363549696,287334400,388896076215296,1429037056,35701929353728,8067072,35701921286656,19589632,-1,0,357,0,0,2,0,0,0,0,0,0,0,0,427157964453048,7021258080,427150943194968,8176189920,392311626939392,7014793216,392304612146176,8169017344,34846337513656,6464864,34846331048792,24870008,8684306432,8684306432,0,8684306432,8652849152,8652849152,0,8652849152,31457280,31457280,0,31457280,357,357,0,357,342,342,0,342,15,15,0,15,,,,,,,,,,,,,,,,,,,,,,,,,,,,,,,,,,,,,,,,,,,,,,,,,,,,,,,,,,,,,,,,,,,,,,,,,,,,,,,,,,,,,,,,,,,,,,,,,,,,,,,,,,,,,,,,,,,,,,,,,,,,,,,,,,,,,,,,,,,,,,,,,,,,,,,,,,,,,,
,1649,,,,,,,,,,,,,,,,,,,,,,,,,,,,,,,,,,,,,,,,,,,,,,,,,,,,,,,,,,,,,,,,,,,,,,,,,,,,,,,,,,,,,,,,,,,,,,,,,,,,,,,,,,,,,,,,,,,,,,,,,,,168243092,2466,168240626,3000,60030190,886,60029304,1138,108212902,1580,108211322,1870,431075654574592,7034146816,431068620427776,8198226944,396214520675328,7027531776,396207493143552,8190906368,34861133899264,6615040,34861127284224,25021440,431075654574592,7034146816,431068620427776,8198226944,396214520675328,7027531776,396207493143552,8190906368,34861133899264,6615040,34861127284224,25021440,168243092,2466,168240626,3000,60030190,886,60029304,1138,108212902,1580,108211322,1870,104786390,148,104786242,256,36444711,106,36444605,161,68341679,42,68341637,122,424626439995904,295399424,424626144596480,1441801216,388921566389248,287334400,388921279054848,1429037056,35704873606656,8065024,35704865541632,19589632,-1,0,357,0,0,2,0,0,0,0,0,0,0,0,427184832633460,7021258096,427177811375364,8176189920,392335609134848,7014793216,392328594341632,8169017344,34849223498612,6464880,34849217033732,24870008,8684306432,8684306432,0,8684306432,8652849152,8652849152,0,8652849152,31457280,31457280,0,31457280,357,357,0,357,342,342,0,342,15,15,0,15,,,,,,,,,,,,,,,,,,,,,,,,,,,,,,,,,,,,
1.1151393084927828e-06,1649,,,,,,,,,,,,,,,,,,,,,,,,,,,,,,,,,,,,,,,,,,,,,,,,,,,,,,,,,,,,,,,,,,,,,,,,,,,,,,,,,,,,,,,,,,,,,,,,,,,,,,,,,,,,,,,,,,,,,,,,,,,,,,,,,,,,,,,,,,,,,,,,,,,,,,,,,,,,,,,,,,,,,,,,,,,,,,,,,,,,,,,,,,,,,,,,,,,,,,,,,,,,,,,,,,,,,,,,,,,,,,,,,,,,,,,,,,,,,,,,,,,,,,,,,,,,,,,,,,,,,,,,,,,,,,,,,,,,,,,,
,1649,168243105,2462,168240643,3000,60030190,886,60029304,1138,108212915,1576,108211339,1870,431075654588928,7034146304,431068620442624,8198226944,396214520675328,7027531776,396207493143552,8190906368,34861133913600,6614528,34861127299072,25021440,431075654588928,7034146304,431068620442624,8198226944,396214520675328,7027531776,396207493143552,8190906368,34861133913600,6614528,34861127299072,25021440,168243105,2462,168240643,3000,60030190,886,60029304,1138,108212915,1576,108211339,1870,104786401,146,104786255,256,36444711,106,36444605,161,68341690,40,68341650,122,424626440010752,295399936,424626144610816,1441801216,388921566389248,287334400,388921279054848,1429037056,35704873621504,8065536,35704865555968,19589632,-1,0,357,0,0,2,0,0,0,0,0,0,0,0,427184832642816,7021259784,427177811383032,8176189920,392335609134848,7014793216,392328594341632,8169017344,34849223507968,6466568,34849217041400,24870008,8684306432,8684306432,0,8684306432,8652849152,8652849152,0,8652849152,31457280,31457280,0,31457280,357,357,0,357,342,342,0,342,15,15,0,15,,,,,,,,,,,,,,,,,,,,,,,,,,,,,,,,,,,,,,,,,,,,,,,,,,,,,,,,,,,,,,,,,,,,,,,,,,,,,,,,,,,,,,,,,,,,,,,,,,,,,,,,,,,,,,,,,,,,,,,,,,,,,,,,,,,,,,,,,,,,,,,,,,,,,,,,,,,,,,
,1649,,,,,,,,,,,,,,,,,,,,,,,,,,,,,,,,,,,,,,,,,,,,,,,,,,,,,,,,,,,,,,,,,,,,,,,,,,,,,,,,,,,,,,,,,,,,,,,,,,,,,,,,,,,,,,,,,,,,,,,,,,,168255476,2466,168253010,3000,60034177,886,60033291,1138,108221299,1580,108219719,1870,431102555642368,7034148352,431095521494016,8198226944,396238550412288,7027531776,396231522880512,8190906368,34864005230080,6616576,34863998613504,25021440,431102555642368,7034148352,431095521494016,8198226944,396238550412288,7027531776,396231522880512,8190906368,34864005230080,6616576,34863998613504,25021440,168255476,2466,168253010,3000,60034177,886,60033291,1138,108221299,1580,108219719,1870,104793656,148,104793508,256,36446777,106,36446671,161,68346879,42,68346837,122,424654569518080,295397888,424654274120192,1441801216,388946764813312,287334400,388946477478912,1429037056,35707804704768,8063488,35707796641280,19589632,-1,0,357,0,0,2,0,0,0,0,0,0,0,0,427211676886912,7021259740,427204655627172,8176189920,392359582953984,7014793216,392352568160768,8169017344,34852093932928,6466524,34852087466404,24870008,8684306432,8684306432,0,8684306432,8652849152,8652849152,0,8652849152,31457280,31457280,0,31457280,357,357,0,357,342,342,0,342,15,15,0,15,,,,,,,,,,,,,,,,,,,,,,,,,,,,,,,,,,,,
1.1151393084927828e-06,1649,,,,,,,,,,,,,,,,,,,,,,,,,,,,,,,,,,,,,,,,,,,,,,,,,,,,,,,,,,,,,,,,,,,,,,,,,,,,,,,,,,,,,,,,,,,,,,,,,,,,,,,,,,,,,,,,,,,,,,,,,,,,,,,,,,,,,,,,,,,,,,,,,,,,,,,,,,,,,,,,,,,,,,,,,,,,,,,,,,,,,,,,,,,,,,,,,,,,,,,,,,,,,,,,,,,,,,,,,,,,,,,,,,,,,,,,,,,,,,,,,,,,,,,,,,,,,,,,,,,,,,,,,,,,,,,,,,,,,,,,
,1649,168255489,2462,168253027,3000,60034177,886,60033291,1138,108221312,1576,108219736,1870,431102555653632,7034143232,431095521510400,8198226944,396238550412288,7027531776,396231522880512,8190906368,34864005241344,6611456,34863998629888,25021440,431102555653632,7034143232,431095521510400,8198226944,396238550412288,7027531776,396231522880512,8190906368,34864005241344,6611456,34863998629888,25021440,168255489,2462,168253027,3000,60034177,886,60033291,1138,108221312,1576,108219736,1870,104793667,145,104793522,256,36446777,106,36446671,161,68346890,39,68346851,122,424654569534464,295403008,424654274131456,1441801216,388946764813312,287334400,388946477478912,1429037056,35707804721152,8068608,35707796652544,19589632,-1,0,357,0,0,2,0,0,0,0,0,0,0,0,427211676892812,7021256268,427204655636544,8176189920,392359582953984,7014793216,392352568160768,8169017344,34852093938828,6463052,34852087475776,24870008,8684306432,8684306432,0,8684306432,8652849152,8652849152,0,8652849152,31457280,31457280,0,31457280,357,357,0,357,342,342,0,342,15,15,0,15,,,,,,,,,,,,,,,,,,,,,,,,,,,,,,,,,,,,,,,,,,,,,,,,,,,,,,,,,,,,,,,,,,,,,,,,,,,,,,,,,,,,,,,,,,,,,,,,,,,,,,,,,,,,,,,,,,,,,,,,,,,,,,,,,,,,,,,,,,,,,,,,,,,,,,,,,,,,,,
,1649,,,,,,,,,,,,,,,,,,,,,,,,,,,,,,,,,,,,,,,,,,,,,,,,,,,,,,,,,,,,,,,,,,,,,,,,,,,,,,,,,,,,,,,,,,,,,,,,,,,,,,,,,,,,,,,,,,,,,,,,,,,168267860,2466,168265394,3000,60038159,886,60037273,1138,108229701,1580,108228121,1870,431129405872640,7034145280,431122371727360,8198226944,396262556023808,7027531776,396255528492032,8190906368,34866849848832,6613504,34866843235328,25021440,431129405872640,7034145280,431122371727360,8198226944,396262556023808,7027531776,396255528492032,8190906368,34866849848832,6613504,34866843235328,25021440,168267860,2466,168265394,3000,60038159,886,60037273,1138,108229701,1580,108228121,1870,104800959,148,104800811,256,36448838,106,36448732,161,68352121,42,68352079,122,424682609590272,295400960,424682314189312,1441801216,388971942962176,287334400,388971655627776,1429037056,35710666628096,8066560,35710658561536,19589632,-1,0,357,0,0,2,0,0,0,0,0,0,0,0,427238467009680,7021256284,427231445753396,8176189920,392383529370880,7014793216,392376514577664,8169017344,34854937638800,6463068,34854931175732,24870008,8684306432,8684306432,0,8684306432,8652849152,8652849152,0,8652849152,31457280,31457280,0,31457280,357,357,0,357,342,342,0,342,15,15,0,15,,,,,,,,,,,,,,,,,,,,,,,,,,,,,,,,,,,,
1.1151393084927828e-06,1649,,,,,,,,,,,,,,,,,,,,,,,,,,,,,,,,,,,,,,,,,,,,,,,,,,,,,,,,,,,,,,,,,,,,,,,,,,,,,,,,,,,,,,,,,,,,,,,,,,,,,,,,,,,,,,,,,,,,,,,,,,,,,,,,,,,,,,,,,,,,,,,,,,,,,,,,,,,,,,,,,,,,,,,,,,,,,,,,,,,,,,,,,,,,,,,,,,,,,,,,,,,,,,,,,,,,,,,,,,,,,,,,,,,,,,,,,,,,,,,,,,,,,,,,,,,,,,,,,,,,,,,,,,,,,,,,,,,,,,,,
,1649,168267873,2462,168265411,3000,60038159,886,60037273,1138,108229714,1576,108228138,1870,431129405886976,7034146304,431122371740672,8198226944,396262556023808,7027531776,396255528492032,8190906368,34866849863168,6614528,34866843248640,25021440,431129405886976,7034146304,431122371740672,8198226944,396262556023808,7027531776,396255528492032,8190906368,34866849863168,6614528,34866843248640,25021440,168267873,2462,168265411,3000,60038159,886,60037273,1138,108229714,1576,108228138,1870,104800973,149,104800824,256,36448838,106,36448732,161,68352135,43,68352092,122,424682609603584,295399936,424682314203648,1441801216,388971942962176,287334400,388971655627776,1429037056,35710666641408,8065536,35710658575872,19589632,-1,0,357,0,0,2,0,0,0,0,0,0,0,0,427238467017716,7021258404,427231445759312,8176189920,392383529370880,7014793216,392376514577664,8169017344,34854937646836,6465188,34854931181648,24870008,8684306432,8684306432,0,8684306432,8652849152,8652849152,0,8652849152,31457280,31457280,0,31457280,357,357,0,357,342,342,0,342,15,15,0,15,,,,,,,,,,,,,,,,,,,,,,,,,,,,,,,,,,,,,,,,,,,,,,,,,,,,,,,,,,,,,,,,,,,,,,,,,,,,,,,,,,,,,,,,,,,,,,,,,,,,,,,,,,,,,,,,,,,,,,,,,,,,,,,,,,,,,,,,,,,,,,,,,,,,,,,,,,,,,,
,1649,,,,,,,,,,,,,,,,,,,,,,,,,,,,,,,,,,,,,,,,,,,,,,,,,,,,,,,,,,,,,,,,,,,,,,,,,,,,,,,,,,,,,,,,,,,,,,,,,,,,,,,,,,,,,,,,,,,,,,,,,,,168280793,2466,168278327,3000,60042463,886,60041577,1138,108238330,1580,108236750,1870,431158351433216,7034148352,431151317284864,8198226944,396288604576768,7027531776,396281577044992,8190906368,34869746856448,6616576,34869740239872,25021440,431158351433216,7034148352,431151317284864,8198226944,396288604576768,7027531776,396281577044992,8190906368,34869746856448,6616576,34869740239872,25021440,168280793,2466,168278327,3000,60042463,886,60041577,1138,108238330,1580,108236750,1870,104808836,148,104808688,256,36451128,106,36451022,161,68357708,42,68357666,122,424712569645056,295397888,424712274247168,1441801216,388998921077760,287334400,388998633743360,1429037056,35713648567296,8063488,35713640503808,19589632,-1,0,357,0,0,2,0,0,0,0,0,0,0,0,427267290229627,7021258420,427260268971207,8176189920,392409456470016,7014793216,392402441676800,8169017344,34857833759611,6465204,34857827294407,24870008,8684306432,8684306432,0,8684306432,8652849152,8652849152,0,8652849152,31457280,31457280,0,31457280,357,357,0,357,342,342,0,342,15,15,0,15,,,,,,,,,,,,,,,,,,,,,,,,,,,,,,,,,,,,
,1649,,,,,,,,,,,,,,,,,,,,,,,,,,,,,,,,,,,,,,,,,,,,,,,,,,,,,,,,,,,,,,,,,,,,,,,,,,,,,,,,,,,,,,,,,,,,,,,,,,,,,,,,,,,,,,,,,,,,,,,,,,,,,,,,,,,,,,,,,,,,,,,,,,,,,,,,,,,,,,,,,,,,,,,,,,,,,,,,,,,,,,,,,,,,,,,,,,,,,,,,,,,,,,,,,,,,,,,,,,,,,,,,,,,,,,,,,,,,,,,,,,,,,0.53076171875,0.0974404588341713,1.9923685789108276,2,,,,,,,,,,,,,,,,,,,,,,,,,,,,,,,,
1.081570996978852e-06,1699,,,,,,,,,,,,,,,,,,,,,,,,,,,,,,,,,,,,,,,,,,,,,,,,,,,,,,,,,,,,,,,,,,,,,,,,,,,,,,,,,,,,,,,,,,,,,,,,,,,,,,,,,,,,,,,,,,,,,,,,,,,,,,,,,,,,,,,,,,,,,,,,,,,,,,,,,,,,,,,,,,,,,,,,,,,,,,,,,,,,,,,,,,,,,,,,,,,,,,,,,,,,,,,,,,,,,,,,,,,,,,,,,,,,,,,,,,,,,,,,,,,,,,,,,,,,,,,,,,,,,,,,,,,,,,,,,,,,,,,,
,1699,173183510,2462,173181048,3000,61782768,886,61781882,1138,111400742,1576,111399166,1870,443481685403648,7035355648,443474650048000,8198226944,407582475796480,7028744192,407575447052288,8190906368,35899209607168,6611456,35899202995712,25021440,443481685403648,7035355648,443474650048000,8198226944,407582475796480,7028744192,407575447052288,8190906368,35899209607168,6611456,35899202995712,25021440,173183510,2462,173181048,3000,61782768,886,61781882,1138,111400742,1576,111399166,1870,107830246,145,107830101,256,37498823,100,37498723,161,70331423,45,70331378,122,437097915773440,220790272,437097694983168,1441801216,400333015115776,214818816,400332800296960,1429037056,36764900657664,5971456,36764894686208,19589632,-1,0,357,0,0,2,0,0,0,0,0,0,0,0,439489026968059,7021255740,439482005712319,8176189920,403602076840960,7014793216,403595062047744,8169017344,35886950127099,6462524,35886943664575,24870008,8684306432,8684306432,0,8684306432,8652849152,8652849152,0,8652849152,31457280,31457280,0,31457280,357,357,0,357,342,342,0,342,15,15,0,15,,,,,,,,,,,,,,,,,,,,,,,,,,,,,,,,,,,,,,,,,,,,,,,,,,,,,,,,,,,,,,,,,,,,,,,,,,,,,,,,,,,,,,,,,,,,,,,,,,,,,,,,,,,,,,,,,,,,,,,,,,,,,,,,,,,,,,,,,,,,,,,,,,,,,,,,,,,,,,
,1699,,,,,,,,,,,,,,,,,,,,,,,,,,,,,,,,,,,,,,,,,,,,,,,,,,,,,,,,,,,,,,,,,,,,,,,,,,,,,,,,,,,,,,,,,,,,,,,,,,,,,,,,,,,,,,,,,,,,,,,,,,,173195880,2466,173193414,3000,61786750,886,61785864,1138,111409130,1580,111407550,1870,443508491280896,7028607488,443501462673408,8198226944,407606515646464,7021993984,407599493652480,8190906368,35901975634432,6613504,35901969020928,25021440,443508491280896,7028607488,443501462673408,8198226944,407606515646464,7021993984,407599493652480,8190906368,35901975634432,6613504,35901969020928,25021440,173195880,2466,173193414,3000,61786750,886,61785864,1138,111409130,1580,111407550,1870,107837900,158,107837742,256,37501146,99,37501047,161,70336754,59,70336695,122,437124576743424,227538432,437124349204992,1441801216,400356859693056,221569024,400356638124032,1429037056,36767717050368,5969408,36767711080960,19589632,-1,0,357,0,0,2,0,0,0,0,0,0,0,0,439515689316305,7021255756,439508668060549,8176189920,403625974105856,7014793216,403618959312640,8169017344,35889715210449,6462540,35889708747909,24870008,8684306432,8684306432,0,8684306432,8652849152,8652849152,0,8652849152,31457280,31457280,0,31457280,357,357,0,357,342,342,0,342,15,15,0,15,,,,,,,,,,,,,,,,,,,,,,,,,,,,,,,,,,,,
1.081570996978852e-06,1699,,,,,,,,,,,,,,,,,,,,,,,,,,,,,,,,,,,,,,,,,,,,,,,,,,,,,,,,,,,,,,,,,,,,,,,,,,,,,,,,,,,,,,,,,,,,,,,,,,,,,,,,,,,,,,,,,,,,,,,,,,,,,,,,,,,,,,,,,,,,,,,,,,,,,,,,,,,,,,,,,,,,,,,,,,,,,,,,,,,,,,,,,,,,,,,,,,,,,,,,,,,,,,,,,,,,,,,,,,,,,,,,,,,,,,,,,,,,,,,,,,,,,,,,,,,,,,,,,,,,,,,,,,,,,,,,,,,,,,,,
,1699,173195893,2462,173193431,3000,61786750,886,61785864,1138,111409143,1576,111407567,1870,443508491296768,7028610048,443501462686720,8198226944,407606515646464,7021993984,407599493652480,8190906368,35901975650304,6616064,35901969034240,25021440,443508491296768,7028610048,443501462686720,8198226944,407606515646464,7021993984,407599493652480,8190906368,35901975650304,6616064,35901969034240,25021440,173195893,2462,173193431,3000,61786750,886,61785864,1138,111409143,1576,111407567,1870,107837911,155,107837756,256,37501146,99,37501047,161,70336765,56,70336709,122,437124576756736,227535872,437124349220864,1441801216,400356859693056,221569024,400356638124032,1429037056,36767717063680,5966848,36767711096832,19589632,-1,0,357,0,0,2,0,0,0,0,0,0,0,0,439515689326261,7021260324,439508668065937,8176189920,403625974105856,7014793216,403618959312640,8169017344,35889715220405,6467108,35889708753297,24870008,8684306432,8684306432,0,8684306432,8652849152,8652849152,0,8652849152,31457280,31457280,0,31457280,357,357,0,357,342,342,0,342,15,15,0,15,,,,,,,,,,,,,,,,,,,,,,,,,,,,,,,,,,,,,,,,,,,,,,,,,,,,,,,,,,,,,,,,,,,,,,,,,,,,,,,,,,,,,,,,,,,,,,,,,,,,,,,,,,,,,,,,,,,,,,,,,,,,,,,,,,,,,,,,,,,,,,,,,,,,,,,,,,,,,,
,1699,,,,,,,,,,,,,,,,,,,,,,,,,,,,,,,,,,,,,,,,,,,,,,,,,,,,,,,,,,,,,,,,,,,,,,,,,,,,,,,,,,,,,,,,,,,,,,,,,,,,,,,,,,,,,,,,,,,,,,,,,,,173208264,2466,173205798,3000,61790833,886,61789947,1138,111417431,1580,111415851,1870,443535718738432,7028612096,443528690126336,8198226944,407630897266688,7021993984,407623875272704,8190906368,35904821471744,6618112,35904814853632,25021440,443535718738432,7028612096,443528690126336,8198226944,407630897266688,7021993984,407623875272704,8190906368,35904821471744,6618112,35904814853632,25021440,173208264,2466,173205798,3000,61790833,886,61789947,1138,111417431,1580,111415851,1870,107845677,161,107845516,256,37503364,99,37503265,161,70342313,62,70342251,122,437153722459648,227533824,437153494925824,1441801216,400383000373248,221569024,400382778804224,1429037056,36770722086400,5964800,36770716121600,19589632,-1,0,357,0,0,2,0,0,0,0,0,0,0,0,439542661494415,7021260340,439535640234075,8176189920,403650101357056,7014793216,403643086563840,8169017344,35892560137359,6467124,35892553670235,24870008,8684306432,8684306432,0,8684306432,8652849152,8652849152,0,8652849152,31457280,31457280,0,31457280,357,357,0,357,342,342,0,342,15,15,0,15,,,,,,,,,,,,,,,,,,,,,,,,,,,,,,,,,,,,
1.081570996978852e-06,1699,,,,,,,,,,,,,,,,,,,,,,,,,,,,,,,,,,,,,,,,,,,,,,,,,,,,,,,,,,,,,,,,,,,,,,,,,,,,,,,,,,,,,,,,,,,,,,,,,,,,,,,,,,,,,,,,,,,,,,,,,,,,,,,,,,,,,,,,,,,,,,,,,,,,,,,,,,,,,,,,,,,,,,,,,,,,,,,,,,,,,,,,,,,,,,,,,,,,,,,,,,,,,,,,,,,,,,,,,,,,,,,,,,,,,,,,,,,,,,,,,,,,,,,,,,,,,,,,,,,,,,,,,,,,,,,,,,,,,,,,
,1699,173208277,2462,173205815,3000,61790833,886,61789947,1138,111417444,1576,111415868,1870,443535718752768,7028608512,443528690144256,8198226944,407630897266688,7021993984,407623875272704,8190906368,35904821486080,6614528,35904814871552,25021440,443535718752768,7028608512,443528690144256,8198226944,407630897266688,7021993984,407623875272704,8190906368,35904821486080,6614528,35904814871552,25021440,173208277,2462,173205815,3000,61790833,886,61789947,1138,111417444,1576,111415868,1870,107845688,156,107845532,256,37503364,99,37503265,161,70342324,57,70342267,122,437153722477568,227537408,437153494940160,1441801216,400383000373248,221569024,400382778804224,1429037056,36770722104320,5968384,36770716135936,19589632,-1,0,357,0,0,2,0,0,0,0,0,0,0,0,439542661502763,7021258716,439535640244047,8176189920,403650101357056,7014793216,403643086563840,8169017344,35892560145707,6465500,35892553680207,24870008,8684306432,8684306432,0,8684306432,8652849152,8652849152,0,8652849152,31457280,31457280,0,31457280,357,357,0,357,342,342,0,342,15,15,0,15,,,,,,,,,,,,,,,,,,,,,,,,,,,,,,,,,,,,,,,,,,,,,,,,,,,,,,,,,,,,,,,,,,,,,,,,,,,,,,,,,,,,,,,,,,,,,,,,,,,,,,,,,,,,,,,,,,,,,,,,,,,,,,,,,,,,,,,,,,,,,,,,,,,,,,,,,,,,,,
,1699,,,,,,,,,,,,,,,,,,,,,,,,,,,,,,,,,,,,,,,,,,,,,,,,,,,,,,,,,,,,,,,,,,,,,,,,,,,,,,,,,,,,,,,,,,,,,,,,,,,,,,,,,,,,,,,,,,,,,,,,,,,173220648,2466,173218182,3000,61794820,886,61793934,1138,111425828,1580,111424248,1870,443562708939264,7028610560,443555680328704,8198226944,407655031853056,7021993984,407648009859072,8190906368,35907677086208,6616576,35907670469632,25021440,443562708939264,7028610560,443555680328704,8198226944,407655031853056,7021993984,407648009859072,8190906368,35907677086208,6616576,35907670469632,25021440,173220648,2466,173218182,3000,61794820,886,61793934,1138,111425828,1580,111424248,1870,107852841,158,107852683,256,37505421,99,37505322,161,70347420,59,70347361,122,437182648912896,227535360,437182421377536,1441801216,400409004873728,221569024,400408783304704,1429037056,36773644039168,5966336,36773638072832,19589632,-1,0,357,0,0,2,0,0,0,0,0,0,0,0,439569479351778,7021258732,439562458093046,8176189920,403674064506112,7014793216,403667049712896,8169017344,35895414845666,6465516,35895408380150,24870008,8684306432,8684306432,0,8684306432,8652849152,8652849152,0,8652849152,31457280,31457280,0,31457280,357,357,0,357,342,342,0,342,15,15,0,15,,,,,,,,,,,,,,,,,,,,,,,,,,,,,,,,,,,,
1.081570996978852e-06,1699,,,,,,,,,,,,,,,,,,,,,,,,,,,,,,,,,,,,,,,,,,,,,,,,,,,,,,,,,,,,,,,,,,,,,,,,,,,,,,,,,,,,,,,,,,,,,,,,,,,,,,,,,,,,,,,,,,,,,,,,,,,,,,,,,,,,,,,,,,,,,,,,,,,,,,,,,,,,,,,,,,,,,,,,,,,,,,,,,,,,,,,,,,,,,,,,,,,,,,,,,,,,,,,,,,,,,,,,,,,,,,,,,,,,,,,,,,,,,,,,,,,,,,,,,,,,,,,,,,,,,,,,,,,,,,,,,,,,,,,,
,1699,173220661,2462,173218199,3000,61794820,886,61793934,1138,111425841,1576,111424265,1870,443562708962816,7028617728,443555680345088,8198226944,407655031853056,7021993984,407648009859072,8190906368,35907677109760,6623744,35907670486016,25021440,443562708962816,7028617728,443555680345088,8198226944,407655031853056,7021993984,407648009859072,8190906368,35907677109760,6623744,35907670486016,25021440,173220661,2462,173218199,3000,61794820,886,61793934,1138,111425841,1576,111424265,1870,107852856,161,107852695,256,37505421,99,37505322,161,70347435,62,70347373,122,437182648929280,227528192,437182421401088,1441801216,400409004873728,221569024,400408783304704,1429037056,36773644055552,5959168,36773638096384,19589632,-1,0,357,0,0,2,0,0,0,0,0,0,0,0,439569479369750,7021268340,439562458101410,8176189920,403674064506112,7014793216,403667049712896,8169017344,35895414863638,6475124,35895408388514,24870008,8684306432,8684306432,0,8684306432,8652849152,8652849152,0,8652849152,31457280,31457280,0,31457280,357,357,0,357,342,342,0,342,15,15,0,15,,,,,,,,,,,,,,,,,,,,,,,,,,,,,,,,,,,,,,,,,,,,,,,,,,,,,,,,,,,,,,,,,,,,,,,,,,,,,,,,,,,,,,,,,,,,,,,,,,,,,,,,,,,,,,,,,,,,,,,,,,,,,,,,,,,,,,,,,,,,,,,,,,,,,,,,,,,,,,
,1699,,,,,,,,,,,,,,,,,,,,,,,,,,,,,,,,,,,,,,,,,,,,,,,,,,,,,,,,,,,,,,,,,,,,,,,,,,,,,,,,,,,,,,,,,,,,,,,,,,,,,,,,,,,,,,,,,,,,,,,,,,,173233535,2466,173231069,3000,61801111,886,61800225,1138,111432424,1580,111430844,1870,443617137254912,7028619776,443610108635136,8198226944,407708084617216,7021993984,407701062623232,8190906368,35909052637696,6625792,35909046011904,25021440,443617137254912,7028619776,443610108635136,8198226944,407708084617216,7021993984,407701062623232,8190906368,35909052637696,6625792,35909046011904,25021440,173233535,2466,173231069,3000,61801111,886,61800225,1138,111432424,1580,111430844,1870,107861415,162,107861253,256,37509895,99,37509796,161,70351520,63,70351457,122,437231819683840,227526144,437231592157696,1441801216,400456800102400,221569024,400456578533376,1429037056,36775019581440,5957120,36775013624320,19589632,-1,0,357,0,0,2,0,0,0,0,0,0,0,0,439623406199081,7021268416,439616384930665,8176189920,403726616723456,7014793216,403719601930240,8169017344,35896789475625,6475200,35896783000425,24870008,8684306432,8684306432,0,8684306432,8652849152,8652849152,0,8652849152,31457280,31457280,0,31457280,357,357,0,357,342,342,0,342,15,15,0,15,,,,,,,,,,,,,,,,,,,,,,,,,,,,,,,,,,,,
1.081570996978852e-06,1699,,,,,,,,,,,,,,,,,,,,,,,,,,,,,,,,,,,,,,,,,,,,,,,,,,,,,,,,,,,,,,,,,,,,,,,,,,,,,,,,,,,,,,,,,,,,,,,,,,,,,,,,,,,,,,,,,,,,,,,,,,,,,,,,,,,,,,,,,,,,,,,,,,,,,,,,,,,,,,,,,,,,,,,,,,,,,,,,,,,,,,,,,,,,,,,,,,,,,,,,,,,,,,,,,,,,,,,,,,,,,,,,,,,,,,,,,,,,,,,,,,,,,,,,,,,,,,,,,,,,,,,,,,,,,,,,,,,,,,,,
,1699,173233548,2462,173231086,3000,61801111,886,61800225,1138,111432437,1576,111430861,1870,443617137267712,7028606976,443610108660736,8198226944,407708084617216,7021993984,407701062623232,8190906368,35909052650496,6612992,35909046037504,25021440,443617137267712,7028606976,443610108660736,8198226944,407708084617216,7021993984,407701062623232,8190906368,35909052650496,6612992,35909046037504,25021440,173233548,2462,173231086,3000,61801111,886,61800225,1138,111432437,1576,111430861,1870,107861427,159,107861268,256,37509895,99,37509796,161,70351532,60,70351472,122,437231819709440,227538944,437231592170496,1441801216,400456800102400,221569024,400456578533376,1429037056,36775019607040,5969920,36775013637120,19589632,-1,0,357,0,0,2,0,0,0,0,0,0,0,0,439623406206565,7021257912,439616384948653,8176189920,403726616723456,7014793216,403719601930240,8169017344,35896789483109,6464696,35896783018413,24870008,8684306432,8684306432,0,8684306432,8652849152,8652849152,0,8652849152,31457280,31457280,0,31457280,357,357,0,357,342,342,0,342,15,15,0,15,,,,,,,,,,,,,,,,,,,,,,,,,,,,,,,,,,,,,,,,,,,,,,,,,,,,,,,,,,,,,,,,,,,,,,,,,,,,,,,,,,,,,,,,,,,,,,,,,,,,,,,,,,,,,,,,,,,,,,,,,,,,,,,,,,,,,,,,,,,,,,,,,,,,,,,,,,,,,,
,1699,,,,,,,,,,,,,,,,,,,,,,,,,,,,,,,,,,,,,,,,,,,,,,,,,,,,,,,,,,,,,,,,,,,,,,,,,,,,,,,,,,,,,,,,,,,,,,,,,,,,,,,,,,,,,,,,,,,,,,,,,,,173245918,2466,173243452,3000,61805098,886,61804212,1138,111440820,1580,111439240,1870,443644018674688,7028609024,443636990065664,8198226944,407732172984320,7021993984,407725150990336,8190906368,35911845690368,6615040,35911839075328,25021440,443644018674688,7028609024,443636990065664,8198226944,407732172984320,7021993984,407725150990336,8190906368,35911845690368,6615040,35911839075328,25021440,173245918,2466,173243452,3000,61805098,886,61804212,1138,111440820,1580,111439240,1870,107868674,157,107868517,256,37511941,99,37511842,161,70356733,58,70356675,122,437260497837056,227536896,437260270300160,1441801216,400482629113856,221569024,400482407544832,1429037056,36777868723200,5967872,36777862755328,19589632,-1,0,357,0,0,2,0,0,0,0,0,0,0,0,439650121408224,7021257868,439643100150356,8176189920,403750539813632,7014793216,403743525020416,8169017344,35899581594592,6464652,35899575129940,24870008,8684306432,8684306432,0,8684306432,8652849152,8652849152,0,8652849152,31457280,31457280,0,31457280,357,357,0,357,342,342,0,342,15,15,0,15,,,,,,,,,,,,,,,,,,,,,,,,,,,,,,,,,,,,
1.081570996978852e-06,1699,,,,,,,,,,,,,,,,,,,,,,,,,,,,,,,,,,,,,,,,,,,,,,,,,,,,,,,,,,,,,,,,,,,,,,,,,,,,,,,,,,,,,,,,,,,,,,,,,,,,,,,,,,,,,,,,,,,,,,,,,,,,,,,,,,,,,,,,,,,,,,,,,,,,,,,,,,,,,,,,,,,,,,,,,,,,,,,,,,,,,,,,,,,,,,,,,,,,,,,,,,,,,,,,,,,,,,,,,,,,,,,,,,,,,,,,,,,,,,,,,,,,,,,,,,,,,,,,,,,,,,,,,,,,,,,,,,,,,,,,
,1699,173245931,2462,173243469,3000,61805098,886,61804212,1138,111440833,1576,111439257,1870,443644018690560,7028610048,443636990080512,8198226944,407732172984320,7021993984,407725150990336,8190906368,35911845706240,6616064,35911839090176,25021440,443644018690560,7028610048,443636990080512,8198226944,407732172984320,7021993984,407725150990336,8190906368,35911845706240,6616064,35911839090176,25021440,173245931,2462,173243469,3000,61805098,886,61804212,1138,111440833,1576,111439257,1870,107868688,159,107868529,256,37511941,99,37511842,161,70356747,60,70356687,122,437260497851904,227535872,437260270316032,1441801216,400482629113856,221569024,400482407544832,1429037056,36777868738048,5966848,36777862771200,19589632,-1,0,357,0,0,2,0,0,0,0,0,0,0,0,439650121417964,7021260108,439643100157856,8176189920,403750539813632,7014793216,403743525020416,8169017344,35899581604332,6466892,35899575137440,24870008,8684306432,8684306432,0,8684306432,8652849152,8652849152,0,8652849152,31457280,31457280,0,31457280,357,357,0,357,342,342,0,342,15,15,0,15,,,,,,,,,,,,,,,,,,,,,,,,,,,,,,,,,,,,,,,,,,,,,,,,,,,,,,,,,,,,,,,,,,,,,,,,,,,,,,,,,,,,,,,,,,,,,,,,,,,,,,,,,,,,,,,,,,,,,,,,,,,,,,,,,,,,,,,,,,,,,,,,,,,,,,,,,,,,,,
,1699,,,,,,,,,,,,,,,,,,,,,,,,,,,,,,,,,,,,,,,,,,,,,,,,,,,,,,,,,,,,,,,,,,,,,,,,,,,,,,,,,,,,,,,,,,,,,,,,,,,,,,,,,,,,,,,,,,,,,,,,,,,173258302,2466,173255836,3000,61809085,886,61808199,1138,111449217,1580,111447637,1870,443671009560576,7028612096,443663980948480,8198226944,407756308193280,7021993984,407749286199296,8190906368,35914701367296,6618112,35914694749184,25021440,443671009560576,7028612096,443663980948480,8198226944,407756308193280,7021993984,407749286199296,8190906368,35914701367296,6618112,35914694749184,25021440,173258302,2466,173255836,3000,61809085,886,61808199,1138,111449217,1580,111447637,1870,107876288,161,107876127,256,37513998,99,37513899,161,70362290,62,70362228,122,437289409312768,227533824,437289181778944,1441801216,400508634236928,221569024,400508412667904,1429037056,36780775075840,5964800,36780769111040,19589632,-1,0,357,0,0,2,0,0,0,0,0,0,0,0,439676940515519,7021260124,439669919255395,8176189920,403774504150528,7014793216,403767489357312,8169017344,35902436364991,6466908,35902429898083,24870008,8684306432,8684306432,0,8684306432,8652849152,8652849152,0,8652849152,31457280,31457280,0,31457280,357,357,0,357,342,342,0,342,15,15,0,15,,,,,,,,,,,,,,,,,,,,,,,,,,,,,,,,,,,,
1.081570996978852e-06,1699,,,,,,,,,,,,,,,,,,,,,,,,,,,,,,,,,,,,,,,,,,,,,,,,,,,,,,,,,,,,,,,,,,,,,,,,,,,,,,,,,,,,,,,,,,,,,,,,,,,,,,,,,,,,,,,,,,,,,,,,,,,,,,,,,,,,,,,,,,,,,,,,,,,,,,,,,,,,,,,,,,,,,,,,,,,,,,,,,,,,,,,,,,,,,,,,,,,,,,,,,,,,,,,,,,,,,,,,,,,,,,,,,,,,,,,,,,,,,,,,,,,,,,,,,,,,,,,,,,,,,,,,,,,,,,,,,,,,,,,,
,1699,173258315,2462,173255853,3000,61809085,886,61808199,1138,111449230,1576,111447654,1870,443671009587200,7028620800,443663980966400,8198226944,407756308193280,7021993984,407749286199296,8190906368,35914701393920,6626816,35914694767104,25021440,443671009587200,7028620800,443663980966400,8198226944,407756308193280,7021993984,407749286199296,8190906368,35914701393920,6626816,35914694767104,25021440,173258315,2462,173255853,3000,61809085,886,61808199,1138,111449230,1576,111447654,1870,107876299,160,107876139,256,37513998,99,37513899,161,70362301,61,70362240,122,437289409330688,227525120,437289181805568,1441801216,400508634236928,221569024,400508412667904,1429037056,36780775093760,5956096,36780769137664,19589632,-1,0,357,0,0,2,0,0,0,0,0,0,0,0,439676940536803,7021271652,439669919265151,8176189920,403774504150528,7014793216,403767489357312,8169017344,35902436386275,6478436,35902429907839,24870008,8684306432,8684306432,0,8684306432,8652849152,8652849152,0,8652849152,31457280,31457280,0,31457280,357,357,0,357,342,342,0,342,15,15,0,15,,,,,,,,,,,,,,,,,,,,,,,,,,,,,,,,,,,,,,,,,,,,,,,,,,,,,,,,,,,,,,,,,,,,,,,,,,,,,,,,,,,,,,,,,,,,,,,,,,,,,,,,,,,,,,,,,,,,,,,,,,,,,,,,,,,,,,,,,,,,,,,,,,,,,,,,,,,,,,
,1699,,,,,,,,,,,,,,,,,,,,,,,,,,,,,,,,,,,,,,,,,,,,,,,,,,,,,,,,,,,,,,,,,,,,,,,,,,,,,,,,,,,,,,,,,,,,,,,,,,,,,,,,,,,,,,,,,,,,,,,,,,,173271234,2466,173268768,3000,61815976,886,61815090,1138,111455258,1580,111453678,1870,443725711288832,7028622848,443718682665984,8198226944,407810260074496,7021993984,407803238080512,8190906368,35915451214336,6628864,35915444585472,25021440,443725711288832,7028622848,443718682665984,8198226944,407810260074496,7021993984,407803238080512,8190906368,35915451214336,6628864,35915444585472,25021440,173271234,2466,173268768,3000,61815976,886,61815090,1138,111455258,1580,111453678,1870,107884666,161,107884505,256,37518967,99,37518868,161,70365699,62,70365637,122,437338838634496,227523072,437338611111424,1441801216,400557313722368,221569024,400557092153344,1429037056,36781524912128,5954048,36781518958080,19589632,-1,0,357,0,0,2,0,0,0,0,0,0,0,0,439730919099030,7021271668,439723897827362,8176189920,403827733870848,7014793216,403820719077632,8169017344,35903185228182,6478452,35903178749730,24870008,8684306432,8684306432,0,8684306432,8652849152,8652849152,0,8652849152,31457280,31457280,0,31457280,357,357,0,357,342,342,0,342,15,15,0,15,,,,,,,,,,,,,,,,,,,,,,,,,,,,,,,,,,,,
1.081570996978852e-06,1699,,,,,,,,,,,,,,,,,,,,,,,,,,,,,,,,,,,,,,,,,,,,,,,,,,,,,,,,,,,,,,,,,,,,,,,,,,,,,,,,,,,,,,,,,,,,,,,,,,,,,,,,,,,,,,,,,,,,,,,,,,,,,,,,,,,,,,,,,,,,,,,,,,,,,,,,,,,,,,,,,,,,,,,,,,,,,,,,,,,,,,,,,,,,,,,,,,,,,,,,,,,,,,,,,,,,,,,,,,,,,,,,,,,,,,,,,,,,,,,,,,,,,,,,,,,,,,,,,,,,,,,,,,,,,,,,,,,,,,,,
,1699,173271247,2462,173268785,3000,61815976,886,61815090,1138,111455271,1576,111453695,1870,443725711304704,7028610048,443718682694656,8198226944,407810260074496,7021993984,407803238080512,8190906368,35915451230208,6616064,35915444614144,25021440,443725711304704,7028610048,443718682694656,8198226944,407810260074496,7021993984,407803238080512,8190906368,35915451230208,6616064,35915444614144,25021440,173271247,2462,173268785,3000,61815976,886,61815090,1138,111455271,1576,111453695,1870,107884678,162,107884516,256,37518967,99,37518868,161,70365711,63,70365648,122,437338838663168,227535872,437338611127296,1441801216,400557313722368,221569024,400557092153344,1429037056,36781524940800,5966848,36781518973952,19589632,-1,0,357,0,0,2,0,0,0,0,0,0,0,0,439730919109538,7021260876,439723897848662,8176189920,403827733870848,7014793216,403820719077632,8169017344,35903185238690,6467660,35903178771030,24870008,8684306432,8684306432,0,8684306432,8652849152,8652849152,0,8652849152,31457280,31457280,0,31457280,357,357,0,357,342,342,0,342,15,15,0,15,,,,,,,,,,,,,,,,,,,,,,,,,,,,,,,,,,,,,,,,,,,,,,,,,,,,,,,,,,,,,,,,,,,,,,,,,,,,,,,,,,,,,,,,,,,,,,,,,,,,,,,,,,,,,,,,,,,,,,,,,,,,,,,,,,,,,,,,,,,,,,,,,,,,,,,,,,,,,,
,1699,,,,,,,,,,,,,,,,,,,,,,,,,,,,,,,,,,,,,,,,,,,,,,,,,,,,,,,,,,,,,,,,,,,,,,,,,,,,,,,,,,,,,,,,,,,,,,,,,,,,,,,,,,,,,,,,,,,,,,,,,,,173284166,2466,173281700,3000,61820280,886,61819394,1138,111463886,1580,111462306,1870,443754939880448,7028612096,443747911268352,8198226944,407836478930944,7021993984,407829456936960,8190906368,35918460949504,6618112,35918454331392,25021440,443754939880448,7028612096,443747911268352,8198226944,407836478930944,7021993984,407829456936960,8190906368,35918460949504,6618112,35918454331392,25021440,173284166,2466,173281700,3000,61820280,886,61819394,1138,111463886,1580,111462306,1870,107892638,161,107892477,256,37521408,99,37521309,161,70371230,62,70371168,122,437369739445248,227533824,437369511911424,1441801216,400585059346432,221569024,400584837777408,1429037056,36784680098816,5964800,36784674134016,19589632,-1,0,357,0,0,2,0,0,0,0,0,0,0,0,439759973888391,7021260892,439752952627499,8176189920,403853779741696,7014793216,403846764948480,8169017344,35906194146695,6467676,35906187679019,24870008,8684306432,8684306432,0,8684306432,8652849152,8652849152,0,8652849152,31457280,31457280,0,31457280,357,357,0,357,342,342,0,342,15,15,0,15,,,,,,,,,,,,,,,,,,,,,,,,,,,,,,,,,,,,
,1699,,,,,,,,,,,,,,,,,,,,,,,,,,,,,,,,,,,,,,,,,,,,,,,,,,,,,,,,,,,,,,,,,,,,,,,,,,,,,,,,,,,,,,,,,,,,,,,,,,,,,,,,,,,,,,,,,,,,,,,,,,,,,,,,,,,,,,,,,,,,,,,,,,,,,,,,,,,,,,,,,,,,,,,,,,,,,,,,,,,,,,,,,,,,,,,,,,,,,,,,,,,,,,,,,,,,,,,,,,,,,,,,,,,,,,,,,,,,,,,,,,,,,0.000591278076171875,0.0073195574805140495,0.11038464307785034,2,,,,,,,,,,,,,,,,,,,,,,,,,,,,,,,,
1.0480026854649212e-06,1749,,,,,,,,,,,,,,,,,,,,,,,,,,,,,,,,,,,,,,,,,,,,,,,,,,,,,,,,,,,,,,,,,,,,,,,,,,,,,,,,,,,,,,,,,,,,,,,,,,,,,,,,,,,,,,,,,,,,,,,,,,,,,,,,,,,,,,,,,,,,,,,,,,,,,,,,,,,,,,,,,,,,,,,,,,,,,,,,,,,,,,,,,,,,,,,,,,,,,,,,,,,,,,,,,,,,,,,,,,,,,,,,,,,,,,,,,,,,,,,,,,,,,,,,,,,,,,,,,,,,,,,,,,,,,,,,,,,,,,,,
,1749,178186499,2462,178184037,3000,63557348,886,63556462,1138,114629151,1576,114627575,1870,456209797426176,7033395712,456202764030464,8198226944,419260655467520,7026778112,419253628689408,8190906368,36949141958656,6617600,36949135341056,25021440,456209797426176,7033395712,456202764030464,8198226944,419260655467520,7026778112,419253628689408,8190906368,36949141958656,6617600,36949135341056,25021440,178186499,2462,178184037,3000,63557348,886,63556462,1138,114629151,1576,114627575,1870,110897796,152,110897644,256,38567306,112,38567194,161,72330490,40,72330450,122,449772238252544,310830592,449771927421952,1441801216,411937599681536,306962432,411937292719104,1429037056,37834638571008,3868160,37834634702848,19589632,-1,0,357,0,0,2,0,0,0,0,0,0,0,0,452099944004778,7021262676,452092922742102,8176189920,415163413896192,7014793216,415156399102976,8169017344,36936530108586,6469460,36936523639126,24870008,8684306432,8684306432,0,8684306432,8652849152,8652849152,0,8652849152,31457280,31457280,0,31457280,357,357,0,357,342,342,0,342,15,15,0,15,,,,,,,,,,,,,,,,,,,,,,,,,,,,,,,,,,,,,,,,,,,,,,,,,,,,,,,,,,,,,,,,,,,,,,,,,,,,,,,,,,,,,,,,,,,,,,,,,,,,,,,,,,,,,,,,,,,,,,,,,,,,,,,,,,,,,,,,,,,,,,,,,,,,,,,,,,,,,,
,1749,,,,,,,,,,,,,,,,,,,,,,,,,,,,,,,,,,,,,,,,,,,,,,,,,,,,,,,,,,,,,,,,,,,,,,,,,,,,,,,,,,,,,,,,,,,,,,,,,,,,,,,,,,,,,,,,,,,,,,,,,,,178198870,2466,178196404,3000,63561335,886,63560449,1138,114637535,1580,114635955,1870,456237056082944,7040754176,456230015328768,8198226944,419284995615744,7034134528,419277961481216,8190906368,36952060467200,6619648,36952053847552,25021440,456237056082944,7040754176,456230015328768,8198226944,419284995615744,7034134528,419277961481216,8190906368,36952060467200,6619648,36952053847552,25021440,178198870,2466,178196404,3000,63561335,886,63560449,1138,114637535,1580,114635955,1870,110905528,143,110905385,256,38569706,93,38569613,161,72335822,50,72335772,122,449799687304704,219586048,449799467718656,1441801216,411962091471872,209428480,411961882043392,1429037056,37837595832832,10157568,37837585675264,19589632,-1,0,357,0,0,2,0,0,0,0,0,0,0,0,452126867391806,7021262692,452119846129114,8176189920,415187419643648,7014793216,415180404850432,8169017344,36939447748158,6469476,36939441278682,24870008,8684306432,8684306432,0,8684306432,8652849152,8652849152,0,8652849152,31457280,31457280,0,31457280,357,357,0,357,342,342,0,342,15,15,0,15,,,,,,,,,,,,,,,,,,,,,,,,,,,,,,,,,,,,
1.0480026854649212e-06,1749,,,,,,,,,,,,,,,,,,,,,,,,,,,,,,,,,,,,,,,,,,,,,,,,,,,,,,,,,,,,,,,,,,,,,,,,,,,,,,,,,,,,,,,,,,,,,,,,,,,,,,,,,,,,,,,,,,,,,,,,,,,,,,,,,,,,,,,,,,,,,,,,,,,,,,,,,,,,,,,,,,,,,,,,,,,,,,,,,,,,,,,,,,,,,,,,,,,,,,,,,,,,,,,,,,,,,,,,,,,,,,,,,,,,,,,,,,,,,,,,,,,,,,,,,,,,,,,,,,,,,,,,,,,,,,,,,,,,,,,,
,1749,178198883,2462,178196421,3000,63561335,886,63560449,1138,114637548,1576,114635972,1870,456237056095744,7040747520,456230015348224,8198226944,419284995615744,7034134528,419277961481216,8190906368,36952060480000,6612992,36952053867008,25021440,456237056095744,7040747520,456230015348224,8198226944,419284995615744,7034134528,419277961481216,8190906368,36952060480000,6612992,36952053867008,25021440,178198883,2462,178196421,3000,63561335,886,63560449,1138,114637548,1576,114635972,1870,110905539,140,110905399,256,38569706,93,38569613,161,72335833,47,72335786,122,449799687324160,219592704,449799467731456,1441801216,411962091471872,209428480,411961882043392,1429037056,37837595852288,10164224,37837585688064,19589632,-1,0,357,0,0,2,0,0,0,0,0,0,0,0,452126867398906,7021257468,452119846141438,8176189920,415187419643648,7014793216,415180404850432,8169017344,36939447755258,6464252,36939441291006,24870008,8684306432,8684306432,0,8684306432,8652849152,8652849152,0,8652849152,31457280,31457280,0,31457280,357,357,0,357,342,342,0,342,15,15,0,15,,,,,,,,,,,,,,,,,,,,,,,,,,,,,,,,,,,,,,,,,,,,,,,,,,,,,,,,,,,,,,,,,,,,,,,,,,,,,,,,,,,,,,,,,,,,,,,,,,,,,,,,,,,,,,,,,,,,,,,,,,,,,,,,,,,,,,,,,,,,,,,,,,,,,,,,,,,,,,
,1749,,,,,,,,,,,,,,,,,,,,,,,,,,,,,,,,,,,,,,,,,,,,,,,,,,,,,,,,,,,,,,,,,,,,,,,,,,,,,,,,,,,,,,,,,,,,,,,,,,,,,,,,,,,,,,,,,,,,,,,,,,,178211205,2466,178208739,3000,63565322,886,63564436,1138,114645883,1580,114644303,1870,456264282037760,7040749568,456257241288192,8198226944,419309350452224,7034134528,419302316317696,8190906368,36954931585536,6615040,36954924970496,25021440,456264282037760,7040749568,456257241288192,8198226944,419309350452224,7034134528,419302316317696,8190906368,36954931585536,6615040,36954924970496,25021440,178211205,2466,178208739,3000,63565322,886,63564436,1138,114645883,1580,114644303,1870,110912655,143,110912512,256,38571990,93,38571897,161,72340665,50,72340615,122,449829425324544,219590656,449829205733888,1441801216,411988958368768,209428480,411988748940288,1429037056,37840466955776,10162176,37840456793600,19589632,-1,0,357,0,0,2,0,0,0,0,0,0,0,0,452153709570668,7021257544,452146688313124,8176189920,415211391578624,7014793216,415204376785408,8169017344,36942317992044,6464328,36942311527716,24870008,8684306432,8684306432,0,8684306432,8652849152,8652849152,0,8652849152,31457280,31457280,0,31457280,357,357,0,357,342,342,0,342,15,15,0,15,,,,,,,,,,,,,,,,,,,,,,,,,,,,,,,,,,,,
1.0480026854649212e-06,1749,,,,,,,,,,,,,,,,,,,,,,,,,,,,,,,,,,,,,,,,,,,,,,,,,,,,,,,,,,,,,,,,,,,,,,,,,,,,,,,,,,,,,,,,,,,,,,,,,,,,,,,,,,,,,,,,,,,,,,,,,,,,,,,,,,,,,,,,,,,,,,,,,,,,,,,,,,,,,,,,,,,,,,,,,,,,,,,,,,,,,,,,,,,,,,,,,,,,,,,,,,,,,,,,,,,,,,,,,,,,,,,,,,,,,,,,,,,,,,,,,,,,,,,,,,,,,,,,,,,,,,,,,,,,,,,,,,,,,,,,
,1749,178211218,2462,178208756,3000,63565322,886,63564436,1138,114645896,1576,114644320,1870,456264282053632,7040750592,456257241303040,8198226944,419309350452224,7034134528,419302316317696,8190906368,36954931601408,6616064,36954924985344,25021440,456264282053632,7040750592,456257241303040,8198226944,419309350452224,7034134528,419302316317696,8190906368,36954931601408,6616064,36954924985344,25021440,178211218,2462,178208756,3000,63565322,886,63564436,1138,114645896,1576,114644320,1870,110912669,146,110912523,256,38571990,93,38571897,161,72340679,53,72340626,122,449829425339392,219589632,449829205749760,1441801216,411988958368768,209428480,411988748940288,1429037056,37840466970624,10161152,37840456809472,19589632,-1,0,357,0,0,2,0,0,0,0,0,0,0,0,452153709580432,7021260192,452146688320240,8176189920,415211391578624,7014793216,415204376785408,8169017344,36942318001808,6466976,36942311534832,24870008,8684306432,8684306432,0,8684306432,8652849152,8652849152,0,8652849152,31457280,31457280,0,31457280,357,357,0,357,342,342,0,342,15,15,0,15,,,,,,,,,,,,,,,,,,,,,,,,,,,,,,,,,,,,,,,,,,,,,,,,,,,,,,,,,,,,,,,,,,,,,,,,,,,,,,,,,,,,,,,,,,,,,,,,,,,,,,,,,,,,,,,,,,,,,,,,,,,,,,,,,,,,,,,,,,,,,,,,,,,,,,,,,,,,,,
,1749,,,,,,,,,,,,,,,,,,,,,,,,,,,,,,,,,,,,,,,,,,,,,,,,,,,,,,,,,,,,,,,,,,,,,,,,,,,,,,,,,,,,,,,,,,,,,,,,,,,,,,,,,,,,,,,,,,,,,,,,,,,178223589,2466,178221123,3000,63569309,886,63568423,1138,114654280,1580,114652700,1870,456291530257920,7040752640,456284489505280,8198226944,419333711690752,7034134528,419326677556224,8190906368,36957818567168,6618112,36957811949056,25021440,456291530257920,7040752640,456284489505280,8198226944,419333711690752,7034134528,419326677556224,8190906368,36957818567168,6618112,36957811949056,25021440,178223589,2466,178221123,3000,63569309,886,63568423,1138,114654280,1580,114652700,1870,110920026,145,110919881,256,38574274,93,38574181,161,72345752,52,72345700,122,449859183832576,219587584,449858964244992,1441801216,412015829898240,209428480,412015620469760,1429037056,37843353934336,10159104,37843343775232,19589632,-1,0,357,0,0,2,0,0,0,0,0,0,0,0,452180579658464,7021260148,452173558398316,8176189920,415235375576320,7014793216,415228360783104,8169017344,36945204082144,6466932,36945197615212,24870008,8684306432,8684306432,0,8684306432,8652849152,8652849152,0,8652849152,31457280,31457280,0,31457280,357,357,0,357,342,342,0,342,15,15,0,15,,,,,,,,,,,,,,,,,,,,,,,,,,,,,,,,,,,,
1.0480026854649212e-06,1749,,,,,,,,,,,,,,,,,,,,,,,,,,,,,,,,,,,,,,,,,,,,,,,,,,,,,,,,,,,,,,,,,,,,,,,,,,,,,,,,,,,,,,,,,,,,,,,,,,,,,,,,,,,,,,,,,,,,,,,,,,,,,,,,,,,,,,,,,,,,,,,,,,,,,,,,,,,,,,,,,,,,,,,,,,,,,,,,,,,,,,,,,,,,,,,,,,,,,,,,,,,,,,,,,,,,,,,,,,,,,,,,,,,,,,,,,,,,,,,,,,,,,,,,,,,,,,,,,,,,,,,,,,,,,,,,,,,,,,,,
,1749,178223602,2462,178221140,3000,63569309,886,63568423,1138,114654293,1576,114652717,1870,456291530267648,7040744448,456284489523200,8198226944,419333711690752,7034134528,419326677556224,8190906368,36957818576896,6609920,36957811966976,25021440,456291530267648,7040744448,456284489523200,8198226944,419333711690752,7034134528,419326677556224,8190906368,36957818576896,6609920,36957811966976,25021440,178223602,2462,178221140,3000,63569309,886,63568423,1138,114654293,1576,114652717,1870,110920038,145,110919893,256,38574274,93,38574181,161,72345764,52,72345712,122,449859183850496,219595776,449858964254720,1441801216,412015829898240,209428480,412015620469760,1429037056,37843353952256,10167296,37843343784960,19589632,-1,0,357,0,0,2,0,0,0,0,0,0,0,0,452180579663092,7021254996,452173558408096,8176189920,415235375576320,7014793216,415228360783104,8169017344,36945204086772,6461780,36945197624992,24870008,8684306432,8684306432,0,8684306432,8652849152,8652849152,0,8652849152,31457280,31457280,0,31457280,357,357,0,357,342,342,0,342,15,15,0,15,,,,,,,,,,,,,,,,,,,,,,,,,,,,,,,,,,,,,,,,,,,,,,,,,,,,,,,,,,,,,,,,,,,,,,,,,,,,,,,,,,,,,,,,,,,,,,,,,,,,,,,,,,,,,,,,,,,,,,,,,,,,,,,,,,,,,,,,,,,,,,,,,,,,,,,,,,,,,,
,1749,,,,,,,,,,,,,,,,,,,,,,,,,,,,,,,,,,,,,,,,,,,,,,,,,,,,,,,,,,,,,,,,,,,,,,,,,,,,,,,,,,,,,,,,,,,,,,,,,,,,,,,,,,,,,,,,,,,,,,,,,,,178235973,2466,178233507,3000,63573291,886,63572405,1138,114662682,1580,114661102,1870,456318664136192,7040746496,456311623389696,8198226944,419358033398784,7034134528,419350999264256,8190906368,36960630737408,6611968,36960624125440,25021440,456318664136192,7040746496,456311623389696,8198226944,419358033398784,7034134528,419350999264256,8190906368,36960630737408,6611968,36960624125440,25021440,178235973,2466,178233507,3000,63573291,886,63572405,1138,114662682,1580,114661102,1870,110927357,142,110927215,256,38576545,93,38576452,161,72350812,49,72350763,122,449888836855296,219593728,449888617261568,1441801216,412042670744576,209428480,412042461316096,1429037056,37846166110720,10165248,37846155945472,19589632,-1,0,357,0,0,2,0,0,0,0,0,0,0,0,452207317657334,7021255012,452200296402322,8176189920,415259302332416,7014793216,415252287539200,8169017344,36948015324918,6461796,36948008863122,24870008,8684306432,8684306432,0,8684306432,8652849152,8652849152,0,8652849152,31457280,31457280,0,31457280,357,357,0,357,342,342,0,342,15,15,0,15,,,,,,,,,,,,,,,,,,,,,,,,,,,,,,,,,,,,
1.0480026854649212e-06,1749,,,,,,,,,,,,,,,,,,,,,,,,,,,,,,,,,,,,,,,,,,,,,,,,,,,,,,,,,,,,,,,,,,,,,,,,,,,,,,,,,,,,,,,,,,,,,,,,,,,,,,,,,,,,,,,,,,,,,,,,,,,,,,,,,,,,,,,,,,,,,,,,,,,,,,,,,,,,,,,,,,,,,,,,,,,,,,,,,,,,,,,,,,,,,,,,,,,,,,,,,,,,,,,,,,,,,,,,,,,,,,,,,,,,,,,,,,,,,,,,,,,,,,,,,,,,,,,,,,,,,,,,,,,,,,,,,,,,,,,,
,1749,178235986,2462,178233524,3000,63573291,886,63572405,1138,114662695,1576,114661119,1870,456318664148992,7040747520,456311623401472,8198226944,419358033398784,7034134528,419350999264256,8190906368,36960630750208,6612992,36960624137216,25021440,456318664148992,7040747520,456311623401472,8198226944,419358033398784,7034134528,419350999264256,8190906368,36960630750208,6612992,36960624137216,25021440,178235986,2462,178233524,3000,63573291,886,63572405,1138,114662695,1576,114661119,1870,110927369,141,110927228,256,38576545,93,38576452,161,72350824,48,72350776,122,449888836867072,219592704,449888617274368,1441801216,412042670744576,209428480,412042461316096,1429037056,37846166122496,10164224,37846155958272,19589632,-1,0,357,0,0,2,0,0,0,0,0,0,0,0,452207317664146,7021257180,452200296406966,8176189920,415259302332416,7014793216,415252287539200,8169017344,36948015331730,6463964,36948008867766,24870008,8684306432,8684306432,0,8684306432,8652849152,8652849152,0,8652849152,31457280,31457280,0,31457280,357,357,0,357,342,342,0,342,15,15,0,15,,,,,,,,,,,,,,,,,,,,,,,,,,,,,,,,,,,,,,,,,,,,,,,,,,,,,,,,,,,,,,,,,,,,,,,,,,,,,,,,,,,,,,,,,,,,,,,,,,,,,,,,,,,,,,,,,,,,,,,,,,,,,,,,,,,,,,,,,,,,,,,,,,,,,,,,,,,,,,
,1749,,,,,,,,,,,,,,,,,,,,,,,,,,,,,,,,,,,,,,,,,,,,,,,,,,,,,,,,,,,,,,,,,,,,,,,,,,,,,,,,,,,,,,,,,,,,,,,,,,,,,,,,,,,,,,,,,,,,,,,,,,,178248308,2466,178245842,3000,63577278,886,63576392,1138,114671030,1580,114669450,1870,456345829586944,7040749568,456338788837376,8198226944,419382374677504,7034134528,419375340542976,8190906368,36963454909440,6615040,36963448294400,25021440,456345829586944,7040749568,456338788837376,8198226944,419382374677504,7034134528,419375340542976,8190906368,36963454909440,6615040,36963448294400,25021440,178248308,2466,178245842,3000,63577278,886,63576392,1138,114671030,1580,114669450,1870,110934783,144,110934639,256,38578829,93,38578736,161,72355954,51,72355903,122,449918519671808,219590656,449918300081152,1441801216,412069529392128,209428480,412069319963648,1429037056,37848990279680,10162176,37848980117504,19589632,-1,0,357,0,0,2,0,0,0,0,0,0,0,0,452234083150499,7021257256,452227061893243,8176189920,415283244550912,7014793216,415276229757696,8169017344,36950838599587,6464040,36950832135547,24870008,8684306432,8684306432,0,8684306432,8652849152,8652849152,0,8652849152,31457280,31457280,0,31457280,357,357,0,357,342,342,0,342,15,15,0,15,,,,,,,,,,,,,,,,,,,,,,,,,,,,,,,,,,,,
1.0480026854649212e-06,1749,,,,,,,,,,,,,,,,,,,,,,,,,,,,,,,,,,,,,,,,,,,,,,,,,,,,,,,,,,,,,,,,,,,,,,,,,,,,,,,,,,,,,,,,,,,,,,,,,,,,,,,,,,,,,,,,,,,,,,,,,,,,,,,,,,,,,,,,,,,,,,,,,,,,,,,,,,,,,,,,,,,,,,,,,,,,,,,,,,,,,,,,,,,,,,,,,,,,,,,,,,,,,,,,,,,,,,,,,,,,,,,,,,,,,,,,,,,,,,,,,,,,,,,,,,,,,,,,,,,,,,,,,,,,,,,,,,,,,,,,
,1749,178248321,2462,178245859,3000,63577278,886,63576392,1138,114671043,1576,114669467,1870,456345829602816,7040750592,456338788852224,8198226944,419382374677504,7034134528,419375340542976,8190906368,36963454925312,6616064,36963448309248,25021440,456345829602816,7040750592,456338788852224,8198226944,419382374677504,7034134528,419375340542976,8190906368,36963454925312,6616064,36963448309248,25021440,178248321,2462,178245859,3000,63577278,886,63576392,1138,114671043,1576,114669467,1870,110934795,142,110934653,256,38578829,93,38578736,161,72355966,49,72355917,122,449918519686656,219589632,449918300097024,1441801216,412069529392128,209428480,412069319963648,1429037056,37848990294528,10161152,37848980133376,19589632,-1,0,357,0,0,2,0,0,0,0,0,0,0,0,452234083161199,7021261128,452227061900071,8176189920,415283244550912,7014793216,415276229757696,8169017344,36950838610287,6467912,36950832142375,24870008,8684306432,8684306432,0,8684306432,8652849152,8652849152,0,8652849152,31457280,31457280,0,31457280,357,357,0,357,342,342,0,342,15,15,0,15,,,,,,,,,,,,,,,,,,,,,,,,,,,,,,,,,,,,,,,,,,,,,,,,,,,,,,,,,,,,,,,,,,,,,,,,,,,,,,,,,,,,,,,,,,,,,,,,,,,,,,,,,,,,,,,,,,,,,,,,,,,,,,,,,,,,,,,,,,,,,,,,,,,,,,,,,,,,,,
,1749,,,,,,,,,,,,,,,,,,,,,,,,,,,,,,,,,,,,,,,,,,,,,,,,,,,,,,,,,,,,,,,,,,,,,,,,,,,,,,,,,,,,,,,,,,,,,,,,,,,,,,,,,,,,,,,,,,,,,,,,,,,178260691,2466,178258225,3000,63581361,886,63580475,1138,114679330,1580,114677750,1870,456373261851136,7040752640,456366221098496,8198226944,419406961159168,7034134528,419399927024640,8190906368,36966300691968,6618112,36966294073856,25021440,456373261851136,7040752640,456366221098496,8198226944,419406961159168,7034134528,419399927024640,8190906368,36966300691968,6618112,36966294073856,25021440,178260691,2466,178258225,3000,63581361,886,63580475,1138,114679330,1580,114677750,1870,110942029,143,110941886,256,38581261,93,38581168,161,72360768,50,72360718,122,449948096729600,219587584,449947877142016,1441801216,412096236291072,209428480,412096026862592,1429037056,37851860438528,10159104,37851850279424,19589632,-1,0,357,0,0,2,0,0,0,0,0,0,0,0,452261055951583,7021261084,452254034690499,8176189920,415307372477952,7014793216,415300357684736,8169017344,36953683473631,6467868,36953677005763,24870008,8684306432,8684306432,0,8684306432,8652849152,8652849152,0,8652849152,31457280,31457280,0,31457280,357,357,0,357,342,342,0,342,15,15,0,15,,,,,,,,,,,,,,,,,,,,,,,,,,,,,,,,,,,,
1.0480026854649212e-06,1749,,,,,,,,,,,,,,,,,,,,,,,,,,,,,,,,,,,,,,,,,,,,,,,,,,,,,,,,,,,,,,,,,,,,,,,,,,,,,,,,,,,,,,,,,,,,,,,,,,,,,,,,,,,,,,,,,,,,,,,,,,,,,,,,,,,,,,,,,,,,,,,,,,,,,,,,,,,,,,,,,,,,,,,,,,,,,,,,,,,,,,,,,,,,,,,,,,,,,,,,,,,,,,,,,,,,,,,,,,,,,,,,,,,,,,,,,,,,,,,,,,,,,,,,,,,,,,,,,,,,,,,,,,,,,,,,,,,,,,,,
,1749,178260704,2462,178258242,3000,63581361,886,63580475,1138,114679343,1576,114677767,1870,456373261880832,7040764416,456366221116416,8198226944,419406961159168,7034134528,419399927024640,8190906368,36966300721664,6629888,36966294091776,25021440,456373261880832,7040764416,456366221116416,8198226944,419406961159168,7034134528,419399927024640,8190906368,36966300721664,6629888,36966294091776,25021440,178260704,2462,178258242,3000,63581361,886,63580475,1138,114679343,1576,114677767,1870,110942043,145,110941898,256,38581261,93,38581168,161,72360782,52,72360730,122,449948096747520,219575808,449947877171712,1441801216,412096236291072,209428480,412096026862592,1429037056,37851860456448,10147328,37851850309120,19589632,-1,0,357,0,0,2,0,0,0,0,0,0,0,0,452261055976275,7021275060,452254034701215,8176189920,415307372477952,7014793216,415300357684736,8169017344,36953683498323,6481844,36953677016479,24870008,8684306432,8684306432,0,8684306432,8652849152,8652849152,0,8652849152,31457280,31457280,0,31457280,357,357,0,357,342,342,0,342,15,15,0,15,,,,,,,,,,,,,,,,,,,,,,,,,,,,,,,,,,,,,,,,,,,,,,,,,,,,,,,,,,,,,,,,,,,,,,,,,,,,,,,,,,,,,,,,,,,,,,,,,,,,,,,,,,,,,,,,,,,,,,,,,,,,,,,,,,,,,,,,,,,,,,,,,,,,,,,,,,,,,,
,1749,,,,,,,,,,,,,,,,,,,,,,,,,,,,,,,,,,,,,,,,,,,,,,,,,,,,,,,,,,,,,,,,,,,,,,,,,,,,,,,,,,,,,,,,,,,,,,,,,,,,,,,,,,,,,,,,,,,,,,,,,,,178273627,2466,178271161,3000,63588252,886,63587366,1138,114685375,1580,114683795,1870,456428307612672,7040766464,456421266846208,8198226944,419461214342144,7034134528,419454180207616,8190906368,36967093270528,6631936,36967086638592,25021440,456428307612672,7040766464,456421266846208,8198226944,419461214342144,7034134528,419454180207616,8190906368,36967093270528,6631936,36967086638592,25021440,178273627,2466,178271161,3000,63588252,886,63587366,1138,114685375,1580,114683795,1870,110950486,148,110950338,256,38586306,93,38586213,161,72364180,55,72364125,122,449996312815104,219573760,449996093241344,1441801216,412143659811840,209428480,412143450383360,1429037056,37852653003264,10145280,37852642857984,19589632,-1,0,357,0,0,2,0,0,0,0,0,0,0,0,452315718900264,7021275076,452308697625188,8176189920,415361243730176,7014793216,415354228936960,8169017344,36954475170088,6481860,36954468688228,24870008,8684306432,8684306432,0,8684306432,8652849152,8652849152,0,8652849152,31457280,31457280,0,31457280,357,357,0,357,342,342,0,342,15,15,0,15,,,,,,,,,,,,,,,,,,,,,,,,,,,,,,,,,,,,
1.0480026854649212e-06,1749,,,,,,,,,,,,,,,,,,,,,,,,,,,,,,,,,,,,,,,,,,,,,,,,,,,,,,,,,,,,,,,,,,,,,,,,,,,,,,,,,,,,,,,,,,,,,,,,,,,,,,,,,,,,,,,,,,,,,,,,,,,,,,,,,,,,,,,,,,,,,,,,,,,,,,,,,,,,,,,,,,,,,,,,,,,,,,,,,,,,,,,,,,,,,,,,,,,,,,,,,,,,,,,,,,,,,,,,,,,,,,,,,,,,,,,,,,,,,,,,,,,,,,,,,,,,,,,,,,,,,,,,,,,,,,,,,,,,,,,,
,1749,178273640,2462,178271178,3000,63588252,886,63587366,1138,114685388,1576,114683812,1870,456428307620864,7040742912,456421266877952,8198226944,419461214342144,7034134528,419454180207616,8190906368,36967093278720,6608384,36967086670336,25021440,456428307620864,7040742912,456421266877952,8198226944,419461214342144,7034134528,419454180207616,8190906368,36967093278720,6608384,36967086670336,25021440,178273640,2462,178271178,3000,63588252,886,63587366,1138,114685388,1576,114683812,1870,110950497,143,110950354,256,38586306,93,38586213,161,72364191,50,72364141,122,449996312846848,219597312,449996093249536,1441801216,412143659811840,209428480,412143450383360,1429037056,37852653035008,10168832,37852642866176,19589632,-1,0,357,0,0,2,0,0,0,0,0,0,0,0,452315718903428,7021253532,452308697649896,8176189920,415361243730176,7014793216,415354228936960,8169017344,36954475173252,6460316,36954468712936,24870008,8684306432,8684306432,0,8684306432,8652849152,8652849152,0,8652849152,31457280,31457280,0,31457280,357,357,0,357,342,342,0,342,15,15,0,15,,,,,,,,,,,,,,,,,,,,,,,,,,,,,,,,,,,,,,,,,,,,,,,,,,,,,,,,,,,,,,,,,,,,,,,,,,,,,,,,,,,,,,,,,,,,,,,,,,,,,,,,,,,,,,,,,,,,,,,,,,,,,,,,,,,,,,,,,,,,,,,,,,,,,,,,,,,,,,
,1749,,,,,,,,,,,,,,,,,,,,,,,,,,,,,,,,,,,,,,,,,,,,,,,,,,,,,,,,,,,,,,,,,,,,,,,,,,,,,,,,,,,,,,,,,,,,,,,,,,,,,,,,,,,,,,,,,,,,,,,,,,,178286560,2466,178284094,3000,63592455,886,63591569,1138,114694105,1580,114692525,1870,456456957729792,7040744960,456449916984832,8198226944,419487192681472,7034134528,419480158546944,8190906368,36969765048320,6610432,36969758437888,25021440,456456957729792,7040744960,456449916984832,8198226944,419487192681472,7034134528,419480158546944,8190906368,36969765048320,6610432,36969758437888,25021440,178286560,2466,178284094,3000,63592455,886,63591569,1138,114694105,1580,114692525,1870,110958180,147,110958033,256,38588593,93,38588500,161,72369587,54,72369533,122,450027396526592,219595264,450027176931328,1441801216,412172071724032,209428480,412171862295552,1429037056,37855324802560,10166784,37855314635776,19589632,-1,0,357,0,0,2,0,0,0,0,0,0,0,0,452343977401037,7021253548,452336956147489,8176189920,415386831451136,7014793216,415379816657920,8169017344,36957145949901,6460332,36957139489569,24870008,8684306432,8684306432,0,8684306432,8652849152,8652849152,0,8652849152,31457280,31457280,0,31457280,357,357,0,357,342,342,0,342,15,15,0,15,,,,,,,,,,,,,,,,,,,,,,,,,,,,,,,,,,,,
,1749,,,,,,,,,,,,,,,,,,,,,,,,,,,,,,,,,,,,,,,,,,,,,,,,,,,,,,,,,,,,,,,,,,,,,,,,,,,,,,,,,,,,,,,,,,,,,,,,,,,,,,,,,,,,,,,,,,,,,,,,,,,,,,,,,,,,,,,,,,,,,,,,,,,,,,,,,,,,,,,,,,,,,,,,,,,,,,,,,,,,,,,,,,,,,,,,,,,,,,,,,,,,,,,,,,,,,,,,,,,,,,,,,,,,,,,,,,,,,,,,,,,,,0.0006465911865234375,1.2060387234669179e-05,0.0008274969877675176,2,,,,,,,,,,,,,,,,,,,,,,,,,,,,,,,,
